employee_id,compensation,manager_quality,workload,job_satisfaction,burnout,gender,attrition
1,0.30471707975443135,-0.4519509798535085,0.2532045102953498,1.1555430527247557,0.4473770505340346,B,0
2,-1.0399841062404955,-0.6658777111204364,0.8952184022261802,-0.4133742200601327,0.19501772591224753,B,0
3,0.7504511958064572,0.43400982345010697,0.2733212565368742,0.7718768754522483,0.2658611331542749,A,0
4,0.9405647163912139,0.25185441529500513,2.238831666414424,1.4028057037949535,0.8514450650007128,B,0
5,-1.9510351886538364,-1.4047915476103274,1.4297874524704182,-2.4573343299921513,1.2465424178287752,B,1
6,-1.302179506862318,1.1226782545637386,-0.3075277647170156,-0.3642760162202684,-1.024090836143088,A,1
7,0.12784040316728537,-0.09419457535083331,-0.31802743380706927,0.7517321524261442,-0.7628222797581391,B,0
8,-0.3162425923435822,-1.1109310952157205,0.4696967194853532,-1.678741193461492,1.3738352294919962,B,1
9,-0.016801157504288795,1.188784114353874,-0.8380191804256851,0.8645402501537661,-0.7947573020264773,B,0
10,-0.85304392757358,0.625675571596154,1.1662883065324867,0.06709950917650592,0.7949699429540936,B,1
11,0.8793979748628286,-1.2645419919479142,0.3616005218435837,0.8799806973548213,-0.49966116686057005,B,0
12,0.7777919354289483,1.7771828402577243,0.2564589108585328,0.5637888715251128,-0.4744162097110959,B,0
13,0.06603069756121605,0.6587973683661927,0.6869536677708163,1.1738326312356426,0.5797141531185065,A,0
14,1.1272412069680329,-0.010196115625046132,1.722829883369059,0.3915112947938453,1.3050882744571028,B,0
15,0.4675093422520456,1.5902188056217794,0.17095535218750518,0.8521102782061898,-1.275389925269955,A,0
16,-0.8592924628832382,0.15929778382964058,-0.11304037087138435,-1.0469287792950193,-0.0074188580473565635,A,1
17,0.36875078408249884,-0.02808307510403198,1.5087196233225784,-0.33671708583597926,1.2449997531214558,B,1
18,-0.9588826008289989,-0.660300116021989,0.9675504159911353,-0.7037184447814326,1.4512263134975423,A,1
19,0.8784503013072725,0.5818504393070786,-0.3209798403837223,0.2618294430472251,-0.6686715355991928,B,1
20,-0.049925910986252896,0.4766029673239799,0.005186448659020086,0.5784881038966959,-1.2127244394713173,A,0
21,-0.18486236354526056,0.014680139889711287,0.19538091593879858,-0.4350603716671774,-0.36455476272336096,A,1
22,-0.6809295444039414,-0.789986353867603,0.36181294460498287,-1.4100678065004901,-0.13726618743727004,A,1
23,1.2225413386740303,0.12992985416607386,-1.356599850939114,0.5345851571075078,-0.6072514276006074,B,0
24,-0.15452948206880215,-0.06979878576213788,-1.5424846078015602,0.04073651375580267,-2.4241477625063235,A,0
25,-0.4283278221631072,-1.333474318734201,-0.8873900220024538,-1.0624104836304746,-0.5786563816911884,B,0
26,-0.3521335504882296,-1.4718123513241856,-0.9647384430113423,-0.9300812467886314,0.3319432969455249,A,0
27,0.5323091855533487,0.5651533788097695,-0.6438240139725026,0.9500659316549358,-0.5601012541258883,A,0
28,0.36544406436407834,-2.601888315051689,0.6347106420900043,-0.5404669930989231,1.4128335205615528,A,1
29,0.4127326115959884,0.20541052696125997,-0.16892915632473834,0.19529717614350753,-0.9802316815951126,A,0
30,0.43082100300788273,-0.4780830577538245,0.19639460501018827,-0.502659934860262,-0.5679019215452646,B,1
31,2.1416476008704612,1.3082466068799101,-1.2243034100422616,1.9771591034234897,-0.40004047948294785,A,0
32,-0.4064150163846156,-0.49346820915387574,-0.46164220292094515,-0.2552583213556713,-0.1738482173352598,B,1
33,-0.5122427290715373,0.659484214251896,0.5872576617448404,-0.7079661833029496,0.33082070147558107,A,1
34,-0.8137727282478777,-0.3969138412377916,0.5949524581768018,-1.132024706071415,-0.06322692508217875,B,1
35,0.6159794225754956,0.11374815348614345,-0.7245738281879079,0.06686828230689862,-0.47956044595364844,B,0
36,1.1289722927208916,0.7368365309200512,0.1616623863795536,0.9418905467323723,-0.6071724198883709,A,0
37,-0.11394745765487507,-0.46255571632458015,2.198847853482332,-0.6801632845686081,2.2251398651553735,A,1
38,-0.840156476962528,0.996554884498404,-0.017597929255638137,0.347703918620135,1.1522858275554582,B,0
39,-0.8244812156912396,-0.9936978771064832,-0.6931869461424454,-1.794104268697194,-0.044520760045750396,A,1
40,0.6505927878247011,0.2945928425583791,-0.17376238936216024,-0.25220725462320215,-0.4980254337959598,B,1
41,0.7432541712034423,0.9226397227878528,0.09217710752683304,0.7403279583602606,-1.3868331345361167,B,0
42,0.543154268305195,0.6600374917903349,-0.1511683806905494,0.5680849048083562,-1.0800574221126222,B,0
43,-0.6655097072886943,1.9164448767354103,-0.03135470067650179,-0.1684053224345633,0.3721936496929347,B,0
44,0.23216132306671977,-0.7634393173106605,-1.4434467969368396,-0.5457972861390807,-1.3723208160291922,B,1
45,0.11668580914072822,-1.379149251348588,-0.9626304750859512,-0.8200850488994017,-0.5834289231337044,B,1
46,0.21868859672901295,-0.9943351084951194,-0.14933523707149754,-0.5626033697212247,0.4219953430385648,A,1
47,0.8714287779481898,0.660442566548437,-0.1652679700224367,0.9290192916877781,0.49336880735550315,B,0
48,0.22359554877468227,0.4979229342693786,-0.5661892748600006,0.05232935418771767,-0.5957105398377951,A,0
49,0.6789135630718949,0.10225665964741577,-0.17701358607643694,1.1973946176709815,-0.34669427701600636,A,0
50,0.06757906948889146,-1.12295704910713,0.06101485541420536,-0.27682876299344394,0.30311232286671164,B,1
51,0.28911939868998415,0.7668672933290608,0.8894134565245253,0.15334852555785988,0.1553970525817468,B,0
52,0.6312882258385404,-1.2247047776505404,-0.09921173522605088,-0.18632370663835948,-0.11141686077460508,B,1
53,-1.4571558198556664,1.1589495823768998,0.3991032052982532,-0.23281104142214748,0.25352238600033405,A,1
54,-0.31967121635730134,2.857438423139865,-0.541600301433921,1.8442772190044423,-0.8579621367144745,A,0
55,-0.4703726542927955,0.3664511465715505,0.5720957235984819,-0.3991892337480776,1.3929794304839191,B,1
56,-0.6388778482433419,0.5831081356577431,0.3757302976123567,0.2918967077431531,0.3658139895148158,A,1
57,-0.27514225122668373,-0.4928597688955594,0.8658170031798195,-0.39058799729255117,1.2802166300518993,B,1
58,1.4949413112343959,-1.8102133210868163,0.7134604624444878,0.7376413844216124,0.32582239956693926,A,1
59,-0.8658311156932432,-0.6027193630302223,0.5887356228811461,-0.1754126246113531,0.7952374536379824,B,1
60,0.9682783545914808,-1.0928952410987494,-0.09841740865778026,0.133009044501814,-0.21180381114122582,A,0
61,-1.6828697716158048,-1.4470045764150157,0.24493922704446816,-1.8643654616850212,0.6585850058624099,A,1
62,-0.33488502998577485,1.7223599419956492,1.0635089284515264,0.9135519078460876,0.7442415605743592,B,0
63,0.1627530651050056,0.272862518025773,-0.6520745694027944,0.1438580845123068,-0.4860902801863738,B,0
64,0.5862223313592781,0.37968758061398367,-0.6284077786968656,1.3817307421117262,0.6878398995267939,B,1
65,0.711226579792855,-0.30902236519624954,0.18143139795036198,0.3114598043660942,0.9027963361587296,B,1
66,0.7933472351999252,-0.17287108244343635,0.41527969026545347,0.1867514836418183,0.913892666089053,A,1
67,-0.3487250722484376,0.9645506822393334,-0.8241064992640045,0.0432327547336413,-0.387641589747663,B,1
68,-0.46235179266456716,-0.03233711869521544,-0.07476256341330836,-0.9000974275457017,0.8358140382147493,A,1
69,0.8579758812571538,0.5306939380247327,-0.09399877422878479,1.05841206181332,-0.8904225782997038,B,0
70,-0.1913043248816149,-0.19600429784501586,-2.2152801156034707,-0.6227903451712281,-0.8263536623581382,A,0
71,-1.2756863233379219,-0.3421528907320472,-0.21959398925875973,-0.38741411327490316,-0.5809073703344838,A,0
72,-1.1332872140034806,-1.406914165601862,-0.1573178328484663,-2.0298969382038057,-0.11090920940691879,A,1
73,-0.9194522860016113,-1.977749062367128,-0.16029294282301915,-1.4769251782979058,0.5640409745281463,B,1
74,0.49716074405376404,-0.2615619010664018,1.4159142745772682,0.7426273751477842,1.6600624551727299,B,0
75,0.14242573607056525,0.05649669199323269,-1.2157982985088753,-0.9624197446728626,-1.4391464631958402,A,0
76,0.6904853540677682,-1.286130036708791,-0.8246225712046127,0.7803589659823584,-0.5762822313403361,B,0
77,-0.42725264633653426,-0.03447486503463288,-2.612195798319334,-0.4862316189182917,-1.772876049565952,B,0
78,0.15853969107671423,0.053752562990502024,-0.4809166661741407,0.1925477872223492,-0.4405751812678559,B,0
79,0.6255903939673367,-2.156008006059379,-0.39564355412600094,-0.41692515389111556,0.5812671439412689,B,0
80,-0.3093465397202384,-0.9151246594795012,-0.5099771763342562,-0.28010572551411683,1.544004716454181,A,1
81,0.45677523755741145,0.4072638937354685,1.10767733948376,0.6146390585320223,0.9035817131544781,A,1
82,-0.6619259410666513,0.3870587293957439,0.8606175223369632,0.29506609191106503,0.15742230067556728,B,1
83,-0.3630538465650718,-1.1536749163997606,0.07785672426730414,-0.5351344096780171,-0.36301947505243276,A,1
84,-0.3817378939983291,0.15844805049973495,-0.37061305353986224,0.7306218588670219,-0.4537457043706533,B,1
85,-1.1958396455890397,1.0224072253604721,1.0261896681068639,0.0548635967541109,0.04372637958831521,A,1
86,0.4869724807855818,0.7770729589908982,-0.01975785983585163,1.6630377279083417,0.06452980230443578,A,1
87,-0.46940234020272387,-0.09528578701393456,-0.8182700389184578,0.12125512249022641,-0.3277210519480203,B,1
88,0.01249411872768743,-0.4679763133242924,-1.7162486774845516,-1.129366748309665,-1.339362913836806,B,0
89,0.48074665890590895,-0.6293444843345044,-0.44131449389568267,1.2793270923702138,0.8094262580318146,B,0
90,0.4465311760299441,0.4678197829096571,0.7546436171726086,0.2146565428341855,0.06696291581894753,B,1
91,0.6653851089727862,0.19510397314288802,2.2765386895430897,1.2445550595559833,1.494840754102498,A,0
92,-0.09848548450942361,0.6294040061022004,0.06161034618947592,0.26900743390516524,0.23682777405710181,B,1
93,-0.42329831204415375,0.13187381312115198,-0.7653555151203043,0.3425030481353735,-0.1160961763235292,A,0
94,-0.07971821090639905,0.8187639503474419,-1.184965208284214,0.0173115931969845,-0.35444017509683856,A,0
95,-1.6873344339580298,0.09459253295770016,0.5519548963055988,-0.6522321223511738,0.5816981603189986,B,1
96,-1.4471124724230873,0.7846887161316864,-1.7646160523842684,-0.6025183980852118,-0.8667126295013268,A,0
97,-1.3226996123544024,0.8708227703666389,0.5503451014048882,0.43129317356562236,-0.1214770691038756,B,1
98,-0.9972468276014818,-0.8045266302248135,0.8177116062629123,-0.7812773279647911,1.1923444306041922,A,1
99,0.3997742267234366,-1.808144046870746,0.43627945323286405,-0.19623616675052796,1.1193890017153538,B,0
100,-0.9054790553600608,1.5434928560145533,-0.21966167193855743,-0.8535794409452949,0.2939815958168671,A,0
101,-0.3781625540393897,0.2566587307122617,0.5649406535468146,-0.1413545069618156,-0.4900912847739535,A,1
102,1.2992282977860654,-1.7144858954961215,0.17093837112829996,0.12756984845272631,0.008962481088500673,A,0
103,-0.35626397106142593,-0.7138194972187111,-0.7781238418605918,-0.4588606780263575,0.009647694824978958,A,0
104,0.7375155684670865,0.7718742923698284,1.8504123223750257,1.3090250941240913,-0.18476847275214614,B,0
105,-0.933617680009877,-0.279676831132893,-0.3516793796105163,-0.8829611461411,0.055762887393392274,B,1
106,-0.20543755786763002,-0.5120614193191271,0.7757523004499094,-0.35489969186282627,1.1753411066444455,A,1
107,-0.9500220549105812,1.4008818603129667,-2.4186142826957147,0.7210410794176305,-2.2613939937248135,B,0
108,-0.3390330759005625,-1.0472871463838105,1.276470882780929,-1.866407920454921,0.8878920471674563,A,1
109,0.8403081374573955,-0.7981533577548339,1.4687637446545818,0.39978345441619095,0.6506966191892221,B,1
110,-1.7273204231923487,0.21138647504826755,0.029833787126638218,-1.097641429388052,-0.2821672038867084,B,1
111,0.43442364354585733,0.39045493205388226,0.5587710347377585,-0.0002774101223551595,0.06676448692477566,A,1
112,0.2377356023322779,0.4963430343407315,0.5585151816075627,0.5590849907077224,-0.04972861697561315,B,0
113,-0.5941499556967944,0.9112380445689469,-0.6427835696407243,0.7128546972707246,-1.0010351965545448,A,0
114,-1.4460578543884546,0.19857862068151685,0.5471223054393403,-0.2487734865502238,0.20776749722703802,A,0
115,0.07212950771386951,0.48938393893840915,-0.8086304698725554,0.22041315864421196,-0.8054702745265313,A,0
116,-0.5294927090638024,-0.2592092593150832,-0.6087569236453261,-0.009429773215348769,0.5627779552418166,B,0
117,0.23267621135470395,0.06269830323671424,1.1269431432122987,0.6049888276541016,0.5792279680427611,A,0
118,0.02185214552344288,0.10753418005363442,0.9746576907002027,0.023192742094299508,0.8328286555753441,A,1
119,1.6017788913209154,0.21509813581903608,-0.7063755021157926,0.7220761267079633,-0.8259239618830128,A,1
120,-0.23935562747302427,0.7725398075827608,-0.7335763435010406,-0.07496048825359913,-0.9628092898880091,A,0
121,-1.023497492621865,0.555145681944831,-0.6455966024576721,0.08240101983336512,-1.4151320269756478,B,1
122,0.17927563495631615,0.0442170029001831,0.7326395664654908,0.10860047556753588,-0.28167882795973975,B,0
123,0.21999668397176517,-0.8091259849410398,-0.9999847808103971,-0.795656091952755,-1.1416632894055698,A,0
124,1.3591875752404365,0.06767125806270954,0.3567126390359526,0.00691675642105416,0.3280130130926603,A,1
125,0.8351112459145785,-0.028017784895743934,0.7468468106342946,0.9029735811490649,1.0664831520654476,A,1
126,0.35687105914950934,0.19318157981319836,-0.08824545029310012,0.037324214264192856,-0.9937403946155687,A,0
127,1.4633028912195618,2.206525307140402,1.0100636968649277,2.1464382661299286,-0.008798874297039627,B,0
128,-1.188763054322851,-0.5237727785412354,-0.30431016948979245,-0.35529076832976647,-0.7917079176097818,A,0
129,-0.6397515327497477,0.42228901912535954,-0.2138556009939144,-0.8271686485139114,-0.3662952715875869,A,1
130,-0.9265759414055249,1.0684620672442982,-0.9772462311318565,-0.044283221477588314,-0.3598800283875838,B,1
131,-0.38980980315576796,0.09800191409938289,1.0171773476202053,-0.2702319979532042,0.46898255971027947,B,1
132,-1.3766861475563088,2.337845119172165,-0.7665204469788703,0.5327823088662776,-1.0278918228194907,A,0
133,0.6351509468144043,-0.3780392917314767,0.3497718177150592,0.8116509214331216,1.0480623289429938,A,1
134,-0.22222269709877338,0.32408922232004705,-0.07131606712593476,-0.6360149144304444,0.11421137380179086,B,1
135,-1.4708062945026579,-0.798805744892982,-1.0527830631116626,-0.9969876747952021,-0.9572329231079684,A,0
136,-1.0155790812075416,-0.35152473514329313,-0.6091031438233208,-0.2693479287993208,-0.2766096107298033,A,1
137,0.3135138474501953,0.2489339103966579,1.382872239040734,0.21938673169005476,0.5044492795480368,B,0
138,0.8381265678943811,0.8463040623077297,0.20165754263448052,0.8573044754439318,0.18214047375059028,B,1
139,1.9967308916917865,0.3190948340235742,-1.009150341366842,1.5668106365193202,-0.5125541287251245,B,0
140,2.9138624660073296,1.259114849334736,0.30532828734869183,2.5502834432166597,-0.7216730189720892,A,0
141,0.4144094332759964,-0.09496531059267174,-0.1461140315945451,0.49233930835282325,0.004287948695239643,A,0
142,-0.9895381200318641,-0.33216852983900536,3.4540464022441815,-0.47916687373801276,2.425479558540768,A,1
143,-2.132046280731309,2.7039851072793866,0.2851238413422724,-0.4182213676069177,-0.06887163393023077,B,1
144,0.2677114623438358,0.39423764944203077,-0.3806248470663645,0.8528789509797885,0.07038860267470542,B,0
145,-0.812941095310326,-0.7194815459785476,1.4200279177871042,-0.2641138490803503,1.376640653708985,A,1
146,-0.41535726017968533,-0.6942637622480688,-1.8410361672928455,-0.5033047903866964,-1.3014692413452542,B,0
147,-0.6120967990598081,-0.9426799145313405,0.09432015638109745,-1.5856756899763886,0.7212251028050365,A,0
148,-0.14079088641638526,0.9365693558567879,1.9944284946810726,0.3264372930785175,0.7722546869502673,A,1
149,1.0659802307876436,-0.36437729289324183,-0.11619928435975406,0.5546024304962494,-0.6687250371579292,B,0
150,0.15704856744534462,0.12736247565648562,-1.7333010446480788,-0.414389740597959,-2.8364265686653525,A,0
151,-0.1586348370386883,-0.06350867443826871,-0.39591796441059773,-0.30700427123085405,-0.2995113160683422,A,0
152,-1.0356537528258116,0.7314924079409346,1.4545180409590368,-0.9603307415042905,0.46109092733642115,A,1
153,-1.674682944704357,-0.8467440928840201,0.37606959632077114,-1.1245357007714023,0.6314747740390192,B,1
154,-0.4863079090733309,-1.0755722861430155,-0.8388561095125178,-0.7465932310644805,-1.3576985164523432,A,0
155,-0.05378255081832049,0.22429730718159427,-0.685242807179024,-0.7430124593073174,-0.8481187019113856,A,0
156,1.767929913579883,0.600959284699897,-0.5597002711498134,1.5369700212888684,-0.2768470938126062,B,0
157,0.13027452147288585,0.33253231309764075,0.36119788405399617,0.21617639573740627,-0.3285860169562211,A,1
158,0.9827395110230576,-0.8094537290973276,1.3381961329386531,0.4431239834423731,1.3032564131829536,A,1
159,-0.49929559853915206,0.6774848420913938,1.052423012799171,-0.1566011549555082,0.32268784300712056,B,0
160,-1.1849437664170246,-0.7438609270956342,0.45601218210912847,-1.483636423769544,0.45157655800551794,B,1
161,-0.9651167622323719,-0.5215386447863833,-1.3316447600574832,-1.225261692961518,-0.5302645998745337,B,1
162,-0.7252260645357532,-0.9439535247220022,-1.3279325139934413,-1.1761975093566555,-0.26436354329335193,A,1
163,2.1284697324351645,1.3011583486520308,0.5332520212137634,1.9370735620776376,0.1592909507795317,B,0
164,-0.8213866792243861,0.6334215410273492,-1.3454710979328943,-0.10214200430856103,-1.475519224197868,A,1
165,0.838489203736345,0.6049933756788733,-0.22556702106860427,0.7102302711771922,-0.5079150210736226,A,0
166,-0.9029271780870264,1.2472114211424503,0.304150446186177,-0.12981037077925017,0.2819407096453128,A,1
167,0.9315730128742441,2.8126492482387233,-1.1375939953626888,1.7895667978411673,-1.86947243814293,A,0
168,0.38495096610586316,-1.7092261039101555,-1.0242623343588635,0.6302199204619066,-0.46417171158927606,A,0
169,-0.1566378976580904,-0.7383765808771081,-0.09412106456781866,-0.8485336047825127,-0.11115147820278887,A,1
170,-0.040762526135434025,-0.6161750841745238,0.5036502875240538,-0.6115310620416186,0.4241093264422601,A,1
171,-0.6547876954293904,-0.8508196223826928,1.0615187704137568,0.8286446257350935,0.40858579914147963,A,0
172,0.44607220148208054,-1.0775832476037126,0.6070534347705518,-0.06064165168233174,-0.2855181222459271,B,1
173,-0.45498348034078,-0.2996530640553656,0.07365659499219453,-1.1128069531839988,0.3718615372854309,B,0
174,-1.2256057637672482,-1.216603715289405,-0.7461947535570493,-0.9223217139164197,0.20305012731227073,A,1
175,-1.2779375743196193,0.3350423675374132,-1.0709069958445192,-1.0542608054236386,-1.7127308493477242,B,1
176,0.17258791772211948,0.051698321428614635,-0.5108770883291476,0.5839326652501275,-0.18349054565301806,B,0
177,1.579091256410435,0.4810286647636553,0.40993558498056715,1.0824879465427477,0.7323406339562542,B,0
178,0.15999161357343825,0.5077284516382525,0.33662370662734287,0.12996126921848553,0.4320464276926511,A,0
179,-0.11863832610988256,0.6030068534266765,-2.0999019857251224,1.0349029154612002,-1.798867850030954,A,0
180,0.2858261396025429,-0.3734089368238823,-0.785677028267503,0.267991891679207,-0.9470403172978544,A,0
181,1.3060017417068248,2.1211434026336673,1.2045075516061559,2.3306674650655324,0.4594156452725702,A,0
182,0.21938250136385634,0.23443111648209775,0.07921504780413943,0.46630489881933584,0.1324568395899184,A,0
183,-0.41092723083373717,-1.862484752624795,-1.417008913102986,-1.4000209767091891,-0.5715055330691817,B,1
184,1.1062887100598888,-1.0023757457662175,2.3558211815981513,0.46826256328192856,1.7594826612131667,A,1
185,0.4287564384616135,-1.7405029890278156,-0.028941732314764643,-0.008389935094709422,-0.2134844768761508,B,1
186,1.535755991995992,0.01733462915130733,0.38433395931340797,0.9974899315320255,0.47691099134355,B,0
187,0.18323443722190613,-0.12180522405333363,0.3995247560451345,0.94985935247973,0.5394556212490227,A,0
188,-1.2244690317205003,-0.4684256978994578,-0.36759546616018607,-0.5436506663810747,-0.06322062400140271,B,1
189,-1.368159199245665,2.010926112400514,-0.7275736818213943,0.29055881153866414,-0.8559899772194501,A,0
190,1.6509279322312496,0.5489828740769108,2.1216749850659404,1.3907914618861141,2.2150006586038287,B,1
191,1.723665720783297,0.7260983614463344,1.0032058696177506,1.4658671776769578,0.2448350441564604,B,1
192,-0.17951921328260065,-0.9310734879421032,0.8219372011086765,-1.1988676647381078,1.402288287092822,B,1
193,-0.38318732113598775,-0.9991448913310123,0.5762891917182107,-0.7745209362514013,0.23621917785803115,A,1
194,1.4614442922422022,0.03680549909695475,-1.0033173903616845,1.0058625675643824,-0.15520798659435597,A,1
195,-1.107045682043488,0.17300713965222583,1.2775301917402737,-0.7857664000332443,1.4763534813280181,A,1
196,-0.8947270189558264,-1.856311567114457,-0.8431326580117493,-1.296153485578377,-0.3654561488862744,A,1
197,0.6433267946890444,-0.18030702284953407,0.2832867981506457,0.3064963105662152,1.0648436903057756,A,1
198,-0.3946051228595896,0.014072082873504806,-1.6393899054645689,0.15711891327038288,-0.9158694070268546,B,1
199,-0.005121866720071296,-0.21514916577112894,-2.0408588506475196,0.2209084876152583,-1.8242075828693216,A,0
200,-0.16344289852451258,-0.8133904123466764,0.3182912026531147,-0.4211843014956251,0.19840362713191112,A,1
201,0.33757454879893356,-0.53953518192114,-0.8090992671949081,-0.750829307332209,0.10791870240111806,B,1
202,1.4074818613137168,-0.17685919357279603,-1.9891675712972732,1.6514208893424174,-0.895513110255207,A,0
203,0.09058490690174555,0.09080002361004777,0.5406095029470755,0.028805456660499593,-0.16875355334870212,A,0
204,0.6439387932768579,0.604791582550568,2.120080771050789,0.6483158403938328,1.2934695671301901,B,0
205,-2.0501721010310225,1.0808562049508712,1.3895602585800617,-0.8609355824928717,0.8582824314041249,B,1
206,-0.04871840193011795,-0.2943477235272498,-0.2573178852656725,-0.4206107309544639,-0.37505526951832524,B,1
207,-0.8432302702928711,-0.45615619611535785,0.00884530669694572,0.03801276376686047,1.2763228155982933,A,1
208,-1.218813060423628,0.43765567353430623,0.8877062567839132,0.18056216070601616,0.6506951167445407,B,1
209,-0.8781523669287508,0.6108449164108543,1.1221280198349068,0.0007277398370121035,0.6324145351507392,A,1
210,-0.33412344070081207,-0.4342004332588856,-0.3435357188256987,-0.47132435826529273,0.441790605602833,A,0
211,0.9159025423560131,0.7903934769661722,0.034177715724574294,1.2542972564035706,-0.31676106180544994,A,0
212,-1.326392717739564,0.9795853411559731,0.30061480676453645,-0.2691444691810655,0.5182271018126424,B,1
213,0.030631492594417446,1.291686465658673,0.5538763202788318,0.5691106692244376,-0.7044900667280448,A,0
214,-0.4841694333335785,1.7783209067198225,-0.13307644201126692,0.7677117541129292,-0.6756447138746344,A,0
215,-0.32767309436196085,-0.8664161386594389,-0.12008524506874427,-0.8503907994196184,0.6137587653723902,A,1
216,1.0027578253046041,0.01389820933251119,1.3798323297543882,0.7347359318507344,1.748201849256405,A,0
217,0.5381154370039261,0.011277696618660139,1.2095207024428862,0.4306185733225035,0.4577610958832918,A,0
218,1.3373981074427437,-0.0980735685325076,0.4774105734360883,1.0548700908283546,-0.09110870299756091,A,0
219,-0.15450567924990047,-0.6492629196101362,1.7191090700229286,-0.7269033460928127,1.6169521481233067,A,1
220,-0.695942611670703,-1.4855620032310715,-0.386445762226417,-0.8052783921796871,-0.284916580371134,B,1
221,-0.22385881688049952,0.0926794460290038,1.6229734486293805,-0.5411313135890504,0.9832565659570687,B,1
222,0.2424967912712216,-0.7683556595479125,0.5425154435355505,-0.5249630808218426,0.9716344547530467,B,1
223,0.17657335845371103,0.085993480747625,3.2710261222145895,-0.1155217741268329,2.000468498593681,B,1
224,-1.0843880722333665,-0.7940435416988534,-1.1924819267824778,-1.5836805003762855,-1.6586415161758066,B,0
225,0.09048978162787422,-1.0996583458443414,-0.6893452522173416,0.012295837747385185,-0.9131522251862114,B,0
226,0.22822833013890514,0.2342983603768977,0.4187978282005477,-0.23044005982310672,0.2512766005251442,A,1
227,2.5174740375339204,0.15092152680649595,0.3972340529789919,1.2364870172202642,-0.6838320425124471,B,0
228,1.8768446112816701,0.579281971320933,1.9501389841750185,2.0434516076727895,1.100660686009666,A,0
229,-0.8532433505588201,2.1858637664176253,-0.6683746832995339,0.29569452194669543,-1.6010832897151948,B,0
230,-0.2873833615491761,0.2772895312108468,0.9049185186938843,-0.1278565938931306,1.3979545602763488,A,1
231,-1.4634420018370031,0.4850817670641296,1.1624630046819957,-1.141538818028405,1.7992790472474074,A,1
232,-0.5907070139634865,-1.0775613288673254,0.7046478322206475,-0.47672926900041224,0.17966719715688406,B,0
233,0.3156050035903405,-1.2869074405363745,-0.96099634192432,-0.0307225960184504,-0.28693661122079006,A,1
234,1.2058536208882336,1.5828294467733337,1.407758805254198,1.8843998479813302,0.18866340832484568,A,0
235,-0.7290838377436085,-0.9234797799333037,1.2293249313154138,-0.6304252785158451,0.8905656068801946,B,1
236,-0.6541464400677965,-1.043944071468642,0.5995845197903774,-0.8776653442652607,1.5302326421248953,A,1
237,-2.147289029738655,-0.03909892121655298,0.20434768720895413,-1.5701112119204617,-0.0824811085736642,A,1
238,-0.16266592054490767,-0.09019241337738836,0.22610801004437128,-0.5501804123486492,0.033295358587980745,B,1
239,-1.062414411859563,-0.9025065064432917,-0.07873579223937772,-0.4437491369565485,-0.3458783868927545,B,1
240,-0.5294394273660737,-0.3049732187131,0.6407851342526418,-0.08774812991289926,1.0826389265519007,A,0
241,-0.8768607781675882,1.2293757176501043,0.031134852944977556,-0.2580807216757129,-1.85571409773055,A,0
242,-0.09426255425255699,-0.8059936088317976,-0.8485249753526413,-0.4396384528558657,-0.6541674217462998,B,1
243,-1.7577283913566313,-1.3936724843661716,-1.048591644827592,-1.9015308234895711,-0.4782227015738094,A,1
244,-1.4670452453909906,0.9425936208997923,-0.7520362536522921,-0.9730356896375733,-1.0454827666620201,A,1
245,2.129247112028298,0.4922969119380367,0.22213224254945177,1.6125224114966485,0.4888059412625926,A,0
246,-1.287422581274031,-0.6205186206486616,-0.026955836435207322,-1.2904591912083472,0.7062482806103243,B,1
247,-1.0967855784546396,-1.582167016126918,0.21534379328874922,-1.9254231882840855,-0.2388456979122494,A,1
248,1.836913528321314,-0.7446233564385631,0.500813133546111,-0.00972983829737406,1.5462371916553925,A,1
249,2.905067169240407,-0.05470443684927131,-0.6273209259168789,0.9337863330167728,-1.1398131729487186,A,0
250,-1.1715666288253417,1.165672089883819,1.4656601683453478,-0.3058169962006152,1.4371430407029004,A,1
251,-0.36824895678803055,-1.036581974869657,-0.2677108270474744,-0.7817878467201046,0.09483266530854649,B,0
252,0.34155555094050954,-0.08451988151147344,-0.433426984781509,-0.27497701527258905,-0.538345461601669,A,1
253,1.7286976444055924,0.675144659894898,0.4823862373324524,1.7001606304194183,-0.0020420306841810176,A,0
254,-0.9868570784282374,-2.3812673401219207,-1.8365102023750728,-1.815521188009384,-0.8260600689683236,A,1
255,-0.24527784594210975,1.0337861679388998,-0.7905344497229193,0.6581690317035092,-0.6559224174619325,B,0
256,0.777337576061744,-1.1824505722064373,0.981072798691833,-0.21627813556002615,0.4631638978398078,B,1
257,0.43476607446661863,0.3319954934569346,-1.7374219290621107,0.033298573804885545,-1.3995644278740595,B,1
258,-0.37615607123009925,0.24668314961074406,1.1175741969331559,-0.04529328236338054,0.34762889646726286,A,0
259,-0.13382296451604114,1.084586391463845,1.5111365663591347,-0.16933783898686344,0.23335355462168894,A,1
260,-1.3748958083699818,0.5509243808935403,-0.36945533782374834,-0.2797560342568949,-0.7774594638842804,A,0
261,-0.23817374397466523,-2.377290491729981,0.29181276742631007,-1.8001240955063564,0.10473971919669356,A,1
262,-0.2663874900089551,-0.7847792471559913,1.1190870848510266,-0.09310585431664425,0.7302393524516576,B,0
263,0.23216988962625595,0.13820512935328008,-0.4667891880435197,0.03917662533143626,-0.13815600476691212,B,1
264,-0.555327218819016,-0.19497988611978695,0.8677755205261815,0.10058048380365536,0.7067940186812656,A,0
265,0.471538522545139,0.47761072975677044,-0.6711487951306716,-0.039583115888689124,0.42184608578750127,B,1
266,1.0127158178198286,0.7893665556697054,-0.47760229333317933,0.6634279181623395,-1.5974214233271251,B,0
267,0.15542932766846604,0.6084517364296791,-0.7993364643249737,0.5879509382402045,-0.4465553892063232,A,1
268,0.35175640839920347,-0.21427494255446522,0.3426471991948034,0.689164920475667,0.2859181472094315,B,1
269,0.053155347577867364,-1.8463370111204804,1.1579690525655495,-0.05797084285605869,1.5876809102059641,A,1
270,8.439309141418043e-05,-0.4554812488548173,-0.18411293211716429,-0.20700690673212374,0.3204497994441528,A,0
271,-0.7215580335428474,0.4163681481389552,-1.2712491599124032,0.694122069337147,-1.0556439166340617,A,0
272,0.316494261673308,-1.0904472525504776,-1.0827068222868157,-0.5001593441839693,-0.45347968266229755,B,1
273,-0.09728659841348947,0.6312747301215763,0.3945994213705404,0.8066492171941808,-0.22206995752417932,B,0
274,2.093168308930595,0.9083932972673044,1.8441164133942693,1.2390071355123564,1.4160428195997548,A,1
275,1.5733549024752425,0.12686697629584257,0.39372499931439753,1.217546683064694,-0.6892039218004408,B,0
276,0.3858465525565008,-3.063779866312396,-0.38689655065125267,-2.47122852205052,0.730341607131261,A,1
277,-0.7630572096947675,-1.2780883627118034,0.7661839668502841,-1.6576740129993242,0.7803597272195045,A,1
278,-1.112411471983418,1.8861891585560817,-0.23949863558674636,0.5089860951283726,-0.7884178955374832,A,0
279,1.191142953088865,-0.546537793028378,-0.3782852173642064,-0.2148025507611317,-0.27175869327263197,B,0
280,0.2627492251471385,-1.984143223128996,-0.9584591056952636,-0.6209472710816226,-0.3536908466550757,B,1
281,0.4801434033916108,1.2352473883102724,1.4084488442463559,1.3589387965962842,1.3875165935506453,A,0
282,-1.7445859869741926,0.013355591543672855,-2.5392079174956637,-1.2907338927718182,-0.16336982893144292,B,0
283,0.9274384815581808,1.1049404889577255,0.7978592002792693,0.6244568555766722,0.9474487544791343,B,0
284,0.45442033821436295,0.2769586752193653,-0.4637449377975369,0.17403823261093096,-0.662676084447027,B,0
285,-1.110430684414478,0.4585591362121688,-0.4103407314516127,-0.9198850021346952,-0.0640594271159231,A,1
286,-0.47152480744994896,0.3630092477145166,1.6923151561178125,-0.15201703962066992,1.4486833427683075,B,1
287,0.2637172043565196,0.697488311921,-0.7141310922000513,0.5580197910184526,-1.101969788147846,A,0
288,0.05246679835624363,2.2774304485560983,-0.6800691540284102,1.017190241743391,-1.5619341461414478,A,0
289,-0.292171185803555,0.9710063359591881,-0.13039423891953036,1.147380076590872,-0.3171176988939032,A,0
290,-0.10348826806596086,-1.580339317845535,0.41384738581223823,-1.2119645296058317,1.009614834988391,B,1
291,-0.25197737820688537,0.4466615152789034,-0.4418557822928694,0.7678609203429766,-1.2045354844615035,B,0
292,0.15256251210246857,1.1414807681032177,-1.5738589305358854,0.14165827315703317,-1.6904463388229662,B,1
293,1.471491972993157,1.202700806536146,-0.8656981808817654,1.5206343720347417,-0.5602030334292618,B,0
294,-2.5666584409312976,-0.42660498305909955,1.2813338564645194,-1.1617448518142937,1.0031165027722735,B,1
295,-0.23685026450968424,1.1649444451881277,0.07477678913551145,1.0060406400149122,0.5274916736567301,B,1
296,0.17651242137244696,0.9277423995512052,0.45108728370382206,0.3596497037489532,-0.5754711083557373,B,1
297,0.2959939896870995,2.57251743696973,-0.2614212071730376,1.7413899723327972,0.4785841343096555,B,0
298,-0.37191458132128985,-0.7500017362485115,-0.6594976961732696,-0.3875600750849167,-1.080644261856376,B,0
299,-1.7567217824785826,-0.5074005764004252,1.677569449875411,-1.5777029469837323,0.26119687077874243,B,1
300,0.32799548371410964,-0.3061190484599539,-0.18819185705108066,0.35171273457252594,-0.09996687999241911,A,0
301,1.727350214164185,-0.4902221500387753,-0.44336987952712686,1.7225451395053097,-0.7795439497842384,A,0
302,-1.5338614049161376,-0.890020749763603,1.0961423663553396,-1.1294768853001689,0.9259259743790187,B,0
303,0.8638280136981883,-2.762675505673743,-0.7223603588673853,-0.5798627550826232,0.010019410450245736,A,0
304,-0.3285252231228939,-0.4346994737231341,-0.5947273437739967,-0.07838738163494963,-0.4272563519508865,B,1
305,-0.0613243458288473,0.36935805969990443,0.010246684016898003,-0.5826038813249264,-0.48790444922654186,B,1
306,-1.052898510703949,-0.4932218455059107,0.00027010408817970173,-0.6482376925721803,0.31516151825275346,B,1
307,-0.33445617235587666,1.9353811835291097,0.2596113479032144,0.2586371009317652,-0.3640168505571567,B,0
308,1.3000445946989585,0.013375812715862578,2.091669089395488,0.4917711928284064,2.013325635411051,A,1
309,0.582655241987707,1.2910290551841355,0.33624824635237044,2.0760785633789434,-0.11301816485432117,A,0
310,1.732311605409944,0.26142041272996835,-2.3780539627508004,1.0434663647815456,-2.1992455679048484,B,0
311,1.1774118889776937,0.826407309893258,0.3262989434315609,0.7495637361861316,-0.7807274774982518,B,0
312,0.4390866789295762,0.27924155393356226,0.03787999448959883,0.9793640737752229,-0.11538703036817899,A,0
313,1.743934526167792,1.3687846319035628,0.04345002435145766,1.2569145302312683,-0.8779441950160035,B,0
314,0.43899315873829875,0.05593935013240072,0.2459473093961707,0.06765599821434101,-0.5140056804515496,A,0
315,0.8279881767970589,0.4961207080887857,-0.028678287674799376,1.3693793441157116,0.14442971158337675,B,1
316,-0.29657095353470836,0.3663329336500437,-0.052612093055389005,0.02660767735817653,-0.998930082450477,B,0
317,0.06654581585920483,-0.2882854581273188,0.6130442097707861,-0.8850137621114011,1.1928847276314702,B,1
318,-0.6974238233002769,0.4049823189246768,-0.542080797194501,0.05603167264348183,-0.3805948296233159,A,1
319,0.989583934594853,2.234386246197682,-0.9476863356391756,1.5127105428324983,-1.13217899969944,A,0
320,-1.1783036231148656,-0.270396942095442,3.023781452622391,-0.07225490165151782,1.653343434979469,B,1
321,0.7823503424176613,0.4194648928532483,-0.7158574437812334,0.3760491780601541,-0.20280704104604408,B,1
322,-0.19065105750515945,1.2577789508694428,0.10014291246007646,1.0401118277945889,-0.18290821825053272,A,0
323,1.1712470934673194,1.1402532809442802,-1.4956602508753674,2.1607239127353886,-1.6180611531720142,A,0
324,0.7508689887312598,0.011716417719365251,0.11646841505142191,0.030907990192653223,0.17909695531791675,B,0
325,1.8206461576468016,-2.3833887029573617,-0.9332255506893351,-0.19591316726969643,-1.0179728726107522,A,0
326,0.7307746911386448,0.5167028186484662,-0.44247294285001093,0.8911288610796453,-1.2307351894992702,B,1
327,-1.5720402556532407,-2.2194742586230527,1.0450646657711238,-2.4816341589805577,0.615347075113858,A,1
328,-0.06695317289820084,1.469937230941231,0.47200956837807373,0.8299441850856103,0.21118288548126232,A,1
329,-1.172007192594816,0.16947387119326057,0.5684095245748191,-0.7309275237132554,0.3623627320606554,A,1
330,-0.5182798423662747,0.999674019871989,-1.7712048383918628,0.06633531871954713,-0.9152885580708254,B,0
331,1.5112284332767216,-0.9021111381810512,1.8368951698290128,0.48015068722956317,1.0062539204322307,B,1
332,0.637533810897696,-1.5525074733000543,-1.191881310941875,-0.3581010923221275,-0.23648150275863072,A,0
333,-0.6989304285787463,0.2607543841411672,1.528560814293865,-0.20704068053864408,0.9609064169798313,A,1
334,-1.013717366440399,-0.03360343995614198,1.0215438659814862,-0.9244453125707024,0.2502787968078043,B,1
335,0.03278209287626079,-0.4915408261571657,0.5773327417846801,-0.503687019527703,0.6950949198371688,A,0
336,-1.2165601493811278,0.08466128073276377,-0.8549847809083815,-0.74689924367471,-0.648427531905036,B,0
337,-0.6711402773965811,2.76743589203226,0.15158984481952292,0.9586549589602837,-0.7619338841054853,B,0
338,0.31200947155124387,0.8345255473690577,-0.4709214106448598,0.3850437866419668,-0.4755505533531676,A,0
339,1.1553120361066962,1.049498605863319,0.029039571505291815,1.3799063456386862,-0.2543372140876555,A,0
340,0.6087614722244398,0.8439368915533556,-0.24987225908555988,-0.12015554522625682,-0.4205419939293143,B,1
341,-2.2912895085981,1.4794621438521929,-2.0386105065724083,-1.0002757626872394,-1.929216358326524,A,1
342,0.3043667290302598,-0.1900716729007449,1.121784150984588,-0.05237971213364384,0.17078897082254174,B,0
343,0.07203357323257792,-2.0547613076752937,-0.08110715654936117,-1.4122181034134025,0.3915599598979421,A,1
344,0.41389028537269307,-0.1885861330060098,-0.484800399502237,0.9686401121250565,-0.7030002399110712,B,0
345,1.6162096816512073,0.8117357099965018,-0.5603272328297677,1.385024587351451,-1.0647406388021716,A,0
346,-2.063238276804743,-0.9698003951150737,0.3584595763667682,-1.634458324527431,0.3245318604284489,B,1
347,-0.5911034251911056,-0.17636595048933035,-0.8937563382944722,-0.6844603843420589,-0.22334297462217523,B,0
348,0.5909063227933546,-0.6917697430023131,-2.2551755584740434,0.0007694619883757779,-1.347462188485877,A,0
349,-1.5815943994539423,1.5020292518431304,0.40712980320827613,-0.8055687459021671,-0.2809860923016273,B,1
350,1.475949048053509,0.7494570154065637,0.5191029979568217,1.1753894184878506,-0.0721923334454663,B,0
351,0.3683566127006584,0.651540620643959,-0.1996318246776329,0.07828006364449658,0.04785622969124914,B,0
352,0.846583985843404,0.6216013131209713,-1.1479028751900089,0.6800492556884469,-2.1262201599808206,A,0
353,-0.5709436615217945,-0.037249252552126945,0.08893554088928533,-1.641149106340389,0.4683872237326654,A,0
354,0.8137636899662105,0.1975562825275035,-1.4645323683135887,0.02303475102171526,-2.001691801790182,A,0
355,1.0684715559890383,-1.1851845805323176,-1.0272305966876594,0.7804538455844309,-1.1897284557363883,B,0
356,0.23287802013716835,-2.1864419787505676,-0.7506979365041612,-0.5382953027392117,-0.345333075434412,B,0
357,0.23440089269869593,0.15008113034502407,0.8439390708915561,0.8752007687493453,1.6458031950205068,A,0
358,0.2703432392817259,0.3239902562721444,-0.3626109504369171,1.0180617065405695,0.5200839634468625,A,1
359,-0.8633452647393817,1.2092645684253776,-0.4478664117764606,0.4231188374512984,-0.20211552403003008,B,0
360,-0.14752868024035293,1.5713358160823676,1.9546925154112462,0.47071635720740457,1.2322887867191237,B,1
361,-0.1525225324523588,1.5699984849989468,0.3524624971887139,0.17486024989524673,-0.998414432973927,A,1
362,0.3833938643534951,-0.9980235932938778,0.33899451047482604,0.30439682469000656,0.5152799574315032,A,1
363,0.9998242469102946,-0.3522650349497693,-0.3697007452087749,0.4560460178649873,-0.46294827393617416,B,0
364,-1.0585360819784093,0.48033429588137955,-0.5963716676367777,0.8520569069445976,-0.9218616933333812,B,0
365,-0.12500903031957764,2.5319046777421774,-2.1864064400171506,1.0083979326739652,-1.9594638985731114,B,0
366,1.4814555476589732,1.480099203713916,0.9687405319235582,2.6153708578425823,0.14654352688035815,B,0
367,-0.7435882288125641,1.1193971619983802,0.44830970575637913,0.03514974836377403,0.5245871346142146,A,1
368,-0.8222500172903203,-0.3877879555492906,-0.17916599321341334,-0.01921968951948727,-1.015835987945865,A,1
369,0.20230619183119358,-0.8831996311551246,-0.13722670183625574,0.5281297681373813,0.11808694611863693,A,1
370,0.8443851904853201,0.7889078833832395,0.7361442622610551,0.38961009189245555,-0.08202920485093107,A,0
371,0.01142605556065933,-1.10066126423436,-1.554710073079853,-0.7859740379262187,-1.0729827127668718,A,0
372,1.3289605904369892,-0.23843635098030264,-0.5898813315538055,0.16166856592277679,-0.21291645215198257,A,0
373,0.8567939825665268,-0.11477794900192263,-1.1363028628925305,-0.158284829090157,-1.3311103455294204,A,1
374,0.8418200668900618,1.592912089122808,1.7715092824867462,1.635081509957916,1.0035901495723931,B,0
375,0.5541165013240933,-0.35469730295967755,0.8756555318533007,0.056807064190106435,0.5777292302846138,A,0
376,2.327653100346085,-2.4392496385726155,-2.2026926411353642,0.20315020251641142,-1.3843283536686761,B,0
377,-0.2051616888660442,0.5044446476624683,-1.5137616266399756,0.40724487799824766,-1.3958083111859365,A,0
378,-2.003522292066514,-0.6990218531039264,-0.1323456733574863,-2.480317718649329,-0.03011354632291814,A,1
379,1.604254361517141,0.042631024437746814,-0.4724402120724247,1.6272511311076854,-0.7231526096198527,B,0
380,-0.45769943095682564,-0.08670470084212364,-1.3243822080768883,-0.492519090665116,-0.9061793678225913,B,1
381,0.10788044434303304,-0.2737039958177683,1.9447622376504894,0.1940769218158644,1.2769860546858582,B,0
382,1.309550684860527,0.7903405817847039,0.3125399139825792,1.4912571214229415,-0.24493144510261577,A,0
383,-1.6022595410589253,-1.5328648783527072,0.4748163228630915,-1.0423898834297884,1.4338655186261973,A,1
384,-1.2516472141061394,-0.5170142249543602,-0.6920149492322138,-1.0619241348323807,-0.17338765819086713,A,1
385,-1.6012779371188537,0.6840379131173813,0.7222741471780024,-1.680566535234087,0.17742820408964818,B,1
386,-0.7941362900254239,-0.6140847753443682,-0.3804327609820118,-0.754960354960658,-0.07055576220618022,A,1
387,0.43963660601699356,-1.6088067092699718,-0.2833431737074994,-0.4402679619439892,-0.3899889481280092,A,0
388,0.524187842812771,0.6685553432567358,0.6110019598252598,0.1316599477459719,0.07560449983704304,A,1
389,0.27627417932855375,1.123094630441539,-1.6289975650602997,0.8010571500343711,-1.5249559468496412,B,0
390,-1.4127658838923665,-0.04499520764300634,1.5970278598509826,-1.050666351520069,0.5035215884693477,B,1
391,-2.310103436632644,-1.9608455984695325,0.1823892147238758,-3.037861835855608,0.7135185939978286,B,1
392,0.054353585390382264,0.7059697466988162,1.2809442087804244,0.7213394720882793,0.5026606455001208,B,0
393,-0.47177603363833576,-1.659887881419688,-1.0754197566188184,-1.3948721363417436,-0.5985495870729372,B,1
394,0.45938577171661177,0.3087992768481657,-0.9231651240281931,0.22684149408551532,-0.9923353717510459,B,0
395,0.7019536262212701,-0.8874638247421598,-1.1619002215998122,-0.2538491602818601,0.8437079051501133,A,0
396,0.13824143205868192,-1.1598392857669653,0.2502976726648389,0.12076451508379987,0.07586865293177386,B,0
397,0.7601330853758538,-0.4419100170796902,0.06598330191824608,0.214666761798971,-0.8997681621842035,A,0
398,0.22921137411506842,-0.18329755642725984,-0.4644118192311805,0.08542795652832189,-1.088394747655792,A,1
399,0.5300647056014667,-0.6442082503864482,-1.0140691928852794,-0.22438337902554262,-0.20135547359468847,A,0
400,-0.7046732628698824,0.5887032782151507,-1.2665962697308424,0.10298109251309856,-0.3361316986130547,A,0
401,-0.17961141383145854,-0.44606937845883377,-0.04848390047065598,0.34385748669704386,-0.2856234503241193,B,0
402,0.19677609665695725,0.980190871671822,-0.4655867795886001,0.9320915025733385,0.11752591477134744,B,0
403,0.8205284754174188,0.28117316564347944,-0.6856069923582623,0.9763371487396191,-0.16536452785820743,B,0
404,-0.3937411722245721,-0.697557206596308,1.5470894861316096,-0.2819082036907245,1.1277340161183438,B,1
405,0.5211672557321126,-0.8659398838322859,-0.08232567819273391,-0.810390910132457,-0.014663139853724277,A,1
406,-0.265838791915379,-1.6474962990474387,1.2700429339269252,-1.4213108405225159,1.308964426766162,B,1
407,-0.11754216732813036,0.2907331778668224,-0.5332521826826966,-0.027652408263030143,0.007304747625568486,B,1
408,0.829519042024073,-0.3545875472513581,0.24477628379865687,-0.04251436965784805,0.4409081909068425,A,0
409,-1.993060371054156,-2.3721955280635143,-0.055476016256334894,-2.9142024990422497,0.09720174333392056,B,1
410,-1.296472328074761,-0.5357148727694001,-1.6976223095181227,-1.9818287036648434,-1.168296165621961,B,1
411,-1.4821853974428207,-0.901034029254952,1.4283383062639128,-2.013092859660239,2.1706753475966916,B,1
412,-2.3336161198483047,1.5756775921706603,-0.13515360703241588,-0.740593654494953,-0.2841361447087272,B,1
413,-0.6782644401551767,-1.7027786118933097,0.7464182196329605,-1.2930611534492031,1.297711189563042,B,1
414,0.7494338997277404,-1.4413507997340538,-0.7520287224615594,-0.6675419480956704,0.031792547848335406,B,1
415,-0.28488406638257474,1.1099696431056998,-0.16484438157976464,0.42351698806491805,-0.20070612372812388,A,1
416,0.19779008194185213,1.3567631574639631,-0.8668523599233547,0.5801388074429047,-0.8237998334316065,B,0
417,1.0892174967107926,-0.7449829387256415,1.2359984827633934,0.8263258223505789,1.4628908383419934,A,1
418,1.3276861322676916,-0.6320858228089109,0.3114093474506757,0.39975588594374084,0.7037248254325967,A,1
419,-0.06913793472613955,0.6162353965533128,0.36705352668088814,0.6148003781418303,0.2656371283717334,B,1
420,1.3535858895693973,-2.32709979694531,1.358184147104979,-0.24979148358367043,1.0692675995886032,A,1
421,0.09212665843410921,-1.8611936845055561,1.156341296899023,-1.5763563668143399,1.3744570475046634,B,1
422,-0.8373982238274621,-0.28073340085071186,0.7653425361362853,-0.6881347225904209,0.5583824872315004,A,1
423,-0.5944003521987352,1.549890566129126,-1.4217273470374627,-0.1995069779190199,-1.459315211824587,A,0
424,-1.4805365125650163,-0.4357300881667396,-0.6956791195166836,-1.16024737073084,0.9395586214547034,A,1
425,-0.8881338537336524,0.10093679173515462,-1.0038881360113527,-0.8549773249879586,-1.4924347074088917,A,0
426,-0.35801668807442916,1.133789272564012,0.7275336936257992,0.5430661401797526,0.7617721605539984,B,1
427,0.8035850193786016,2.106884733278146,0.1706519417500514,0.8644162095331335,-0.7332560595575086,A,1
428,1.7207698311659838,-0.5768484731483126,-1.3905124336305947,0.7513885747651525,-0.7923912642400557,B,0
429,-1.38218151537704,-0.016836723733426057,-0.18874421301122754,-0.5515194798113401,1.1555401551839184,B,1
430,0.39282746825991893,1.8220552213428425,-1.4941123357187784,1.6005218762818703,-1.8914741766837446,A,0
431,-1.0405439391575344,-1.5221992751914284,-0.05315648806975988,-1.7675098800323463,-0.09470601402417805,B,1
432,0.47469708846320197,1.0275810705538218,-1.6553725039871847,0.8074842744584196,-1.3730338354775937,A,0
433,-0.1310866506877266,-1.0183155323612583,0.5288274933846129,-0.4957362701374783,0.1502338730257997,A,0
434,-1.8309058258475304,0.10247236710315673,0.37796262603407355,-0.2737441721855558,0.6861075402733706,B,1
435,0.9282969915684843,-0.24261904740027426,1.9079484933468815,-0.30499635913411505,1.1168230367912244,B,1
436,-0.605000712808731,-0.9580116007012293,0.8478732894973424,-1.2975575005713778,1.112118442863054,B,1
437,-0.5339002383735546,-0.9831019276582751,-0.42291425582250275,0.5903401395147696,-0.7640141594441315,A,0
438,-1.06975241128969,0.2764143642537545,0.818070093274486,-0.6401929066249241,-0.38604955863572343,A,1
439,-0.6542832766875555,0.9955393281626821,-1.3976638809451785,-0.8402972068828296,-1.2919650717706859,B,0
440,0.4278904406949172,-0.1297362031885032,-0.9624726036810854,-0.09940890885138431,-1.4320375009578568,B,1
441,-0.18924434093640552,0.07011315873321637,0.33314253207511,-1.4629266359274162,0.9783115970886589,B,1
442,0.32866200228248105,0.5711740662910472,-2.1582496627479273,0.6032445907430888,-2.389911322429257,A,0
443,0.3619218539288437,-0.9716187730129598,-0.037160784933883036,0.13623610598993563,-0.35053213868647504,B,0
444,1.320661655528167,0.739692508412923,-1.0202632921184207,0.7064120594389851,-0.655312863428174,A,1
445,-0.3427861508643793,0.819343097059747,0.10130705515326355,-0.03136210311450752,-0.386135655835668,A,0
446,-1.4768578168457318,2.60362629875041,-1.0777363580472634,0.8775255369522221,-2.0343346953169683,A,0
447,1.067222416571983,-0.3761041905595823,0.42424813745518875,-0.4228263777596366,1.3921766143665284,A,1
448,-0.3314881720972547,-0.4580818016681276,0.01932742366738962,-1.0887194101921893,-0.39567134467898873,B,1
449,1.114592444577377,0.7689658715737455,1.4003659168813305,0.9391808116754792,0.7283340637539075,A,0
450,0.3833771131824704,0.8191041689121383,0.006734534101622121,0.2634109336321422,-0.26370291996430734,B,0
451,-0.13113753020334493,-0.535087153376712,-0.7686428049614663,-0.49315954354715685,-0.07587795681439502,A,1
452,0.3487758940462951,-0.40316267693004887,-0.2468858558272829,-0.6241909617405083,0.13898866664244122,B,1
453,1.9510125601262995,0.5411308382180404,-1.3442363970167315,1.5483296981455539,-1.4625921644208228,A,1
454,2.076980529053753,-0.8275842407346614,0.40613725470544,0.7577796544749268,0.2868993177190869,A,0
455,0.0693811351327787,-0.4105339880150149,0.5898502463152723,0.11095693418867617,0.3815407532527857,A,1
456,0.1601905933170753,0.08959276736843465,2.469196036692818,0.2411104899146087,2.0849984213105666,B,1
457,1.0762401574663856,0.9959386848222581,-0.6218359906044048,1.247058473138972,-1.2186338878168357,A,0
458,-0.8456610327673472,-0.6045986161795408,-0.2677945736751827,-1.5328496050152356,0.9425188000411713,B,1
459,0.3330703726182551,-1.842384462030672,-0.5757585244382156,-0.4750542316219468,-0.41414576843033857,B,0
460,-0.0258628479538564,-1.916597467518211,0.21211370113122407,-1.1392496434336403,0.5274243859172024,A,1
461,0.3139082114575536,-1.2594130667061334,0.38169053447961365,-0.5246607603033434,-0.06092873236966467,B,1
462,-0.8333688059494058,-1.3131677181999373,-0.05337484442851077,-0.6324729544742071,-0.42380835328027844,A,1
463,-1.589567493308969,-0.15461075861990903,1.0863259168730321,-1.3907636535537835,0.35413608899629234,A,0
464,-2.0729834359912918,-1.188880153597605,-0.6169795037547775,-1.162637974164077,-0.6793712307409507,A,1
465,-1.1173841129896078,-0.7027549598212041,0.9861740478907121,-0.2995702980178201,0.623744313410324,B,1
466,-0.458675284939333,-0.7740858849820498,0.5384978536410825,-0.2858558947724388,0.042283160163297306,B,1
467,-0.2931915866487618,-0.4405078608479934,-0.012029919898946523,-0.8864792877969647,0.427456838887441,A,1
468,1.9372311624295169,1.3225043315231224,-0.31493664075714545,0.7304442404058056,-0.8764484624938138,A,0
469,1.1059933699072981,0.6619475894305167,2.4266677587313694,1.5339872737896076,1.1193701664998974,B,0
470,-0.9620911163416273,0.016129415276003874,-0.8170086507420794,-0.5134974315014346,-0.7716163706332906,A,0
471,0.34770845245095694,-0.4610262805808381,0.29793317696841465,-0.3944868042305761,0.797177919342205,B,0
472,-0.4070782363503251,-0.4332326566230212,-0.7502190702421325,0.12591790175609568,-0.33106873103968887,B,0
473,-0.28436383804009513,0.3277464699519495,1.7856207486213058,-0.437524508286987,1.134540465100789,A,1
474,0.18532564941538202,0.5841690733522902,0.8868263287992036,0.19120229720990295,-0.212577769495355,B,0
475,0.6191711169753933,-0.9076175061006004,-0.6783498788411441,0.1801390992934328,-0.8646756439005354,A,0
476,-0.33925848388401536,0.03648075561423148,0.5125949934312284,-0.7421161283307321,-0.2876846257407983,B,1
477,1.0638515327343585,-2.031619568663027,0.2576957212765554,-0.4322393194944321,1.2401365304623675,A,0
478,-1.141938226142404,0.21171378417059702,-0.5166247619747387,-0.0347374516434632,-0.13869852865061272,B,1
479,0.006339062362268442,0.762149241958686,0.7581642172281733,0.49043343020726904,-0.05252515079411296,B,1
480,2.5976737265958323,-0.2800686268808754,0.38930539110441015,2.042283090928902,0.04634167723643451,A,0
481,0.2230797426252751,1.8165269961401054,0.21569871388595227,1.6089125226482168,-0.6249613876265214,A,0
482,1.4332145066061728,-0.8812384474360504,-0.04191971124232876,0.4231786474564882,-0.29602671657277435,B,0
483,0.09152017817320818,0.21744041530326128,0.43105449259965123,-1.0047383736231386,0.4884005773671939,B,1
484,0.5807770953297967,-0.035824746665955476,0.22938766149245945,-0.22233226374275306,0.02396820198575611,A,1
485,-0.056783194392691534,-0.10029766744340833,0.05909333302501734,0.29744830583492565,1.1020087387549256,A,1
486,-0.17040758116420443,-0.11432216800474763,-0.6410159159875635,-0.93453134284354,0.19933320466815424,A,1
487,-0.7794823967254196,0.10710503000947168,1.6937662407624925,-0.5774832173239909,1.8189555327652114,B,1
488,0.4303013589575532,0.8479587434636998,-1.050419943348547,0.851400493950898,-0.5692072215626598,B,0
489,-0.8515371891857679,1.3777362362747443,0.427636218879745,0.9127311525066665,-0.18753142929272193,A,0
490,0.6655852363134291,-0.0022502445041573905,-0.3202407423014329,0.11071617130877176,0.0751769715546205,A,0
491,1.08528700444591,0.8153160721716332,1.7595472694492997,0.7370863842117978,0.8942035269158541,A,0
492,0.36653140723722993,-0.7017669462667825,-0.9034825372238406,-0.15718751203880352,0.32305363856084945,A,1
493,-0.28624873355569186,0.765955452726233,-0.7352632617603321,0.3866849711347526,-0.4657356822525188,B,0
494,0.4539655793086961,-0.7619915238269903,-0.9698180632618253,-0.18573982802632455,-0.395294160216372,B,1
495,-0.3086730555464126,1.0906599360881322,0.3234650509506103,0.8847603091591238,0.07182987966255529,B,0
496,0.9355471254651493,2.2106408773932396,-1.3730506595686418,1.2670767974614734,-0.533130423496268,A,0
497,-1.8314060842151236,-0.12208388797139179,-0.47852849475776627,-1.0998051278252483,-1.0274283356545508,A,0
498,-0.3356073681186462,-2.1925434908074086,-2.152365822854285,-1.0750298111513825,-0.14900346400215425,A,1
499,-1.9908119951239978,-0.548072933244823,0.24042135412809051,-1.6686400686497385,0.1848326308115591,A,0
500,-1.495060830227205,1.2318751342893033,-0.5002148587562626,0.13875603728831198,-1.2995999158950702,B,0
501,1.3638622298139094,0.5530767870252449,-1.488056743931853,1.169335002022143,-1.5283599439788742,A,0
502,0.895184981971686,0.24891359867502955,1.0856094029740586,1.0559906450966632,-0.11525976901495638,B,0
503,-0.7194802332847904,1.008668355954839,-1.3076668983849393,0.16969809203096126,-0.7902721272676052,A,1
504,-1.502503456040897,0.484453439248422,0.7969436900282153,-0.47107306825671313,-0.05817658000319342,B,1
505,-2.964528837841651,1.2177251874511363,-0.7010408239878044,-1.4860505874041003,-0.6499397811793403,A,1
506,-0.5434955079326346,0.9194236766469855,1.601571377895426,-0.18177131903169963,1.5043237442803248,A,0
507,2.4204150122474024,1.5217004527369589,0.7495505389261462,2.8252974736813092,-0.11566317758215788,A,0
508,0.4348842714636474,0.35879608390625434,-1.0080478708740281,0.7580838270914818,-0.9114445729052667,B,1
509,-0.5595722860494895,0.9052594014939547,-0.9170825522103063,-0.39459625399391723,-1.4746929718040132,B,0
510,0.46508020950030626,-0.3071270730857854,0.60552520522431,0.21591630148470675,0.2911145037985752,B,0
511,-1.5609583529944429,-0.6014608115590059,-0.2623781307101668,-2.4241934443438815,1.2236392834513705,B,1
512,-0.29732336269763543,1.7067676404189733,-0.16934250702136555,0.38801972074119706,-0.07092670094352971,A,1
513,0.09947747301573849,0.21620467632268803,1.2722388617720979,0.64830266028074,0.7149610585291284,A,1
514,-0.08610065182104851,0.804880565862379,-0.7486888733699565,0.2882070974829806,-0.9909023426223029,A,0
515,0.7908061216900806,0.12374001441139017,0.09129377217545448,0.595310015052759,0.017840939812323407,A,0
516,0.34464522623605237,-0.5865156509199643,0.954627793652306,-1.5946613129784564,0.8505679618374268,A,1
517,0.668326018107997,0.010982892582401323,0.8091174883856003,0.210360248087923,0.35465080978056096,A,1
518,-0.6883722822307594,1.4359940177677142,-0.1596126675206725,0.4741097514590077,-0.13389807293244893,B,0
519,0.8978154084105481,0.555240074279424,-0.2889058808526582,1.0489542198852109,-0.7900058764829501,A,0
520,1.6289369476239914,-1.711473159730459,-1.7388154625209316,0.6028034443763475,-1.3540700293106942,A,0
521,-0.9701495196514126,-0.2152444565761547,-1.0562449926651958,-0.794840815965639,-0.5112248750253038,A,1
522,-0.8876956557145598,1.782293792704712,0.3183592265747336,0.2757015966115456,-0.7179281767208279,B,0
523,1.3357843363202329,-0.21379686184995605,-0.1378821889422362,0.028513456162230555,0.31075046654169575,B,1
524,-0.19134398669506028,-1.8004786917341806,0.07492707856622638,-1.1173065074707256,0.40540438714472793,B,1
525,1.403821392066557,1.8930488854225436,1.0392536096340605,1.1580297467523066,-0.5650868596992731,A,0
526,-0.4425357118921839,0.6823925098127926,-1.1873231090622745,-0.8482602321316224,-0.9128551155256772,A,0
527,1.4550455762707113,-0.0700128588128004,-0.23618030223264996,0.29543123130073745,-0.9938969520947921,A,1
528,0.13148581680545218,-0.37141773608206863,0.1887109634112177,0.6475250759442227,0.5530622264320968,B,0
529,0.2582288233226952,1.0823519297917354,-0.704159937574516,0.5608326581328466,-0.8337395068858063,A,0
530,1.5647180216699044,-0.5419834002261925,1.431477113927417,0.7777777944005292,2.03597276804784,A,1
531,-0.36177047744417123,1.1482564245159883,0.9085868016131475,0.10031780019246339,0.942015898412309,A,1
532,-0.9411220959249583,0.542195285724256,0.2901333270887555,-1.1888511244187958,-0.4356919812986347,A,1
533,-0.44856420802835434,0.24468192548734993,1.7942317793285865,0.321259000391516,0.19665592851183167,A,0
534,0.4523339506431387,0.14551480533559535,-1.4988952796101422,-0.7419412968741135,-1.4558802851899055,B,0
535,-1.5657590721805144,-0.17496803671417813,-0.007726281105681772,-1.3043358000612266,-0.5810440908463271,B,1
536,0.6374709026511215,1.0456401202092658,0.36633696893406104,0.8779951612702753,0.9601768976505366,A,0
537,-0.5387713176177432,-0.8653428321018342,-0.9145550467939221,-0.6406893849066355,-0.47227729597545426,A,0
538,1.1478126607335635,-1.6219251268302093,0.30071454181772833,-0.4855097692394015,1.001594606730035,B,1
539,-2.3942603049004716,0.6144401228924746,-1.106582493787878,-2.0483168630215327,-1.0400112265053023,B,1
540,-0.7865657751041687,0.6312383280671477,0.6905573182742532,-0.5568669471966464,0.26730871303822484,B,0
541,-1.686468151234102,0.4802411525117667,1.0578347681289066,-1.146139308294409,0.6281225959334271,B,1
542,-0.8262294663639526,0.4077283696180388,0.2723334011283283,-0.6784202425868923,0.6623573661624452,A,1
543,0.24766590110894313,-0.32054037833754784,-1.8527978150649458,0.4733586466003937,-1.077038017040653,A,0
544,-0.1792266254497549,0.7874827043855253,-0.9667935211660346,-0.32059601214666145,-1.3629189274316618,A,0
545,-0.25337756894801494,-0.04555812675454088,0.5647100032131608,-0.024315967526999993,1.2156656966433292,A,0
546,-0.1591848713800608,-0.4871135608151781,0.021198643512365802,-0.25991918462666763,-0.03414598687146489,A,0
547,0.20338824061994343,-0.3118913122553999,-2.694002617692488,0.4463148269801011,-2.051183631871986,A,0
548,-1.0085360419431078,2.020639698775832,1.2428303838682404,0.3386322883535857,-0.9488993221719155,B,0
549,0.7068496408990508,-1.7349760820454327,0.13665650625383235,-0.04781277288450664,0.7598545663674378,B,1
550,0.6626659703854839,0.49978810429579884,-0.819074664000045,0.5613835653321407,-0.6228035658282496,B,0
551,0.385037937656101,-1.6791104276237172,0.9949555975666642,-0.39133618792579783,1.0822538321223594,A,1
552,0.5565334427512632,-0.10823333832297323,-0.6775400129068989,-0.47166714713434904,-0.6540436769256436,A,0
553,0.2964180008086595,-0.4336274851541877,-0.6884521176042147,-1.3581019802374525,-0.6827999053585041,B,1
554,2.0350733027310675,-2.085028296679878,0.3583526510140362,0.3673032600816282,0.48306230163058594,B,1
555,-0.0870941710525099,0.389037590433763,1.7810384592422948,0.3578538556049904,1.4004998389464933,B,1
556,-0.30708321833457675,-0.3800380621921959,1.6235871779728863,-0.13651779552090276,1.532077523536135,B,1
557,-0.7535275803573779,-2.099206342561244,0.35971149890410664,-1.7641859768723882,0.5561235235578242,A,1
558,-1.0322626705778368,0.8395680907742521,0.46238565885031974,0.5452875691456103,0.6302250901987528,B,0
559,-1.2444717876010754,1.435006177988935,0.791498932084825,-0.2591188914346887,0.2275609263528517,A,0
560,-0.8887973132309185,1.490124342296572,-1.256983675369349,0.42222329304591966,-1.4300266502796863,A,0
561,-0.07068038165207131,0.35895644065147114,0.6441483371519825,0.43438810383653204,0.4783203353297757,B,0
562,0.3342951284977145,0.04605813857711549,-0.7340734681435281,1.0829762262617417,-1.2027562646628227,A,0
563,0.051142058552161786,1.328156620895797,0.3184780667965807,0.5362487356842787,0.07366247711807132,A,0
564,-0.765535277429713,1.6823835853400984,-0.22746762760733732,0.05527417309764504,-1.2667951091563416,A,0
565,0.9001845640199633,1.133568702875625,0.5012083271142144,0.35782239764212886,-0.38973139158705705,A,1
566,0.7394126723009475,-0.9415376022298011,0.1181034650064601,0.7490623055969046,-0.73836575740783,A,0
567,-0.159648307422017,0.2013448532149219,-3.0730302708212998,0.2155888956785208,-2.2789486365536447,A,0
568,-0.652916144664712,0.4395161442914286,0.17889171170518062,0.054538938294038136,0.8421378204898876,A,1
569,0.5484279208297995,-1.8096169689172292,0.6421529522992627,0.982600388701225,0.7528921298522121,B,0
570,0.18797358748610446,0.4693606596207741,0.4459283483384537,0.5099868528951994,0.5400704016293263,A,1
571,-1.4481272594150476,2.272991825979389,-0.10258594620857964,-0.3835411452093501,0.649748421114311,B,0
572,-0.0679802559844049,0.6399361658007914,1.642161691930406,0.18122814181326471,1.2235538752511739,A,1
573,0.26203581207438104,1.4734130814417563,0.3113731291216611,0.40653682354118015,-0.4593274481971997,B,0
574,-0.8996947864877538,0.18291473012870507,0.4376733001931063,-0.6462937041196859,-0.043995937258485274,A,1
575,0.189843392837443,-0.07321832398382148,1.0444918940505687,-0.12399792766674858,0.7461170947436655,A,1
576,-1.4548224852577891,0.3812713900809755,0.3625929996965988,-0.9757699916477105,-0.1388865008590382,A,1
577,1.3361861000121709,-0.8158266479844326,-0.8980177534142035,-0.30284291666261226,-0.7444905976997718,B,1
578,1.2479499850594318,-0.9637751872343886,-2.4383374137796223,1.0631332142546128,-1.021454197569113,B,0
579,-0.25251733430296475,1.2663045571693656,-0.47712090201808144,0.6310659002221009,-0.07416740246042408,B,1
580,0.36345433783907316,1.3723423428665182,0.7609455258811165,0.7915077567865838,-0.5652528414808541,B,0
581,-2.409921965799875,-0.9911063155873504,-0.35309633141780583,-1.5626874225157286,-0.4580309278251038,B,0
582,-1.1563476602653329,0.9679988045538644,0.8011783722817295,0.02572444354242806,0.1352229062297414,A,1
583,-0.2937789201521298,-0.08695997560602091,0.148728175920273,-0.08190197352326459,0.42104619134802124,A,1
584,-1.0721330214268592,0.33980857449043056,1.2880660702621847,-0.1308764892274868,1.4052223285382712,B,0
585,0.7143964826306588,0.4602186394350634,-0.2952167071206611,0.7257145811752553,1.0522885442654664,B,1
586,1.997296530747994,0.9943504681243184,0.46761482656768805,2.030663881006751,-0.10437636316881277,A,0
587,-1.176614719429302,0.08271820186318887,0.5058850645353592,-0.28805358028709915,0.12971154763109918,B,1
588,-0.8374634040851927,1.410161995301936,1.501601872631193,0.28396232271625393,1.063373919600305,B,1
589,0.23544836830993032,0.30941283975992473,-1.706637306334278,0.18577819411786273,-1.597637041863409,A,1
590,1.6111161484996208,0.6241842724695326,-0.4584082745531576,2.043960726061493,-0.5162035774263753,B,0
591,-1.2223743125399031,-0.8332625915372465,0.8485161053885039,-1.389006653179282,0.5530947376876291,B,1
592,0.24903612230694197,2.158659010704834,1.545896479778648,1.424407978950255,-0.6604312272480029,A,0
593,1.8212988508131087,0.4698249232049664,0.24007151264208035,1.5346459774598815,0.13570168928423576,B,1
594,-1.6517591481792673,0.7129974253450992,-0.29270416442148695,-0.9393357023668285,-0.43867287981545583,B,0
595,-1.281069206845832,-1.6081858112115415,0.7571183686744447,-1.9766456223690165,1.4872355454428692,B,1
596,-0.42360660646083825,-0.822702023079101,0.868702675231683,-0.8424409858509789,0.7753774810461757,B,1
597,-0.520588412855411,1.2378836879187305,-0.3596616786673072,0.060480369658314714,-1.1267136518079472,B,0
598,0.8126012877536446,0.2868911182926047,0.3303073121775462,-0.09805894902094359,0.044787458375999734,B,0
599,0.24165971982083806,-1.913779734828926,1.1805272624119694,-1.137641576781598,0.16358360908584957,B,1
600,-1.7749620596421283,1.038289928983819,1.8904589932744518,-0.4127207789760863,0.510204391895531,A,1
601,0.5154104029008109,-0.5437828043527234,0.7426049592352919,0.6703266316384241,0.9463330164117478,A,1
602,-0.5775388873556505,1.411316985876712,0.044138896665593126,0.6363308281117823,-0.3750363894862589,A,1
603,1.274447216941239,-0.08783567860369966,-0.05407517603790821,-0.5790167583222254,0.44096863224323707,A,0
604,-0.6275875364369197,0.20470668602052994,0.5573965571936229,0.04645267852677698,-0.6342098726075938,B,1
605,-0.6366152831022357,1.1789545785916484,-0.11567284247945017,-0.07156777351337607,-0.4379926041158213,B,0
606,0.5411316108045314,-0.8974929708546623,0.18964049902238825,0.10247251839926919,0.07449069429271152,A,1
607,0.7629264823369366,-0.9928468078339396,-1.0578762645308748,-0.04573514412012191,-0.06401973229822139,A,0
608,0.4480993639362036,-0.19649842039810733,1.297057196491159,0.07426659511925457,1.283621105706744,B,1
609,-1.6855973173848082,0.8271727996212221,-1.1401847271486785,-0.6488898546013445,-0.6424377938841703,A,1
610,0.5380344399282511,-1.3308772526134907,-0.4321117604530126,-0.3538301164846847,0.73440223724764,B,1
611,-1.034308051674399,-1.6680345998890966,0.09759326085181382,-0.7823996449040658,0.21787864793080589,A,0
612,0.2352761115882635,0.8237209270437923,1.9909868798886388,0.5431960369323106,1.8964870481636482,A,0
613,-1.4237344353990602,-0.6029783125670037,-0.42268298485232736,-0.6129617509323378,-0.6973855023230964,A,0
614,0.44632214754306365,-0.3922260129202831,-0.6660158139603963,0.5416332149885252,-0.9282047420710677,A,1
615,-0.8065989043073726,-1.8568104019401659,-0.5508169173337938,-1.07884176976268,0.36216352400354695,B,0
616,-1.2826346502605217,-0.6789793143519821,1.6588971676113125,-2.002379857397143,0.5446535109939141,A,1
617,0.7138201364823995,-0.007567296631150636,-2.8123469935060212,0.9828247616546677,-1.6807466219185059,A,0
618,0.2416445216767513,0.9303778576228922,-1.002738012148587,0.38122499474970284,-0.8373355831679262,A,0
619,-0.6139768013928971,-0.7712301662346388,2.7312887091595517,-0.39613752341567154,2.6020744939860503,A,1
620,1.4511788490210642,1.6573761202324966,0.5908820734916369,1.2131289529086802,0.05242024492020175,B,0
621,-0.44065242156974244,-0.6845560241798007,-1.10598494933922,-1.1992064866833738,-0.6092537865537303,B,1
622,0.03210767397093466,-0.6830918015851747,-0.04191798217477153,0.665913072005573,0.3619082692571478,B,1
623,0.2689134476786009,1.5373575518978022,0.06745456606786167,0.4515353111370045,-0.5915780891619464,B,0
624,-0.6196659341286136,0.21146015236391716,0.8461252459056059,0.3069838352306641,0.19689248791603003,A,0
625,0.47113629339992935,-0.5520247290115766,1.8395020028225635,0.0658795722524298,1.6352710676998194,A,1
626,-0.5334523471647244,-0.15513313118059344,0.38855168127921547,-0.6076980030692172,0.28836889856625075,B,0
627,-0.4116383222162092,1.3530735775420593,-0.5397883030129608,0.4071393532762009,-0.8521234862696245,B,0
628,1.362642639803341,1.4662028196256818,0.7870844420982043,0.90013974542919,0.2163264956947728,B,0
629,-1.040586052512433,-0.816793179270256,-0.6982526968628611,-1.0396254109472032,0.47186150196921345,A,1
630,-2.41278033092949,-0.042433810079108215,-1.0333374959890294,-2.010255260545228,-0.9363586885464451,B,0
631,1.6109369950118944,0.09015682766757308,-1.759908871956445,0.8139187136839302,-1.4859773825440339,B,0
632,2.549327952607003,-0.9862401105165975,-1.5651283945004009,1.499126498290691,-1.7520639663782085,A,0
633,-0.40526926544933184,-0.05568505264999431,-0.8964451561242719,-0.1439087473157676,-0.6375510678355489,A,0
634,-1.9368380406201853,0.005322860451700487,-1.177789767700871,-1.9005266435865216,-0.49707565386075375,B,1
635,-0.31048397619594376,1.1402094789367356,0.31323652737471736,0.8095584172077364,0.4093227312153891,A,0
636,-0.2862229498406692,1.207425028311201,-1.1994018258240353,0.4284288632966277,-1.0269574829237986,B,1
637,-0.18992384102225704,-0.32920939835900803,-3.143666302024744,-0.5496516379975276,-1.6568077452050773,B,0
638,-1.1133880419218483,-0.21395314386081168,-1.0439117745894657,-0.4016712451290493,-0.32233241250034267,A,1
639,0.5795611424764774,0.6642923020556356,-0.47185964772141936,0.596279418025203,0.09331490103001072,A,0
640,0.5245073752860862,-0.5851884489270115,-0.6054494878719654,-0.5607204692447104,0.1853743760138074,B,1
641,-1.4944056198193065,0.5886401517374027,1.5195246793091843,0.3215815597019196,1.730928343222574,A,1
642,0.6991967316948878,-0.08790648736921473,-0.6135425592891501,0.3669210738868315,-0.49674507731168693,B,0
643,2.052684981945891,-0.9693985777386207,0.8809234631991979,0.7062190980571157,0.1469971186064084,A,0
644,0.17196033243705985,-0.9568367128796466,-0.01898259968086171,-0.5777947428428823,0.5099388946420362,A,0
645,-0.33732516206850605,1.447058696031102,-0.042304725672598735,1.1111171205032422,0.07125154748434859,B,0
646,-0.1420032144075213,-0.1564214791432986,-0.835380288848037,-0.42585192228718216,0.23151579032560365,B,1
647,0.6152567669685612,1.640354093898311,-0.058782651580767155,0.41684117772449003,0.2714265031986538,B,1
648,-1.7306716055072182,-0.5136362607149101,-0.7650961268974169,-1.634559924609775,0.5398961912470728,B,0
649,0.16439070297730224,0.2912052011314934,0.1700243142545705,0.9076243225795242,0.3707029699151672,B,0
650,-0.3904639494628101,2.3926767230182415,-0.2362496326236882,1.3781260725599935,-0.529504791470916,B,0
651,1.8478250129560454,-1.0573867446632792,-0.9446279331916002,0.4524938091120571,-1.1422537649643376,B,0
652,-0.17417273380495787,-1.8978144998997766,0.9918943397005953,-0.3667833194126259,1.2279372050274122,A,1
653,1.6678876111195198,1.2865901312872332,0.42684048002142533,2.0179987467262697,-0.2347813686781079,A,0
654,-1.1037406977820072,-0.8268091053930736,-0.44806273414224823,-1.2089436531830444,-0.04252708610472354,B,1
655,0.5872591668027922,-0.020706364106233777,0.14549304703531002,0.25904739047801856,0.1332429989007918,B,0
656,0.3194002637912288,-0.5859182104515849,-0.08382252150196365,0.06333991902166194,0.2943746714640099,B,1
657,-0.8690472478647824,0.2681627809553161,-0.8675909372632739,-0.8032904330731193,-0.7096115670446101,B,1
658,0.17739611463694044,-0.9505362071857422,0.07049622902116384,-0.36657790205603136,0.7069646971182555,B,1
659,1.2125188368316004,-0.1799400878833061,-0.6210117548073745,0.7917979404639522,-1.7602973672260298,B,0
660,-0.3237917042866007,0.4498153265565342,-0.9449338356200992,-0.8128504785979632,-0.656419962666454,A,1
661,-1.6919626491697632,-1.008308886274262,-1.6227673302665249,-1.6139921939229378,-0.33303046435543404,A,0
662,-0.01756282647744591,-0.7000840296458889,-0.3586073535386307,-0.5121078033922561,0.8240159126802437,A,1
663,-0.9024230947925126,-0.3473828335985318,0.5669706595837234,-0.20111126369461219,0.8323366976208442,B,1
664,-0.3423409386638824,-1.4288154342262782,-0.6946593533788596,-1.8420607772169855,0.6419430507713233,B,1
665,-0.08158776968512098,-0.4225609827987464,2.5207086921579696,-0.4509861630623012,1.933476278949699,A,1
666,-1.7056522160155172,0.11879653990290184,0.8856856536527323,-1.2048703833401528,0.5976519375398638,A,1
667,-1.615658339320678,-0.39954894158842846,1.3043301326604781,-0.6891339924258206,1.257648702793896,A,1
668,0.48206683552552526,-0.27137649293172456,0.7952430120737586,0.13177857016700653,0.6093482655924434,A,1
669,-0.5227186961696804,-0.019901670906585355,1.8528649749385728,0.5744652696710839,0.9098070826296378,A,1
670,-2.564744341820567,-0.655743462432314,-0.7870019834725421,-1.535611645355304,-0.6773728180102663,A,0
671,0.7848440366081351,0.6910625658668772,-2.5607373856586215,0.6113262078035601,-2.4868051361724888,B,0
672,0.27236975527423984,1.4359781248017758,-0.44612560835288306,1.0012402638449112,-0.33529500337475093,B,1
673,-0.713874824036484,-0.46438039219544847,0.5582185755475376,-0.8375494952043437,0.4893249875726046,A,0
674,-1.3168302110582415,0.4851982314777071,0.15151697174797846,-0.11780096565088127,-0.17112082445100527,A,1
675,0.8358078963143372,-0.23961715543464693,0.2754726109677837,-0.28442269657422725,-0.042587619654267134,B,0
676,0.3493506225604296,0.3654873450385047,1.3209100026698724,-0.019493942230156602,1.1040677059610229,B,0
677,2.3826022826840734,1.5657795312032543,0.3820575744624996,2.4402960944895318,0.3445084861881339,B,0
678,0.42018859872493736,0.5086595430180988,0.7989129275910215,1.1193211551058222,-0.10774985754249605,B,0
679,0.3877031412620148,-1.7734145388096807,-0.9395627418527589,-1.755069682717231,-0.9468533464228039,A,0
680,-0.16692793010856513,0.4539956314469589,-1.0953936892160367,0.8140766656535483,-0.38031973093010996,B,0
681,0.816775867200791,1.2328637433090093,1.6141139230244876,1.036429827760976,0.1957403782110415,B,0
682,0.6250852012481537,-0.2215961699981027,0.10090153514706786,-0.6776844452187407,0.38869372551381026,B,1
683,1.251725008565195,0.9956348061178324,-0.6232291834461349,-0.25201151274663625,0.17306720974114576,B,0
684,-0.5213229186372847,-0.690115541151946,-0.6213944935471182,-1.4225445546624838,0.5126643644439738,A,1
685,-0.4354074729439623,-1.4855391595222738,-0.6491231216382576,-1.0138664914502151,0.21165794207372035,A,0
686,-0.4791031709119801,0.14116901883264016,-0.7089590210458417,-0.2498264120353103,-0.17010036083755692,B,1
687,0.7908017211789892,-1.7564767207463141,-1.2831478026036598,-0.08715711031110862,0.5790456074249284,A,0
688,1.498374440296732,-0.23977101289359176,-1.5004204022205085,0.5043955689507615,-2.169537910422523,A,0
689,-0.45884049314930064,1.286842262645503,-0.19500437765441916,-0.18590343778991436,-0.6260393549275116,A,0
690,-0.42477372779309125,-1.9097629057462808,-0.5929258703203995,-1.4162888833794416,0.3911503964632773,B,0
691,0.3140772238697992,-1.2794967959138979,1.1071592854432952,-0.43449692017928077,0.8622673550721077,A,1
692,-0.24576150001290142,-1.0320322451615775,0.29307665326691656,-0.5480866251108909,1.0314492606226744,A,1
693,0.95205365313989,-0.06331985971095996,0.2653176800779831,0.14498991239225106,0.1787093178416838,B,1
694,-2.2517772906190467,-0.36571678564620924,-0.7431204075544506,-1.083201417026853,-0.3811689979900748,B,0
695,-0.8267050469168946,1.3991363816960873,-0.1210284157799757,-0.10715322316410986,-0.5018844995081693,A,0
696,-0.7824163339614458,0.9543483290916974,0.36100110363144033,-0.42713431699347065,-0.19942437268036164,B,1
697,-2.320356012386145,0.49527294606859795,0.7161957397126754,-1.4157728891315329,0.1287274470113272,B,1
698,-0.9636384443688041,0.14563031434388482,-0.09389182651836551,0.032052178401963616,0.04073280698675533,A,1
699,-0.9151561158459262,0.3932297769848273,1.079123779324209,-0.4188770074854717,0.28945820721854726,A,1
700,-0.20110465451883033,-0.861982355313375,0.007989308907942713,-0.8989107219028716,0.6545914290438787,B,1
701,1.1129658916602636,0.8572103535566122,0.7928471185176799,1.5594385869987362,0.7101638745524651,A,1
702,-0.24506065119070236,-1.112044254359201,-0.4898522085891503,0.36831575208035117,0.4292205253443552,A,0
703,-1.0308137202711538,0.8353769939022309,-1.8125883665686418,-0.09595841805710294,-2.0003494333749945,B,0
704,-0.056954541213528984,1.186142502118831,0.26835898801852265,1.1758197567640147,-0.8991154822040223,A,0
705,1.0491736214413494,0.2108646020880872,0.7253240631466256,1.252975449196248,0.46346104596913873,A,0
706,-0.9759588161149049,-0.17621305896197587,0.5753473318075695,-0.9765016949790973,1.8873860508374543,A,1
707,-0.9105748839214486,0.4003099083096733,0.42218666143744,-0.3328728859599162,0.8485730703915586,A,0
708,0.5585489592742234,-2.861518370100673,-0.3485869659549873,-1.7369021243377962,0.05106964359828703,A,1
709,-0.22153611573080054,0.30225821848546125,-0.8067462514455923,-0.08426369337656724,-0.4129179524933363,A,0
710,0.6474846907094743,-0.11335399783980703,0.5517282690437805,0.01871863094291909,0.7726740416204495,B,1
711,-0.013646791795296761,-0.05062811305699102,0.42644741619827503,-0.23494511019349104,-0.37555530641623996,B,1
712,0.701663648089567,0.7065325128978275,-0.5608990908438263,0.3993169296124856,0.1508770683470586,B,0
713,-1.0350781140406409,-0.07476892156472781,1.1094241891920569,-0.801979733304532,0.707838653336915,A,1
714,-0.01208465078826744,-1.140206856651158,-0.8828655145476005,-0.31123787566608235,-0.43530491115701897,A,1
715,-0.21069001436315682,-0.14140267082537805,-0.5835233787910404,-0.25686129925058093,-0.3682935012717249,A,0
716,-1.2158909241041307,0.06755548408082447,1.636425212341665,-1.6279434112997588,1.7042566214769481,B,1
717,-1.5634779478686884,0.11493391158101274,0.8685819377339127,-1.2536800953799496,0.20742949499683228,B,1
718,0.6857490352746618,0.16191936728506806,-0.3580093058910226,-0.2672905714717951,-1.1364753899729556,B,0
719,-0.3509523822179781,1.0393690449185533,0.2873807096435505,0.4311432061193736,0.15477033421679692,B,0
720,-1.0222802816473295,-1.0860345530341475,0.15479224452383833,-0.9047267634783777,-0.696267561313048,B,1
721,-0.09617893692333225,0.17570045616484992,-2.7456138649773782,0.15841697685550812,-2.107621594284905,A,0
722,1.1280188573493026,1.289929698618241,-0.9064739494733817,0.9280739670690084,-0.2990805594256063,A,0
723,-2.280737845371923,-1.7346114969371953,-0.050846617109281525,-2.1123214911261434,0.6008766191653112,B,1
724,-1.4966386899033264,0.17964668078005355,-0.3566114765593062,-1.0432170014364064,0.23562066311511298,B,1
725,-0.9228864418952676,-0.5853785019730434,0.24710256483042056,-1.4155338409988085,0.6002231783773175,A,1
726,1.461178866720329,-0.37071038447310495,1.12948231294792,1.06231708765011,2.069946940349869,A,1
727,0.2825869829192965,-0.904807503214422,-0.32153578465392746,0.12616231500625286,-0.3382333624432723,B,0
728,0.7673172404612268,-0.16955071570044408,-1.0576547961228648,0.850062726968267,-0.5073823756417548,B,0
729,-1.1401609191262305,1.8412556144269043,0.32485165851104525,-0.06764304427851425,-0.3599151975339744,B,1
730,-1.1195358752705262,-1.2644303611772136,-0.3266233335678035,-0.7142555494043832,0.5026503736954158,B,0
731,0.4478137167227104,-1.1696100024788274,-0.15606350082190265,-0.5629078968698212,0.09389011189518567,B,0
732,0.05827433093544655,-1.3019345701635046,-0.29177371915307865,-0.2892520257512279,0.9155677503475684,B,0
733,0.5487388188641266,1.727418286628101,2.2418378000109858,0.9374961037491888,0.9583948249810815,A,0
734,-0.18767099092845213,-0.46233970552128695,-2.240704260997945,-0.45576352919060015,-0.7724617787358118,A,0
735,0.278143726454627,-0.025639060347674214,-0.38833390313264615,-1.0565222229956557,0.029863845148667967,B,0
736,0.15811908490510918,-0.4027829411062397,-0.0036890256483920517,-0.2574766268185122,0.06174373572388322,A,1
737,0.7777673890849254,-0.9444228784030915,-0.7811424922827788,0.03999397764192318,-0.0866939999873646,A,0
738,0.8070082819444706,-0.2351506466144354,0.899825832128283,0.16160483717754523,0.8075404055772812,B,0
739,-1.6198719943917699,2.45824360573656,0.8132576787196394,1.1352926402757877,0.2556089940823405,A,0
740,-2.2472685553408556,1.392070920974255,-0.04775461848854061,-1.233558715380024,-0.4152779536840249,A,1
741,1.0017453976515072,-0.8529378177922723,-0.27067375534369414,-0.1072122888571948,-0.3696783189596271,A,1
742,1.1877250932619365,0.6475741030616857,-0.111956834231647,0.583985802495078,-0.37542016455575533,A,0
743,-1.0206230195133374,-0.8315227726663764,-0.10478665364781072,-1.3100236875389262,-0.7486185919943035,B,1
744,-1.8598354065456286,-1.7763676388462208,-0.07837302812576266,-1.488378531880135,0.7213865743475232,B,1
745,0.09903482100720092,1.0195109176646295,-0.1879991015167995,1.3081922486001172,-0.9530835406824254,B,0
746,0.9308382263505294,1.1600928466435507,0.2524493145923928,0.7881530536726221,-0.16412757673188505,B,1
747,1.7975945224343146,1.0460522510478993,0.7532120648278651,1.2400790676229367,0.6420605159104422,B,0
748,0.516297572101451,-0.46986524921957273,-1.2302601475985768,-0.5037184056458732,-0.34751069492513353,A,1
749,-0.37171669658569495,-0.16677573400198623,-1.050663899233149,0.3467248083072416,-1.5894355510814262,A,0
750,-0.8931306215848627,0.7497655536581233,-1.7485180294835236,0.39950660733629534,-1.4198397689826299,A,0
751,0.011451291670654416,0.3914960373481072,0.8663974003575995,0.14962789368205281,0.7580513225051093,A,0
752,-0.2992647038852564,-0.3936374712970443,0.25032329319046315,-1.074427156133116,0.27996185412389646,B,1
753,-1.0150679057288161,-1.6190718201181646,0.5052675159327706,-2.071907936224498,1.3495391040133446,A,1
754,2.0487556508632867,0.11387519414201226,-1.4294982383634685,1.3715057127812746,-1.4343272556401316,A,0
755,1.785168402072131,1.0790096392361133,1.7849481228801383,1.8852748200845846,0.0091411930737757,A,0
756,1.1360486835554284,-1.1975882890341571,-0.6088509081453577,-0.9502373368943957,0.2184850304893417,A,1
757,-0.9208503978091276,0.638759381675977,0.16820580711125588,-0.3937855031164294,-0.27855087116656013,B,1
758,0.8550193242972788,0.33154169513369264,0.8543846606783719,1.4879303869239053,-0.34750937534487714,A,0
759,0.6396264094979018,0.7501482632323336,-0.9869797557960719,0.6500953739997651,-0.9201716769869539,A,0
760,0.44254562420405297,0.8719754997190072,-0.5463243585126668,1.4463341697772472,0.0584568370631825,A,0
761,1.2496652670437771,-0.694465241925353,0.17917177460087425,0.7270896037414316,-0.36731301830066654,A,0
762,0.6353711428612774,-1.616959400164946,2.857473075464706,-0.9693968147833855,3.491621009831917,B,1
763,0.7400142363043355,-0.5335195256828793,0.3011247428520243,0.03091313226523365,-0.10144957213533812,A,0
764,0.6369062833722101,0.8891273175270074,1.6063611506307183,0.7623603095144782,0.9901327689989761,A,1
765,0.3407914080021059,-0.542003903525971,1.2056731451919556,-0.5427828910084753,0.3428057734157589,A,1
766,-1.7836111297141835,-0.6940433238576419,0.36801003649451874,-1.9021223511628014,0.41722086466569863,A,1
767,0.08362107741055723,-1.8213503419246384,-0.9891957716306787,-0.10711822845670449,-0.3950408826358859,A,0
768,-0.5561919588491252,1.752647554550939,1.059753610818235,0.05392829211951855,-0.3534489345029669,B,0
769,-1.2798409576400205,0.8257136414253099,-1.498110341648047,0.18417028433298277,0.19909351703676026,A,0
770,1.681816619300824,0.7698959812747644,1.600875123677092,1.1757957230353684,0.718964805809664,A,1
771,1.7289953408857035,0.9677253867794737,0.2000053082182553,1.5084402329795727,-0.3007726402561304,A,0
772,1.359220600295612,0.5767083615434017,-2.650223547298176,1.3848087500683541,-1.4859802157405761,A,0
773,0.2552134168558746,-0.24432885517952907,-0.34050609503183893,-0.2683157139285791,0.717638946187853,A,1
774,1.3506251209526567,-0.16376410412220166,0.6539478209229405,1.0124451772577598,1.05373472947265,B,1
775,0.012053180601825543,-0.4275643645921248,-0.2370238730397667,-1.2297651237091582,-0.680993899722705,A,1
776,0.20279727689777938,2.634740754415,0.7150058109935733,1.658902437553486,0.08051042155983257,B,0
777,-1.093471370461983,0.5559120312994426,-0.8500241677122955,-1.6123918689132863,-1.6468855648509928,B,0
778,0.39699130449884,-0.46380044135143456,-1.3059823727876074,-0.10712880132564204,-0.3705750320198599,A,0
779,0.0603859284244171,0.4654967741662798,-0.07144540304760538,0.6961014367970358,-0.9607052062318108,B,0
780,-1.3026521168344645,-1.0108689178563175,0.031565667289914785,-0.9758780759996495,-0.17733091113041466,A,1
781,-0.051197111816596905,1.504506718589227,-0.3483843510623214,0.07232985272368475,-0.5463711414771257,B,0
782,-0.07972956385680847,-0.6610690958071401,1.2272911466421925,-0.9632044842644136,1.2138209023814688,A,1
783,1.79756116664464,0.5010854326224657,-0.8502073751390576,0.9847433961366994,-0.825829560819493,A,0
784,0.8942133285134095,1.0659776297431345,0.31316560733234944,1.1626247431586805,0.7655622375504585,A,1
785,0.011445439091466015,0.3847685442049928,0.06796997116362523,-0.8167150594644756,0.3322450620696788,B,1
786,0.248787309801083,0.09446999181963821,-1.5567159521360834,0.1898955938661898,-0.7862327878270816,B,1
787,0.044212378104198057,0.010802084856015158,-1.3190301836685123,0.18764315619055866,-1.5401819965314933,A,0
788,-0.20291398479554773,-0.056441096887107134,0.011911016248631409,-0.29148752975637404,0.8693098795241648,B,1
789,-1.0824271973882869,-0.5766984889275022,1.981199998686964,-0.6751450788701974,1.1006471247271192,B,1
790,-0.15105187760692926,-0.44948342976970423,0.579269811898811,-0.20351076228590767,1.3641567707766555,B,1
791,-0.7460982566525134,1.479590373650935,-1.7256348251446327,0.021309103134511842,-0.49276492386864423,A,0
792,-1.2503155389231464,-0.10853663268515668,-3.1104880651193376,-1.7725523198262112,-1.8993060528646173,B,0
793,0.5112218145475347,-0.7857962693827731,0.7330535930043798,-0.019458505177454344,1.186303317819331,A,1
794,0.39126465993323495,-0.5162975968615086,-0.09621348292819902,-0.4999276850858022,-1.505549800205872,A,0
795,-1.786707511368078,1.100370680697223,1.1412659695103695,-0.8110104789030077,0.4813108347726254,A,1
796,-0.12268463749512722,0.6756066331644784,-0.8807179207114415,0.5037546430667058,-0.20054105117113485,B,0
797,0.9957013858999235,0.5603291782322569,0.3502124978585262,1.586252112373258,0.5953380470115592,B,0
798,1.0592237388963208,-0.25752119890979147,0.8461734630278627,0.4877435821618923,0.03396399485152335,B,0
799,1.0258368428852387,0.5733624701729451,-0.44746363820648183,1.179215759040551,-0.5747580607130631,B,0
800,0.0389132069014598,-0.643561124950648,-0.4260855702310654,-1.0206723089108936,-1.4377304267721895,A,1
801,-0.8450453279691511,-0.25961403134577454,0.025262831098390486,-0.5140724219568608,0.276103208124405,A,1
802,-1.0836988273580606,0.9698044873917454,0.5426763465603288,-0.19527002155754486,-0.7557516554995307,B,1
803,0.3446049047503575,0.8742776789190644,-0.014334004511910938,1.2585155726228376,0.3803495824516353,B,0
804,0.379280034365163,-0.9819098459508032,0.9739963377594865,-0.5336161403706821,1.4695418359805057,A,1
805,1.2873311116050654,-0.8555264529085758,-0.46193518926703,0.223816631927566,-0.38943274910845516,A,0
806,1.0999796503420836,0.10870215281340967,-1.3283952054631096,1.2437461001783525,-0.6909791091598143,B,0
807,-0.1322286565311721,1.7261323746695099,1.9769753681131799,0.7377120972187269,0.9301069207150696,A,1
808,-1.2442058788608694,-1.9155651644689942,-0.6046337365424463,-2.258726800194653,0.0808236148215195,B,1
809,-0.31910659701089783,0.27833293957050426,-0.5684420837177473,1.2235191482237748,-1.027205758138099,B,0
810,0.21723119481052466,-1.3760433315731482,-0.06580332107218435,-1.096979330568626,0.5403926531840553,A,1
811,-0.2020832453894041,-0.6343309935255456,0.06718110965398118,-0.4707654847711771,-0.6466996396493122,A,1
812,-0.5778941080776558,-0.3644284180642414,-0.38668364248828285,-0.3556065958659076,-1.1127579472936406,B,1
813,0.2528848149698989,-0.4205083434368909,-0.01743389694900904,0.07528547177905115,0.010933782489575924,A,1
814,-0.5039577414106104,-0.5337959396592085,-0.03976223142817396,-0.6641444666791699,-0.02669601387351983,A,1
815,-0.628066083725374,0.007207060376370152,0.17481932702080696,-0.46561630531019327,0.25708298211516606,A,1
816,0.31145283430343956,-0.5352555666305784,-2.357487458987316,-0.19822201587720314,-1.8679438530831698,B,0
817,-0.4019925801292048,-1.4624573848541527,1.8808763070078494,-1.5303911698002852,2.55195072476912,B,1
818,0.24410438897835213,0.7798696125227764,-0.14728831353455754,1.6115070468597639,-0.17877324728902455,A,0
819,0.2732040228521227,0.7528721671488805,0.5806226194469853,0.43036303842902535,0.37230228944122634,B,1
820,-1.1394290010915746,0.843174310022669,-1.3781013415340242,0.03639525076793754,-1.034688862374828,A,0
821,-0.4812411238654122,-1.5407344962640819,-0.4710002612492502,-1.226438351292091,0.4799016508523803,A,1
822,1.4377769399164624,0.29891815258415083,-0.6723158663204145,0.834743404064211,-0.24239602969888807,A,0
823,-1.1620795127342871,0.6759788558069234,1.4697237645085452,-0.5869801110719357,1.1146198138487367,A,0
824,-2.116654448970531,-1.031202068439585,-0.5858136068358828,-2.5605165975967363,0.1641629413355945,B,1
825,-1.8618451532425115,0.009173248182129144,0.7580799869400913,-1.192831037914827,-0.38348597730195777,B,1
826,0.029109946576669203,-0.11626664531036575,-0.6504204526731951,-0.24417118186889647,-1.325464813102052,A,0
827,0.03091727803269891,1.8421506585682637,-0.45261893965394406,1.5253879506961396,-0.7232927621221354,B,0
828,-0.11761085542512094,1.924496037012573,-0.24555016520068595,0.29333144645895626,-0.6556212643839459,B,0
829,1.2141898289285016,-1.6643563933302008,1.2838451268293003,-0.392237888085427,1.5214677894706545,B,1
830,-2.672834433102938,2.4939270057279894,-1.8898526590301186,-0.8059573903748091,-1.8116738113749282,A,0
831,0.3959338744308236,-0.9152257211533239,-1.3156635552744327,0.5012126610877367,-0.4469868772343327,A,0
832,1.5614382018035733,0.9806732943274258,-1.9473051656898168,0.9924953458185213,-2.1820459096289997,A,0
833,-1.127780764891714,0.9704979808637308,-1.0875021197614503,0.08973045385990541,-0.9607233652101087,A,0
834,-0.3798065117898951,-0.9956902268418067,-0.8116000511921072,-0.24064828379185044,-1.0395103594450057,A,0
835,-0.7528919172286209,0.493267793839099,-1.614481254090389,-0.27816270912532715,-1.0353614694453919,A,0
836,-0.8943460460775288,-0.10753374426606396,-0.734147746614669,-1.2787800002497836,-1.4315391949587157,A,1
837,-0.32626200502304,0.5543300046323907,-2.014714480933415,-0.6006691300794738,-1.3470110883094288,B,0
838,1.4274852836845047,0.2306723023806257,-1.0179887237676812,1.4017093537990555,-1.493226257562058,B,0
839,1.8373866754875203,1.196339485370247,1.2004203999102006,1.070304738577707,0.4092624862521932,B,0
840,-0.3359392250401477,0.07539954314606226,0.40358807028110283,0.03214954207889864,0.714895586292184,A,1
841,1.9050602140644701,-0.16787406942631122,0.18746767217252772,1.1162736486358247,0.27849217870524035,B,0
842,0.035576476984624864,1.0960642330571804,-1.0027785562791145,0.7579442448748788,-1.7439879478689666,B,1
843,1.753691026701081,0.5803959648586033,-1.536084959044724,1.578205002372894,-1.5275355866500395,B,0
844,-0.09329864965349177,0.7318133943208879,-1.1391560755342807,-0.15690788484060197,-1.694461194476575,B,0
845,0.1310578260461443,-0.6645866722585968,-0.043209826896014984,-0.7414227300089824,-0.7447087941780879,B,1
846,0.36547447264283456,-1.045262781398474,0.8681767797266683,0.054116859936664985,0.8756078901553497,B,1
847,3.1788536793675353,-0.5677221432527015,0.9023674171353204,1.308778830711972,1.025350792425316,B,0
848,0.8512855748447891,-0.6208213856805886,0.630612362483333,-1.1747135939359952,0.7858958912322955,B,1
849,-0.7072645299514636,0.7861992686529143,-0.7375568640679442,0.29311856529751146,-0.3722162511382684,B,0
850,0.9689978702758579,0.9759840502940518,0.024549832403988035,0.5512601032781564,-0.18396735281892798,B,0
851,-0.3618325370843415,-0.15513028953240038,-0.3213425300372459,-0.0610967280641784,-0.3306088224945759,A,1
852,-0.48975018290120914,1.4309190188243524,-0.20118976349475026,1.1180203243299354,-0.9635513017423528,B,0
853,0.9086013598921112,1.3684693937651298,2.037127896959813,1.2377767414488055,0.9322558132435937,A,0
854,0.031085587771152785,0.24339891640053923,-1.7620002370036125,0.6382337266947268,-1.9427541418457217,B,0
855,0.2785759145118061,-0.82189177154304,-0.23467681592226086,-0.1669014967963353,-0.4224781804004343,B,0
856,0.013985221865292462,1.5753766494355401,1.2117489071961567,1.5897941219075191,0.5776123403692225,B,0
857,0.3365831266054347,-0.06101735102840823,-1.4658914950335382,-0.3596123539294963,-1.0728236200882562,A,0
858,0.4249658974361492,0.1261651964309746,-0.6437474252662504,0.31395464646893195,1.0565077819748177,B,1
859,-1.9369669327054153,-0.33960502560656863,-0.5290384975676395,-0.9954018699057996,-0.9753037419285377,A,0
860,0.6665726686095336,-0.8897903262971976,-0.2232897220539845,-0.14015744048790135,-0.04089410059424066,A,1
861,-0.9820194198303006,-1.4686394303152919,-1.5959571596062172,-0.7474218687294913,-1.5353081812631557,A,0
862,-1.4422991355594112,0.6328683235572881,0.5952860603380394,-0.7649650893123929,0.09623363954019457,B,0
863,-0.05841124385868244,-0.7834010538966204,0.6662872825131441,0.6079383025509245,0.44953471748093266,A,1
864,0.08398100331445427,3.0595312289968235,0.5083753250179477,2.641252968623207,0.16639649482976776,A,0
865,-0.6935061645722808,-1.086073582612479,-0.8703736742910814,-0.818104491935958,-0.6168801250902218,B,1
866,0.8310318576679744,-1.25738247498137,0.08651079078729512,0.14622846728740801,0.21637424851930115,B,1
867,-1.342175166370907,0.5101387156134412,-0.8994402395690875,0.04559997579649522,-0.9467948920571592,A,0
868,-0.40694374877255896,1.5293134789672953,-0.3325966607715127,-0.07310820926357109,-1.2392062303621225,B,0
869,-0.5848741349330007,0.06458965694322165,2.153467927170878,-0.9746296597770849,1.1684584317344164,A,1
870,-0.04658727033933937,0.5722424201872743,0.09569537759625597,0.8863783048188509,-0.23843007726198456,B,0
871,0.2788642846472388,-1.8435474174587096,-1.1875265759871734,-0.6174609015045119,-0.42564617799608717,A,1
872,-1.0078929496235447,-0.6775115456917667,0.18033534066391385,-1.0567441656099048,0.5412106912155056,B,0
873,0.7242826774562282,-1.073615729137567,-1.3517959260633097,-0.09667660665446604,-0.8488322572723179,B,0
874,0.06300236833469973,-1.895045849947881,-1.1990103925150117,-2.1027422401551554,-0.5863862367616053,B,1
875,-1.8919462533119105,0.11698023402388695,-1.041123135948791,-1.1719587922037034,-1.6125888212124573,B,1
876,-1.958591440397031,-2.2428276216104335,-0.4443094521956835,-2.673092044640047,0.4074161664132839,B,1
877,-0.012319292929311235,-1.3221959660874487,0.9369689955892015,-0.20945374199376993,0.5723685465549104,A,0
878,-0.2209673177863541,-0.537193794013418,0.5783981980168391,0.0963381015134816,0.8858791165293587,A,1
879,-0.1034201135746335,-0.8312858359510763,0.5229953282473283,-0.18935486905536297,1.190573870890443,A,1
880,-0.02798245653021798,0.3964085022070677,-1.0989245655905424,0.3791441015849738,-0.9424864097012958,A,0
881,0.22555983951018072,0.30558019190248,-0.5413143554356487,-0.4605473747027855,-0.9516917275683962,B,0
882,0.9476496098482997,0.8937987459354568,0.27200110688318835,1.3108106788751452,0.003291719087991406,A,0
883,-1.1111049009175582,0.7523837327126781,-0.6283199853884129,0.02422789856749613,-0.41594973730510537,B,0
884,-1.1719715929007948,1.1408127893613809,-0.2783664403010984,0.48981976582457865,-0.5807790667064056,A,0
885,-1.0933238578873825,-0.0019184000090541567,0.4413586925299495,0.40215139147814194,0.027315560083113533,A,0
886,0.2889166671687069,0.3034669008166697,-0.348772681201302,-0.5211968860762453,-0.023068151655538494,B,1
887,1.2449473786464456,0.5115137019191913,0.22605958910202525,0.8084868653383562,0.304728109334677,B,0
888,-0.4313394382395105,0.1416566973910257,1.5927284560195685,-0.5591086328270158,0.9134337595719138,B,1
889,-2.5016998441596545,-0.3971943099170739,-0.17185879898699755,-1.6133634672617927,-0.8678953799378284,A,1
890,-1.7039928626103755,-0.3324425343397702,1.1793378097192062,-1.181916055627091,1.1202140663611244,B,1
891,-0.8330367227960116,-0.8175583983299655,0.5593700673073582,-1.0256422693826623,0.1714071300604556,B,1
892,-0.5577288874952148,0.4216168299098296,-1.4672419934867666,0.3899732631583728,-1.0042222237375482,A,0
893,-0.4083886272547264,-0.09401517408515554,-1.1021370292635242,-0.8427478689858054,-0.6771142698279173,B,0
894,0.038581122980917065,-0.6631737506367649,-0.8335958830698964,-0.8289989352261353,-1.3953560815429071,B,0
895,-0.3117463308224471,-0.6622448193245927,-0.8548349169327834,-1.0302828437047857,-0.425394635782243,A,0
896,1.0493396105434072,-1.2103987277827886,-0.0902897461068142,-0.15575939127834343,0.4361431859690155,A,1
897,-0.6760173056813688,0.9788413412371997,0.6146440480818223,-0.5304848207461446,0.553058773065079,A,1
898,-0.862317959475543,0.07861766953178756,1.2551584167047227,-0.5023676853190673,0.9215702333351047,B,1
899,0.4788755385204616,-0.8628000195732701,0.30817508872508226,-0.22681978398979158,-0.6003104559525834,B,1
900,-1.5356420699261193,0.8085477496020183,-0.4456795560532098,-0.9103689241542023,0.16485529193566817,B,1
901,0.3896917053200022,-0.560448809794373,-2.0822412436298743,0.39047374532291274,-1.1399677748107473,B,0
902,0.10255318372626686,-1.4065006270122327,0.07058957541733794,-0.6714686674137247,-0.2709468364906556,A,0
903,-0.1474424899181674,1.021222289219133,0.025770193694991287,0.9534693326745679,-0.5800868423364695,B,0
904,1.5882761071492624,-0.5370969895661131,0.18292875353895768,0.5868922439042848,0.35108163003775333,A,1
905,-0.6222074452947179,-0.4088990902087895,2.1062402977033328,-0.5898714563969029,1.8960401230832187,B,1
906,2.0602981705240784,0.04118002034917748,1.2405965461930721,0.9753777101481804,0.6162001500914641,A,0
907,-0.2254314492280993,1.1425892227901149,0.7850609182499858,0.43251247159045564,0.7337875019065044,A,1
908,-1.2770164449702281,0.020037290866311695,-0.9620771300715998,-0.4000755684829578,-1.573844863773471,A,1
909,0.0699195809948253,-1.1991171261452302,-0.5129947491967435,-0.7632739306108689,-0.640502404755568,A,0
910,-1.0762452003187681,0.5438770041121802,-0.09484460692850216,-0.11460263686783867,-1.207348630593429,A,1
911,-0.7517558478135002,-0.48498972426172404,-0.7754071240103536,-1.0999218513418327,-0.8944896133897493,B,1
912,0.39703330001549114,1.8879239715294662,0.5004645249851181,1.5617072485351327,0.7267789654557368,A,0
913,0.5555820886501248,-0.0011197219978901704,0.35690884921570454,0.042836478535166145,1.2789612561432724,B,1
914,-0.6221677002542582,-2.235035497898666,-1.0883077930546925,-1.0649784324873628,-0.19751312144333016,A,0
915,0.9874051450464006,0.357364972155674,1.1968167090961244,0.8016138443225098,0.44708409830187495,B,1
916,1.157507758021134,1.9445977922602284,0.1023103338088603,2.4272804176383262,-0.42812227521131524,A,0
917,1.436301756563291,1.5759202885453896,-1.7290711467422513,1.0727073350835648,-1.2888639150121426,A,0
918,0.5294134071257222,1.8309542887565653,-0.051342858344969454,0.4950368019977819,-1.1836212844123328,A,0
919,1.3634287120856987,-1.0197601853814635,0.28120645592290483,6.851157290393983e-05,0.11454696823172372,B,0
920,-1.8807984279740577,0.9121523959767788,0.9727923614357405,-1.3647083328132017,1.215970711034787,B,1
921,-0.31790654862846257,-0.7219945397367117,-0.3374764031266163,-1.2431086462595722,-0.6146896089054703,A,1
922,-0.8670052563234263,0.2242893994169245,0.8279382674472072,-0.0972830738556556,0.16018645769888873,A,1
923,0.11922586112739209,-1.2729524287397325,0.1871419867702157,-0.5670300943997602,0.3921867044778178,B,0
924,-0.5714492191967373,-0.6444557648827163,-1.3150546090375794,-0.90493790231153,-0.6500759435974077,B,0
925,-0.16615784194973238,-0.6762466973636153,-1.4151667734825137,-0.6312993525043631,-1.1678694250647725,A,0
926,1.8821748802040494,0.8985552801426162,1.1225598701493487,1.279963736030568,0.6445630447019985,A,0
927,-0.1697197964203783,0.8007191216696554,1.195984178381769,1.1237122668921227,0.9810148674030269,B,0
928,0.4137923171902139,0.2768197293308208,0.32290923040472297,0.018932401158020418,1.1513984272989655,A,1
929,-0.2322693299242352,-1.3504214180553855,1.4957067211800286,-1.4756392560238836,1.2539567987197067,A,1
930,0.07571328795683367,-0.31163943394972,1.0566098490416067,0.2876335645424041,0.7813061234487872,A,1
931,0.006016680436071459,-0.746116482942726,0.6836287294797211,-0.4773260448836306,1.3914895802141052,A,1
932,0.4483240659731595,0.869675756694491,-0.9113114887336718,1.7232191623400839,-1.0864361226015162,B,0
933,1.165307535547177,1.1781848528171845,1.7314287510323434,1.0251741283398308,0.3141866387781129,A,1
934,1.6473939976033294,1.056385586030883,0.536301432208273,1.9396212814558353,0.28925837316909564,A,0
935,0.30962008190916684,-0.7552194194170205,-0.38583877461162164,0.3492610047366424,0.4190442541992265,A,0
936,0.5895468860356021,-2.739533122289479,-0.668270005305298,-1.2767063456243801,0.26064118834403,B,1
937,-1.150864509185567,-1.7669618981300543,0.2567837815138569,-1.9454600385308851,0.48463319791208787,A,1
938,-0.08787674241562057,1.4216269780822084,-1.6710590848384548,1.0287707090571843,-2.1782634415707793,A,0
939,0.940289464883589,-0.4012549393198239,0.6996732753528626,0.6509921682272067,0.5408376579767821,A,1
940,0.8659686384171532,-0.7507246182651125,-0.9535708146940268,-0.5610861764377277,0.09922281652537202,B,1
941,0.21160973279505021,1.642660293436234,0.37060810882428674,0.38407816824278673,-0.6861649232798569,B,0
942,0.8863939595679524,1.2651599454883269,-0.5216203373581595,-0.10379865398906785,-0.7405398121500127,A,0
943,0.49076670899381886,0.02444872191978665,-0.26441871272470363,0.6043778133455857,-0.38372520937043025,A,0
944,1.2003062582593216,-0.2934030910639739,-0.7569098727650648,0.44256861285573335,-0.8200085780416231,A,1
945,0.2893591569571111,-0.13210121281312523,-0.16122943118080152,0.026489677280063045,0.03752114299556687,A,0
946,-0.35569831557103465,0.22716279838746606,1.889379546017354,-0.9455596389998144,1.4987857431626583,B,1
947,0.33584125693302364,1.600047281319608,1.3850596270486406,0.45247721827495513,0.8659457350668451,B,0
948,-2.9305943758527757,0.4224674242372267,0.3544789549954567,-1.786102369676835,-0.32476309815818816,A,0
949,0.38288573638504947,0.7260290330391413,-0.025294265564952366,0.2565831582766898,-0.9859036396701363,A,0
950,-3.6484128252147836,1.1692701090701714,0.844201190692885,-1.5454946028349685,0.4882810299363495,A,0
951,-1.723463407405418,-1.169676001024419,1.1299703941075565,-1.3271819816395534,0.7719549553388474,B,1
952,0.45176860094098414,0.7548618924740429,-0.8298183822075292,1.7832983914442104,0.1873109438033138,B,0
953,0.47752933726679525,-0.29456875466161137,-0.0774388676322022,0.12922471001380872,0.9469613915972538,A,0
954,-1.1624287801399305,-2.516095195772766,-1.8219582295680803,-1.3978035344218682,0.22319317565491714,A,1
955,-0.7121020418789388,-2.128169541985812,1.123102110260895,-1.9063323846101565,0.7417499350624321,A,1
956,1.370540988614132,-1.0181176115186856,2.0650242577008555,-0.5242073700785416,1.9338250460653827,A,1
957,-0.48403013157267616,0.5312232285925814,0.0800826246230855,-0.20095728800237728,0.38528945014338556,A,0
958,2.242920312402985,0.11379956534029644,-2.1250101249030164,0.6037911111748185,-1.1310898837279697,A,1
959,-0.001919853176346149,0.184366707175664,0.6088905165770311,0.09836802526657593,0.21215104807185958,B,1
960,0.4080361768812668,1.950943482686692,-0.9040891661490803,0.8300663852177735,-0.38346866135903157,A,0
961,1.6168743984986076,-1.2690896148598123,-0.66334944166446,-0.6415558617080345,-0.21028919300989807,A,0
962,0.13102711619341956,-0.027433354183723595,0.6265763897910038,0.9329121655542786,0.5081432061581671,B,0
963,-1.0023439806908012,0.3044355228138156,0.2545541255127244,-0.717969483560263,-0.6516159425924278,B,0
964,-0.10972745169429012,-0.7362731165383355,-0.4881087753386017,-1.2527826807578408,0.12796096535714027,B,1
965,-0.03561073619009093,0.028326745082940964,-0.6496056326016644,0.4418828260810608,-0.5905951486239587,B,1
966,-1.3647416522015654,-1.599949334084345,0.12583605522083274,-1.9831268396327544,0.6404645365217145,B,1
967,-0.25583207134082336,1.4099062172750279,-0.4094655525123675,1.0965368826783508,-0.4510502803113537,A,0
968,-0.7421920939974367,-0.6816145525304338,-1.1092371336030074,-1.1528197000027036,-0.5496747946841328,A,1
969,0.9243577571874341,2.031400164778503,-0.33256318147836006,1.2998658915703132,-0.6619310462238946,A,0
970,0.03461187418525562,-0.03247432391745505,0.33959262325518413,0.1769458172909491,0.6375095683923468,B,1
971,-0.28279574914757005,1.0280535653991831,-0.17810346681963335,0.6409590235631046,-0.42972940829611306,B,0
972,-0.10618193062257626,-0.05330286899115438,-1.4135085982481852,0.2938812758011763,-1.7063941547019903,B,0
973,0.22312201840616613,-0.03074383226052982,0.9890646213755394,0.07363072554877026,0.9829718046019504,B,1
974,0.6168141996897798,-0.5840293332220078,-2.7388114369433336,0.34238221398015567,-2.204864901671751,A,0
975,-0.9997122286693814,0.11912392936627762,-0.4463651550284352,-0.1674510690567798,-0.99841131573423,B,0
976,-1.0415876326212719,0.31799869441404743,-0.6201984545539159,-0.3656686630823145,-1.0088603241418497,B,1
977,1.10467921540253,-0.7842585089151799,0.14817887787141484,0.19934921815177994,0.4022431059714868,B,0
978,-0.4123368722047306,-0.1250444158598842,0.5616618078027354,-1.0325718053683455,0.3699127470864666,B,1
979,-1.416842092596874,-0.6100988660571137,1.1267648082610353,-0.8555676101966868,-0.1555863758422763,A,0
980,0.44381270938310463,2.2996640696148387,-0.7124048733521602,1.4372065100078575,-1.1504441967958146,B,0
981,0.4633698060326869,-0.08973076991161853,0.5865823373334818,0.0263485724884491,1.0131694026031433,A,1
982,-1.5307152572567064,1.5452321516965593,0.1958183878814611,0.4930701032900858,-0.3976213942889785,A,0
983,0.2294817154636063,-0.19562233080768832,-1.7115393751832233,-0.6740389525823383,-1.2416913731805148,A,0
984,0.7355830924283736,0.25928764153490796,1.9005402554341098,1.3930118339069213,1.8000163691604714,A,0
985,0.37438645170626306,-1.3213640716452693,-1.4387751272401994,-0.4471868041161096,-0.34512514563681784,B,1
986,0.6319814837613953,-0.44707259186786463,0.41949727230971495,0.314411683574354,0.8939381528162289,B,1
987,-1.404269098090749,0.21053467078924676,0.3899599441977477,-0.9348161807249614,-1.1554117782462774,A,1
988,0.3310401549961956,1.5860038309598667,0.2756367823290771,0.15808955221598564,0.742506500659436,B,1
989,-0.30261975947044656,0.22198277767627117,-0.4945768821616075,-0.1403854160770222,-0.07240015533441496,A,0
990,-0.4827901587246448,1.3837203611929991,0.8272526511405023,0.569558538808109,1.5330709905718267,A,1
991,0.8705556094197265,0.6407291102029202,-1.5603674739430955,1.180810643954593,-1.6115660691878928,B,0
992,1.47927451067423,1.6274013394646858,-0.06582878867392292,1.6022487769174303,-1.2532857227891383,A,0
993,1.794370054600359,-0.059042217305055426,-0.5638746765524585,-0.049168996494521444,-0.37929460176312163,B,0
994,1.314807871505905,2.390222710651804,-0.6772979420670315,1.2131654059381323,-1.0898392664558634,B,0
995,-0.10973418163018368,-0.485396202914123,0.42874778745354575,0.7174712014464752,0.7240346836077173,B,0
996,0.35272016302634307,-0.766461834197669,1.0774785427196831,-0.7178668111690865,1.44499151903649,A,1
997,0.7668228717842437,-1.2100528496890341,-0.34325576183686607,0.5685920273456333,-0.04191553578774795,B,0
998,0.12117794929946196,2.3310246715580702,0.7806810899257774,0.7711757366499146,-0.04008219426993283,A,0
999,0.13076418791154437,0.8194475726178976,0.04974066544459848,0.39695434419194164,0.13228886104570303,B,1
1000,0.823753131876182,-0.33412073338030845,-0.8927322092380086,0.639795642235507,-0.6862527326367931,B,0
1001,-0.059282646025932216,1.249022696873495,-0.25795209324106383,0.17884453753075136,-0.6003620550918374,A,0
1002,-0.7292869363736615,0.687692185117782,-0.2994858907916149,0.7023814986142212,0.17138890875995616,A,1
1003,-0.4144730658358585,1.9661274713755903,-0.6966599125054466,0.7722440752204855,-0.25099850457714445,A,0
1004,0.6339103777337424,-1.5478328327399113,0.42848292865583376,-0.16314476657987534,1.1514877385386129,A,1
1005,0.002993291199955732,-0.26536010831425455,0.23464618770475926,-0.2646875834467167,0.13320949669341964,A,1
1006,0.34020997686833787,-0.46252138394282544,-1.590649698269418,0.30222543765813537,-2.090845005876619,A,0
1007,0.6700792422021898,-1.9736826764086015,-1.6515259952393577,0.2046025770419443,-0.8354347045822542,B,0
1008,-0.3748414628976096,1.060327204779694,0.4246844532057544,0.2396157558396741,-0.29377633005043513,B,0
1009,0.7562481636298061,-0.2703965558033584,-0.8152864287945346,1.1834070156508225,-0.5814836985007966,A,0
1010,0.37884260345839443,0.7396312049865622,0.302041155100324,0.29132326037875883,-0.27204287878589006,A,1
1011,-1.2348130869114786,2.3597719343296117,0.7809315781091883,0.8210461346937737,0.06432779007770839,B,0
1012,1.4423047911862443,-0.3532436918276083,-1.2709528374055592,0.9333181969194674,-1.338656062434152,B,0
1013,-0.5007447437569161,-0.4211529826571552,-1.411537254576185,-1.0453143739239121,-1.5442042000310878,B,1
1014,-1.6550953431851838,0.11866416972399602,1.6744316823952952,-0.8268202687304463,1.759715085017353,B,1
1015,-1.0450437095863023,0.9872473529834096,0.351570782962459,-0.12971958033489017,-0.43617872920678735,B,0
1016,-1.021045160678322,-0.5667130253101499,-0.41924065667327093,-1.3225796972004906,-0.1799600419810829,B,1
1017,0.05217331865753347,-0.6309615971321306,-0.9339404526462636,-0.10517559027448198,-0.050308574124540595,B,0
1018,-0.2738505055462372,1.0571892702413659,-0.5104408489072796,0.43742910484719943,-0.1115943851685825,B,0
1019,-0.33683196764059287,0.37863932383803556,-1.1905723361133103,-0.04907299231894628,-0.5117043975892486,A,0
1020,0.6197019654824789,-2.0447282630048207,0.8834121740905903,-0.6848316867422655,1.178767431715145,B,0
1021,0.3398753611927038,-1.2253917994691081,-0.7767511536063209,-0.4537758124807415,0.06335420663782193,B,1
1022,0.31604787064428624,1.5012358638272103,1.093534588216267,0.7563968436770131,1.151771105289022,A,1
1023,0.40982845732869266,0.4019282830788125,-0.40062891977001125,0.5167782634441127,-0.14831460345708367,A,1
1024,0.6161346680022383,-0.762195931037249,-1.0433501836173147,-0.33337427089917177,-1.4965071157317622,B,0
1025,-2.107953341777443,-0.17040965723498214,-0.4263015880138014,-0.021572087948957153,-0.5285957832377128,B,0
1026,-0.3644382522644612,0.013236672801670204,-2.624166777501417,-0.9167112376904996,-1.4913790429502818,B,0
1027,-2.180210064489474,0.7357333602801638,-0.12076857667400692,-1.2326273971708321,-0.5452326425825397,B,1
1028,0.03605992679779541,-1.3582633948587894,-0.17011919113015858,-0.9103667936391877,0.9626223149099687,B,1
1029,-0.00463297222434532,-0.8409491386704581,0.8247427465479676,0.5969923544924325,0.7139198362344532,A,0
1030,1.0455322747896802,0.27295575486338886,-1.8863049279833795,0.10372991731675296,-1.332380214881325,A,0
1031,1.1876343927211208,-0.09983458049545033,1.1618663608635478,0.8756244943780023,1.3956454681544412,A,1
1032,0.20277504825236733,0.5718591826367099,0.820599294997656,0.5317916527930453,0.3686227213163708,A,0
1033,-0.5003610773968998,-1.2295073973595978,1.2520435636986627,-0.7481691927806647,1.2104704919250764,B,1
1034,0.48516111254573785,0.3571286762713211,-0.05272137600413741,1.0878325869685734,0.3412310435423957,B,0
1035,-0.5279176373243135,1.0915836193774722,1.0138968341027554,0.8369559071676922,-0.24472424792040876,A,1
1036,-0.001392651443348899,0.4868185471492834,-1.4712440349069051,0.017095269448573647,-1.2698836150584651,A,0
1037,0.9861363169607678,0.13911173976159188,0.713047565204533,0.758246384804252,0.8858875953804148,B,0
1038,-0.5577713459894236,-0.09588360256597088,-0.7711627620999453,-1.3146556249527115,-0.4878371387854704,B,1
1039,0.8056786392425009,-0.8348511527715018,-1.6514018324229363,0.1155281114207142,-0.2553441461030149,B,0
1040,0.6774013686923024,-0.07199859243978847,-1.1241405181643607,-0.026553188920472315,-1.5604603233205538,A,1
1041,-0.9547918171308215,1.259705852880406,0.005531138629270573,-0.03621337681854821,-1.0930702575086584,B,0
1042,0.973894128217401,-0.11902850660012523,-0.8242992082176034,-0.31786370877796954,-0.16836048612093846,B,0
1043,0.6985663453715051,-0.8898039893484101,0.37607353169579993,0.1766739559082357,0.8741158775231292,B,1
1044,0.10192588737265744,-0.4922470887653863,-1.8082375550040173,-1.0332523597469025,-1.2639418741656514,B,0
1045,-0.7623234580276522,0.20085029727593015,-2.1270975436158617,-0.28282662278283305,-1.3289411399634268,B,0
1046,-0.85920601857557,-0.37351399718084694,1.372387434143576,-1.3155334062470403,1.4079774921523758,A,1
1047,-0.5376625769030224,0.4853032830631407,0.9038001294014344,-0.5047664221781855,0.12866783104250262,A,0
1048,0.54259446329196,0.5228437607490304,-1.0492968359138075,1.1643446096222725,-1.1925007248141208,A,0
1049,-0.9556251674013979,0.8889831804046482,-0.002999643470539514,0.16507546271829637,-0.08503329691098901,B,0
1050,0.4375122486198699,1.4235594722650329,1.0195070602013239,1.5488886541397098,0.88098752763478,B,0
1051,-1.2417555288783926,0.9958587243723608,0.41920060829060546,0.53273961110979,-0.4887097822500408,A,0
1052,-0.20406858443884895,-0.9342390641479599,0.1482230961834784,-0.9759800363071718,0.19163016419051718,A,1
1053,0.10964775457400863,-0.9035344465762722,1.095154081312597,0.3635072606767049,0.8251964303818531,A,0
1054,2.4451301450589167,-0.07577147645982442,-0.7307124752012204,0.6964395207159869,-0.2873648848275072,A,1
1055,-1.3773156555203674,-0.4511753572394145,0.0311784486646287,-0.6789269046594761,0.10771080050870585,B,1
1056,1.4720145664901334,-1.1383267269609427,-0.017848638292391635,0.06737651911362288,-0.05777049331391529,B,0
1057,0.14984241398728004,-0.44169179417299426,-0.27276204767104256,-0.5960905200137873,0.5216878158435719,A,1
1058,0.41117191801596314,-0.474512933619039,-0.3898055114207521,0.31668161765227965,-0.44759001208112864,A,1
1059,0.11834791338820451,-0.6718477397612058,0.07286823782849074,0.20756064073692637,0.03932913292145787,B,1
1060,0.444726818195233,-0.3157894861550056,0.03440749598552754,0.5665755411629093,-0.7085056735389413,B,1
1061,-0.15368510436201774,1.178450850318331,-1.0484276425345258,0.6044443069893509,-1.3264024582607818,A,0
1062,1.4540501814574582,0.19923804124923924,0.8017959099004475,1.038027780163714,0.7794475668499903,A,0
1063,-0.4564711442247224,2.4718090760554694,-0.9763852077662583,1.2254551443428525,-1.0175304824700446,A,0
1064,1.1322345721792477,0.17050818601964934,-0.2182334445471739,0.9164768740759688,0.11289344664592935,A,0
1065,-0.6443671202130229,-0.29006577393725175,-0.2952804727200515,-0.26097523930344946,0.1268079668562495,B,1
1066,-0.06025184640128695,0.004132882654866092,0.35810361265921586,0.06791506404201801,1.293702970478055,B,1
1067,-1.0719625522902192,0.25649197844354,-2.119103940217333,-0.09353962989917958,-1.908600567564296,B,0
1068,0.4550237203475199,0.43525395717106363,0.8909098149294582,-0.32296269248117015,-0.27312579270098636,A,1
1069,1.4451259569265338,2.0767113258590237,-0.6769903476121641,1.839794499542239,-1.4145120065360817,A,0
1070,-0.07735617982085408,-0.8453204649775686,1.2199632947770542,-1.1609971873040899,0.671212481423656,A,1
1071,-0.19688569870390954,0.8590460581777356,-0.4781649245161544,0.4497426186689644,-0.9936881271053107,B,1
1072,-1.1146169630679268,0.20775059761412384,-0.04884358573401051,0.2560702088931547,-0.028910205714205044,B,0
1073,-0.2292926535523081,-1.5710977425706176,1.9137860400684237,-1.160166854390178,2.280197229340531,A,0
1074,-1.5927942597215277,0.7706987820947633,-0.27733820879366844,-0.5067011496369273,0.42155303391043675,B,0
1075,-0.9128779867188273,1.2676235608039048,1.2388498846734588,0.4643283458314755,0.8658244580339423,A,1
1076,0.22678604610913541,-0.8571764037774298,0.03904508556456009,-1.326378040106496,1.2694029483776856,B,1
1077,1.3190131977413961,-0.008933867891970693,0.4154188302934896,0.5258857436267584,0.11439342650062725,A,0
1078,2.809210861229503,-1.7253542620077036,0.0699585894113745,1.0051072153702751,-0.42221765601171035,B,1
1079,-0.5865850850709007,-1.2588064596843365,0.8478516263001241,-2.429851643713346,1.371846464291039,B,1
1080,1.43530015664544,1.0480295776172526,-0.6855316128530513,0.8967906362584046,-1.6087752403951177,A,0
1081,0.2437524804016479,-0.4664165060074345,-0.9840485230191854,0.46347222192791615,-0.9730521762618449,A,1
1082,-0.15124764674637586,-1.1088029749380393,-0.6385761903770217,-0.14365162529148268,0.03481337793509087,A,0
1083,0.4325944517261522,0.22946036445842968,0.09971037632409105,0.5614459669499563,-0.027285549489212607,A,1
1084,0.06191648367995918,-0.5224124314310232,-0.22081878555032944,0.21704249446405263,-0.1455670450347789,B,0
1085,0.11039572561221853,-0.4708216577755361,0.7102748764711765,-0.06162127630970507,0.0009617286749277199,B,1
1086,-0.4083331628266692,0.7393260256749032,1.30473169982152,0.4023605688626074,0.7600457900234147,B,1
1087,-1.3981096597988507,-1.1617333589343466,-0.9758383372350086,-1.5775593297667907,0.05109108009125929,A,0
1088,-1.5436252025220816,-0.9053652126818322,-0.7339487916139326,-1.3209513863931186,-0.3227071533253768,B,1
1089,0.653244883281227,0.15407999214886864,-1.436239418312854,0.15280173283525933,-1.451296531069302,A,0
1090,-0.2767000900857134,0.9694097907482053,2.030372990759104,0.9504265134138313,0.6036099050830663,A,0
1091,-0.5960888996561666,1.2381603014898497,0.30466949912182684,1.022206515702326,-0.43916070239048044,B,0
1092,0.008505626723153567,-0.665061720361623,0.47980232005157775,0.3625289162016173,0.6650408443156083,A,0
1093,0.7949322529156275,0.9373769669196479,-1.3402083850310482,0.7415934543702692,-0.9538201317258082,B,0
1094,0.1803639430263982,-0.7841422934704089,-0.0011699890068746332,-0.7607398006019093,-0.24424408390856478,A,0
1095,-0.6560549366409674,1.8262093469068,0.5092479844130853,1.1579585418439011,-1.1141479912832293,A,0
1096,1.2262929556489497,-1.1337710254197284,-0.252757690534425,0.44084386197521197,0.25983020354593067,B,1
1097,1.579185502981632,1.328478810791731,1.0757056248263945,1.776042877946666,0.038444475732504424,B,0
1098,0.4945566553228533,-0.6564861068187239,2.3118311256428297,-0.3483251026882228,2.094110248821367,B,1
1099,0.9736635113440901,2.0132464547946003,-0.9470628270939518,1.8036532405221366,-1.4436480909885612,A,0
1100,1.241959996813811,0.5913207288524843,-1.0220872459766968,0.49819733268356126,-1.3276754447890888,A,0
1101,1.1300993164045137,-1.016016529408222,-0.8777560655285767,0.4870825031781132,-0.33463998635856707,A,0
1102,0.6140991771126236,-0.5222384795425068,1.6061991600164907,0.796783616299426,2.407636722933229,A,1
1103,0.5983470470748828,0.7811812052237417,1.0423553170296844,1.5651216028107766,0.9479274764343173,B,0
1104,0.5196605733465026,1.0526444176155614,-0.13552781779364848,1.1923805798705902,-0.23728870637574032,A,0
1105,-1.0973376745470436,-0.07071559172446261,0.03655966440087428,-1.3847711754010184,0.21916065161598866,A,1
1106,0.7007231568595857,0.044658280963466405,-0.8165436261967214,0.5414281000704954,-1.456070125273197,A,0
1107,-1.355813971126554,0.7583530326440655,0.8900271577431841,0.635529005674957,-0.08982178148486253,A,0
1108,-0.7945994551250549,0.13179842701081995,-0.3799018241085537,-0.845166254790765,-1.547755394801721,B,1
1109,1.3035650678080875,-1.2935048593383758,-0.2600765394549993,0.10579582456055601,0.9415843415374869,B,1
1110,0.8402201626941975,-0.8129740246401806,0.6087897715292568,0.8044072611969167,1.35244065957639,B,0
1111,1.4873982896858626,0.23511994315166507,-0.18799493808322118,1.3185659064241428,0.01778881781886707,B,0
1112,-0.27167438368729224,1.2154824164976936,-0.2349659934978464,1.6848147402790237,-0.3400151272059288,A,0
1113,-1.1522488412767675,1.6159824241620477,0.010575205529075074,-0.24979278429933083,-1.091588842210847,A,0
1114,-0.24043719707034283,0.7795294207714503,0.7953554137930766,-0.24937550072689152,0.291192925375518,B,1
1115,0.1020312972405742,0.28729076103636375,1.6464930754838332,0.8169268767801133,1.9912829398333565,A,1
1116,0.07898871634000969,0.748813885982477,0.585486232246082,-0.17613914134052366,0.32578558447361916,B,1
1117,1.1336804787567016,-0.6667508502068556,0.803314223624267,0.24844886774182495,0.4133468934724099,A,1
1118,-0.36127042500344553,-0.15323096025821417,-0.19985406210112439,-0.32620100756096265,-0.988286981420951,A,0
1119,0.35203447180292424,-0.8241307213394766,-0.707797863168717,0.3171500591049773,0.359520503915196,A,0
1120,-0.9886271494346061,-1.2487426107077115,0.6539862322351151,-0.910413611001996,0.6724969841922946,A,1
1121,0.450317278043813,0.33354901163620493,0.17124082460057136,0.6654973297328215,-0.8252081517882557,B,0
1122,0.003108550185636745,0.1855133065847436,-1.4226286487497493,-0.10659365554707953,-1.4950755564775442,A,1
1123,-0.7498133382845175,0.6876524845090128,-0.32806962342559803,0.5014402488247676,-1.0059482419787864,A,0
1124,-0.2358293621748528,0.5461118308924472,-0.08289702348155359,2.1444703195049444,-0.23312204547156293,A,0
1125,-0.18417574651522164,0.24264427132386202,-0.5104578670284787,0.3564577372142559,-0.3021798763782982,A,1
1126,-0.2701551293370962,0.5566166656775543,1.4817355945421273,0.1660513590099377,0.6742830509047157,B,1
1127,1.7713412422676835,-0.04268309622747663,0.47983903690221674,0.3925317117507915,0.7329472433204878,B,0
1128,-0.09844600230787963,0.4128913952224006,1.3731749178886479,-0.1713626284321042,0.9180452837137942,B,1
1129,-0.24389611017733773,-0.7261444026863596,0.26342526165215957,-0.6162649844232344,0.8607827563298486,A,0
1130,-2.0974509576101417,0.3697059256391301,0.08138783642507771,-1.3409177318800862,-0.19556673867063107,A,0
1131,-0.8942073519794773,0.6684176852860094,-0.9365978176102492,-0.21035448580810573,0.7333607866211964,A,1
1132,-0.26307342445635284,-0.6696814280722031,0.01192953319656672,0.39632326969373055,-0.1399574028849415,A,0
1133,-0.6858526761766428,0.05183209899284673,0.013053925675440194,0.23798790247505475,-0.45289366770369716,B,0
1134,1.381707593377797,-0.6236025096293596,-1.3671138840342332,0.4378069429778712,-1.34540949194597,B,0
1135,-0.16493777539621862,-0.5265066965161149,-0.5395274697703949,-0.966355985828719,-0.37783825281320604,B,1
1136,1.2884442493182524,-1.1249293551021546,-0.3232825985163624,0.8792856934910807,-0.8610799933739146,A,1
1137,0.061704634050368024,1.2657749251665555,0.41347954405572146,0.6453831062828164,0.1835621177195992,A,1
1138,0.037227836421576635,1.0656851747200478,0.46135011198570613,-0.30807092358820765,-0.8428438413364188,B,0
1139,-0.08879644771250095,0.5374338542273371,-0.5813184819652049,0.5716541177326862,-0.4335742461924952,A,1
1140,0.0037962516214591325,1.972195951943814,0.46886960254188487,1.501219069061515,-0.74185634065762,B,0
1141,1.7187950030498593,-0.18924569656839169,-0.182078929348517,-0.27630004892161486,-0.28025281492032994,A,0
1142,-2.3196107267512183,3.0317624151106344,-2.8696200248549566,-0.28816254956186543,-2.3128163008544167,B,0
1143,-2.001545744438679,-0.22752941536322038,-0.4847020319515423,-1.3699191599986744,0.8582333026447412,B,1
1144,-0.5431708310561139,0.25519335175601643,1.0789886401423785,0.16894963289864862,0.16525311735788317,B,1
1145,0.014527881937568883,-0.39777791394020817,-1.6818057566276796,-0.4480455201196484,-1.17286717156453,A,0
1146,0.6901044247640123,0.372325560060305,0.11269120041554022,0.18415448390159161,-0.35746060910895394,B,0
1147,0.4730871980274752,0.8356149278862445,1.585261214185287,1.0652444075997485,0.5076247030720542,B,0
1148,-0.3842459128805702,-0.11391639305308393,-0.7606129530104807,-0.5216669309119636,-0.8671324534814919,B,0
1149,1.0190436932417624,1.7767198471176207,0.002149080427685861,1.7708134647782163,0.05819362469432554,A,0
1150,1.030195403152731,0.23914928463346072,-1.3040162572279212,0.18193405672107354,-1.2046691691014269,A,0
1151,0.18405783127156553,0.2704853861101991,1.627231141663572,-0.43048911780016036,2.2096210710778883,B,1
1152,0.9626575724868413,-0.9089976945137175,-0.08333262699661428,0.5007302750204445,0.3314563279524805,A,1
1153,0.2726452634321288,0.4184990745503845,0.04662684279401815,0.49909665049307644,-0.5560663555413018,A,0
1154,-0.5614830267828836,-0.1340272208093656,1.3543004655056223,0.05732444014369059,0.79146317894327,A,0
1155,0.6978168390000047,-0.6082397293372869,0.6614783946454811,-0.15172626172936154,0.18375932709929943,A,1
1156,0.11061312257867771,-0.7764744081483639,-0.8756287324967398,-0.7194219817668479,-0.0576109046446881,A,1
1157,0.001339846754486929,2.671763379756685,-0.6472779240873159,2.0170450417014902,-1.8068370510950846,A,0
1158,1.4729535721895743,-0.2634772501790354,0.49493130452329864,-0.009445863773008267,-0.271328327015789,A,0
1159,-2.4508721285400865,-1.4569854207812678,-0.62412105506294,-1.5732856329243734,-0.44126071376237513,A,1
1160,-1.4176841701595697,-0.6982214597325725,-2.117243312120527,-0.5394688782208364,-1.0009526299686915,A,0
1161,-1.18707042637437,-0.051567839476213594,-0.05324079863907779,-0.30798141842969123,0.5895751462592744,A,1
1162,-0.3632606475688056,0.546667032616485,-1.4802126611248094,-0.2885266307382649,-0.4552111739242418,A,0
1163,-0.2546081697660301,0.5547965217253135,1.616281753563726,-0.28362855935964104,1.2853386831233105,A,1
1164,-1.5073256477730475,0.6766145517765254,0.1767876377631527,-0.6711159992746655,-0.05301633210010821,A,0
1165,-0.9851580323108263,-0.6448603066373296,-0.9051750567435755,-1.5610448111208604,-0.10733757223604046,A,1
1166,-0.8608416785235702,0.34044044350154545,-0.6986324146624537,-0.8271317847401677,-1.129381087679882,A,0
1167,2.457424092075892,-0.8760594641105784,-1.8893975878739204,1.3587918689447687,-2.069695029697742,A,0
1168,1.8017419477471466,-0.6196429830140117,-1.0994618867805037,1.0958982342533605,-0.4273759353003057,B,0
1169,-0.4117494176846493,-0.9177089745002595,1.0163232025406992,-1.2306915511283973,0.3921288281041163,A,1
1170,-0.3635832903067989,-1.1883888545982695,2.2317861454923915,-0.4742834338331768,1.7672747066815875,B,1
1171,-1.1492039971882941,1.0642094888580087,0.7263965131989585,0.06973399898593094,0.35544916940407645,B,0
1172,-1.9081304132252668,0.6886117009788877,-0.09204253862102917,-0.04562927015716445,-0.07809233764134967,B,0
1173,-0.11688018640852403,0.9766653699781299,-0.4319593756539166,0.7027727940777113,-0.028808867690841566,B,0
1174,-0.9978519832440257,0.03931306602429631,-0.9564958135763623,-0.04976413006707814,-0.2613720885624471,B,0
1175,-0.08485053166200977,0.7768076988651466,2.0597658993397405,0.576032325900473,1.3839746233486343,B,0
1176,-1.6002058490434774,-1.761289404642545,-0.1887487018643749,-1.350803656898765,-0.0008738506112561939,B,0
1177,-0.7619744583102578,0.8630875180453551,2.1156298300625043,-0.6691994942473647,1.3622044217728424,A,1
1178,0.14862709530283086,0.1771198300050302,1.393519509610061,0.1168639436287569,0.6419344823885758,B,1
1179,0.3662095977839374,0.6271096001491656,-1.7407964313462736,0.5137891746311803,-1.4421938829753103,A,0
1180,0.41747195874201454,0.38002329904861315,-0.6659523957592918,0.3186198513018741,0.7669153749489799,A,1
1181,-1.3204889841570373,-0.9870551545368866,-0.6690451241738223,-1.063877652604303,-0.17982570557252803,B,1
1182,0.8546857301355617,-1.4980397753910466,-0.07984636410573946,0.08098137763368918,0.4688380087229659,B,1
1183,-0.8002116966018503,-0.7120541661829632,-0.060314253113753484,-0.6400255625170176,-0.25254946845821585,A,1
1184,0.6328579146073064,0.5649172812729122,2.996239095398143,0.573701448790171,2.494420618739052,A,1
1185,-0.010638676618193147,0.6900914151753954,-1.0772278744747588,-0.02920253830578068,-0.5119415838356981,B,0
1186,-1.3763874990779479,-1.3679422773818628,0.22896993566438997,-0.9612106010595832,0.8175436877689879,B,1
1187,-0.31619770458118795,-0.9810993674682146,0.6165077424678032,-0.5054018981759025,0.7352209165978367,A,1
1188,0.3653637420637676,-0.7232356859408393,-0.0015720044691961827,-0.6517065269318634,0.6606417819431158,B,1
1189,0.612965380474599,-0.3573050602668157,0.11018057778135802,0.09228292732653967,0.7844300148176804,A,0
1190,-0.14098789744441861,-1.3620508308526522,-1.0448088943065872,-1.6372679927466578,-0.317406600169433,A,1
1191,1.5317788906010528,-1.4220517661401326,0.10648619460268177,0.22572675846428672,0.30164450994974235,A,1
1192,1.007510770986559,-0.8218352964075539,0.5113989961743719,0.09439884308886035,0.9696318516609514,B,1
1193,-0.25665411639975283,0.08625383622500567,0.3276005842711286,-0.39809902690501775,-0.23999301153508296,A,1
1194,0.7501218121369445,-1.1805943397534906,0.5702009039120914,0.652076012307186,0.2762793603814988,A,0
1195,1.9337934851881868,-0.11580350997176611,1.412607900636232,0.5242972763559727,0.9853360609972649,A,1
1196,1.960484600783027,1.0585528161418154,0.9369665419143417,2.0587636443818917,-0.42651251810739665,A,1
1197,-1.2279998808224974,-1.30177973741351,0.07129461349743696,-0.2943357167343166,0.7240598137126201,B,1
1198,-0.9265331111571506,-0.20644575841053947,-1.171758351883278,-0.12050879404121617,-1.2603986383690982,A,1
1199,1.484918786733851,1.0247567337507726,-0.6000052747111194,1.3875602478668134,-0.8607005497988166,B,0
1200,-1.0582810508376372,-0.4182683903638093,-0.21963115191741533,-1.4111371453961508,-0.17672792610931443,A,1
1201,-1.322541133291679,-0.5736696908584189,0.25234583134144734,-1.7613906136964446,0.311019430895972,A,1
1202,-0.4861941306990469,1.1634958143064738,-0.4783327614993951,0.08425558125504778,-0.7393587341223922,A,0
1203,0.42022670947458574,-0.30620207897154783,-0.9357331991843516,-0.24446538075797664,-0.6274583472499109,A,1
1204,-0.10239670661109637,1.1044950252055679,-1.188198689120337,0.13103603415705994,-1.0824519036205567,B,0
1205,-0.6505636204055921,0.4289653911271988,-1.651177759055531,-0.33901220441537794,-1.4651329883778745,A,0
1206,-0.674212461724509,-0.34284465290983673,-0.23495070377456886,-0.6270733499324672,-0.48249379087961347,B,0
1207,-0.7123370644127087,0.47969053059753036,-1.469665442070305,0.05504900047378811,-0.5839669533909186,B,0
1208,-0.8795096286589426,0.3204495138460378,-1.0005256841573922,-0.9863791300035611,-1.8166607328127333,A,1
1209,2.2816328772760617,1.020882821002474,-0.3939018728443025,1.5382992388003491,-0.582765454696248,A,0
1210,0.2975110711855549,-0.5483455378650185,-1.3359173093914338,-0.17550216763241694,-1.0599227449431077,B,0
1211,0.8867590544047386,0.041206066781619685,0.37975218849869696,0.45491586932201844,0.4669810619560072,A,1
1212,-0.4890774681189237,-0.061515679604637406,0.7402230636056872,0.5940075330330385,-0.1966871178145958,A,0
1213,-0.18595667718604886,0.7041481416397848,-0.5494270197753985,0.35662336087019186,-0.775321212792538,A,0
1214,-0.713553981370355,-1.0251791944441757,-0.43702730761000175,-1.747516892024013,-0.15206314343304406,A,1
1215,-2.651708334919202,1.016977048237856,0.5374297701390774,-0.8734457960392108,0.7078422346350126,A,1
1216,-1.3780092768478662,0.4663287721704166,-0.713995097234679,-0.320809318651522,-0.42696983910064673,B,0
1217,-1.8106186799803947,-1.3169250736329463,-0.7827339115972951,-1.807397758927079,-0.8762728288259481,B,0
1218,-2.2497837779516074,1.2082628254805003,1.1964984781862904,-1.3524371912353148,0.3521580102739733,B,1
1219,-1.1953589742981028,2.2340930807977313,0.8841877387127871,1.2788585034767355,0.6151384772697501,A,1
1220,1.3249556793816308,1.0018339695494078,0.6015500023439195,0.7609484356130538,-0.3796692252306717,A,0
1221,-0.04443616770435442,1.4269847672264693,0.9256446213940929,1.0172167861985888,0.32323214734438566,B,0
1222,1.290563762321174,0.0853713816025881,-1.977278725367363,0.9170492127259661,-1.4057296103408095,A,0
1223,0.4109825769008753,-1.66150491973851,1.3538355467931074,-0.28375763921384484,1.0870943367424948,A,1
1224,0.7825588257151592,-1.8441204511675249,0.3920621165837422,0.4009040319289981,1.991143463241582,B,0
1225,-0.9008969953045751,0.25508204386775846,1.010781384005735,-0.1321777391783483,0.45016483030668814,A,1
1226,0.5239509541926708,-0.59197880772998,0.3871617791163626,-0.26095094487115406,0.6142915866113486,B,0
1227,0.7287142340743459,-0.9145762783273513,0.048924824680156194,0.5329365388449123,-0.1659879271680625,A,0
1228,-0.5766472922336929,-0.06274668396867535,-0.2753092123620546,-0.6929114423466132,0.083706884139999,A,0
1229,0.5595403706161663,0.6155852878612882,0.36714437688620544,0.7252958719979778,0.5692778046740536,B,0
1230,0.5661877585748329,-1.4527575467621472,-0.3117479089045521,-1.0332079222440689,-0.221654045253806,A,1
1231,-0.5495526211300829,-0.4488776202803848,0.8678761000651124,-1.0708109964866184,0.6699378864923892,B,1
1232,-1.122768432270995,1.5098706831203152,-1.5864566445522004,0.10696761741565379,-1.86013367275604,A,1
1233,-1.1841283318982723,-1.0752883802213746,-0.5415758617942777,-1.0640778349592146,-0.7362473332366652,A,1
1234,0.08650554192146179,0.8697611871649563,2.0448232484766464,-0.36441139261016,1.7758217527507643,B,0
1235,0.3270098687893148,-0.4847307615489939,-0.6260804635723924,0.20248422449942405,-0.6183106451326998,B,0
1236,-0.7925258304579145,0.5457937598499527,-0.23868372306347801,-0.612333106648921,-1.4830435223684602,B,0
1237,0.02658534132609864,1.0973275072028672,-0.8825809333500763,1.204458966232676,0.04540592346118466,B,0
1238,0.5705370361384854,0.7412817669850216,0.3358456728858239,0.5369808907633479,-0.31421204390823076,B,0
1239,0.6181907146653008,0.9091596022138765,-0.7362648901421949,0.26368309513112587,-0.820403865416327,B,0
1240,1.5518801201224885,-1.1515935334079561,-0.1856109348070501,0.3932335843491412,0.9208443050638135,A,0
1241,1.2769808321980434,1.1136597067412988,0.8488665360350706,0.8649008521501127,0.30060358678246957,B,0
1242,-1.001291432756544,-0.8526931146348199,-0.6987634188148159,-0.3926488462547735,-0.4002640713443388,B,1
1243,1.6835862095380225,0.2595417655715384,0.7886111192652209,1.1401877122751323,-0.11396709190391963,A,1
1244,-0.5309765045557148,0.2582461869972269,0.8222293155603565,-0.26530112078145895,-0.2935055663209791,B,0
1245,1.0448728124544275,0.48512255886958094,1.0549560947192937,1.165385476372951,0.5582516222315252,A,0
1246,0.06798662605108885,0.33695667606019053,0.14054099491804029,-0.293203405939398,0.2123922482680375,A,1
1247,-0.4121493784569676,-0.8438099785247232,3.2412590769767857,-1.3137714440007993,2.590406053694081,A,1
1248,-1.8076968597749328,-1.3498674122957162,1.054533696542082,-1.5553760322919994,0.7675165298039928,B,1
1249,-0.1715645102163482,0.8723486799617686,0.32487762440682655,-0.21659972015332918,0.06307350076589602,A,0
1250,-1.559383235305609,0.18583457751891555,-0.8759244140817352,-1.392717729298636,-1.5689190030249813,A,0
1251,0.9672992358427723,1.1493768409578178,-0.09705912587414098,1.573445977595016,-0.06773324595572303,A,0
1252,1.516792657139248,-0.04473293418786798,1.426326976900034,1.1502411821815848,1.08807839305262,A,0
1253,-0.7969109892966902,-1.4051643606769604,1.7095346156262687,-1.80764354514295,2.464537550165209,A,1
1254,0.30197074251927114,0.9661296810041061,1.4783291004402292,0.3546792645429475,0.8453442573218628,B,1
1255,-0.7253915220079754,-0.370370609661107,0.7851923067296196,-1.0722859960084987,0.1523740605699156,B,1
1256,-0.6284847301367896,0.3420034574210212,-1.255660206295572,0.6820705396487269,-0.9727244029355141,A,1
1257,0.7744947038653713,-0.6474594284795192,0.4871618178256701,0.5939723218647674,0.30660525816595435,B,0
1258,-0.03853826184341251,1.6443017102336905,-1.2414023780529977,0.5886054750081607,-0.9804880722986375,B,0
1259,1.7396480419310116,-0.8765648241831969,-1.4874711933807585,0.8936037577387548,-0.8524708396672983,A,0
1260,-0.482232478702921,-0.33742975410617465,0.23915868457723857,-1.1361474572402546,-0.39507632050101993,B,1
1261,0.9993363324744892,0.10744870269731638,0.5231994472697504,0.3170030752386052,-0.47312177154764773,B,0
1262,0.09741341295778198,-1.0921823270869582,0.9033770984808047,-0.4352114827978668,0.9822545356704628,A,0
1263,0.7957780097442332,0.33051952858759515,0.49713624038609394,0.868841944713294,0.9734487330873661,B,0
1264,-0.4471576573299467,1.6119104774674902,0.5315859857427483,0.48893108157905496,0.08940203655228535,A,0
1265,-0.04955883755158271,-0.49046216069371046,-0.9846525849923764,-0.15095962752069186,-0.18451570039581777,A,0
1266,-0.11549887929893475,0.3951428190317255,-0.10497668468466637,0.16744031191306505,0.3538923340161885,B,0
1267,-0.8360571148457872,-2.7494353860385554,-1.5071167856344878,-1.9581406629379086,-0.3716987498390961,A,1
1268,0.6620815345817527,-0.03892920048484066,-2.0033691294001956,0.22971152441118445,-1.8018182944138728,A,0
1269,0.6502490055783642,-0.31304228592620537,0.7406427098430741,0.020495824045023703,0.6787123965981751,B,1
1270,0.5935546949055667,-0.8184976024103849,-0.7531243937909587,0.06285277005244154,0.24004888862864626,B,0
1271,1.5369656539176446,1.081450469628532,0.8724985021430535,1.668312421764581,0.6594041323743881,A,0
1272,1.4493448012363035,-0.32624368162382816,1.1083475778800387,0.805664623589285,1.2152147122551207,A,1
1273,-0.37494468984913537,-0.17747748709358746,-0.6193173246231977,-0.9030040824568047,-0.6292997506634338,A,1
1274,0.37305231843417824,-0.37719287478907115,0.5903110945552991,-0.4642289719056224,0.38747946127378247,A,1
1275,-0.6236006892582127,-1.9168158717650765,-0.6611567286136416,-1.1331274464634322,-0.13881019112671733,B,1
1276,0.023355316114555456,-1.131986440076961,-1.845878874626824,0.1838566199656917,-1.0913869254917825,B,1
1277,-0.5997494491188647,0.9610934861202163,0.1233094044424584,0.1969048043681669,0.478077043891857,A,1
1278,1.620070309136051,-2.109950646879972,-0.4708738797157607,-0.28876734419685246,-1.0812084505941217,A,0
1279,0.3636981503429628,-0.7663153496157056,-0.44008901058713173,-0.05276855688068731,-0.13953008519693227,B,0
1280,-0.21802912810442213,-0.3997200562897638,1.9753431178455254,-0.8990882162642495,1.4229360059023934,B,1
1281,1.193618571856377,1.7436218672915653,-1.5258569827326718,2.24245365502784,-2.102574832093258,A,0
1282,-2.1706154097954116,0.768603765496369,0.38287113537147105,-0.8247702908750482,0.4501726499544884,B,0
1283,-2.0141025948652898,-0.5571705270530996,-0.9948072371447515,-1.8217754270509978,-0.9471810565631683,A,1
1284,0.7958386552197739,1.304513697115551,0.9082614092673243,1.0463623086432023,0.196363922387437,A,0
1285,0.06046844811736806,-0.7405158205011196,0.2984312361750658,-0.5974949574119468,1.2813959832997917,B,1
1286,0.25044630026076065,1.0090998037340055,0.3793443491806136,1.310652670431876,0.5687079084491563,B,0
1287,-1.3263961033185487,-1.3588772459230156,-0.9448896176022599,-1.5763963296761667,-0.10240381356442069,B,0
1288,-0.023233710850366202,1.0732578317891572,-0.7655879132883234,0.6003715624421553,-0.5601746383374557,B,0
1289,2.003509410401342,-0.4061336454709856,0.9272505073458861,1.285902051830958,0.6479620730136461,A,0
1290,0.8241996197958629,-1.0285042409412697,1.7707977217275628,-0.39011565047538815,2.4449478860825984,B,1
1291,0.1697065451428121,-0.21714361307631405,0.48030781722418714,0.09010685361510877,0.7807280103923133,A,1
1292,-0.43905391010493766,0.27734417972021486,-0.8974207207714328,0.012457528494249775,-1.0584382974666722,A,1
1293,-0.39457285186939384,-0.49474843052571216,0.33893852246206824,-1.261157336894803,-0.3638444872802368,B,1
1294,-2.1291978892000176,0.5539535059953238,2.4274720443376094,-0.8741937361335436,1.8718587308318964,A,0
1295,0.2576404209211606,-0.5829938836640675,0.1024228107189117,-0.15979372175090698,0.16036017929682936,A,0
1296,0.8454831084818539,0.6203723939313579,1.4618408593935994,0.8824592081127897,0.18474503931616426,B,0
1297,-1.5756193271706151,0.44222206203659953,-0.740329365838712,-0.706445708538786,-0.3923818856386273,B,1
1298,-0.661416892306816,-0.06092305470793503,-0.04208605163638678,-0.2977267262630161,-0.15178920535964407,B,1
1299,-1.157464632233422,-0.4413823123659498,0.6195652061255426,-0.2464983226849491,0.7873045695248047,A,1
1300,-0.9653511948087635,0.15154079576526616,0.3973283082628641,-1.0931940250451797,0.468691763921405,B,1
1301,0.05348162682190022,0.5502537430336992,-0.7663886801111608,0.1361396798597797,-0.9506548354564721,A,0
1302,-2.0844021549884744,2.0617991527316084,-0.8095174571305996,0.11356759785413784,-0.662599668325639,B,1
1303,0.614270438357064,0.939420421798181,0.9882844031026585,1.0787354077772844,0.2549624564947751,B,1
1304,0.7538550699336822,0.9759899498158413,1.191550812650145,1.170010793539172,0.4224466423014476,B,1
1305,-0.2511025880369125,3.0885121948602836,1.51214355812192,2.770383152444663,0.17466234840259814,B,0
1306,-2.4807085099845416,0.5159584767678441,1.8039304832528678,-0.9233781055484499,1.725046856826574,A,1
1307,-0.9964186260023896,0.4846435113117023,0.13461943632259646,0.20993947818192982,-0.1429812908637032,A,0
1308,1.2329019341026966,0.7040150743216541,-0.3111992442315934,0.9382126681961906,0.3275791044556797,B,0
1309,-2.7779942807285725,-1.0089659775882531,1.3509909387784689,-2.6677357441799114,2.039229287756009,B,1
1310,-0.34752341219351923,-0.4439016364187562,0.7130692818515867,-0.5876235801423066,0.21856925615263756,A,1
1311,-1.180000778467259,-0.506169266692334,-0.9824552586675914,-0.6051050147548203,-2.0469824850773137,A,0
1312,0.8045703015848366,0.6476139772195617,-1.0336356655189114,1.0099630969752704,-0.33081298967151385,A,0
1313,-0.6751139521434614,-0.17417456222119868,0.4919302013563091,-0.2905299670972362,0.20820010471358558,A,0
1314,0.40395402073561154,0.1382234254743028,-0.17727466148399962,0.20431193177995444,-0.5848301546996559,B,0
1315,0.5654604191690931,1.0874546201484645,-0.02642995474069754,0.6961022521692005,-0.5303509454246653,A,0
1316,1.83622583973002,0.8631507387041388,1.0725333647101947,1.4433822510434424,0.3707362968732938,A,0
1317,-0.20294194367537022,-0.16172100304124704,0.7590371449850357,0.1596120573567608,1.2122667474446442,B,0
1318,0.37604436962261134,-0.6699950968782225,1.3298732484184317,0.31099278741966463,1.1448659129273038,A,0
1319,-1.485055479127436,1.1352747316531886,-1.9315361063733665,-0.8265167464854811,-0.9373309057379264,A,1
1320,1.190413563293744,0.7738911809098658,0.2533979172212008,1.4823650081469038,0.26971036551211514,B,0
1321,-0.7605088480713647,-1.6062568182953822,0.6946885223972068,-1.5847943333686247,0.652917967361879,A,1
1322,-0.5607541640877456,-0.3131539389082808,-1.526585856687684,-0.25856864198626106,-1.2011579135043513,B,1
1323,-0.022247794849210738,0.1655154620167624,-0.6548956413099721,-0.02657381713238932,-0.21072566594553233,B,0
1324,-1.5628843453398495,0.7788297171210313,-0.840485162328919,0.23457852597609818,-0.3338927423880952,B,0
1325,0.228770028928938,0.9101014949397712,0.021698171059916185,0.38327545033667554,0.3315647636044218,A,0
1326,0.9674662729250108,0.2839060011754735,1.6278539686940638,0.8117386847901348,0.9519473221628785,B,0
1327,0.2929338234972916,0.585247531358856,2.0225894046649007,0.7716806385575168,1.3863660051958955,B,1
1328,-1.588897564178725,0.06413680237815363,-0.8142875530732823,-1.3582495623795992,-0.290808442999265,A,0
1329,-0.12380929432965958,-0.6738516881805606,0.5265572504935742,-0.44763994840154864,0.3113779000131831,B,0
1330,0.7420289029794906,-0.261264391041254,0.5587978521423151,0.18129270395549876,-0.12405864219351204,B,0
1331,-1.8779887659659078,0.018991186640108272,0.38762577151474775,-1.3742044079624771,-0.1355957306187599,B,1
1332,-1.074766013817714,-0.034679250018589874,0.39897963473923403,-0.8820607340415432,0.16570387304718903,A,1
1333,0.87654360408152,-1.8855729044434706,0.30374250245132806,0.1391470092955739,0.9208379022147744,B,0
1334,0.27009543419728654,-0.3974833349294312,1.6875701208064198,-0.33595977432651036,1.890284499336431,A,0
1335,0.41197158212675383,0.05620565308915186,1.1024665143680576,0.5584897171564311,0.08246182507249955,A,1
1336,1.8594948076233115,-0.281369991905701,-1.0601538975982672,1.1323093896367087,-0.984506236902638,A,0
1337,0.4685527785062026,-0.24682379551158573,0.7957210808805493,-0.5407702885396592,0.4274382671870758,A,1
1338,0.6578880104331793,0.4879913708045874,0.8923733745114522,0.8983132108754219,0.924421604150421,A,1
1339,2.710745527218326,-1.0789571870486339,0.3149672871517889,0.3802121179278315,0.17221327072172893,B,0
1340,-0.2138045580904907,-1.6280422139512112,1.1314243705027294,-0.6282579277473199,0.9027393346684169,B,1
1341,-0.7978827636184951,-0.3481697908366748,0.18807403429903718,-0.9064103751548584,-0.5047105063984509,A,1
1342,0.4277963982471327,0.7641144055017897,0.20046772107625074,0.6429186683274005,0.22920818163964707,A,0
1343,0.4389910293888949,1.6875530394866385,0.1212405446770433,0.46003116256348675,-0.3333417639216747,B,0
1344,-0.5267153919462082,0.78212823909474,-2.018244085799669,0.13622604618205314,-1.8962190253685145,B,0
1345,-1.0323970195548475,-1.4682637598688473,-0.080398393905874,-0.8900948826820223,0.10761726399860935,B,1
1346,2.309844422090078,-0.23236723937677117,-0.6682505744545707,0.8662403195543507,0.14219579672278626,A,0
1347,0.3268434703880229,0.2566343810815294,-1.1864479781925572,0.02083972970157294,-1.3842839151110176,A,0
1348,-0.7322853814020757,0.1775911169235922,1.4340182847395226,-0.12326515859570458,0.5474647603811493,A,0
1349,0.9159303022795986,0.539304552942874,0.5042075185344578,1.0590196196626658,0.8712105761183561,A,0
1350,-0.1091451515613345,-0.9170489464607607,-0.029831080944547807,-1.7411012133714343,0.20041544664039745,B,1
1351,-0.25288144631783127,0.06494308755074261,-0.5648033511024263,0.8884458578760592,-0.07347391492588823,A,0
1352,0.5622728719144933,0.420322829776129,0.2961695846287402,0.8118018798109261,0.32413009828773565,B,0
1353,-1.29188226823169,0.8256709533036595,0.9914360933175131,-0.01383455306070347,0.5112037985145531,B,0
1354,0.3526272039171724,-0.805718166612792,-0.8269658435469408,-0.26305298428710105,-0.5918820167345783,B,1
1355,1.9129548077317522,-0.345156867242898,-0.0048283722766100075,0.04751769674147999,0.48143052409686193,A,1
1356,0.46617766219731077,-2.7038176800733402,0.8680664988511725,-0.7348412120931636,1.7295783691160662,A,1
1357,-0.3762121037834645,-0.6214619675777742,-1.93600112908413,-0.8190522601744088,-0.6888142233352877,A,0
1358,-0.507105280428242,-0.524414892971043,-0.05756976240540404,-0.2945047676507968,-0.5281516719134162,A,0
1359,-0.41033997334510935,-1.019584508167443,-0.4292913705475386,-0.8653967732221516,0.5558684511723762,B,1
1360,-0.25396267804778105,0.1656121502326517,-0.13382985775503398,0.049448157845845914,-0.3057709575738766,B,0
1361,-0.377806532758272,-0.05594543204526823,-0.501628556371903,-0.6421548263822197,-0.7174656718236956,A,0
1362,0.9163114410745667,-2.2592138775776114,0.1376246052072956,-0.14762560280459985,0.4635161507763925,B,1
1363,-1.7332091032089831,0.21550796930175647,1.923627220422718,-1.5263609970033476,1.719001678059917,B,1
1364,0.862000050412134,-0.9283241307890274,-0.323922473928551,1.1758226775223615,0.22915118642185106,A,0
1365,-0.3796865251425611,0.48568895919051513,0.29171100909410663,1.134006882003227,-0.020633291399362264,B,0
1366,0.37694778569537224,-1.2818512477286654,1.9947464184091128,0.40159284028614584,2.0715256758710994,B,1
1367,-1.1269879102008638,0.03000653853094012,-0.5500155783725553,-0.023449983967793187,-0.3210819221872593,B,0
1368,1.328631066849436,-0.2831633288865059,1.814675348928969,0.6133227965495882,1.0404196772578924,B,0
1369,1.245634960171873,0.30310188495033036,0.005323006627107235,1.4822052714518932,-0.4109119138303376,A,0
1370,0.9595905257500736,0.12469727765134685,1.7818962258649262,0.5900147051376537,1.4275053247859888,B,0
1371,-1.5147547757935393,-0.25516417502145444,0.7502011249463191,-1.8131937241095044,0.5349147545589134,B,1
1372,0.8291210710660528,-1.5362723140442447,0.3071083625824217,0.4809371926328533,-0.16552226009027404,A,0
1373,0.4048550876357089,-1.4772079634610316,-0.06563068188658654,0.06872130231216217,0.6730808619063473,B,0
1374,-1.6052712471325676,-0.583886939092219,-0.6240414398792106,-1.2707757716533676,-0.5601891344092138,B,0
1375,-0.02429738377081549,-0.00827988392958697,0.07579154996435276,-0.6313105008928579,0.8507698857553616,A,1
1376,0.3645344890332625,-0.608247947199117,0.8973614590200242,-0.37850361846908787,0.04830761817648477,A,1
1377,0.5560752738231508,0.6252119305794656,-0.013111430996670575,-0.2643216628601316,-0.22457468600856823,B,0
1378,0.17726136694885572,-0.2792209192116837,-0.3166228050618577,0.43928678687246014,-0.5157806219205774,B,0
1379,0.2912314168473797,-0.9650127247795103,-0.2507825341777729,-1.1094219957134175,-0.4702564891572083,A,1
1380,1.4736113922530956,-0.27809629298790933,0.9924766135830533,0.8885341239312409,0.5069575297265307,A,1
1381,1.2260339099106798,0.22585983631655238,1.2251614550998557,0.42670359021483995,1.6977248558250793,B,0
1382,-2.8670549537827434,0.3248847188245844,-0.6671505137683704,-2.2711423353570925,-0.4602972183630244,A,1
1383,-0.317438554837682,1.8783791319931293,-0.6685878574474897,0.8679039797332413,-1.2395413460105833,A,0
1384,-0.16465102754395128,-0.6689093400034194,0.3793589196671123,-0.6001449791840962,-0.51498109340104,A,1
1385,-1.7520985727269711,-0.07347866159040038,1.5275320647572548,-0.668903921718699,0.22328690447431532,A,1
1386,0.09418305823231217,0.4261239468194264,1.14599030831256,-0.364230826015253,0.4487368543955391,B,1
1387,1.2487577724105066,-0.023422959200815323,-1.2518522121799116,0.3588858611089851,-1.1884559487551052,A,0
1388,-1.0865678595905903,-0.5006181459886532,-0.2640759699918621,-2.0960708929941263,-0.19675490291381556,B,1
1389,0.3364009386898723,-1.5492571763442435,-0.9306035546895123,-1.6649613661221596,-1.4776629532317356,B,1
1390,-0.9158234772964378,-0.5108345590530156,-0.26751252191525826,0.09418483908488584,-0.13093265105334442,B,0
1391,-0.6719120236796768,-1.073702412717801,1.6044099960353544,0.10180070148312803,1.851692367341862,B,1
1392,1.477393634170035,-1.7266066811237784,-1.4226006487830172,0.06949594255210825,0.16092150575874142,B,0
1393,-0.542557820111825,-0.7956788416705864,-1.6188652932801901,-1.135288495855644,-1.9212930109205855,B,1
1394,0.46221248901062467,-1.0470917207664545,-0.8285541534336024,-0.3954428297219059,-0.7712659428698085,B,1
1395,-1.871218116060987,0.5837865452929482,0.2873106025759928,-0.39405049574693635,-0.34275681774266226,A,0
1396,1.8623175613948801,0.6010918374142937,0.6207548206407568,1.1607419456330519,0.387170720728496,B,1
1397,0.602652446306499,-0.9038792895808748,0.4374484348615332,0.028468756514306526,-0.12289647161897854,A,0
1398,-0.18249984265026167,-0.2602286305631211,1.1756854032310164,-0.24599224611234238,1.7161571327376761,A,1
1399,0.5755465099998948,-1.8582426621125354,-1.7630855942339292,-0.8681997600977598,-0.8407501476983733,A,0
1400,-1.4098194289478103,-0.4943399501826941,1.188336538358937,-1.3561580054559688,0.8691304222381888,B,1
1401,1.1825307417526572,0.3989819007023456,-0.3120953200462915,1.0556698312455213,0.4980937627185156,B,0
1402,-0.3239847754964302,0.8249378896141027,0.7314943098048676,-0.27036598868452744,0.33903462689891267,A,0
1403,-0.2040695150484347,-0.7130470816913138,-1.3234254267632044,-0.25310057706295963,-0.5836366791466359,B,1
1404,-0.49165561496548443,1.0518548605275198,0.004956697009070176,-0.004855418540121725,-0.5823004208451794,A,0
1405,-0.5806514027455847,-1.5156919215134717,0.23627077058901358,-1.0425531500799716,-0.21672310881218793,A,0
1406,0.6946706116284086,-1.2476277991437925,1.1557510374984181,0.4849697504894283,0.7533704703255357,A,0
1407,0.25590685010422287,0.7096618656378763,-1.5852546226077653,0.42427902026799563,-0.1581226894805987,B,0
1408,0.6517481414030399,1.6711212285632473,0.03075254853490416,1.6865116692194437,0.0038130124052613845,A,0
1409,-0.008794689485571452,0.4934319881836954,-1.085235291142143,-0.6545772475414094,-0.7210836828807141,A,1
1410,0.513199811077181,-0.040342386534012425,0.5054960442082751,0.052567186559005025,-0.12627098684000476,B,0
1411,-0.41884874392503835,-2.1951837465222086,0.7772165364561262,-1.335056809078091,1.438713725315653,A,1
1412,2.2297318414095484,-2.0224470560434793,1.2871702425080878,1.2882809164272189,0.6266619438074614,B,0
1413,-1.5679304164304986,0.12940953689586895,-0.5350294543083745,-1.8560295230403099,-1.1839307502362264,B,0
1414,1.2609373235629844,-0.35806266957117455,0.9272264856887904,0.5294261284058148,0.44122751245556524,A,0
1415,1.3679074507209708,-1.105835182152118,1.3609015874770531,0.996171304814655,2.1510436036450846,B,0
1416,-0.8521588059655938,0.06553258083005072,-1.6432469698554668,-0.8710391957977669,-0.21443227886853122,B,1
1417,2.2292736105559734,0.11513136750780958,0.6123449200984505,1.2887104448746536,0.17999670644208154,A,0
1418,0.9954902829453182,0.9444158685402726,0.958511253780106,1.2353715965650969,0.14497519483902754,A,1
1419,0.9711390068229115,0.13660228301270078,-0.2587263863874374,0.7432388224614873,-1.0286099473536363,A,0
1420,0.028022187025876687,1.2283943683343845,-1.2107735775251085,1.4138957341099254,-1.0542050151744105,A,0
1421,-0.21722615821867644,0.007994029548813363,0.9429557561096632,0.09789822487981673,0.7394765993610612,A,1
1422,-0.20940882703960811,-0.11533499480733611,-1.1995088275577568,0.4805736541296767,-0.42181105323050627,A,0
1423,0.3905305963195172,1.0643121862471823,-0.17835143451090235,0.5864702722603458,0.11764531525551386,B,0
1424,1.4011862750338961,-0.9784408800414345,-0.040124057803329026,-0.01877138062552791,0.06889037671364014,A,1
1425,0.1813142178614196,2.8144474532661614,0.7155380517039994,1.4031506608401147,0.21600108291935938,A,0
1426,-0.9114436231372903,0.3752574781667358,-0.6266315595125326,-0.938788981482807,-0.864013021215388,A,0
1427,0.8244270623849798,0.3808292528376731,-0.684583688827855,0.926826711954872,-0.2868531660666903,B,0
1428,0.9211507463947922,0.5250959739725976,0.09891547876311091,0.6222993784455512,-0.28939439875262124,A,1
1429,0.6546595284477861,1.8771364753316424,1.0063904776197492,0.9954695047457551,0.5587752972509649,A,1
1430,0.7454989065249826,0.7925074116726066,2.287450000653147,1.0928822545617938,1.6319641807653642,A,1
1431,-0.2709281301578081,-1.6050559790039236,-1.5074811997787745,-1.536942756583791,-0.6998238311968252,A,1
1432,-0.9289891671305796,1.4034703847675043,0.3153420177865781,0.5295927990333017,0.33731519457678105,A,1
1433,-0.8681934306407798,-0.3408965794450173,-1.0865350262342919,-0.9305330423526569,-1.4775947381553434,B,0
1434,-1.635463248457858,0.10715507283932346,1.0188112432067427,-0.348152190607961,0.1592787465663852,B,0
1435,0.23694861154594976,-1.2792539721752665,-0.938544547309233,-0.693826608274847,-0.5361602254579269,A,1
1436,-0.08344878322659362,0.5262020181238957,-0.6746482181823238,0.5289865724049537,-1.2991258501890672,A,0
1437,-0.43998770452970876,-0.6513742900675522,-0.5892708590639962,-0.49989858086514843,-0.48564700060863963,A,0
1438,-2.95561882434507,0.10016963799347375,-0.07619893871980389,-1.3513355387530617,-0.2606883322413326,A,1
1439,-1.247317469694169,-0.284099005360783,0.32319759685870747,-0.8354665384230793,0.9379000122065987,A,1
1440,1.1208406514031668,1.9250128017358519,0.4837013936085136,0.8033120855382041,0.0248552663245203,B,1
1441,-0.664626000063131,1.9822603001455896,-0.0057675461827832435,1.0967513196559824,0.11422544567487286,A,0
1442,0.3605916776568414,0.046513170214741384,-1.3298910224405813,0.1957701304725219,-0.789388990346496,A,0
1443,-1.3906854299752562,0.06397771136885474,0.7277861503101892,-0.40766436362331987,0.2288211273273288,A,1
1444,1.4387054823592311,-0.37344296634951507,-0.05295866366302793,1.0216250446752093,0.10447593257903955,B,0
1445,-0.1440276600546764,1.1060062915027862,1.1617347900146988,0.07993830921291639,0.9567262616758183,B,0
1446,0.2900403964835352,-0.32891987033337716,-0.7077387794799367,-0.4478333998642159,0.1670674916520103,A,1
1447,2.325779791881685,-0.4213372746456993,-1.6022747273509945,1.5124767885306631,-1.1034798856837729,A,0
1448,1.5164401005894037,0.9785928636649645,-0.03402600268307527,1.2475359774808676,-1.0432920965376176,B,0
1449,-0.3065656212870578,-0.5382990953166494,1.295952688284265,0.015125719302689133,0.15592557215136438,B,1
1450,-0.5932201848703592,-0.03775503444853058,0.1609421366160508,-0.4639100995779924,-0.042995802537501765,B,0
1451,-0.3255450115195318,-1.5813107815109928,-0.19966979917285654,-0.4742775089430714,-0.9924574536927875,B,0
1452,0.5098982484765356,0.7041903451231669,-0.8703470176574332,0.8696863637520558,0.14747125148357865,B,1
1453,-0.10522413425087113,1.9408669391818687,1.7577664666808224,1.051286485897486,1.1407297545400685,A,0
1454,-0.39524414500347166,0.7212253727997919,-1.0296025948847793,-0.06353939997232422,-1.1828003957279263,B,0
1455,1.4671812507090423,1.461799167547305,-0.72539425762824,1.727422141229836,-1.3549596108536268,A,0
1456,-0.11420989177783689,-0.8461021361773309,0.5700341960840228,0.10484935432098708,1.0823039124823373,A,1
1457,2.2995890930373193,0.2363242820282007,-1.8560206898867897,1.470807867504832,-1.9032979171518958,A,0
1458,0.09074256375217302,-0.9431599243693896,1.2745906653813397,-0.15154720209146327,0.5717320688402894,A,0
1459,1.7853183942247275,-0.22776554558134285,0.6241931142173556,0.9804883018690181,0.09951531905507155,A,0
1460,0.3573194227106268,0.7722114773525048,0.8992310718111097,0.6627994136753393,0.5320631620844384,A,1
1461,0.9629605732494478,0.10182061310329862,0.5581170119496541,1.4903920289704673,0.6807165053177973,A,0
1462,-0.7246110515177244,-1.4126410226012216,-0.16112351745637007,-0.5402221266914699,0.7660778590086168,B,1
1463,-0.8537592225874118,-1.3150291055377534,-1.063148710155423,-1.1300681787234645,0.04128737347210559,B,1
1464,0.4597059550149875,-1.3811639314907738,-0.14007544122496063,-0.3075313487683773,0.17856683205805318,A,0
1465,0.9885532424653152,0.4914525899395903,-0.9752363117526348,0.4879229886734998,-0.27069494933659555,B,0
1466,0.040256502000462865,2.0638945356566682,0.4861553100763835,0.9696153958961353,-0.4079699970660454,A,0
1467,-1.2863933350836971,1.3624582440002129,0.8067798305481017,0.06409201472419573,-0.6181787746473546,B,0
1468,-1.360258366289327,-1.8959851991460643,1.4768086311982076,-1.3388408245620644,1.077397545812704,B,1
1469,-1.4271364021862412,1.421075938069784,0.3717676405528632,0.22886657617860678,-0.4271080963650963,B,0
1470,-1.767622112939381,0.9364004170146472,0.9245753565951862,-1.14700258720856,0.14392913031411242,A,0
1471,0.10948535944708751,-1.5452999455287577,-0.2971447372301422,-0.21846739175681062,-0.37862869157629253,B,1
1472,1.1250439217080253,-0.3032016167104975,-0.47827713800819477,0.47903870498078993,-0.5047084620534928,A,0
1473,-0.013415786924808768,1.0955224114958095,0.47367189081680144,0.04621605575425053,0.4224744483193881,B,0
1474,-2.2604147573378524,0.5504335109347853,-0.3864728727169088,-0.4128397302193578,0.4770108382424926,B,0
1475,-0.19076046033454871,-1.3090950523879856,0.2691857888276577,-0.03736430402574553,-0.4124241744725541,A,1
1476,-0.1627989966326071,0.6107421557961942,-1.061192189335421,0.33956517108886297,-1.5088502771444057,A,0
1477,2.0959987502254394,-2.1375005960805877,-0.8816276824763011,0.5432457530475872,-0.585362387881377,A,0
1478,-1.4571379129195563,-0.22282217575721136,0.6354093010182902,-0.6019692312581234,0.8722218845825418,B,0
1479,-0.3906776025991957,1.1379567694000488,0.8866900754060961,1.0324578995466325,0.2906179774177327,B,0
1480,1.7058526805445642,0.018394215571319834,-0.9856561689666805,1.3967429788282608,-1.0556927729427517,B,0
1481,0.44997834134654807,-0.4989375499619459,0.6706143105064207,-0.6433259088923285,0.9275840311995944,B,1
1482,0.5633130735164247,0.8893462537723492,-0.5327356730352747,1.7875648454815933,-0.07258908870817765,B,0
1483,0.11458443702387822,0.9747518150865815,0.016505176200309918,1.088955014497639,-0.19277671938891444,B,1
1484,0.32994353865726456,1.3100396928669502,1.416944415790647,0.5982238669914515,0.321743539169791,A,0
1485,0.777609530278536,0.8743424284463873,0.8074872340229485,0.38892439621161046,0.5255123617444829,B,1
1486,-0.8094863188927663,1.0813747939371465,0.7958719880221928,0.3074023208349554,0.22420132860182224,A,1
1487,0.8780585789081998,0.7329085574375346,1.9087903584569665,0.7541594068798976,1.0690649175396394,B,0
1488,-1.3730030168855392,0.26552864911647195,-0.7038793410497978,-0.526039808573608,-0.802021377859071,B,1
1489,0.3283679728315381,0.08950899976381409,-0.9858749749925457,0.6134787042199616,-0.24552265878650037,A,1
1490,0.17874096328632716,-0.237259719097402,-0.7221222702285907,-0.2946062255753024,-0.33309353217713605,B,0
1491,-0.6162930881921079,-1.2123682930597257,-0.25450105340661505,-1.5340139957872962,0.5821733621721298,A,1
1492,-0.022685275325646737,-0.9553115088198088,-2.3545506142918935,-0.2983576856693033,-0.7889600555013006,B,0
1493,-0.6225401526655531,-0.28201448193520967,-0.20742823669681038,-0.7812252602054234,0.14069351513259504,A,1
1494,-1.0717013268617444,0.2414521596024293,-0.5445707318949119,-0.44924682344963285,-0.6827285016895002,A,1
1495,-0.35361474161364437,1.4408125980042632,0.783759767397799,-0.16342576444718737,0.780632433687499,B,1
1496,-1.1039886353716615,-0.04179722787551253,0.35241937901004006,-0.8093831573980719,0.4878853620213077,A,1
1497,0.3227974640932481,1.003476290877664,-0.600696627769337,1.0528925694147793,0.6805009907897509,B,0
1498,-1.1500854941523635,1.0793156564321207,0.5899608453629039,0.1525727855480407,0.35216090471495176,A,1
1499,0.7119770229910514,-0.231446797688791,0.7232630598237696,-0.08271617048639901,0.9014175209214388,A,0
1500,-1.18147906792882,0.5946902113701839,-0.7685457897914107,-0.995674519731226,-0.5117081494800084,A,1
1501,-0.5662949155810063,-0.2435280417248615,-0.49302425538241845,-0.45365912533513847,-0.34596066635677963,A,0
1502,-0.624603408215179,1.3221358940784769,-2.2253631870979826,0.5668223006198354,-1.9515771845780663,A,0
1503,1.3251467288748389,0.6358433382659322,-1.0906599743692849,1.315597276554145,-0.7435087273824025,B,0
1504,0.33028994561659186,-1.1904837546883553,-0.7424695604235784,-0.6531478321548776,-0.02104406545190618,B,1
1505,-0.21173380254439425,0.16152465215384673,0.07416617660602177,0.10263426579358852,0.5968053430156584,B,1
1506,0.4987194410697233,1.6481121618238797,-0.9453826793598152,1.8744654811917711,-0.8369650287647645,A,0
1507,-2.107192347329688,-0.18123103454670117,-0.513451987049109,-1.2523585820166494,-0.5546147717376505,B,1
1508,-0.043133589640907445,0.44771503009506813,-1.225330681582599,-0.6185966066463204,-1.1107014814263247,B,0
1509,1.9975141778047627,0.5458788377391453,0.17111389853127063,1.5730480946027514,-0.65086451002753,B,0
1510,0.13234650640267256,-1.0366228991646005,0.4257145945849076,0.5830749398656079,1.3359317178285104,B,1
1511,0.0679131691693355,0.5107079492135139,0.40236534841982236,-0.3475935304494395,-0.09107265270925147,A,0
1512,0.5481283796421961,-1.3938351520346257,0.01236113190525933,-0.35317821731748417,0.77114005280956,A,0
1513,0.8956052433143455,-0.6256241064013961,-1.5410729965013943,0.1113833762718421,-0.81535084754943,B,0
1514,-1.9974666928898597,1.075722967494192,-0.6199536638928509,-0.6126770523492877,-0.4972462428041305,B,0
1515,-1.6823264817910268,0.356756290308358,-0.4073066723184845,-0.733891667343551,-0.41518986632077914,B,0
1516,0.21029129108614655,-0.304477807746527,-0.4032953129206253,0.5439218638098866,-0.615310601808469,B,0
1517,-0.7148765618975097,0.44646102124518744,0.07498121798983637,-0.16330378331550677,-0.5210730519021396,B,0
1518,1.3120252622199142,-0.060092247755131445,1.4255413723710189,1.3957988120604063,1.874130104613208,A,0
1519,-0.3151743898852239,0.012578502351833248,0.8120962126845997,-0.24164321214845894,0.6229321878274762,A,1
1520,-1.9345307357131178,0.6568185267201376,-0.9875177798486946,-1.0073775650551184,-0.25999227814428827,A,0
1521,-1.268013916843997,-0.7273677406591319,0.6784028752966336,-1.459083711955267,1.3128090296620953,B,1
1522,-2.7496760196305754,0.040336405554690695,0.6403023676657362,-2.538180923561076,0.2347209112054701,B,1
1523,-0.23412553728291255,-0.3122681946066529,-0.8060674729515649,-0.15871871371015406,-0.2900407091808427,A,0
1524,-0.18838412726438336,-1.5856033746002556,0.848865922635439,0.12116798057716349,0.9338322085105323,B,1
1525,-0.42446270978189776,-0.9204557562492998,-0.16037663594526336,-0.485787765350858,-0.5067793954202687,B,1
1526,1.0788790390297387,1.5682064470638322,-1.4099534900144448,1.774804324030599,-1.393348720375006,B,0
1527,1.1985198365166936,0.38472331458523407,0.45520272463714184,0.7049578966954057,0.5354505394485662,B,1
1528,-0.1703884233561112,-1.3235883014013892,0.2169618236145243,-0.8861939003511966,0.16707630930501585,B,1
1529,-2.134693667476856,-1.5403543758484106,-0.22767762918582773,-1.5586726442436876,-0.013725062946327887,B,1
1530,0.6172815804922585,-0.11216390011058394,-0.03745308498329951,1.3186338183849733,-0.09046780715901542,A,0
1531,0.5553602285085755,1.5611865331764823,-0.719085478888462,1.8577833715917962,0.2401675237978318,A,0
1532,0.309391570156945,-0.18675813480435263,0.6101305037971094,0.4948781895560017,-0.45258148893337263,B,1
1533,0.9814797493081158,1.306999553404016,-0.04345063450892596,1.259962915982132,-0.04099370532342189,A,0
1534,-1.16482809646104,0.3519307708186574,0.16644884394822793,-0.4180720153336336,-0.08054150202605438,B,1
1535,2.008755386185139,0.47125045784589364,0.3571419244288725,1.064124800919903,-0.16457819872018484,B,0
1536,-0.959427753141868,-1.3357205093045694,-1.154585614426325,-1.967600667188734,-0.6800036818156461,B,1
1537,0.7492229272008546,0.9375229217497576,-0.894283021882052,0.35489603831542105,-0.4798145777506764,A,0
1538,-1.6873476944133516,-0.3349320372736072,-2.2099444596162092,-1.1549746180238456,-1.1177129172663445,B,1
1539,-0.9302646872700508,0.8630924536109083,0.564742258490407,-0.27260871626991495,0.3157096514384798,A,1
1540,1.5163686467253361,-0.814169981986113,-1.2122100237467663,-0.23198465531769719,-0.13934236199720018,B,0
1541,-0.2608998230008499,0.1770493475099125,0.1325697098956523,-0.08667690957042176,0.6918054249752623,B,0
1542,0.8399226051327979,0.3520029539376315,0.3709882249395528,0.520739877815522,0.5974791376454678,B,0
1543,0.2369553887192461,-0.15403331657586652,0.6023528388925202,-0.5212678526984258,0.17935742496632795,B,1
1544,-0.10495815600017268,0.4045451930861567,-1.2040169138360592,-0.04579180236706051,-0.6765001036960344,A,1
1545,1.3638503249326897,-0.26639707519250877,-0.06516161814069105,0.5246351570051873,0.2572666119093028,A,1
1546,-0.23665882465190033,-0.6490597530412794,1.670280420787749,-0.7748437412740132,0.8911925283364042,B,1
1547,-1.7807381075634705,1.6054833827939645,1.7143146799843163,0.19763390924686974,0.09420415240309932,A,1
1548,-0.8032400919517051,1.0489528663614422,0.9873230940269508,-0.9089184030369579,-0.5300522181407007,A,0
1549,0.5511917287016942,-0.7608647450481768,0.3374931388188395,-1.0426168306585575,0.4233458912388988,B,1
1550,0.39550910636250813,0.5684443055946129,-1.0051063888453775,0.5231705088393572,-0.6682434758772278,B,0
1551,-1.5670582502354382,-0.742678854701153,0.718621625391053,-1.2635107827956864,0.060680119887760564,B,0
1552,-0.724342519408201,-1.1846846436623242,-0.15802122874684088,-0.824840265466596,0.6493382348853576,B,1
1553,-0.5817213492022466,1.0338094413989762,0.5605282752728444,-0.10161484296140688,0.26171697905940194,A,1
1554,-0.365469594114225,-1.7040996256474057,-0.6328434548521167,-1.5302934718384038,0.5725558141906759,B,1
1555,-1.3759135886015514,0.9268559135765412,-0.17293311283992888,-0.36577826272013403,-0.12115642671146298,B,1
1556,-0.6283711081194786,-0.2527223125730585,0.16414736007642475,-0.7241728888322145,-0.36771917137146665,A,1
1557,-0.7286104852595274,-0.21154660308052864,0.2462780914938584,0.2325961096318664,0.44384459130688103,A,0
1558,0.7715332597619193,0.4097512196232897,0.4937227144602481,0.5056819407062005,0.5987110036335664,B,1
1559,0.8091213109902438,0.5811988119942524,-0.5791949845248994,0.7494796167327334,-0.7954880445097829,B,0
1560,-0.145810458088816,-0.8263431768289082,-1.3432844521102028,0.7370512065312275,-1.4960769797662978,A,0
1561,-0.3920397958707315,0.7177256087500634,1.6247850398997947,0.02625881348724937,1.0439524383331467,A,1
1562,0.1399243120391134,0.1133705380252234,2.489254169023358,0.41871828883562506,1.2193814930532132,A,1
1563,-0.8165751074555749,-1.2560547928680381,0.44742071120237864,-0.7948177442141875,1.1248492879458385,A,1
1564,-1.146832082167441,-0.1698744835797392,-1.3239920947301105,-0.4073356692312268,-1.0964079098084256,A,1
1565,-0.9402212089257169,1.3812790155589258,-0.7731951168428768,0.271250415129659,0.044808168344850574,B,1
1566,-0.6348131639714567,1.6765947982456966,0.509117569050969,0.5543298979452291,-1.041015995072879,B,0
1567,-1.163473799792271,0.7173484576086773,1.341115611681286,-0.2892429061524659,0.8627090387277385,A,1
1568,0.16205955906287475,-1.19034348816837,-1.2128906345418562,-0.7859329597633469,0.10374157350503477,A,1
1569,0.7297156737837084,0.4906069024558882,-0.12433282084890122,0.8458922569178033,-0.6303065130290568,A,1
1570,-1.5870983007982418,0.8508609038591928,0.19593206444396905,0.4874943901629474,-0.11262020347457802,B,1
1571,0.02512871121603335,0.7257079833187221,0.8645784512858746,0.9832721728707599,0.25854546205434575,B,1
1572,-0.21993579526633558,0.7849542886879182,-0.34360109440037934,0.4124746782964761,-0.7393954448939906,A,0
1573,0.3415086855368029,0.3632630792475308,-1.5638146913219246,0.8144516499988422,-1.0450115792177128,A,0
1574,-0.012938768103588062,-0.0724123388305437,0.6211975594529023,-0.47855738464275077,-0.1983900411164115,B,1
1575,-1.4535992799316308,-0.6083674959040184,1.124795965171238,-1.306599393010847,0.8535462841355576,B,1
1576,-1.2623892988571654,-1.8979355185014963,-0.08259146174516069,-1.2324764164730198,0.5797701993209735,B,1
1577,0.029423575584972723,0.33964176671335083,0.40524009130643124,0.9310586254367549,0.10819285487851012,A,0
1578,1.0287809197455093,0.18605284365218855,-0.47449122942707067,0.3248618876257109,-0.8694565293222749,B,0
1579,-2.214187371043003,0.5575758428248162,-0.8457727947258943,-1.291518655924972,-0.1884634255723383,B,0
1580,0.34572657980157995,-1.3375436932928941,1.0264256805472187,0.6293519981737691,1.3511351958500568,B,0
1581,1.1896220052876432,0.6450166893150603,0.38749584781446095,1.084412172714602,-0.3783498300447601,A,0
1582,-0.1530258762062131,2.054545094620777,0.49036859940188254,1.84713800793685,-0.7147047818541084,B,0
1583,0.5502024960264408,0.07845013077791134,1.502115147994613,0.47277522164271635,0.5598283694437347,A,1
1584,-0.7030690808978022,-0.06166531920654083,-1.054842334318573,-0.3295839669792341,-0.45341998743808537,B,0
1585,-0.11936619927687682,0.309002356085701,-0.5520262681594221,-0.06986398535322433,-0.31043240944746286,B,1
1586,-1.6209135183081516,2.032337024710338,0.15793334883469554,0.5148979721253923,0.09912729546507637,B,0
1587,-2.344343308418874,-1.023647761699891,-0.5643132377612419,-1.2395410907492697,-0.3533648231181985,B,1
1588,0.9427658012252752,0.20320693339390494,0.7831365352724501,0.14976183236168417,0.04518706926188043,A,1
1589,-0.9849949277244419,-0.7996574222976441,-0.18739922090398406,-1.1670509438937056,0.4881752740339895,B,1
1590,-0.4555278450034305,-0.547004720844995,-0.9925328074971896,-0.08927980523744555,-0.8620962778046156,A,1
1591,-1.3864422532701932,-0.04959030788193934,0.06577167518766158,-0.9214348247952495,0.14923226213474025,A,1
1592,-1.4099697030838758,1.3473232416135588,0.17033877080678794,-0.41901293531015116,-0.9251899283156473,B,1
1593,-0.17383770009461635,1.8009906006887368,0.9346820628963304,1.3009637572222994,0.009174111728284251,B,0
1594,-0.7295771941356465,0.4481421446267063,0.39314090314742434,0.33805135818822074,0.6902683637486124,A,1
1595,0.37797099799469847,-0.3765947230234853,0.46114639135983565,-0.1863358080509929,0.03998413522165323,B,1
1596,0.4525384189795919,2.4927388666385184,0.3202916840072248,1.6240757487009871,0.13290831620310334,B,0
1597,0.32084964632460716,-0.4275544813295202,-0.18822252129193043,-0.6255048508221123,-1.2117547167325442,A,0
1598,0.2386007909284437,-0.5711359143597373,-0.7162191151112647,-0.5901479378621519,-0.6668220275275308,B,0
1599,1.5777682049318862,-1.7749430445787269,0.288838351659376,0.12127201673645817,0.4714981321382423,B,1
1600,-1.067593769044886,1.3960915692447435,-0.33312476588364065,0.07319291698536197,0.35886450170370565,A,0
1601,-0.05493486620291775,0.968245592371294,1.6898226204410154,-0.03227616940142086,0.404695275827226,B,0
1602,1.1326898205195888,2.417805536116446,1.3421822947732187,1.5305296980071885,0.7914631468415085,B,0
1603,1.2645398093380364,-1.3895233522181258,0.6328391323516083,-0.46855997548402073,1.2493579537141477,B,1
1604,-1.4217636493445729,1.4581708074791095,0.3784669392929856,0.10355714258941634,-0.3874521276128693,B,0
1605,-0.3123554416558699,0.07013551836612739,-0.08795905098117711,-1.1361651041564083,-0.26236041374639435,B,1
1606,1.3581210958672605,0.8061002168001363,-1.261123731347135,0.7121341511403265,-0.9731922683970698,B,0
1607,0.5080791051990653,-1.647777141104471,-0.2161722233219656,-1.4505118813489568,-0.5625076117007464,B,1
1608,0.19526303147977275,1.4680818226652972,0.10140003340525669,1.0607090321495025,-0.4501879470800581,B,1
1609,-0.21768469343465674,0.7865167513318304,0.2294564744446623,-0.6387192154222295,0.6413722023181054,B,1
1610,-0.38380092570774543,-0.038910034786217525,0.4695363670158261,-0.23387097354998587,0.5977848693005321,B,0
1611,0.2882190630903242,0.6451126876611214,0.9213301978776851,1.315249789558467,0.4375329562405339,B,0
1612,-0.25237412498448336,-0.7654953010422492,-0.6921540716928671,0.3025448651236363,-0.27487260905831545,B,0
1613,-0.04257862104444418,-0.5794400855816993,-0.6830756072090113,-1.2182210000069267,-0.07181222516508218,B,0
1614,0.07859870611503737,-0.46344461362539624,1.4508566797431588,-0.03535828232819785,1.4944936725003473,B,1
1615,-0.6780715284934992,-1.852727861690278,0.7709815891931486,-1.8276924961314658,0.6320256110837086,A,0
1616,0.5321293738814383,0.8617584942033671,-0.3907709421333212,0.15358885357541752,0.3214691133058365,A,1
1617,2.9142446484154196,1.1915936141825663,-0.10721116895223676,2.2876086189454976,0.3448075594992515,B,0
1618,-1.7769866393260751,-0.7013441497638416,-0.10271394667489854,-0.8027184800110031,0.4069978824569458,B,1
1619,0.3240125241899799,0.3482030159448188,0.03157412228138299,0.6683384595965765,-0.46901865051494124,A,0
1620,-0.7601900886189056,-0.2655404746292363,0.47268309223861316,-0.9464547547274018,-0.12612569389242012,B,0
1621,0.57740257751925,0.3282739620810305,2.534992746099831,0.8630955262570665,1.545538231555379,A,1
1622,0.04655747332786092,-0.6275772412110292,0.18975656116265244,-1.4077083025496377,0.28872758987826797,A,1
1623,0.7618547740424635,-0.8834251560876358,0.6625981504252507,-0.36107261283496006,-0.24374219626432347,A,1
1624,1.1755065765087795,1.0520748860237426,-1.6864767061901427,0.8193956165665136,-1.1436021047652203,A,0
1625,0.19242111776818133,-0.06387058512449259,-0.484899992778835,0.12267772396812808,0.3170752540039499,B,0
1626,1.1320522884141782,2.0221089508534758,1.2288150027166052,1.588871866645245,0.7439857816463671,B,0
1627,-2.3442978937886774,0.046309964794139964,0.40231539135661587,-1.4541593006860787,-0.06566762041131446,A,1
1628,1.5904522979160232,-0.9260780403504922,-4.389114584864837,0.40387259352129845,-3.284366300035532,A,0
1629,0.3750621518923401,1.2269408764359389,0.6740232023161967,0.849711349847917,0.3763542384211892,A,0
1630,1.0778433557451819,0.6308001641460198,1.918164394628769,1.232171578999231,1.1399031857418445,B,0
1631,-1.2198757448415216,0.7268728636964236,-1.9959075861197932,-0.2938235020055097,-1.320989295895186,A,0
1632,-0.8307698816053357,1.1906006788679186,1.5193876756455122,-0.04533749783152127,1.1263119234810923,A,1
1633,0.14593829414477413,-0.6527962938457945,-2.771955630625928,-0.03796103053364169,-1.2638644182216596,A,0
1634,-0.017037889337463016,-0.12725330898528756,0.9379989450534133,0.33921238373126034,0.11598820886968575,A,0
1635,0.2830685880099896,-0.17144983148779322,-0.008648626012240201,-0.1938967082992175,0.1390454020136465,B,1
1636,1.0845151609299661,-1.2907465369156184,-2.3499712152446164,-0.024365537236167367,-1.5685680452687694,B,0
1637,-1.7652203153028492,-0.2635901501582435,0.4461378272397865,-0.6099739827375379,0.31569698713181854,A,1
1638,0.9738190717173091,1.3363794578768242,1.1508397491520586,0.7011008333351191,0.9705163591654482,A,1
1639,0.008281909957927018,0.237338103793847,0.36388700382157313,1.0259892959996515,0.6938162184419535,B,1
1640,-0.20378186112454774,-1.3460613278449878,0.584827637059613,-1.4648772679670103,1.3778134367025539,A,1
1641,-1.4711152343848903,-1.555839411664935,-0.41167611233906165,-1.83327115206577,0.23578972887977773,B,1
1642,0.503048668376865,1.6647760587482714,-1.861389755221022,0.6591222319622487,-1.690936435782267,B,0
1643,-2.414107851031037,-0.09031901025512999,0.6918640223370642,-0.399660717311499,0.37592938296177913,A,0
1644,0.6483940112387127,-0.6474102057016173,1.7497539194462957,-0.186343710531157,0.486932283555396,B,1
1645,-1.492105835472992,-0.2739917648970031,1.129580854227459,-1.282679961996563,1.5153724733879237,B,1
1646,0.053457912617474034,-1.477307754317332,-1.9878758296013461,-0.8919534995581412,-1.2570007367503109,A,0
1647,-0.11916883732792043,1.4230951495116198,-1.5148944072109338,0.6878476763060328,-1.0920965849485222,B,0
1648,1.1695381472938837,-0.3930529375860296,-0.8459677417973405,0.34097553013105986,-0.17406856886971595,B,1
1649,-0.17865516901389017,1.367401527738422,-1.5929754512801433,0.5100642601496772,-2.011220875968854,B,1
1650,-0.6941385611456656,0.05165171444731515,0.044189919556039105,-2.1552622559756105,-0.44107059543005295,B,1
1651,-0.506602695971203,1.4295319745684398,0.3934158051805228,0.4393842877024118,0.7629946222404249,B,1
1652,1.2728827687546636,0.2566944990430854,-1.4302532832423676,0.9009802215176631,-0.9072984402365022,B,0
1653,0.5362969691808936,0.853232662869076,0.7771284592755282,1.2676789116492708,0.0830505567697965,B,0
1654,-0.3856299815231613,0.7190930460883368,0.601103944020014,0.7826990082699726,0.21378064603257052,A,0
1655,-0.23644641996451343,0.6232910662519707,-0.5481591248437031,0.07592365045137855,0.03474885177543319,B,1
1656,-1.567177090585447,0.3479344771827106,-0.17252198598398413,-0.35822447492293513,0.27680495424182106,A,1
1657,0.388474200851541,-0.2328507161155849,-1.9498011756530316,-0.4341252277692711,-2.0513315608538267,B,0
1658,-1.7598157076954657,1.9154346915728602,-0.3322621562870741,0.2854990925172029,0.20147147412042232,B,1
1659,0.7517964658354561,-0.9069369850959007,0.007384974130325764,-0.28862851261396516,0.669630894409748,A,0
1660,0.12862159249126584,0.004307642343159692,0.16874759522818958,-0.513021957398688,0.04102416352030765,B,1
1661,2.3869517995739225,0.01488587520759545,0.37887691202017393,1.346819678246126,-0.33362455817075753,B,0
1662,-1.1001355537243058,0.4024407533435215,0.24424174323057224,0.2413752680360669,0.6174853896231589,A,1
1663,-0.10266209104063294,-0.4294726458945011,-0.26434369726567053,-0.18583080920620698,0.13906769124024068,B,0
1664,1.7982877009230627,0.31474630558958777,0.2861949425543167,1.9845898471878214,-0.5915119903687784,B,0
1665,1.1913896402914144,-0.16884258520296613,1.002031993310248,0.2560461346654635,0.6191518746785782,B,0
1666,-0.6962120515798997,-1.5819525174378992,-0.09549807330964437,-0.6847779373928946,1.812628323567073,A,1
1667,0.22396742837344774,0.009552286256846456,0.31759489083167675,-0.18692341846598082,0.22865684503801517,B,0
1668,0.001999356415087233,-1.1005653330301517,-0.18617106266411843,-0.436418716921422,-0.281191974426681,B,1
1669,0.2819558673941572,-1.734385762448901,-0.6467589164795713,-0.5896779464582487,-0.6101024016992399,A,0
1670,-0.6986804359848298,0.13687332068938496,0.5228796669176042,-0.02002573428411908,1.2246905944191557,B,1
1671,-0.08932040270073452,0.48788334201956646,-0.5552259441702052,0.31571973934500625,-0.06235508453421296,B,1
1672,-1.5980523752767137,0.5266980421045764,0.38614690099219057,-1.0650746730246485,0.8686827792322318,B,1
1673,0.13512345186808206,0.5671707070196942,0.02825537151004551,0.8048129006769783,0.03043726069917195,A,0
1674,0.45002067342183205,-1.9325890209406105,-0.3039346765201432,0.16954619074549115,0.8007731482904151,B,1
1675,-0.227419412643884,-1.3610169279074695,-0.3281428321466607,-1.1088618226681244,-0.3816567916951239,B,1
1676,-1.6150508905847878,1.9735214368136709,-0.5081209924156869,-0.8998858541665533,-0.6690934915961859,A,0
1677,0.9885318628514624,-1.0472087600770361,-1.6458011720890138,0.31917452184925377,-0.7990923109605341,A,0
1678,0.3645250379928023,0.6108410311366891,0.38289509516169207,0.3585453413379514,0.837081826323457,B,1
1679,-0.7260150977009768,-0.686937621665846,0.2315468252783205,-0.8446292974311573,0.4588918220982212,B,1
1680,-0.28060044683806395,0.07967273926756446,0.8496702524484937,0.1495649793964499,0.2660787579923253,A,1
1681,-1.5006694027818388,-0.6332542022735941,-0.5314569023067949,-1.4452249577186995,-0.21333207169985052,B,1
1682,-1.0254101277779044,0.5615411546196448,1.8953836254766674,-0.46890148502875584,0.3762537056796178,B,1
1683,-0.5378113463571395,0.13677411731669906,-0.3797359478496331,-0.3043595076242273,-1.4536543535932167,A,0
1684,1.2284208122801512,-0.4482897736442336,-0.8751096421946959,1.247784569538482,-0.10724810975329674,B,0
1685,-0.6395033908874757,-1.0501721196807103,-0.9936849198426648,-0.8937532923160498,-0.6729169631068953,B,1
1686,0.6402136593287587,0.2677741974925111,-1.7339224032296623,-0.09982149606396928,-1.3980091712493996,A,1
1687,-0.5383162028615798,-1.21271879904259,1.5326278923931278,-1.5272883618088005,1.730856624167015,A,1
1688,0.24794756085187486,0.4274810421208385,1.371067390768662,0.43212401840134473,1.572756157636195,A,0
1689,-0.14139550214380217,2.6264849090369,0.600745162884758,0.6636911528866792,0.16246860962574206,B,0
1690,0.8730566000927434,1.350170051262012,-0.8960888077757798,0.41776724222457184,0.06674023941345764,A,0
1691,-0.5348113382185579,0.7183478868941628,1.8112676815591198,0.356055135982952,1.3755623667411898,B,0
1692,-1.572528250002441,-0.08560729774114767,-0.35171916152165594,-0.6440713974377161,-0.07797522172693225,A,1
1693,-1.3819490313636327,-1.9387526270035254,-0.26902583122665236,-1.982613999266869,0.31962685479434805,A,1
1694,-0.5318774939427574,-1.3222863959001843,1.437259080436076,-0.8334400487398921,0.6277908544184819,A,0
1695,-1.2490599706780527,1.2827928561027135,0.6589105844808723,-0.013978732257724558,0.682678140736129,B,0
1696,0.4102120156795513,-0.7897560801247798,2.2011031387545934,0.1524588623298836,0.47599040314552843,B,0
1697,-0.4657681648580778,-0.6992520981640467,0.24872226031901956,-0.3267119960269702,0.02082957321823392,A,1
1698,2.3746065500264315,-0.16565047568402144,-0.3970307995787248,0.039044398410235104,-0.23332628928449684,B,0
1699,-1.737714595137132,-1.0620462588465547,-0.6118048834597958,-1.6939013657467537,-0.6107353283592275,B,1
1700,0.20363317870980122,-1.2267687345516363,-1.846996177190627,-0.23225236596087084,-1.2734215386595222,B,0
1701,-1.127953023505669,-0.050474072781421825,-0.27859577280620446,-0.9072371460136196,0.7347655567055555,A,1
1702,-0.4934013403826786,-0.8915294546720363,1.1445933388273806,-0.723704211935712,1.5315331710044129,B,1
1703,0.14141947334054417,-0.7410185797788948,0.5988341726560692,0.08969238495391785,0.22447379641165793,B,0
1704,-2.325371374874287,-0.781191026147006,0.020308006560405812,-1.745355721371994,-0.06432944566450294,B,1
1705,0.23682611678802748,0.5223602138344686,-0.9949344438163292,1.157235485607484,-1.439428127714246,B,1
1706,1.9029074622741677,-0.23212569049535728,0.22687301801273724,1.5891747582573825,0.557733143711056,A,0
1707,-0.45343829836859284,-0.17857196789385368,1.0128137051953732,-0.4206310394537995,0.619812762010294,B,0
1708,0.2598078568055095,0.5969458973088833,0.4307192564699845,0.355334577375358,-0.8011189353800614,B,0
1709,1.0249216931253993,-0.14203960823294015,0.16673516963335916,-0.8812288408419129,0.19551433629496853,B,0
1710,-0.16395350002699655,-0.27825376845717287,-0.796957653281206,-0.4007500826900473,-0.28273016180449684,B,0
1711,-0.5809601885314832,0.47045035557017084,0.8671818141120127,-0.7899853816890677,0.9945076853519011,A,0
1712,-2.2757364037217522,0.668197843557631,-3.131904818744181,-0.9207281494539243,-2.3626503391208407,B,0
1713,0.6409907193949733,-0.14707349950860418,0.382845708865145,0.38749303744268276,0.11107111471413153,A,1
1714,-0.11316840972889723,0.0806077756205216,2.5703219809445987,0.32033071998631135,2.7762361717818784,B,1
1715,-1.0126838513881617,-0.781790229733328,-1.508373387331847,-0.3001701897254655,-0.8962102471358513,B,0
1716,0.12659671027769356,-0.8606830431645255,-0.241369454701366,-0.3675182102516308,0.36295890614091636,B,1
1717,-0.5836803568061814,0.7691475019668077,-0.00791099012472641,1.174573692861293,-0.4291370151687993,A,1
1718,-0.5284261311155256,0.4449420625446217,-0.4625828140565771,0.021641075212947475,-0.06784155653061186,B,1
1719,0.6062911561087082,0.4552984384165761,1.0363742425589795,-0.06368428398480352,-0.09341221409407852,A,0
1720,-1.3383824113238445,0.28085434872552223,0.472451014355301,-0.9436382099866054,0.04351106744428945,B,0
1721,1.0473152860737585,0.04620327581495357,0.1523003725473193,0.4651174593978208,-0.5067675140928942,B,0
1722,-1.3976861631184037,0.6964118908227692,0.7972725611692801,-0.19434217688296823,0.11632175371920844,A,1
1723,-0.6627014083552638,0.9351087610227838,0.0167507090717422,-0.40369141461641667,0.4499387642611982,B,1
1724,1.9229461940665773,0.9112280051906476,3.179864488823514,1.460393777630572,1.7374965964864812,B,0
1725,1.1273547616424222,-0.10077791594598683,0.15134693365674112,0.5455037586144166,0.48522649948595825,A,1
1726,0.09760399249544019,1.386992729908838,0.19528209848970435,0.5279983566239113,0.6179315139895455,A,1
1727,-0.9405302155012165,0.22846068173232117,-1.7104680495732754,-0.04438009759471012,-1.2568084278494163,A,0
1728,-0.5292723066998932,0.6323761925657985,-0.5434503273034238,0.3192854064956412,-0.010006915097416358,A,0
1729,0.0732753145856964,0.28208789083487973,1.1473776817998096,0.7682927017208371,1.0122897781622284,B,0
1730,0.03752323233959842,0.2470067074841741,-1.3354568503598725,-0.01949529740975367,-0.9260026714569791,B,1
1731,-0.09087092962596285,-0.7357519902503197,-2.157557174301955,0.17886523092321338,-0.9879818293028395,B,0
1732,-0.03083251408418433,0.701350838344826,0.03231547118757482,-0.34982263226662047,0.802319707158264,A,0
1733,-0.2143751097051141,2.845294394907639,1.370744507474978,0.5998299811358224,0.07182781999668036,B,0
1734,-1.4419787356400129,-0.3747950747900833,0.042381228696125636,-1.659485621824656,-0.3749745750427328,B,1
1735,-0.5165107421608328,0.07099471542494816,-0.3361246026263436,-0.2698032412679809,-0.7584434377511018,B,1
1736,0.9146240539868465,-0.4462052643472624,-1.85848793774098,0.9268608585073546,-0.7144865186809561,A,0
1737,-1.3683342975511175,-0.48801990156193453,0.45225412270219334,-1.3660815696314528,0.9788656777680986,A,1
1738,-0.18955551153927852,1.5444494781186728,0.6612751088830449,0.42014472965355076,-0.11451578607257079,B,0
1739,-0.819753928770844,-0.6729710177274647,-1.7817324991011003,-0.9363468437809075,-2.1806253205449506,B,0
1740,0.11135042939811132,-0.4740804733663613,1.1345324486972188,0.11618408264951352,0.5516104387997824,A,0
1741,-0.38863318106681816,-1.5874928237313013,0.7656955258921091,-1.2657389721830283,1.1274125217742348,B,1
1742,1.477393664974669,-0.7576117245422473,1.1323159425473455,0.24092185775542707,0.9107819352001747,B,0
1743,0.5065831541902538,-1.7083998929533477,0.5835250918333419,-1.2229476856413668,0.8403214162516923,B,1
1744,-1.3118031657772113,0.6318046992119288,0.6536827088113185,-0.7570401054489229,0.06954474718773823,A,1
1745,0.6712280116136986,2.7996972218373095,0.5207208987017389,2.39131629435454,0.31160974707863753,B,0
1746,-0.774651856262063,-0.36667879365052214,0.8684723215011957,-0.6026675063432605,0.8528622846582595,A,1
1747,-0.5769963713775336,-1.6667579329902373,-1.8187577691239185,-1.5495040444455963,-0.6465471156067943,B,0
1748,0.3138190201071218,0.8999996644297332,-1.5010594336215146,1.2563632306436068,-1.151208694907666,A,0
1749,-0.49174741973013475,-0.7269249589301569,-0.7360079001897717,-0.9511176823332528,-0.10763645654138698,A,0
1750,0.8928558163229553,1.2993469305535403,-0.12982017167255325,1.895364744811776,-0.12145766219101464,B,0
1751,-0.7745100615133954,-0.2820290477899447,0.3881369233081794,0.09608292814704067,-0.1359356581941764,B,1
1752,-0.6189465525913632,-0.6318156890827807,0.32468165322885006,-0.659269962908874,0.5401718427643153,B,1
1753,-0.6563708935481088,-0.17795755574568647,1.1171058114560313,-1.2320760776875523,1.213319665141619,B,1
1754,-0.5656387483550389,0.7577767609361872,1.148495298580351,1.1842554391279478,1.22996208991643,B,0
1755,1.099191555547813,-0.22742063075565644,-0.8723851082937929,0.7394426460831327,-0.35713187551266723,B,0
1756,0.6287962936103031,-0.49672470279370545,0.23857611005047125,-0.03302808759096593,-0.2162770417716971,A,1
1757,1.709943954012071,-0.1988316029788718,-0.8478315477218382,1.4046145283053344,-0.9593744275965139,B,0
1758,2.2676442038992546,-1.271855184500885,-0.18824703835356665,1.075810323599784,-0.09497593057378512,A,1
1759,-1.0307170319323398,0.39703160229398016,0.32179136904849476,0.2355547569308064,0.24057959194341272,B,0
1760,0.07041912732728889,-1.7867265938449102,-3.4087120764716907,-1.1822857148660297,-2.089871185414998,A,1
1761,-1.176200316643433,-0.44412145436551537,2.4112440396396844,-0.7685442107816214,1.2148290858054254,A,1
1762,-0.7776059277482671,0.7593852088307432,0.5664086773974751,-0.6798060673560571,-0.3202509847454418,B,1
1763,-0.6300825102556694,0.3030482829327168,-0.595703275413406,0.10664183318357379,-1.5268628368292694,A,0
1764,-1.0571548741382744,0.5903205729863903,1.927369755230228,-0.35060532280336315,-0.3286427478701237,B,0
1765,-1.0518872728984137,-0.06504567271880911,-0.3474311704861944,-0.5231505723550467,-0.2960835962740368,A,1
1766,-0.14428437852025486,1.1697461809855167,0.13251938582805775,0.4251276014603704,1.0189295214539649,A,0
1767,-1.216718418386407,0.924699196769792,-0.48711581039762725,-0.3931758629411288,0.3724688552634159,B,1
1768,0.8421269591376328,0.44614100424767456,1.6519918374433393,0.29423109059905994,0.5780503792993168,B,0
1769,-0.9177535374175142,0.927545777313543,-0.10498470630588037,0.30833587354837977,-0.18404680118151961,B,0
1770,2.809568970096392,0.7504235544035768,0.14948410073950924,2.8058051776303428,-0.7777355953881417,B,0
1771,-0.45138445096439517,-0.43946351334689027,1.2037821530254462,-0.7688966067071248,0.27448544435812994,B,1
1772,0.07201764191705222,-1.3438989116913336,0.5851394574610765,-0.351968618209888,0.07964110374583044,A,1
1773,-1.2953411844660352,0.42036212584262383,-0.054348065134071935,-0.350931835428188,-0.23486541298329167,B,0
1774,1.7060917581276394,0.5460892308314287,1.110390972357463,1.3007485759667272,0.5768260293779502,A,0
1775,1.1195006808029162,1.0904719911385654,2.538483229427952,0.4536385373686741,1.6851948477752827,A,0
1776,0.29691587073611253,-0.9363212750452935,0.3174104487994213,-0.9408097906362755,0.7410597640207951,A,0
1777,-1.3468025487795656,-0.9064310592771633,0.11676008787256639,-1.6517880344821063,0.09457781166864995,A,1
1778,0.21066687772462028,0.45990026630777037,0.17062708361908155,-0.7131521019973085,0.045559890603117034,A,1
1779,-1.121431046017255,-0.07116698885308664,1.3104295008315177,-0.004426757084088795,0.38462779500757505,B,0
1780,1.4623552634733608,-1.8857616105711281,-0.5991977350329224,0.11838396738830917,-0.7145346045374106,A,0
1781,0.8091947318531727,0.37510816375419076,-0.278317559711661,0.658090396789438,-1.0193300975731558,B,0
1782,0.09543903848773612,-1.8524229149889546,-1.5374429491266413,-1.96406594403575,-0.38110158082674406,B,0
1783,-2.4363756632473224,-0.9452565518733762,-1.1838678626399737,-2.846389101395282,-0.808610117517428,A,1
1784,-0.9834159786590306,1.3516813728601071,-0.5178000026979704,0.08462040514115607,-1.5683564078728023,A,1
1785,0.6877611315998724,1.8248790178071153,-0.05593699406042271,2.3103411706054695,-0.4356761757455238,B,0
1786,1.2128836917231558,-1.2156563684719617,1.7690833257701195,-0.22942006713862828,0.857078935840434,B,0
1787,1.1091698114921316,-0.3293915374126943,0.5359928049252244,0.9327051253951507,1.2712626804166818,A,0
1788,-1.5920130022414554,0.04262252307870598,-0.9120785101897938,-1.1738477436430006,-0.9363903225420099,B,1
1789,0.30155230681290407,1.781226927581568,-0.7279804853641153,1.0991644775229596,-0.5250787323616336,A,0
1790,1.0155152164829295,-0.49286894782440155,1.3747486832306544,0.9702165804240228,1.605379381518832,B,0
1791,-1.6583355655822452,-0.4768840230332781,1.1266103486291923,-1.4064191659492582,0.4065398223685696,A,1
1792,-0.007904515373236347,1.5487255584628619,0.028149910224203063,0.4245676159814225,-0.25201661575827633,B,0
1793,0.27384239830845625,-0.374789152718258,-0.44252646553883224,0.6859461396883266,0.041923255360542255,A,1
1794,-0.3007645848467349,0.7222017089664575,1.1249328357046429,0.2034210141319855,0.7007857294050119,A,1
1795,-1.8521618554012016,-1.4771429651124275,-0.9933271267246865,-1.3042660505038532,-0.21935001602988596,A,1
1796,-0.3256981100737287,-0.17123274409232622,0.39203039805752304,-0.6236596847827438,-0.3561468693208455,A,0
1797,-0.327305430255024,-1.6595968383264046,2.2726589908933312,-0.32284457283572876,2.199798771147875,A,1
1798,-0.1480724045477542,-1.0554337809557044,0.20535568225145748,-0.4797466959391992,0.11175363668080662,A,1
1799,-0.5634714254250696,0.8392013551522634,-0.7756094792616043,0.29891163542841925,-0.5360412948715052,A,0
1800,-0.4430121532414673,-0.04990539108671263,0.4103687026715378,-0.2249453317736494,0.7572335928631511,B,1
1801,-0.0397062823469779,-0.31910574055297464,-0.4700087190153476,-0.4361141306829248,0.0692192985589885,B,1
1802,0.4424546049697111,-0.7487496239809176,-1.3941158437534145,-0.10974345425611802,-0.6517713030864696,B,0
1803,-0.3044267628566672,-0.22065607324128275,0.7010360268721068,-0.5142792133293248,0.8559205815509896,A,1
1804,-0.4096489283680019,0.30111316710069364,1.1178344005497223,0.38454025785193846,1.0664669739090595,A,1
1805,0.09235403825445808,0.9829162064617618,-0.31090667207257267,0.44534194264922466,0.33353266894880973,A,1
1806,-1.9209159258951816,-2.6251466840968023,-0.37723567409627334,-3.2133765114824597,0.24393901522058364,A,1
1807,0.4770351272264581,-0.8317611742628097,-0.9615653911218296,-0.9693713782901718,-0.4247650422115243,A,1
1808,-0.0005630971229588082,0.15909624218900573,-0.1499356004675666,-0.7841488133394847,0.329259235722958,B,1
1809,0.039693526597561826,-0.09886311596228586,-0.5623683829231909,0.28336993675436484,-0.619079049735533,A,0
1810,0.960734307594464,0.403376242526725,-1.0110326867032555,0.20237655013331868,-1.4560318655366167,A,0
1811,-1.9528155300482481,0.26754028612655384,1.892168830399606,-0.8878762870463885,1.5176252113457986,B,1
1812,-1.9738338698589637,-0.30486786299340723,0.4664928167495073,-1.2684469946663752,0.2845067020153643,B,1
1813,0.27380384532351953,-0.5268531959871771,0.5723951080293523,-0.1314985882543654,-0.09771649104920188,A,1
1814,-0.007116855128515773,-0.2455014897355009,0.8833995689324271,0.09218174374632482,0.9177509608897176,A,1
1815,0.17017694319193222,1.1487423498227427,0.7710362167598054,0.7556291093717937,1.0255433892819394,B,1
1816,-0.46212707517244556,-0.7320079329057144,-0.4131099527967148,-1.9981450829467995,-0.9576466535211005,A,1
1817,0.6643536742399312,-0.06280672314395548,0.2725526229714672,0.20539622254773582,0.7145106783170587,B,1
1818,0.93263884299112,0.18334221399842102,-0.2690304842606603,0.863805979825598,-1.4935235396549873,A,0
1819,0.48398229395152703,1.560350929874458,0.43846362477666,1.8907062466856446,-0.20528896372198657,A,0
1820,-0.26082845840458313,-0.30030825823631324,0.3416908859581642,0.5365776041303423,1.2195032279392675,A,0
1821,-2.107689387614403,0.9588066560109609,-0.3826602608642019,-1.4667855613557896,-0.6237855380635668,A,1
1822,0.7692362080371281,1.2319794032650222,-1.3292987229217992,0.9026687767984014,-1.131935788787768,A,0
1823,1.2217286662175928,-0.06375426499064825,0.14623705696550768,-0.08189733961876733,0.4965498932607626,A,0
1824,0.64455841198398,-0.2107189790767625,-0.20426948780729892,1.0413180952070482,-0.9590816026800829,B,0
1825,-0.8796424273675065,-0.3290536720482161,-1.8903722477087583,-0.1858841883703365,-1.2214024385666098,B,0
1826,0.6737943936677578,-0.25582313424258235,0.5076617688887175,0.45165901251095086,0.4386344010512728,A,1
1827,0.8605297079614455,0.8542398605768328,0.9653421122427754,1.0264851856953887,1.4360519930789462,B,0
1828,1.5588162477990857,0.2310099772555139,2.5283564752089505,1.7411102874819455,1.1057771216962506,B,1
1829,-0.8761099242279576,0.2352897091698694,-0.39119750332066106,0.19764149742822956,-0.5116658523834974,A,0
1830,-0.22645458454413847,-1.125223510379835,-0.5387118965490677,-0.11946215758834,-0.6162315209201882,A,0
1831,0.7472720511434552,-0.9674900773752345,-1.1094210304392413,0.19295812188958564,-1.1003026076781115,A,0
1832,0.05741007143815779,2.14344682477698,0.2086419064870071,0.9315553054943035,0.28106133311779813,A,1
1833,-1.1173276020512748,-0.1778257252886896,0.2023181805583551,-0.375747007866331,0.1905136224489953,B,1
1834,0.414616285026703,-0.7747719955783602,-0.8112963347867491,0.269404725854399,-0.6907366334483127,A,0
1835,0.5786616338151667,1.4310991655892973,-0.1749298820038401,0.9674278282877689,-0.6675937010918154,A,0
1836,0.08796289633100199,0.2818085486835521,-1.9786656668893567,0.018057552723256487,-1.7230412150319578,A,0
1837,0.21958492717994416,0.5781549168645216,0.9263767478332465,0.9874850495193321,0.29593115140652126,A,0
1838,-0.25870590168573016,-0.1380470752815336,-0.7706792596721668,0.6078109757325985,-1.144088738858842,A,0
1839,1.4782789357160593,-0.31867309057680415,-0.03465635141297929,0.3529329256838504,-0.08988959915632473,A,1
1840,-0.9006921837126766,-0.16958637249729036,-1.426693421297779,-0.7568968342002382,-1.1443714662350595,A,1
1841,-0.5873207627637789,-1.3827381702986268,-0.5823535994615734,-0.8682950045802316,-0.5099982387650472,A,1
1842,0.010985513527525621,-0.08792740941989748,-0.2795911535175272,0.20592710228087194,-0.10060519742580219,B,0
1843,0.8789540277008926,0.29603307704261733,-0.011290846960830136,0.41420577552119714,0.05283453177797463,B,0
1844,-1.4973731700945367,1.8504632338437539,0.4797325155225118,0.9685680300371768,-0.3126034930488464,B,0
1845,-1.3102967497654392,0.0859990650052155,1.4390750834862203,-0.5321308845840702,0.9180856700561836,B,1
1846,-2.037728507734718,-2.334177042210305,0.7327109427693562,-2.1240339215107067,2.0590449318310386,B,1
1847,0.03269522525327079,-0.09398543278462142,0.9621645431462449,0.8520664595155287,1.7525288960603642,A,1
1848,-1.1183058172065439,2.739504133108306,1.4461041099431382,0.4742377636079316,-0.06267304472633228,A,0
1849,-0.3845501100179167,0.8663662349850397,0.5697078815226975,0.15823711326063086,-0.23170151322539906,A,0
1850,0.661378189891708,-0.8108889438085887,-0.03670719561899534,-0.6352786724800839,-0.39321888666757726,B,0
1851,-0.6415427207828466,0.5911065144305567,1.0091119062550553,-0.17554761138121872,1.1166840014785469,A,0
1852,0.23128202274336457,-0.7420134248897403,1.0730092859616567,-0.9767012607665329,0.7002445353632606,B,1
1853,-0.29933790775172203,-1.3538075195468575,0.6485658379660353,-0.48258182732787597,0.844594712283746,B,1
1854,0.6721143150964368,-0.3483693632340722,-1.454627597036103,0.43908228247582204,0.049918221361984316,A,0
1855,0.4751280673480088,0.09152643923886121,-0.8414601530946475,0.19230540650896577,-0.6125597921692567,B,0
1856,-0.69193369617461,-1.8721555024333958,-0.274854104030484,-1.4014498228303878,0.5351575885440008,A,1
1857,-0.16865175340045263,-1.1491592905386359,0.7796210207358992,-0.29503748971509425,1.0357769472730531,A,1
1858,1.0437433977204944,0.010335563182354726,-0.021346419070559747,0.06351577677852505,-0.3111182818338375,B,0
1859,0.393376870254097,-0.40817317598895414,1.1368686334505633,0.13402346788424274,1.4070235444841144,A,1
1860,-1.3969620577511315,0.39481127114609077,1.3152366287442812,-0.29101669584826123,0.4168529813416857,B,1
1861,0.6556180611713827,-1.2146683273085614,1.1991704686772062,-1.105100365655072,1.7522928867578444,A,1
1862,-1.0846106224362382,0.7141137485533007,1.2055405644802868,0.04875950366591708,0.4073301628209807,A,1
1863,1.412513069961006,-1.183759097060195,-1.0369939046587182,-0.5814029381842774,-0.7281277741171109,B,0
1864,1.024098839841025,1.64273430193763,0.4826354994557758,1.3770292129476636,-0.5349459225818788,A,0
1865,0.2898854759184008,-1.7157582843783166,-0.6075290409554163,-1.2656434086857309,-0.5442483772014515,A,1
1866,0.1572328434361934,-1.0925542703834126,-1.6490663313591984,0.2636858605150172,-1.1492177390390241,B,0
1867,-0.20903225602742,0.4173708030318292,-0.2874711320558362,-0.4952944791767112,-1.500378232000757,A,1
1868,0.6785239514000281,1.6642332514976381,1.3247369656272514,0.41413605060614467,0.47780305505175,A,1
1869,-0.37077816946206166,0.31504303611617074,0.4607420101184635,0.0017306871790061934,0.005523681238931877,A,1
1870,0.23556987063989387,0.5628579201823911,2.017809371605892,0.2159193924647204,1.694900525393562,B,1
1871,0.8719343665194511,0.01753690167305848,0.17723014526811154,-0.2203735435837667,0.3320440905314792,B,0
1872,-0.5618065435255897,-1.0263984541151934,2.4478027535929074,-0.5873755535955257,1.5649229027884255,B,0
1873,-0.6161927399906946,-0.4901383482393793,0.17752122551705124,-1.6105343493389461,-0.006982852203141737,A,1
1874,-1.194365480724459,-1.2119097199812767,0.022480296153736364,-1.8406946347168762,0.14080913204342194,B,0
1875,-1.0644727461261723,-1.2787099677768716,-1.2793900879214963,-1.5656477667745317,0.10314720924825149,A,1
1876,-1.8283953114415024,0.40174891931974643,1.1105627402927678,-0.495051531127458,0.28589179411276716,B,0
1877,0.7298287890155296,-1.1231779820879617,-0.5021251289404789,0.5240424658719129,-0.4867323263160699,B,0
1878,1.8089145420827708,0.3195540067233614,-0.647047639408727,1.7965168522751296,-1.0811362247393566,A,0
1879,1.4253289434703056,-1.3018227522210977,1.281230563762572,0.1276490947405181,0.41620620535992736,B,0
1880,-1.6260844886265164,0.29638302011675466,1.1582226687959571,-2.0411133055151103,0.9049810759465664,B,1
1881,0.7248546715562,-0.4886825689629625,1.132051367210679,0.3859980290615179,0.9916241363766727,B,1
1882,1.4221063499235564,1.4066155336506445,-0.36219113405498116,2.291858446391763,0.10652402584906029,B,0
1883,-0.456809980738664,0.32371889557906497,-0.05097586530525164,0.5046686632531181,0.42027761903397565,A,0
1884,0.10144743065004946,1.2357828929941415,-0.059854397695851456,0.9102344097589603,0.9095037002799797,B,1
1885,-2.0078930508046704,-0.7556467164251925,0.7825181806723981,-2.1773105708646248,0.6619556859851692,A,1
1886,0.2667361679766415,0.056143340244167284,1.55356466849423,-0.07454013090613895,0.9460018179990239,A,1
1887,-1.0635597294347174,-0.9810871581162783,0.36814655519840694,-0.16177221734613223,-0.19619315230453915,A,0
1888,0.19963501791151453,-0.4136052427444181,1.9748910853573585,-0.7953863779573672,1.8134338920371973,A,1
1889,-1.5612029221888803,-0.2621042227446291,0.8971944180330614,-1.6416944787608356,0.7397240578952382,B,1
1890,0.5428582244775959,-0.7258582206871392,-0.23479939411441825,0.43406159992563004,0.3064452207626768,A,1
1891,1.0245126754266898,-1.215502858845695,0.8287114061289749,-0.20862344656959758,0.25363644644022143,A,1
1892,-0.7831798617151676,-1.4135173236526528,1.7059402787087732,-1.7675441399577378,1.6526637543400216,A,1
1893,-1.1369225814104345,-2.339748115707397,1.9982889833413344,-1.0880420173384513,1.9693517204573843,B,1
1894,-2.156023042549981,-1.0563464635034578,1.1868913445990807,-1.5912590682091476,1.1116107538668913,B,1
1895,-0.26641353407517704,0.6274938966718445,0.025674453657999224,-0.037001754297773026,-0.44915961586903147,B,0
1896,-0.5815939342816051,-1.598498532013283,-0.21669325405592046,-1.7210930445253623,0.7626767528402114,B,1
1897,-1.5510194123480547,-1.368122846253305,0.5760695035613909,-0.5909697886055163,1.7020270112326403,A,1
1898,0.45301875631217164,1.790898571232915,1.6739744952710462,1.1550346300304568,0.2584304192943415,B,0
1899,-0.44997038186464916,-0.636496049848254,0.4337691222144516,0.11043377719183056,0.7911595853162459,B,1
1900,-1.0757359586452324,0.3210460091648358,0.4545318718688109,-0.0381017983000016,-1.1849619671949942,B,0
1901,-0.5545724056404471,0.6423171465004947,0.05139785431709231,-0.272035650965638,0.2418200434630949,A,1
1902,1.0713045389296156,0.6625261297812802,-0.3278910626312124,0.7175752307535189,-1.2971062780689822,A,1
1903,0.6029369437552222,-1.5223142306080597,-0.1621345066439178,0.3237624999160634,-0.07151498247875951,B,0
1904,-0.13002606149848983,-0.23105967989949022,0.13542598524553,0.5377131894611498,-0.5155022052253562,A,1
1905,0.6191050184648526,-1.6182272695183921,1.7180999962398222,-1.3761086117406518,1.4185097037968557,A,1
1906,-1.160911956386739,2.4463178589103234,-0.23971377853080178,0.8015018861142145,-0.2376663675697116,A,0
1907,0.03237010072703053,-1.5948752640156,0.05261207591138063,-0.8386229739333916,-0.572853125922425,A,0
1908,0.14732233048647056,-1.0478402188698202,-0.8653776604065087,-0.9521882926122808,-0.5759361632684113,A,0
1909,-0.4698365084987269,-1.0406008548415047,0.7166310664731552,-0.6713292851613898,0.4530775330914812,B,0
1910,0.43545833595741784,-1.4966604767228804,1.3666791787182826,-1.1618536322801867,2.0465318623833113,A,1
1911,-0.7804334546444512,1.3525939097565454,1.6244978459567558,-0.025190795231448015,1.0825102141435625,B,1
1912,0.5098207077761179,2.422447901083496,0.20336452469571042,1.1178795088224347,-0.9307429695664132,A,0
1913,0.5518587715312919,-0.4757491193126174,0.5743542832792355,-0.1566549288155328,0.26155063264278844,B,1
1914,-2.917159880697066,-1.32042314684441,-0.15355032217003803,-2.4462467486714403,0.9346515230426211,A,1
1915,1.1903057035101177,-2.236925498726021,0.5280186796945225,-0.9120626582096832,1.1741808339183821,B,1
1916,-3.047632565352754,-0.24410871852210148,0.3139651524992144,-1.1640443840360544,-0.19051938074884045,B,1
1917,-0.6160490255561253,-0.31636542316144384,0.05826438725148733,-0.2811705102173344,-0.02947711348321458,B,1
1918,1.025348034257755,-0.6512961263601446,0.13775369227712947,1.1868422715656082,0.10913223566194555,A,0
1919,-0.31728672525244067,0.2213752539762284,0.45192228339364876,-0.15972439270235994,0.0030795840024056553,B,0
1920,-1.466185982469542,0.3951731428154863,-0.29415243484556425,-0.9565199992225366,-1.140047411115837,A,0
1921,-1.0937370617166706,0.32308325793790066,-0.2424967920780333,0.38450719918546195,-0.5731752637371876,A,0
1922,1.0269057463206197,-0.3161248719684872,1.7073620136715535,0.16905114187113568,1.952978036896472,A,1
1923,-1.9215045305486382,-1.101621829574262,2.710546768846383,-1.7928596441108762,1.9271348605767327,B,1
1924,1.1289911009620173,0.6658330978067158,-1.2043669485340438,1.3703349147292254,-1.0278502987656333,B,0
1925,-0.05510209904228934,0.012513759421530454,-1.2594712043760588,-0.6456672838632476,-0.8138697715207601,B,1
1926,-1.1923953304424335,0.8883575248346502,-0.9571528278081498,0.08438890654869008,0.26139221292342796,B,1
1927,-0.5831150723026911,0.7900755494722314,-0.10328841503855507,0.3368422644368023,-0.22587961471295415,A,0
1928,-1.0172243411016413,-1.4217620690471156,0.895780511037257,-0.6865529801656264,1.4583714483272585,A,1
1929,0.8662252008585286,-1.4342222074576032,0.591252942048272,0.24764626829138608,0.40163141489971266,A,1
1930,0.7324278097628383,-0.7555407187405284,0.17203113678046833,0.7116755029262243,0.1418303092431878,A,0
1931,-1.7191611338760466,-1.056265408290668,0.5289355469578989,-1.614840334725167,0.5877843260838054,B,1
1932,-0.4035921185193341,0.7552517759761007,-0.6920861566283695,-0.2958645424770804,-1.022577135759771,B,0
1933,-0.8631856623442771,0.35130967598791774,-0.2441227717526189,0.7127361476290738,-0.3430067657258956,B,0
1934,1.2935099684593703,1.0991839937853107,-0.020094548375796818,0.5623501702072939,0.2101224852865149,B,0
1935,-1.350099118126421,0.3964868174109183,-1.5842163388718526,-1.3250726016072973,-1.5884310812384221,B,0
1936,1.604229104685014,0.20864958187336902,-1.161310204722596,1.3494262740021084,-0.8546025441986719,B,0
1937,-0.033294739516937566,1.1997297803441704,-1.121566061277659,1.3923810705505977,-0.6706754231352292,A,0
1938,-1.1619344063800876,0.4697273397350485,0.7641082236837743,-0.36752155100344575,0.028697264225260033,B,0
1939,-0.6772741840092779,0.0681009634377188,0.24535494857241638,0.12733782116439563,0.7058351676206258,B,1
1940,-0.8016188407684506,1.4804530339306854,0.611061200073943,-0.7386461512317068,0.16809397312128438,B,1
1941,-1.274618402015506,0.11518088315279006,-1.8396549898024643,-0.9569530807234772,-1.3933559511619278,B,0
1942,0.09482685973037566,-0.30434060491792164,-1.4835666860516032,-1.032248090192365,-1.9817024621526453,B,0
1943,-1.2279155506918433,-0.8378232587776496,0.6632154402564954,-0.7654554806896008,0.4450092389283399,B,1
1944,-2.1803662087381888,0.7030254590454112,-2.778669641666051,-1.730322659014715,-1.8998776329026663,A,1
1945,-0.3796764708481731,1.2370505418424689,1.2246293575998046,-0.24819003460399297,1.4825029513526033,A,1
1946,-1.8028561964178826,-0.05058740143343007,-1.82331714352279,-0.8499948160867432,-0.9822599431234604,B,0
1947,-0.7521608680675204,1.3079156237798386,0.8433448919249784,0.7335734670582719,0.8918664154806915,B,0
1948,-0.9091028886033559,-1.970015031971576,-0.8885846247569626,-1.6099533032624098,-0.832558517746528,A,1
1949,-0.8712160720258142,-0.0554533748079148,1.0489037151715825,-0.2653700785651911,0.6819120277552135,A,1
1950,2.0009631015901537,-0.04009491210443619,3.208160913916495,1.4494244883384202,2.8641048433268654,B,1
1951,0.05641156716957076,-0.726994372407347,-2.2731776301211255,-0.4373636756231671,-1.8896922418032798,B,0
1952,0.24537100899533215,2.383861037981873,0.6953771478606484,0.7918003829450114,0.4926031103926305,A,0
1953,-1.7763982963422946,-0.06619263268876116,-1.8081627135937397,-0.816489590707436,-0.8858164406776989,B,1
1954,-0.6539631336369219,-0.4077307716044333,0.4267689222175041,-0.2896954205968284,0.5176462240980496,A,0
1955,0.21530262994151197,0.02596211343350502,-0.20677216355189393,0.589174836226789,-0.31428424974101415,A,0
1956,-1.0245289129130064,-2.0028137385258296,0.1297823224618433,-1.4600910049712699,-0.001737203857761327,B,1
1957,0.9080628435179854,-0.7598679253449151,-0.911686276328237,-0.41934621330132954,0.4014828386908741,B,1
1958,-1.2026965859010301,0.9832399694454041,0.7805411094965004,0.11517211386667409,0.6656620416204846,B,1
1959,-0.2863661358651756,-0.6289453549327747,-1.448357837970381,-0.48698289909966336,-0.7177533532549871,A,1
1960,-0.5860516399755586,-0.8288751628002715,1.2416372628987402,-1.0074372875471425,0.8284962424880468,A,0
1961,0.16432065938191598,1.3095256365144003,-0.40925030661018263,0.6060372952894937,-0.5294445271350191,B,0
1962,-0.640490071855426,1.340254400951829,-1.4026906774030896,-0.05929543183253094,-1.167575719387512,B,0
1963,-0.27089362707093734,0.5169904721611418,1.5949368233406982,0.540380949265223,1.2129955242730466,B,0
1964,-0.23613009177798555,-0.4551173340386673,-0.06734265280915312,-1.0782940888761352,0.4110537540772934,A,1
1965,-0.734387757391301,-0.23947106511632352,1.9076359704420263,-1.0571111543961516,0.9920036294051371,B,1
1966,0.48509386849711267,-0.804149961574959,1.2213561293133421,-0.2754051020250593,0.2824808000908291,A,0
1967,0.23838837483742528,-0.9947731190286448,-0.798145704786435,0.4525218895076326,-0.3176069439080267,B,1
1968,-0.0886139452531673,-1.0444164883084324,-0.0849898009367489,-0.04823633675969219,-0.7242182316564186,B,0
1969,-0.4304583334619581,-0.6180544067852075,0.12103793966357433,-1.3877226050933913,0.04650694162472463,A,0
1970,0.796544030519997,-1.034720990684745,1.5263031999864394,0.6362394673458687,1.0207615230715752,A,0
1971,-0.23583424381418136,-1.563705118543149,0.437517713367115,-0.24864299706824133,0.8648775191664448,B,0
1972,-0.3066972878259372,0.21940266975390574,0.17629262109645927,-0.661321200829931,1.0708228185598947,A,1
1973,0.10469002988812601,0.23459558089343707,-0.1998795870983077,-1.0806173269186286,-1.1591301390992834,A,0
1974,1.6965866829708507,1.7007927584283167,-0.0505570358546391,1.8322375778230475,0.7615440383752897,B,1
1975,-1.340356208021204,-0.6683383683547026,1.3045920856783244,-0.5771707043401627,0.9303445540862544,B,1
1976,0.7698568930553547,0.29610058962327057,0.0037053507974743488,1.405595415544949,0.11727796871986793,A,1
1977,-1.893171161238105,0.31271257927480167,-0.3949972712981747,-1.414960039286087,-1.046456684575541,B,0
1978,0.21727315822862395,-0.2538375611255331,-0.5645071656136869,0.8794346667058905,0.1540482814086861,A,0
1979,1.5750828276087308,0.7443335887496761,-0.553765153836162,0.20325029303172593,-0.5157660572593865,A,1
1980,0.48866852446730713,0.7752291868507144,-1.402095996042765,0.49679040119109774,-1.1672467401942217,A,1
1981,0.1706250785397928,0.32741109519753997,-0.750375308326479,0.05747526011477208,-1.5594374923195202,A,0
1982,-0.5604494688030756,-0.25563970504779554,1.498420275650323,0.11207897865640842,1.1369205408884988,B,1
1983,0.03104720048855424,-0.35753010855453504,-0.20659926056749658,0.489014498985755,0.3498007012219465,B,1
1984,-0.2520628154033563,-1.3677538987970592,0.7044116685560984,-0.3580028109238457,0.6484996300070863,A,1
1985,-0.7859766079313554,-0.8059177786176916,-2.4787565179008344,-1.5498198784406063,-0.9868463339849703,A,1
1986,-0.28987561547486984,-0.6220075239016879,0.5683113089658791,-0.05361961533630494,1.088667007002134,A,0
1987,0.19838116062643954,-1.123971762429434,-0.16135270436911373,-0.1884362005421074,-0.2087002319429167,A,0
1988,-0.7672170685306403,0.43992396668766426,-0.48144002289050875,-1.0759854504143473,0.3725641200378074,B,1
1989,-0.8062818206846841,1.19662786898701,0.18095995742113172,-0.918962072318149,-0.09000612144006863,B,1
1990,-1.3602434375921744,-0.9080624323291501,-0.4958252538120278,-0.7511826337094917,-0.1405925658086741,A,1
1991,0.3907250260888961,0.28344143574463715,-2.123874919888356,0.28610608303603396,-1.493910119769411,B,0
1992,0.5453232619670604,-1.0341111395297102,0.9222479411719373,-0.8324526588120567,0.8870536621968611,A,1
1993,0.23166044423651747,-0.30492217093916213,0.24301756134819305,-0.11755078328205489,-1.0839699511976866,A,1
1994,0.9651704927286658,-0.6903295791777758,-0.3139424547478518,0.4159580466049129,-0.17444700158280146,B,1
1995,0.08786763708072752,0.6018956486064415,-0.9661853720724374,0.31224284321788376,-1.4786821260032217,A,0
1996,0.3920109373657567,-0.6787881738421783,-1.469857516107135,-0.8801806010646783,-0.07997477539872044,B,0
1997,0.30383742563756283,1.0116604137066467,0.2238927070680576,1.630911114017916,0.7474343080669111,A,1
1998,-0.09154001941820787,-0.24572077366219902,1.613440960225359,0.3243245860119218,1.6045219931179848,A,1
1999,-0.5308218281296473,-0.6496037095948308,0.2031664767410382,-0.8109836775119375,0.15290355696824864,B,1
2000,2.214152615791911,-1.253305262345163,-1.382761606092826,0.5542916103514214,-1.221279540097795,B,0
