applicant_id,checking_status,duration_months,credit_history,purpose,credit_amount_kdm,savings,employment_since,installment_rate,female,other_debtors,residence_since,property,age,young,other_plans,housing,n_existing_credits,job,n_dependents,telephone,foreign_worker,default
1,lt_0,12,no_credits_or_all_paid,other,1.108,lt_100,4_to_7y,4,0,none,3,real_estate,28,0,none,own,2,skilled,1,0,1,0
2,none,24,critical_or_other_credits,radio_tv,2.223,100_to_500,ge_7y,4,0,none,4,savings_or_insurance,52,0,bank,own,2,skilled,1,0,1,0
3,none,24,critical_or_other_credits,car_used,2.346,lt_100,4_to_7y,4,0,none,3,car_or_other,35,0,none,own,2,skilled,1,1,1,0
4,lt_0,42,critical_or_other_credits,other,3.394,lt_100,unemployed,4,0,co_applicant,4,car_or_other,65,0,none,own,2,unskilled_nonresident,1,0,1,1
5,none,24,critical_or_other_credits,other,2.058,lt_100,1_to_4y,4,0,none,2,real_estate,33,0,none,own,2,skilled,1,1,1,0
6,lt_0,15,existing_paid,car_new,3.959,lt_100,1_to_4y,3,1,none,2,savings_or_insurance,29,0,none,own,1,skilled,1,1,1,0
7,none,12,critical_or_other_credits,business,1.412,lt_100,1_to_4y,4,1,guarantor,2,real_estate,29,0,none,own,2,management,1,1,1,0
8,none,12,critical_or_other_credits,car_new,0.926,lt_100,unemployed,1,1,none,2,savings_or_insurance,38,0,none,own,1,unskilled_nonresident,1,0,1,0
9,lt_0,12,existing_paid,car_new,1.168,lt_100,1_to_4y,4,0,none,3,real_estate,27,0,none,own,1,unskilled_resident,1,0,1,0
10,0_to_200,12,existing_paid,car_new,1.318,ge_1000,ge_7y,4,0,none,4,real_estate,54,0,none,own,1,skilled,1,1,1,0
11,none,15,critical_or_other_credits,education,1.532,100_to_500,1_to_4y,4,1,none,3,car_or_other,31,0,none,own,1,skilled,1,0,1,1
12,ge_200,24,existing_paid,radio_tv,1.258,500_to_1000,1_to_4y,3,1,none,3,car_or_other,57,0,none,own,1,unskilled_resident,1,0,1,0
13,0_to_200,36,all_paid_this_bank,other,3.99,unknown,lt_1y,3,1,none,2,unknown,29,0,bank,own,1,unskilled_nonresident,1,0,1,1
14,lt_0,18,critical_or_other_credits,furniture,2.124,lt_100,1_to_4y,4,1,none,4,real_estate,24,1,none,rent,2,skilled,1,0,1,1
15,none,18,existing_paid,radio_tv,1.505,lt_100,1_to_4y,4,0,none,2,unknown,32,0,none,free,1,management,1,1,1,0
16,none,22,existing_paid,radio_tv,2.675,500_to_1000,ge_7y,3,0,none,4,car_or_other,40,0,none,own,1,skilled,1,0,1,0
17,0_to_200,12,past_delay,radio_tv,0.585,lt_100,1_to_4y,4,0,co_applicant,4,real_estate,20,1,none,rent,2,skilled,1,0,1,1
18,0_to_200,12,critical_or_other_credits,car_used,1.86,lt_100,unemployed,4,0,none,2,car_or_other,34,0,none,own,2,management,1,1,1,0
19,none,24,critical_or_other_credits,radio_tv,2.611,lt_100,ge_7y,4,0,co_applicant,3,real_estate,46,0,none,own,2,skilled,1,0,1,1
20,none,36,critical_or_other_credits,car_used,11.054,unknown,1_to_4y,4,0,none,2,car_or_other,30,0,none,own,1,management,1,1,1,0
21,lt_0,24,existing_paid,car_new,3.123,lt_100,lt_1y,4,1,none,1,savings_or_insurance,27,0,none,own,1,skilled,1,0,1,0
22,none,36,existing_paid,car_new,3.079,unknown,1_to_4y,4,0,none,4,real_estate,36,0,none,own,1,skilled,1,0,1,0
23,lt_0,21,all_paid_this_bank,car_new,1.647,unknown,1_to_4y,4,0,none,2,savings_or_insurance,40,0,none,own,2,unskilled_resident,2,0,1,1
24,lt_0,18,critical_or_other_credits,furniture,1.049,lt_100,lt_1y,4,1,none,4,savings_or_insurance,21,1,none,rent,1,skilled,1,0,1,0
25,none,24,critical_or_other_credits,car_new,1.94,ge_1000,ge_7y,4,0,none,4,real_estate,60,0,none,own,1,skilled,1,1,1,0
26,none,24,critical_or_other_credits,radio_tv,1.851,lt_100,4_to_7y,4,0,guarantor,2,car_or_other,33,0,none,own,2,skilled,1,1,1,0
27,none,24,past_delay,business,8.648,lt_100,lt_1y,2,0,none,2,car_or_other,27,0,bank,own,2,skilled,1,1,1,0
28,lt_0,36,existing_paid,furniture,2.712,lt_100,ge_7y,2,0,none,2,savings_or_insurance,41,0,bank,own,1,skilled,2,0,1,0
29,lt_0,24,past_delay,car_new,1.333,lt_100,unemployed,4,0,none,2,real_estate,43,0,none,free,2,skilled,2,0,1,0
30,none,12,existing_paid,education,0.719,lt_100,ge_7y,4,0,none,4,car_or_other,41,0,bank,own,1,unskilled_resident,2,0,1,0
31,none,36,critical_or_other_credits,car_used,11.054,unknown,1_to_4y,4,0,none,2,car_or_other,30,0,none,own,1,management,1,1,1,0
32,lt_0,12,existing_paid,furniture,7.865,lt_100,ge_7y,4,0,none,4,unknown,53,0,none,free,1,management,1,1,1,0
33,none,12,critical_or_other_credits,radio_tv,0.797,unknown,ge_7y,4,1,none,3,savings_or_insurance,33,0,bank,own,1,unskilled_resident,2,0,1,0
34,0_to_200,9,existing_paid,education,1.199,lt_100,4_to_7y,4,1,none,4,savings_or_insurance,67,0,none,own,2,management,1,1,1,0
35,0_to_200,48,existing_paid,business,15.672,lt_100,1_to_4y,2,0,none,2,car_or_other,23,1,none,own,1,skilled,1,1,1,1
36,0_to_200,48,no_credits_or_all_paid,business,14.421,lt_100,1_to_4y,2,0,none,2,car_or_other,25,0,none,own,1,skilled,1,1,1,1
37,lt_0,15,existing_paid,car_new,3.959,lt_100,1_to_4y,3,1,none,2,savings_or_insurance,29,0,none,own,1,skilled,1,1,1,0
38,none,18,no_credits_or_all_paid,business,4.165,lt_100,1_to_4y,2,0,none,2,car_or_other,36,0,stores,own,2,skilled,2,0,1,1
39,none,18,critical_or_other_credits,radio_tv,2.404,lt_100,1_to_4y,2,1,none,2,car_or_other,26,0,none,own,2,skilled,1,0,1,0
40,lt_0,18,all_paid_this_bank,furniture,1.553,lt_100,1_to_4y,4,0,none,3,car_or_other,44,0,bank,own,1,skilled,1,0,1,0
41,none,6,existing_paid,furniture,2.978,500_to_1000,1_to_4y,1,0,none,2,car_or_other,32,0,none,own,1,skilled,1,1,1,0
42,none,24,existing_paid,car_new,1.393,lt_100,1_to_4y,2,0,guarantor,2,real_estate,31,0,none,own,1,skilled,1,1,1,0
43,none,12,existing_paid,furniture,1.123,500_to_1000,1_to_4y,4,1,none,4,car_or_other,29,0,none,rent,1,unskilled_resident,1,0,1,0
44,none,10,existing_paid,education,0.727,500_to_1000,ge_7y,4,0,none,4,unknown,46,0,none,free,1,skilled,1,1,1,0
45,0_to_200,12,existing_paid,car_new,1.007,ge_1000,1_to_4y,4,0,none,1,real_estate,22,1,none,own,1,skilled,1,0,1,1
46,0_to_200,15,existing_paid,other,1.514,100_to_500,1_to_4y,4,0,guarantor,2,real_estate,22,1,none,own,1,skilled,1,0,1,0
47,none,9,critical_or_other_credits,education,1.244,unknown,ge_7y,4,1,none,4,savings_or_insurance,41,0,none,rent,2,unskilled_resident,1,0,1,0
48,0_to_200,36,critical_or_other_credits,car_used,5.8,lt_100,1_to_4y,3,0,none,4,car_or_other,34,0,none,own,2,skilled,1,1,1,1
49,0_to_200,72,existing_paid,radio_tv,5.595,100_to_500,1_to_4y,2,0,none,2,car_or_other,24,1,none,own,1,skilled,1,0,1,0
50,none,36,critical_or_other_credits,car_used,5.711,ge_1000,ge_7y,4,0,none,2,car_or_other,38,0,none,own,2,management,1,1,1,0
51,lt_0,12,critical_or_other_credits,car_new,0.691,lt_100,ge_7y,4,0,none,3,savings_or_insurance,35,0,none,own,2,skilled,1,0,1,0
52,0_to_200,45,existing_paid,radio_tv,3.031,100_to_500,1_to_4y,4,0,guarantor,4,savings_or_insurance,21,1,none,rent,1,skilled,1,0,1,1
53,none,6,existing_paid,furniture,1.766,lt_100,1_to_4y,1,0,none,2,savings_or_insurance,21,1,none,rent,1,skilled,1,0,1,0
54,lt_0,24,past_delay,radio_tv,1.659,lt_100,lt_1y,4,1,none,2,car_or_other,29,0,none,rent,1,unskilled_resident,1,1,1,0
55,none,24,critical_or_other_credits,furniture,1.585,lt_100,4_to_7y,4,0,none,3,savings_or_insurance,40,0,none,own,2,skilled,1,0,1,1
56,lt_0,30,critical_or_other_credits,car_used,6.187,100_to_500,4_to_7y,1,0,none,4,car_or_other,24,1,none,rent,2,skilled,1,0,1,1
57,none,24,critical_or_other_credits,car_new,2.022,lt_100,1_to_4y,4,1,none,4,car_or_other,37,0,none,own,1,skilled,1,1,1,0
58,0_to_200,24,past_delay,business,6.967,100_to_500,4_to_7y,4,0,none,4,car_or_other,36,0,none,rent,1,management,1,1,1,1
59,lt_0,24,all_paid_this_bank,furniture,2.483,500_to_1000,1_to_4y,4,0,none,4,real_estate,22,1,stores,own,1,skilled,1,1,1,1
60,none,24,critical_or_other_credits,radio_tv,5.103,lt_100,lt_1y,3,0,none,3,unknown,47,0,none,free,3,skilled,1,1,1,0
61,lt_0,9,existing_paid,radio_tv,1.366,lt_100,lt_1y,3,1,none,4,savings_or_insurance,22,1,none,rent,1,skilled,1,0,1,1
62,lt_0,39,critical_or_other_credits,furniture,14.179,unknown,4_to_7y,4,0,none,4,savings_or_insurance,30,0,none,own,2,management,1,1,1,1
63,none,18,critical_or_other_credits,car_used,3.85,lt_100,4_to_7y,3,0,none,1,car_or_other,27,0,none,own,2,skilled,1,0,1,0
64,none,15,existing_paid,radio_tv,3.568,lt_100,ge_7y,4,1,none,2,car_or_other,54,0,bank,rent,1,management,1,1,1,0
65,0_to_200,24,existing_paid,radio_tv,1.967,lt_100,ge_7y,4,1,none,4,car_or_other,20,1,none,own,1,skilled,1,1,1,0
66,lt_0,8,critical_or_other_credits,car_new,3.398,lt_100,4_to_7y,1,0,none,4,real_estate,39,0,none,own,2,unskilled_resident,1,0,0,0
67,lt_0,12,existing_paid,radio_tv,1.107,lt_100,1_to_4y,2,0,none,2,real_estate,20,1,none,rent,1,management,2,1,1,0
68,none,36,existing_paid,car_new,3.079,unknown,1_to_4y,4,0,none,4,real_estate,36,0,none,own,1,skilled,1,0,1,1
69,lt_0,42,existing_paid,radio_tv,3.965,lt_100,lt_1y,4,0,none,3,car_or_other,34,0,none,own,1,skilled,1,0,1,1
70,none,24,past_delay,car_used,4.679,lt_100,4_to_7y,3,0,none,3,car_or_other,35,0,none,own,2,unskilled_resident,1,1,1,0
71,none,9,existing_paid,furniture,2.301,100_to_500,lt_1y,2,1,none,4,savings_or_insurance,22,1,none,rent,1,skilled,1,0,1,0
72,0_to_200,18,no_credits_or_all_paid,furniture,3.244,lt_100,1_to_4y,1,1,none,4,car_or_other,33,0,bank,own,2,skilled,1,1,1,0
73,0_to_200,12,existing_paid,furniture,3.017,lt_100,lt_1y,3,1,none,1,real_estate,34,0,none,rent,1,management,1,0,1,0
74,lt_0,12,critical_or_other_credits,car_new,3.499,lt_100,1_to_4y,3,1,co_applicant,2,real_estate,29,0,none,own,2,skilled,1,0,1,0
75,ge_200,10,critical_or_other_credits,radio_tv,1.347,unknown,4_to_7y,4,0,none,2,savings_or_insurance,27,0,none,own,2,skilled,1,1,1,0
76,lt_0,18,no_credits_or_all_paid,furniture,3.114,lt_100,lt_1y,1,1,none,4,savings_or_insurance,26,0,none,rent,1,skilled,1,0,1,1
77,lt_0,24,critical_or_other_credits,car_used,6.615,lt_100,unemployed,2,0,none,4,unknown,75,0,none,free,2,management,1,1,1,0
78,0_to_200,48,existing_paid,radio_tv,10.961,ge_1000,4_to_7y,1,0,co_applicant,2,unknown,27,0,bank,own,2,skilled,1,1,1,0
79,0_to_200,24,past_delay,business,4.712,unknown,1_to_4y,4,0,none,2,savings_or_insurance,37,0,bank,own,2,management,1,1,1,0
80,ge_200,30,critical_or_other_credits,radio_tv,3.017,lt_100,ge_7y,4,0,none,4,savings_or_insurance,47,0,none,own,1,skilled,1,0,1,0
81,none,12,existing_paid,car_new,3.527,unknown,lt_1y,2,0,none,3,savings_or_insurance,45,0,none,own,1,management,2,1,1,0
82,none,24,critical_or_other_credits,car_new,1.287,ge_1000,ge_7y,4,1,none,4,real_estate,37,0,none,own,2,skilled,1,1,1,0
83,none,24,critical_or_other_credits,radio_tv,2.872,100_to_500,ge_7y,3,0,none,4,real_estate,36,0,none,own,1,skilled,2,1,1,0
84,lt_0,45,no_credits_or_all_paid,business,11.816,lt_100,ge_7y,2,0,none,4,car_or_other,29,0,none,rent,2,skilled,1,0,1,1
85,none,9,existing_paid,education,3.832,unknown,ge_7y,1,0,none,4,real_estate,64,0,none,own,1,unskilled_resident,1,0,1,0
86,none,12,existing_paid,furniture,1.123,500_to_1000,1_to_4y,4,1,none,4,car_or_other,29,0,none,rent,1,unskilled_resident,1,0,1,0
87,0_to_200,18,existing_paid,business,2.622,100_to_500,1_to_4y,4,0,none,4,car_or_other,34,0,none,own,1,skilled,1,0,1,1
88,ge_200,24,existing_paid,furniture,3.749,lt_100,lt_1y,2,1,none,4,car_or_other,26,0,none,own,1,skilled,1,0,1,0
89,none,10,existing_paid,car_used,2.901,unknown,lt_1y,1,1,none,4,real_estate,31,0,none,rent,1,skilled,1,0,1,0
90,lt_0,45,no_credits_or_all_paid,business,11.816,lt_100,ge_7y,2,0,none,4,car_or_other,29,0,none,rent,2,skilled,1,0,1,1
91,0_to_200,12,existing_paid,radio_tv,1.484,unknown,1_to_4y,2,0,none,1,real_estate,25,0,none,own,1,skilled,1,1,1,0
92,0_to_200,12,existing_paid,car_new,7.472,unknown,unemployed,1,1,none,2,real_estate,24,1,none,rent,1,unskilled_nonresident,1,0,1,0
93,none,21,past_delay,car_used,2.993,lt_100,1_to_4y,3,0,none,2,real_estate,28,0,stores,own,2,unskilled_resident,1,0,1,0
94,0_to_200,18,critical_or_other_credits,furniture,7.374,lt_100,unemployed,4,0,none,4,savings_or_insurance,40,0,stores,own,2,management,1,1,1,0
95,none,15,existing_paid,furniture,2.186,unknown,4_to_7y,1,1,none,4,real_estate,33,0,bank,rent,1,unskilled_resident,1,0,1,1
96,0_to_200,12,existing_paid,radio_tv,1.092,lt_100,1_to_4y,4,1,guarantor,4,real_estate,49,0,none,own,2,skilled,1,1,1,1
97,lt_0,30,existing_paid,radio_tv,2.522,lt_100,ge_7y,1,0,guarantor,3,savings_or_insurance,39,0,none,own,1,skilled,2,0,1,0
98,none,15,past_delay,radio_tv,1.478,lt_100,1_to_4y,4,0,none,3,real_estate,33,0,bank,own,2,skilled,1,0,1,0
99,none,24,existing_paid,radio_tv,1.376,500_to_1000,4_to_7y,4,1,none,1,car_or_other,28,0,none,own,1,skilled,1,0,1,0
100,ge_200,12,existing_paid,radio_tv,1.881,lt_100,1_to_4y,2,1,none,2,car_or_other,44,0,none,rent,1,unskilled_resident,1,1,1,0
101,lt_0,45,no_credits_or_all_paid,business,11.816,lt_100,ge_7y,2,0,none,4,car_or_other,29,0,none,rent,2,skilled,1,0,1,1
102,0_to_200,18,past_delay,furniture,4.297,lt_100,ge_7y,4,0,none,3,unknown,40,0,none,own,1,management,1,1,1,0
103,0_to_200,12,existing_paid,car_new,7.472,unknown,unemployed,1,1,none,2,real_estate,24,1,none,rent,1,unskilled_nonresident,1,0,1,0
104,0_to_200,36,existing_paid,car_used,6.948,lt_100,1_to_4y,2,0,none,2,car_or_other,35,0,none,rent,1,management,1,1,1,0
105,lt_0,18,existing_paid,car_used,7.511,unknown,ge_7y,1,0,none,4,savings_or_insurance,51,0,none,free,1,skilled,2,1,1,0
106,none,22,existing_paid,radio_tv,2.675,500_to_1000,ge_7y,3,0,none,4,car_or_other,40,0,none,own,1,skilled,1,0,1,0
107,0_to_200,39,critical_or_other_credits,radio_tv,4.933,lt_100,4_to_7y,2,0,guarantor,2,real_estate,25,0,none,own,2,skilled,1,0,1,0
108,ge_200,6,critical_or_other_credits,education,1.047,lt_100,1_to_4y,2,1,none,4,savings_or_insurance,50,0,none,own,1,unskilled_resident,1,0,1,0
109,lt_0,6,existing_paid,education,0.448,lt_100,lt_1y,4,1,none,4,savings_or_insurance,23,1,none,own,1,skilled,1,0,1,0
110,none,15,existing_paid,car_new,5.324,500_to_1000,ge_7y,1,1,none,4,unknown,35,0,none,free,1,skilled,1,0,1,0
111,lt_0,12,existing_paid,furniture,1.262,unknown,ge_7y,2,0,none,4,savings_or_insurance,49,0,none,own,1,unskilled_resident,1,1,1,0
112,0_to_200,39,critical_or_other_credits,radio_tv,4.933,lt_100,4_to_7y,2,0,guarantor,2,real_estate,25,0,none,own,2,skilled,1,0,1,0
113,0_to_200,12,existing_paid,radio_tv,1.331,lt_100,lt_1y,2,0,none,1,car_or_other,22,1,stores,own,1,skilled,1,0,1,0
114,lt_0,6,existing_paid,other,0.343,lt_100,lt_1y,4,1,none,1,real_estate,27,0,none,own,1,skilled,1,0,1,0
115,none,10,existing_paid,car_new,1.309,unknown,1_to_4y,4,0,guarantor,4,savings_or_insurance,27,0,none,own,1,unskilled_resident,1,0,1,0
116,0_to_200,48,existing_paid,radio_tv,3.979,unknown,4_to_7y,4,0,none,1,car_or_other,41,0,none,own,2,skilled,2,1,1,0
117,ge_200,18,existing_paid,radio_tv,2.1,lt_100,1_to_4y,4,0,co_applicant,2,real_estate,37,0,stores,own,1,skilled,1,0,1,0
118,ge_200,12,existing_paid,radio_tv,1.881,lt_100,1_to_4y,2,1,none,2,car_or_other,44,0,none,rent,1,unskilled_resident,1,1,1,0
119,none,24,existing_paid,business,1.258,lt_100,4_to_7y,4,0,none,1,real_estate,25,0,none,own,1,skilled,1,1,1,1
120,lt_0,12,existing_paid,radio_tv,1.68,500_to_1000,ge_7y,3,0,none,1,real_estate,35,0,none,own,1,skilled,1,0,1,1
121,ge_200,12,all_paid_this_bank,business,0.609,lt_100,lt_1y,4,1,none,1,real_estate,26,0,none,own,1,unskilled_nonresident,1,0,1,0
122,lt_0,12,critical_or_other_credits,car_new,4.843,lt_100,ge_7y,3,0,co_applicant,4,savings_or_insurance,43,0,none,rent,2,skilled,1,1,1,0
123,none,24,critical_or_other_credits,car_used,2.346,lt_100,4_to_7y,4,0,none,3,car_or_other,35,0,none,own,2,skilled,1,1,1,0
124,lt_0,6,existing_paid,education,0.448,lt_100,lt_1y,4,1,none,4,savings_or_insurance,23,1,none,own,1,skilled,1,0,1,1
125,none,24,existing_paid,car_new,1.474,100_to_500,lt_1y,4,0,none,3,real_estate,33,0,none,own,1,skilled,1,1,1,0
126,0_to_200,24,past_delay,radio_tv,1.553,100_to_500,4_to_7y,3,1,none,2,savings_or_insurance,23,1,none,rent,2,skilled,1,1,1,1
127,0_to_200,30,existing_paid,furniture,3.832,lt_100,lt_1y,2,0,none,1,savings_or_insurance,22,1,none,own,1,skilled,1,0,1,0
128,none,24,critical_or_other_credits,car_new,2.463,100_to_500,4_to_7y,4,0,none,3,savings_or_insurance,27,0,none,own,2,skilled,1,1,1,1
129,0_to_200,9,existing_paid,radio_tv,1.082,lt_100,ge_7y,4,0,none,4,car_or_other,27,0,none,own,2,unskilled_resident,1,0,1,0
130,0_to_200,24,existing_paid,car_new,1.355,lt_100,lt_1y,3,1,none,4,car_or_other,25,0,none,own,1,unskilled_resident,1,1,1,0
131,0_to_200,24,past_delay,radio_tv,1.553,100_to_500,4_to_7y,3,1,none,2,savings_or_insurance,23,1,none,rent,2,skilled,1,1,1,0
132,0_to_200,12,critical_or_other_credits,car_new,1.995,100_to_500,lt_1y,4,0,none,1,car_or_other,27,0,none,own,1,skilled,1,0,1,0
133,none,12,critical_or_other_credits,radio_tv,0.618,lt_100,ge_7y,4,0,none,4,real_estate,56,0,none,own,1,skilled,1,0,1,1
134,0_to_200,18,critical_or_other_credits,furniture,1.928,lt_100,lt_1y,2,0,none,2,real_estate,31,0,none,own,2,unskilled_resident,1,0,1,0
135,none,24,existing_paid,furniture,3.062,500_to_1000,ge_7y,4,0,none,3,unknown,32,0,none,rent,1,skilled,1,1,1,1
136,lt_0,10,critical_or_other_credits,car_new,1.038,lt_100,4_to_7y,4,0,co_applicant,3,savings_or_insurance,49,0,none,own,2,skilled,1,1,1,1
137,0_to_200,24,all_paid_this_bank,education,1.837,lt_100,4_to_7y,4,1,none,4,unknown,34,0,bank,free,1,unskilled_resident,1,0,1,1
138,0_to_200,18,existing_paid,business,1.913,ge_1000,lt_1y,3,0,none,3,real_estate,36,0,bank,own,1,skilled,1,1,1,0
139,0_to_200,24,existing_paid,radio_tv,3.758,500_to_1000,unemployed,1,1,none,4,unknown,23,1,none,rent,1,unskilled_nonresident,1,0,1,0
140,none,6,existing_paid,other,0.66,500_to_1000,4_to_7y,2,0,none,4,real_estate,23,1,none,rent,1,unskilled_resident,1,0,1,0
141,ge_200,21,existing_paid,car_new,2.923,100_to_500,1_to_4y,1,1,none,1,car_or_other,28,0,bank,own,1,management,1,1,1,0
142,none,36,critical_or_other_credits,radio_tv,3.342,unknown,ge_7y,4,0,none,2,car_or_other,51,0,none,own,1,skilled,1,1,1,0
143,none,18,critical_or_other_credits,radio_tv,2.404,lt_100,1_to_4y,2,1,none,2,car_or_other,26,0,none,own,2,skilled,1,0,1,1
144,none,24,existing_paid,radio_tv,3.235,500_to_1000,ge_7y,3,0,none,2,car_or_other,26,0,none,own,1,management,1,1,1,0
145,lt_0,18,existing_paid,radio_tv,1.936,unknown,4_to_7y,2,0,none,4,car_or_other,23,1,none,rent,2,unskilled_resident,1,0,1,0
146,lt_0,18,all_paid_this_bank,car_new,1.442,lt_100,4_to_7y,4,0,none,4,unknown,32,0,none,free,2,unskilled_resident,2,0,1,0
147,ge_200,12,existing_paid,furniture,1.474,lt_100,lt_1y,4,1,none,1,savings_or_insurance,33,0,bank,own,1,management,1,1,1,1
148,0_to_200,18,existing_paid,radio_tv,0.866,lt_100,1_to_4y,4,0,guarantor,2,real_estate,25,0,none,own,1,unskilled_resident,1,0,1,0
149,ge_200,12,existing_paid,radio_tv,3.016,lt_100,1_to_4y,3,0,none,1,car_or_other,24,1,none,own,1,skilled,1,0,1,0
150,ge_200,18,existing_paid,car_new,1.961,lt_100,ge_7y,3,1,none,2,car_or_other,23,1,none,own,1,management,1,0,1,1
151,none,24,existing_paid,car_new,1.474,100_to_500,lt_1y,4,0,none,3,real_estate,33,0,none,own,1,skilled,1,1,1,0
152,none,12,existing_paid,furniture,1.574,lt_100,1_to_4y,4,0,none,2,real_estate,50,0,none,own,1,skilled,1,0,1,0
153,lt_0,6,existing_paid,car_new,14.896,lt_100,ge_7y,1,0,none,4,unknown,68,0,bank,own,1,management,1,1,1,0
154,ge_200,42,critical_or_other_credits,car_used,4.796,lt_100,ge_7y,4,0,none,4,unknown,56,0,none,free,1,skilled,1,0,1,1
155,lt_0,9,existing_paid,furniture,2.136,lt_100,1_to_4y,3,0,none,2,real_estate,25,0,none,own,1,skilled,1,0,1,0
156,lt_0,12,existing_paid,car_new,0.9,unknown,1_to_4y,4,0,none,2,car_or_other,23,1,none,own,1,skilled,1,0,1,0
157,lt_0,12,existing_paid,radio_tv,0.701,lt_100,1_to_4y,4,0,none,2,real_estate,40,0,none,own,1,unskilled_resident,1,0,1,0
158,none,21,no_credits_or_all_paid,car_new,5.003,unknown,1_to_4y,1,1,none,4,savings_or_insurance,29,0,bank,own,2,skilled,1,1,1,0
159,none,10,existing_paid,car_new,1.309,unknown,1_to_4y,4,0,guarantor,4,savings_or_insurance,27,0,none,own,1,unskilled_resident,1,0,1,0
160,0_to_200,12,existing_paid,car_new,0.836,100_to_500,lt_1y,4,1,none,2,savings_or_insurance,23,1,bank,own,1,unskilled_resident,1,0,1,1
161,lt_0,30,existing_paid,car_used,3.857,lt_100,1_to_4y,4,0,none,4,savings_or_insurance,40,0,none,own,1,management,1,1,1,1
162,ge_200,6,critical_or_other_credits,education,1.047,lt_100,1_to_4y,2,1,none,4,savings_or_insurance,50,0,none,own,1,unskilled_resident,1,0,1,0
163,ge_200,12,critical_or_other_credits,car_new,0.939,500_to_1000,4_to_7y,4,0,none,2,real_estate,28,0,none,own,3,skilled,1,1,1,0
164,none,24,critical_or_other_credits,car_used,2.197,unknown,4_to_7y,4,0,none,4,car_or_other,43,0,none,own,2,skilled,2,1,1,0
165,lt_0,18,past_delay,education,8.471,unknown,1_to_4y,1,1,none,2,car_or_other,23,1,none,rent,2,skilled,1,1,1,1
166,lt_0,48,existing_paid,car_new,3.931,lt_100,4_to_7y,4,0,none,4,unknown,46,0,none,free,1,skilled,2,0,1,1
167,lt_0,24,existing_paid,radio_tv,1.938,lt_100,lt_1y,4,0,none,3,savings_or_insurance,32,0,none,own,1,skilled,1,0,1,0
168,lt_0,18,existing_paid,furniture,1.131,lt_100,unemployed,4,1,none,2,car_or_other,33,0,none,own,1,skilled,1,0,1,0
169,lt_0,24,no_credits_or_all_paid,furniture,4.11,lt_100,ge_7y,3,0,none,4,unknown,23,1,bank,rent,2,skilled,2,0,1,1
170,lt_0,10,critical_or_other_credits,car_new,2.241,lt_100,lt_1y,1,0,none,3,real_estate,48,0,none,rent,2,unskilled_resident,2,0,0,0
171,none,18,all_paid_this_bank,car_new,6.458,lt_100,ge_7y,2,0,none,4,unknown,39,0,bank,own,2,management,2,1,1,1
172,none,12,critical_or_other_credits,radio_tv,0.618,lt_100,ge_7y,4,0,none,4,real_estate,56,0,none,own,1,skilled,1,0,1,0
173,lt_0,36,critical_or_other_credits,education,8.065,lt_100,1_to_4y,3,1,none,2,unknown,25,0,none,own,2,management,1,1,1,0
174,lt_0,12,existing_paid,car_new,1.228,lt_100,1_to_4y,4,1,none,2,real_estate,24,1,none,own,1,unskilled_resident,1,0,1,0
175,0_to_200,12,existing_paid,radio_tv,1.103,lt_100,4_to_7y,4,0,guarantor,3,real_estate,29,0,none,own,2,skilled,1,0,0,0
176,lt_0,15,existing_paid,car_new,1.721,lt_100,lt_1y,2,0,none,3,real_estate,36,0,none,own,1,skilled,1,0,1,0
177,none,18,existing_paid,radio_tv,1.505,lt_100,1_to_4y,4,0,none,2,unknown,32,0,none,free,1,management,1,1,1,0
178,none,18,critical_or_other_credits,car_new,1.055,lt_100,lt_1y,4,1,none,1,savings_or_insurance,30,0,none,own,2,skilled,1,0,1,0
179,lt_0,16,critical_or_other_credits,car_new,2.625,lt_100,ge_7y,2,0,guarantor,4,savings_or_insurance,43,0,bank,rent,1,skilled,1,1,1,1
180,lt_0,36,existing_paid,car_used,5.493,lt_100,ge_7y,2,0,none,4,unknown,42,0,none,free,1,skilled,2,0,1,1
181,0_to_200,60,existing_paid,education,6.288,lt_100,1_to_4y,4,0,none,4,unknown,42,0,none,free,1,skilled,1,0,1,1
182,ge_200,36,existing_paid,radio_tv,5.848,lt_100,1_to_4y,4,0,none,1,car_or_other,24,1,none,own,1,skilled,1,0,1,1
183,none,24,critical_or_other_credits,furniture,1.585,lt_100,4_to_7y,4,0,none,3,savings_or_insurance,40,0,none,own,2,skilled,1,0,1,1
184,0_to_200,12,existing_paid,radio_tv,1.103,lt_100,4_to_7y,4,0,guarantor,3,real_estate,29,0,none,own,2,skilled,1,0,0,0
185,lt_0,24,existing_paid,furniture,2.996,unknown,1_to_4y,2,0,none,4,car_or_other,20,1,none,own,1,skilled,1,0,1,0
186,lt_0,36,existing_paid,car_new,1.842,lt_100,lt_1y,4,1,none,4,car_or_other,34,0,none,own,1,skilled,1,1,1,1
187,lt_0,18,existing_paid,furniture,1.131,lt_100,unemployed,4,1,none,2,car_or_other,33,0,none,own,1,skilled,1,0,1,1
188,0_to_200,18,existing_paid,car_used,12.976,lt_100,unemployed,3,1,none,4,unknown,38,0,none,free,1,management,1,1,1,0
189,none,12,critical_or_other_credits,radio_tv,1.291,lt_100,1_to_4y,4,1,none,2,savings_or_insurance,35,0,none,own,2,skilled,1,0,1,0
190,0_to_200,36,no_credits_or_all_paid,radio_tv,3.804,lt_100,1_to_4y,4,1,none,1,car_or_other,42,0,none,own,1,skilled,1,1,1,1
191,none,24,critical_or_other_credits,radio_tv,5.103,lt_100,lt_1y,3,0,none,3,unknown,47,0,none,free,3,skilled,1,1,1,0
192,lt_0,24,existing_paid,radio_tv,3.66,lt_100,1_to_4y,2,1,none,4,car_or_other,28,0,none,own,1,skilled,1,0,1,0
193,0_to_200,36,existing_paid,radio_tv,2.671,100_to_500,1_to_4y,4,1,co_applicant,4,unknown,50,0,none,free,1,skilled,1,0,1,1
194,ge_200,12,existing_paid,radio_tv,3.399,unknown,ge_7y,2,0,none,3,car_or_other,37,0,none,own,1,management,1,0,1,0
195,0_to_200,24,existing_paid,furniture,3.069,100_to_500,ge_7y,4,0,none,4,unknown,30,0,none,free,1,skilled,1,0,1,0
196,0_to_200,36,existing_paid,education,12.612,100_to_500,1_to_4y,1,0,none,4,unknown,47,0,none,free,1,skilled,2,1,1,1
197,0_to_200,18,existing_paid,radio_tv,3.213,500_to_1000,lt_1y,1,0,none,3,real_estate,25,0,none,rent,1,skilled,1,0,1,0
198,lt_0,33,critical_or_other_credits,furniture,4.281,500_to_1000,1_to_4y,1,1,none,4,car_or_other,23,1,none,own,2,skilled,1,0,1,0
199,lt_0,24,existing_paid,furniture,4.169,lt_100,1_to_4y,4,0,none,4,savings_or_insurance,28,0,none,own,1,skilled,1,0,1,0
200,0_to_200,21,past_delay,car_new,2.353,lt_100,1_to_4y,1,0,none,4,savings_or_insurance,47,0,none,own,2,skilled,1,0,1,0
201,none,18,critical_or_other_credits,car_used,3.85,lt_100,4_to_7y,3,0,none,1,car_or_other,27,0,none,own,2,skilled,1,0,1,0
202,none,15,past_delay,car_used,3.594,lt_100,lt_1y,1,1,none,2,savings_or_insurance,46,0,none,own,2,unskilled_resident,1,0,1,0
203,lt_0,24,existing_paid,furniture,2.996,unknown,1_to_4y,2,0,none,4,car_or_other,20,1,none,own,1,skilled,1,0,1,1
204,ge_200,15,existing_paid,education,1.905,lt_100,ge_7y,4,0,none,4,car_or_other,40,0,none,rent,1,management,1,1,1,0
205,lt_0,12,existing_paid,car_used,3.386,lt_100,ge_7y,3,0,none,4,unknown,35,0,none,free,1,skilled,1,1,1,1
206,0_to_200,15,existing_paid,radio_tv,0.802,lt_100,ge_7y,4,0,none,3,car_or_other,37,0,none,own,1,skilled,2,0,1,0
207,none,24,critical_or_other_credits,car_new,2.463,100_to_500,4_to_7y,4,0,none,3,savings_or_insurance,27,0,none,own,2,skilled,1,1,1,0
208,lt_0,11,critical_or_other_credits,car_new,3.939,lt_100,1_to_4y,1,0,none,2,real_estate,40,0,none,own,2,unskilled_resident,2,0,1,0
209,none,12,critical_or_other_credits,education,2.748,lt_100,ge_7y,2,1,none,4,unknown,57,0,bank,free,3,unskilled_resident,1,0,1,0
210,none,36,critical_or_other_credits,car_used,5.711,ge_1000,ge_7y,4,0,none,2,car_or_other,38,0,none,own,2,management,1,1,1,0
211,lt_0,24,existing_paid,radio_tv,1.603,lt_100,ge_7y,4,1,none,4,car_or_other,55,0,none,own,1,skilled,1,0,1,0
212,none,30,critical_or_other_credits,radio_tv,3.077,unknown,ge_7y,3,0,none,2,car_or_other,40,0,none,own,2,skilled,2,1,1,0
213,lt_0,40,critical_or_other_credits,education,5.998,lt_100,1_to_4y,4,0,none,3,unknown,27,0,bank,own,1,skilled,1,1,1,0
214,0_to_200,15,past_delay,other,1.512,ge_1000,1_to_4y,3,0,none,3,savings_or_insurance,61,0,stores,own,2,skilled,1,0,1,0
215,0_to_200,24,existing_paid,car_used,11.56,lt_100,1_to_4y,1,1,none,4,car_or_other,23,1,none,rent,2,management,1,0,1,0
216,0_to_200,48,all_paid_this_bank,car_new,12.169,unknown,unemployed,4,0,co_applicant,4,unknown,36,0,none,free,1,management,1,1,1,1
217,0_to_200,30,existing_paid,furniture,3.832,lt_100,lt_1y,2,0,none,1,savings_or_insurance,22,1,none,own,1,skilled,1,0,1,0
218,none,12,critical_or_other_credits,education,2.012,unknown,4_to_7y,4,1,none,2,car_or_other,61,0,none,own,1,skilled,1,0,1,0
219,0_to_200,7,existing_paid,radio_tv,2.576,lt_100,1_to_4y,2,0,guarantor,2,real_estate,35,0,none,own,1,skilled,1,0,1,0
220,none,36,critical_or_other_credits,car_used,10.477,unknown,ge_7y,2,0,none,4,unknown,42,0,none,free,2,skilled,1,0,1,0
221,0_to_200,12,existing_paid,other,0.639,lt_100,1_to_4y,4,0,none,2,car_or_other,30,0,none,own,1,skilled,1,0,1,0
222,none,24,existing_paid,car_used,2.679,lt_100,lt_1y,4,1,none,1,unknown,29,0,none,own,1,management,1,1,1,0
223,0_to_200,27,existing_paid,business,2.528,lt_100,lt_1y,4,1,none,1,savings_or_insurance,32,0,none,own,1,skilled,2,1,1,1
224,none,27,past_delay,business,5.117,lt_100,4_to_7y,3,0,none,4,car_or_other,26,0,none,own,2,skilled,1,0,1,0
225,0_to_200,6,all_paid_this_bank,education,0.433,ge_1000,lt_1y,4,1,none,2,savings_or_insurance,24,1,bank,rent,1,skilled,2,0,1,1
226,none,6,existing_paid,furniture,1.543,ge_1000,1_to_4y,4,0,none,2,real_estate,33,0,none,own,1,skilled,1,0,1,0
227,0_to_200,42,all_paid_this_bank,car_used,9.283,lt_100,unemployed,1,0,none,2,unknown,55,0,bank,free,1,management,1,1,1,1
228,none,24,existing_paid,other,0.937,lt_100,lt_1y,4,0,none,3,car_or_other,27,0,none,own,2,unskilled_resident,1,0,1,1
229,none,24,critical_or_other_credits,car_new,2.022,lt_100,1_to_4y,4,1,none,4,car_or_other,37,0,none,own,1,skilled,1,1,1,0
230,lt_0,12,existing_paid,furniture,2.577,lt_100,1_to_4y,2,0,none,1,car_or_other,42,0,none,own,1,skilled,1,0,1,0
231,0_to_200,12,existing_paid,other,0.754,unknown,ge_7y,4,0,none,4,savings_or_insurance,38,0,none,own,2,skilled,1,0,1,0
232,none,10,existing_paid,other,0.894,unknown,4_to_7y,4,1,none,3,savings_or_insurance,40,0,none,own,1,skilled,1,1,1,0
233,none,24,existing_paid,radio_tv,3.43,500_to_1000,ge_7y,3,0,none,2,car_or_other,31,0,none,own,1,skilled,2,1,1,0
234,none,24,existing_paid,car_new,1.393,lt_100,1_to_4y,2,0,guarantor,2,real_estate,31,0,none,own,1,skilled,1,1,1,0
235,none,6,critical_or_other_credits,radio_tv,1.237,100_to_500,1_to_4y,1,1,none,1,savings_or_insurance,27,0,none,own,2,skilled,1,0,1,0
236,0_to_200,20,no_credits_or_all_paid,car_used,6.148,100_to_500,ge_7y,3,0,none,4,car_or_other,31,0,bank,own,2,skilled,1,1,1,0
237,0_to_200,6,past_delay,furniture,1.05,lt_100,unemployed,4,0,none,1,savings_or_insurance,35,0,stores,own,2,management,1,1,1,1
238,lt_0,6,critical_or_other_credits,furniture,1.872,lt_100,unemployed,4,0,none,4,unknown,36,0,none,free,3,management,1,1,1,1
239,0_to_200,8,existing_paid,furniture,1.237,lt_100,1_to_4y,3,1,none,4,real_estate,24,1,none,own,1,skilled,1,0,1,0
240,0_to_200,9,all_paid_this_bank,car_new,1.437,100_to_500,4_to_7y,2,0,none,3,unknown,29,0,none,own,1,skilled,1,0,1,0
241,ge_200,6,existing_paid,car_new,0.709,ge_1000,lt_1y,2,0,none,2,real_estate,27,0,none,own,1,unskilled_nonresident,1,0,0,1
242,none,12,existing_paid,car_new,2.133,unknown,ge_7y,4,1,none,4,unknown,52,0,none,free,1,management,1,1,1,0
243,0_to_200,12,existing_paid,car_new,1.318,ge_1000,ge_7y,4,0,none,4,real_estate,54,0,none,own,1,skilled,1,1,1,0
244,lt_0,12,existing_paid,education,0.684,lt_100,1_to_4y,4,0,none,4,car_or_other,40,0,none,rent,1,unskilled_resident,2,0,1,1
245,none,42,critical_or_other_credits,furniture,4.042,500_to_1000,1_to_4y,4,0,none,4,real_estate,36,0,none,own,2,skilled,1,1,1,0
246,lt_0,10,existing_paid,radio_tv,2.315,lt_100,ge_7y,3,0,none,4,real_estate,52,0,none,own,1,unskilled_resident,1,0,1,0
247,ge_200,15,critical_or_other_credits,radio_tv,1.271,unknown,1_to_4y,3,0,none,4,unknown,39,0,none,free,2,skilled,1,1,1,0
248,none,36,critical_or_other_credits,car_used,5.842,lt_100,ge_7y,2,0,none,2,savings_or_insurance,35,0,none,own,2,skilled,2,1,1,0
249,none,22,existing_paid,radio_tv,2.675,500_to_1000,ge_7y,3,0,none,4,car_or_other,40,0,none,own,1,skilled,1,0,1,0
250,0_to_200,12,existing_paid,radio_tv,1.158,500_to_1000,1_to_4y,3,0,none,1,car_or_other,26,0,none,own,1,skilled,1,1,1,0
251,lt_0,21,critical_or_other_credits,car_new,0.571,lt_100,ge_7y,4,0,none,4,real_estate,65,0,none,own,2,skilled,1,0,1,1
252,0_to_200,6,existing_paid,radio_tv,0.368,unknown,ge_7y,4,0,none,4,savings_or_insurance,38,0,none,own,1,skilled,1,0,1,0
253,lt_0,12,existing_paid,radio_tv,0.674,100_to_500,4_to_7y,4,0,none,1,savings_or_insurance,20,1,none,own,1,skilled,1,0,1,1
254,0_to_200,6,existing_paid,radio_tv,1.068,lt_100,ge_7y,4,0,none,4,car_or_other,28,0,none,own,1,skilled,2,0,1,0
255,ge_200,12,existing_paid,radio_tv,1.297,lt_100,1_to_4y,3,0,none,4,real_estate,23,1,none,rent,1,skilled,1,0,1,0
256,none,21,critical_or_other_credits,furniture,2.288,lt_100,lt_1y,4,1,none,4,savings_or_insurance,23,1,none,own,1,skilled,1,1,1,0
257,0_to_200,72,existing_paid,radio_tv,5.595,100_to_500,1_to_4y,2,0,none,2,car_or_other,24,1,none,own,1,skilled,1,0,1,1
258,0_to_200,9,critical_or_other_credits,furniture,1.919,lt_100,4_to_7y,4,0,none,3,car_or_other,35,0,none,rent,1,skilled,1,1,1,0
259,none,30,all_paid_this_bank,car_used,7.485,unknown,unemployed,4,1,none,1,real_estate,53,0,bank,own,1,management,1,1,1,1
260,lt_0,12,existing_paid,furniture,1.289,lt_100,1_to_4y,4,0,guarantor,1,savings_or_insurance,21,1,none,own,1,unskilled_resident,1,0,1,1
261,ge_200,24,existing_paid,furniture,2.892,lt_100,ge_7y,3,0,none,4,unknown,51,0,none,free,1,skilled,1,0,1,0
262,lt_0,15,no_credits_or_all_paid,car_new,0.95,lt_100,ge_7y,4,0,none,3,car_or_other,33,0,none,rent,2,skilled,2,0,1,1
263,0_to_200,21,critical_or_other_credits,furniture,2.745,ge_1000,4_to_7y,3,0,none,2,car_or_other,32,0,none,own,2,skilled,1,1,1,1
264,lt_0,12,all_paid_this_bank,car_new,0.697,lt_100,lt_1y,4,0,none,2,car_or_other,46,0,bank,own,2,skilled,1,1,1,1
265,0_to_200,24,critical_or_other_credits,radio_tv,1.743,lt_100,ge_7y,4,0,none,2,savings_or_insurance,48,0,none,own,2,unskilled_resident,1,0,1,0
266,0_to_200,12,critical_or_other_credits,car_new,3.124,lt_100,lt_1y,1,0,none,3,real_estate,49,0,bank,own,2,unskilled_resident,2,0,1,1
267,0_to_200,7,existing_paid,radio_tv,2.576,lt_100,1_to_4y,2,0,guarantor,2,real_estate,35,0,none,own,1,skilled,1,0,1,1
268,0_to_200,13,critical_or_other_credits,radio_tv,0.882,lt_100,lt_1y,4,0,guarantor,4,real_estate,23,1,none,own,2,skilled,1,0,1,1
269,lt_0,21,existing_paid,radio_tv,3.357,ge_1000,lt_1y,4,1,none,2,car_or_other,29,0,bank,own,1,skilled,1,0,1,1
270,lt_0,12,critical_or_other_credits,radio_tv,0.385,lt_100,4_to_7y,4,1,none,3,real_estate,58,0,none,own,4,unskilled_resident,1,1,1,0
271,none,48,critical_or_other_credits,business,7.629,unknown,ge_7y,4,0,none,2,car_or_other,46,0,bank,own,2,management,2,0,1,0
272,lt_0,10,critical_or_other_credits,car_new,2.241,lt_100,lt_1y,1,0,none,3,real_estate,48,0,none,rent,2,unskilled_resident,2,0,0,0
273,none,10,existing_paid,radio_tv,1.924,lt_100,1_to_4y,1,0,none,4,savings_or_insurance,38,0,none,own,1,skilled,1,1,0,0
274,lt_0,28,existing_paid,car_new,4.006,lt_100,1_to_4y,3,0,none,2,car_or_other,45,0,none,own,1,unskilled_resident,1,0,1,0
275,none,21,existing_paid,car_new,2.782,500_to_1000,4_to_7y,1,1,none,2,car_or_other,31,0,bank,own,1,management,1,0,1,1
276,lt_0,30,existing_paid,furniture,3.622,ge_1000,ge_7y,4,1,none,4,savings_or_insurance,57,0,none,rent,2,skilled,1,1,1,0
277,none,48,past_delay,radio_tv,7.238,unknown,ge_7y,3,0,none,3,car_or_other,32,0,bank,own,2,skilled,2,0,1,0
278,0_to_200,12,no_credits_or_all_paid,other,1.41,lt_100,1_to_4y,2,0,none,2,real_estate,31,0,none,own,1,unskilled_resident,1,1,1,1
279,none,24,existing_paid,radio_tv,3.181,lt_100,lt_1y,4,1,none,4,savings_or_insurance,26,0,none,own,1,skilled,1,1,1,0
280,none,18,existing_paid,business,1.568,100_to_500,1_to_4y,3,1,none,4,savings_or_insurance,24,1,none,rent,1,unskilled_resident,1,0,1,0
281,none,9,existing_paid,radio_tv,2.697,lt_100,1_to_4y,1,0,none,2,real_estate,32,0,none,own,1,skilled,2,0,1,0
282,none,12,existing_paid,radio_tv,3.077,lt_100,1_to_4y,2,0,none,4,car_or_other,52,0,none,own,1,skilled,1,1,1,0
283,none,36,existing_paid,business,5.742,100_to_500,4_to_7y,2,0,none,2,car_or_other,31,0,none,own,2,skilled,1,1,1,0
284,none,12,critical_or_other_credits,radio_tv,1.934,lt_100,ge_7y,2,0,none,2,unknown,26,0,none,own,2,skilled,1,0,1,0
285,lt_0,12,existing_paid,furniture,1.62,lt_100,1_to_4y,2,1,co_applicant,3,savings_or_insurance,30,0,none,own,1,skilled,1,0,1,0
286,0_to_200,6,existing_paid,radio_tv,2.063,lt_100,lt_1y,4,0,none,3,car_or_other,30,0,none,rent,1,management,1,1,1,1
287,none,18,critical_or_other_credits,car_new,1.055,lt_100,lt_1y,4,1,none,1,savings_or_insurance,30,0,none,own,2,skilled,1,0,1,0
288,none,30,critical_or_other_credits,radio_tv,5.954,lt_100,4_to_7y,3,0,co_applicant,2,car_or_other,38,0,none,own,1,skilled,1,0,1,0
289,lt_0,30,existing_paid,furniture,6.35,unknown,ge_7y,4,0,none,4,savings_or_insurance,31,0,none,own,1,skilled,1,0,1,0
290,none,6,existing_paid,other,1.238,unknown,unemployed,4,0,none,4,savings_or_insurance,36,0,none,own,1,management,2,1,1,0
291,none,12,critical_or_other_credits,radio_tv,0.93,unknown,ge_7y,4,0,none,4,real_estate,65,0,none,own,4,skilled,1,0,1,0
292,none,36,critical_or_other_credits,business,6.304,unknown,ge_7y,4,0,none,4,real_estate,36,0,none,own,2,skilled,1,0,1,0
293,none,36,existing_paid,furniture,10.974,lt_100,unemployed,4,1,none,2,car_or_other,26,0,none,own,2,management,1,1,1,1
294,none,18,critical_or_other_credits,education,1.864,100_to_500,1_to_4y,4,1,none,2,real_estate,30,0,none,own,2,skilled,1,0,1,1
295,lt_0,24,past_delay,car_new,1.333,lt_100,unemployed,4,0,none,2,real_estate,43,0,none,free,2,skilled,2,0,1,1
296,none,24,critical_or_other_credits,other,5.507,lt_100,ge_7y,3,0,none,4,unknown,44,0,none,free,2,skilled,1,0,1,0
297,lt_0,12,existing_paid,radio_tv,0.709,lt_100,ge_7y,4,0,none,4,real_estate,57,0,stores,own,1,unskilled_resident,1,0,1,1
298,lt_0,42,critical_or_other_credits,other,3.394,lt_100,unemployed,4,0,co_applicant,4,car_or_other,65,0,none,own,2,unskilled_nonresident,1,0,1,1
299,0_to_200,24,critical_or_other_credits,car_new,3.878,100_to_500,lt_1y,4,0,none,2,car_or_other,37,0,none,own,1,skilled,1,1,1,0
300,lt_0,6,existing_paid,radio_tv,2.647,500_to_1000,1_to_4y,2,0,none,3,real_estate,44,0,none,rent,1,skilled,2,0,1,0
301,none,6,existing_paid,furniture,1.766,lt_100,1_to_4y,1,0,none,2,savings_or_insurance,21,1,none,rent,1,skilled,1,0,1,0
302,lt_0,18,critical_or_other_credits,car_new,3.966,lt_100,ge_7y,1,1,none,4,real_estate,33,0,bank,rent,3,skilled,1,1,1,1
303,0_to_200,30,critical_or_other_credits,car_new,5.234,lt_100,unemployed,4,0,none,2,car_or_other,28,0,none,own,2,management,1,0,1,0
304,lt_0,21,existing_paid,radio_tv,2.606,lt_100,lt_1y,4,1,none,4,savings_or_insurance,28,0,none,rent,1,management,1,1,1,1
305,lt_0,30,existing_paid,furniture,6.35,unknown,ge_7y,4,0,none,4,savings_or_insurance,31,0,none,own,1,skilled,1,0,1,1
306,ge_200,6,existing_paid,car_new,0.709,ge_1000,lt_1y,2,0,none,2,real_estate,27,0,none,own,1,unskilled_nonresident,1,0,0,0
307,ge_200,24,critical_or_other_credits,car_new,1.344,unknown,4_to_7y,4,0,none,2,real_estate,37,0,bank,own,2,unskilled_resident,2,0,1,0
308,0_to_200,9,existing_paid,education,1.199,lt_100,4_to_7y,4,1,none,4,savings_or_insurance,67,0,none,own,2,management,1,1,1,1
309,lt_0,36,all_paid_this_bank,furniture,2.746,lt_100,ge_7y,4,0,none,4,car_or_other,31,0,bank,own,1,skilled,1,0,1,1
310,lt_0,24,existing_paid,furniture,7.721,unknown,lt_1y,1,1,none,2,savings_or_insurance,30,0,none,own,1,skilled,1,1,0,0
311,none,24,critical_or_other_credits,other,6.314,lt_100,unemployed,4,0,co_applicant,2,unknown,27,0,bank,own,2,management,1,1,1,1
312,none,60,existing_paid,car_new,10.366,lt_100,ge_7y,2,0,none,4,savings_or_insurance,42,0,none,own,1,management,1,1,1,1
313,lt_0,33,critical_or_other_credits,furniture,4.281,500_to_1000,1_to_4y,1,1,none,4,car_or_other,23,1,none,own,2,skilled,1,0,1,0
314,none,12,existing_paid,furniture,1.574,lt_100,1_to_4y,4,0,none,2,real_estate,50,0,none,own,1,skilled,1,0,1,0
315,none,12,critical_or_other_credits,business,1.185,lt_100,1_to_4y,3,1,none,2,real_estate,27,0,none,own,2,skilled,1,0,1,0
316,0_to_200,18,critical_or_other_credits,furniture,6.361,lt_100,ge_7y,2,0,none,1,unknown,41,0,none,own,1,skilled,1,1,1,0
317,0_to_200,24,past_delay,radio_tv,6.403,lt_100,lt_1y,1,0,none,2,car_or_other,33,0,none,own,1,skilled,1,0,1,0
318,none,15,critical_or_other_credits,radio_tv,1.316,500_to_1000,1_to_4y,2,0,none,2,savings_or_insurance,47,0,none,own,2,unskilled_resident,1,0,1,0
319,0_to_200,60,existing_paid,education,6.288,lt_100,1_to_4y,4,0,none,4,unknown,42,0,none,free,1,skilled,1,0,1,1
320,0_to_200,12,critical_or_other_credits,furniture,3.617,lt_100,ge_7y,1,0,none,4,car_or_other,28,0,none,rent,3,skilled,1,1,1,0
321,0_to_200,30,critical_or_other_credits,car_new,4.249,lt_100,unemployed,4,0,none,2,car_or_other,28,0,none,own,2,management,1,0,1,1
322,0_to_200,12,existing_paid,car_new,6.078,lt_100,4_to_7y,2,0,none,2,car_or_other,32,0,none,own,1,skilled,1,0,1,0
323,none,18,past_delay,furniture,1.808,lt_100,4_to_7y,4,1,none,1,real_estate,22,1,none,own,1,skilled,1,0,1,0
324,none,10,existing_paid,car_used,2.848,100_to_500,1_to_4y,1,0,co_applicant,2,real_estate,32,0,none,own,1,skilled,2,0,1,0
325,ge_200,24,existing_paid,radio_tv,1.258,500_to_1000,1_to_4y,3,1,none,3,car_or_other,57,0,none,own,1,unskilled_resident,1,0,1,0
326,ge_200,36,existing_paid,radio_tv,4.21,lt_100,1_to_4y,4,0,none,2,car_or_other,26,0,none,own,1,skilled,1,0,1,1
327,0_to_200,6,existing_paid,car_new,14.555,unknown,unemployed,1,0,none,2,savings_or_insurance,23,1,none,own,1,unskilled_nonresident,1,1,1,0
328,ge_200,18,existing_paid,radio_tv,2.1,lt_100,1_to_4y,4,0,co_applicant,2,real_estate,37,0,stores,own,1,skilled,1,0,1,1
329,0_to_200,36,existing_paid,radio_tv,4.795,lt_100,lt_1y,4,1,none,1,unknown,30,0,none,own,1,management,1,1,1,0
330,0_to_200,9,existing_paid,education,1.199,lt_100,4_to_7y,4,1,none,4,savings_or_insurance,67,0,none,own,2,management,1,1,1,1
331,none,24,critical_or_other_credits,car_new,2.022,lt_100,1_to_4y,4,1,none,4,car_or_other,37,0,none,own,1,skilled,1,1,1,0
332,none,36,existing_paid,car_new,3.079,unknown,1_to_4y,4,0,none,4,real_estate,36,0,none,own,1,skilled,1,0,1,0
333,0_to_200,9,existing_paid,car_new,0.276,lt_100,1_to_4y,4,0,none,4,real_estate,22,1,none,rent,1,unskilled_resident,1,0,1,1
334,0_to_200,48,past_delay,business,6.681,unknown,1_to_4y,4,0,none,4,unknown,38,0,none,free,1,skilled,2,1,1,0
335,lt_0,36,existing_paid,furniture,3.62,lt_100,1_to_4y,1,0,guarantor,2,savings_or_insurance,37,0,none,own,1,skilled,2,0,1,0
336,0_to_200,42,all_paid_this_bank,car_used,9.283,lt_100,unemployed,1,0,none,2,unknown,55,0,bank,free,1,management,1,1,1,1
337,none,24,existing_paid,radio_tv,2.397,500_to_1000,ge_7y,3,0,none,2,car_or_other,35,0,bank,own,2,skilled,1,1,1,0
338,0_to_200,24,existing_paid,furniture,4.351,unknown,1_to_4y,1,1,none,4,savings_or_insurance,48,0,none,own,1,unskilled_resident,1,1,1,0
339,none,27,past_delay,business,5.117,lt_100,4_to_7y,3,0,none,4,car_or_other,26,0,none,own,2,skilled,1,0,1,0
340,0_to_200,24,existing_paid,car_used,4.113,500_to_1000,lt_1y,3,1,none,4,car_or_other,28,0,none,rent,1,skilled,1,0,1,0
341,0_to_200,24,existing_paid,car_new,1.355,lt_100,lt_1y,3,1,none,4,car_or_other,25,0,none,own,1,unskilled_resident,1,1,1,1
342,none,12,existing_paid,business,1.076,lt_100,1_to_4y,2,0,none,2,real_estate,26,0,none,own,1,skilled,1,1,0,0
343,none,18,critical_or_other_credits,car_new,1.53,lt_100,1_to_4y,3,0,none,2,savings_or_insurance,32,0,bank,own,2,skilled,1,0,1,0
344,lt_0,6,critical_or_other_credits,car_new,0.609,lt_100,4_to_7y,4,1,none,3,savings_or_insurance,37,0,none,own,2,skilled,1,0,0,0
345,lt_0,12,existing_paid,radio_tv,1.107,lt_100,1_to_4y,2,0,none,2,real_estate,20,1,none,rent,1,management,2,1,1,1
346,0_to_200,60,past_delay,radio_tv,7.418,unknown,1_to_4y,1,0,none,1,real_estate,27,0,none,own,1,unskilled_resident,1,0,1,0
347,none,15,all_paid_this_bank,radio_tv,1.569,100_to_500,ge_7y,4,0,none,4,car_or_other,34,0,bank,own,1,unskilled_resident,2,0,1,0
348,ge_200,9,existing_paid,radio_tv,0.745,lt_100,1_to_4y,3,1,none,2,real_estate,28,0,none,own,1,unskilled_resident,1,0,1,0
349,none,36,past_delay,business,9.572,lt_100,lt_1y,1,0,none,1,car_or_other,28,0,none,own,2,skilled,1,0,1,1
350,none,36,existing_paid,car_new,0.909,500_to_1000,ge_7y,4,0,none,4,savings_or_insurance,36,0,none,own,1,skilled,1,0,1,0
351,none,24,existing_paid,radio_tv,1.311,100_to_500,4_to_7y,4,0,none,3,savings_or_insurance,26,0,none,own,1,skilled,1,1,1,0
352,lt_0,48,critical_or_other_credits,car_used,6.143,lt_100,ge_7y,4,1,none,4,unknown,58,0,stores,free,2,unskilled_resident,1,0,1,1
353,none,18,existing_paid,furniture,2.515,lt_100,1_to_4y,3,0,none,4,real_estate,43,0,none,own,1,skilled,1,1,1,0
354,0_to_200,12,existing_paid,radio_tv,1.484,unknown,1_to_4y,2,0,none,1,real_estate,25,0,none,own,1,skilled,1,1,1,0
355,lt_0,11,critical_or_other_credits,car_new,3.939,lt_100,1_to_4y,1,0,none,2,real_estate,40,0,none,own,2,unskilled_resident,2,0,1,0
356,lt_0,18,existing_paid,radio_tv,1.936,unknown,4_to_7y,2,0,none,4,car_or_other,23,1,none,rent,2,unskilled_resident,1,0,1,0
357,none,10,existing_paid,radio_tv,1.924,lt_100,1_to_4y,1,0,none,4,savings_or_insurance,38,0,none,own,1,skilled,1,1,0,0
358,none,15,critical_or_other_credits,radio_tv,1.829,lt_100,ge_7y,4,0,none,4,car_or_other,46,0,none,own,2,skilled,1,1,1,0
359,none,12,critical_or_other_credits,radio_tv,0.618,lt_100,ge_7y,4,0,none,4,real_estate,56,0,none,own,1,skilled,1,0,1,0
360,none,21,existing_paid,car_used,5.248,unknown,1_to_4y,1,0,none,3,car_or_other,26,0,none,own,1,skilled,1,0,1,0
361,0_to_200,21,existing_paid,furniture,3.976,unknown,4_to_7y,2,0,none,3,car_or_other,35,0,none,own,1,skilled,1,1,1,0
362,lt_0,27,critical_or_other_credits,business,2.442,lt_100,ge_7y,4,0,none,4,car_or_other,43,0,stores,own,4,management,2,1,1,0
363,none,24,past_delay,business,2.978,unknown,1_to_4y,4,0,none,4,real_estate,32,0,none,own,2,skilled,2,1,1,0
364,0_to_200,36,critical_or_other_credits,car_used,5.8,lt_100,1_to_4y,3,0,none,4,car_or_other,34,0,none,own,2,skilled,1,1,1,0
365,none,48,critical_or_other_credits,radio_tv,3.578,unknown,ge_7y,4,0,none,1,real_estate,47,0,none,own,1,skilled,1,1,1,0
366,lt_0,6,existing_paid,car_new,1.203,100_to_500,ge_7y,3,0,none,2,savings_or_insurance,43,0,none,own,1,skilled,1,1,1,0
367,none,24,past_delay,car_used,4.679,lt_100,4_to_7y,3,0,none,3,car_or_other,35,0,none,own,2,unskilled_resident,1,1,1,0
368,lt_0,36,all_paid_this_bank,furniture,2.746,lt_100,ge_7y,4,0,none,4,car_or_other,31,0,bank,own,1,skilled,1,0,1,1
369,lt_0,10,critical_or_other_credits,car_new,2.241,lt_100,lt_1y,1,0,none,3,real_estate,48,0,none,rent,2,unskilled_resident,2,0,0,0
370,none,21,critical_or_other_credits,car_used,3.275,lt_100,ge_7y,1,0,none,4,car_or_other,36,0,none,own,1,management,1,1,1,0
371,lt_0,6,critical_or_other_credits,furniture,3.384,lt_100,1_to_4y,1,0,none,4,real_estate,44,0,none,rent,1,management,1,1,1,0
372,lt_0,12,existing_paid,car_new,0.9,unknown,1_to_4y,4,0,none,2,car_or_other,23,1,none,own,1,skilled,1,0,1,1
373,0_to_200,24,existing_paid,radio_tv,1.967,lt_100,ge_7y,4,1,none,4,car_or_other,20,1,none,own,1,skilled,1,1,1,0
374,none,60,critical_or_other_credits,car_new,13.756,unknown,ge_7y,2,0,none,4,unknown,63,0,bank,free,1,management,1,1,1,0
375,0_to_200,24,critical_or_other_credits,business,2.825,unknown,4_to_7y,4,0,none,3,unknown,34,0,none,own,2,skilled,2,1,1,0
376,0_to_200,12,existing_paid,car_new,1.318,ge_1000,ge_7y,4,0,none,4,real_estate,54,0,none,own,1,skilled,1,1,1,0
377,0_to_200,24,existing_paid,car_used,11.56,lt_100,1_to_4y,1,1,none,4,car_or_other,23,1,none,rent,2,management,1,0,1,1
378,lt_0,15,existing_paid,car_new,2.511,lt_100,unemployed,1,1,none,4,car_or_other,23,1,none,rent,1,skilled,1,0,1,1
379,none,6,critical_or_other_credits,car_new,0.362,100_to_500,1_to_4y,4,1,none,4,car_or_other,52,0,none,own,2,unskilled_resident,1,0,1,0
380,lt_0,18,critical_or_other_credits,car_new,5.302,lt_100,ge_7y,2,0,none,4,unknown,36,0,none,free,3,management,1,1,1,0
381,none,36,existing_paid,education,9.055,unknown,1_to_4y,2,0,none,4,unknown,35,0,none,free,1,unskilled_resident,2,1,1,0
382,ge_200,9,existing_paid,radio_tv,0.745,lt_100,1_to_4y,3,1,none,2,real_estate,28,0,none,own,1,unskilled_resident,1,0,1,0
383,none,12,existing_paid,car_new,2.859,unknown,unemployed,4,0,none,4,unknown,38,0,none,own,1,management,1,1,1,0
384,lt_0,24,existing_paid,car_new,0.915,unknown,ge_7y,4,1,none,2,car_or_other,29,0,bank,own,1,skilled,1,0,1,0
385,lt_0,24,existing_paid,furniture,4.02,lt_100,1_to_4y,2,0,none,2,car_or_other,27,0,stores,own,1,skilled,1,0,1,1
386,none,12,existing_paid,furniture,1.768,lt_100,1_to_4y,3,0,none,2,real_estate,24,1,none,rent,1,unskilled_resident,1,0,1,0
387,0_to_200,12,existing_paid,car_new,1.007,ge_1000,1_to_4y,4,0,none,1,real_estate,22,1,none,own,1,skilled,1,0,1,0
388,lt_0,18,existing_paid,car_new,1.216,lt_100,lt_1y,4,1,none,3,car_or_other,23,1,none,rent,1,skilled,1,1,1,1
389,none,15,critical_or_other_credits,radio_tv,1.829,lt_100,ge_7y,4,0,none,4,car_or_other,46,0,none,own,2,skilled,1,1,1,0
390,0_to_200,24,critical_or_other_credits,car_used,7.758,ge_1000,ge_7y,2,1,none,4,unknown,29,0,none,rent,1,skilled,1,0,1,0
391,lt_0,15,existing_paid,car_new,2.511,lt_100,unemployed,1,1,none,4,car_or_other,23,1,none,rent,1,skilled,1,0,1,1
392,lt_0,21,critical_or_other_credits,car_new,0.571,lt_100,ge_7y,4,0,none,4,real_estate,65,0,none,own,2,skilled,1,0,1,0
393,lt_0,18,existing_paid,furniture,3.65,lt_100,lt_1y,1,1,none,4,car_or_other,22,1,none,rent,1,skilled,1,0,1,1
394,none,24,past_delay,business,3.863,lt_100,1_to_4y,1,0,none,2,unknown,32,0,none,free,1,skilled,1,0,1,1
395,0_to_200,20,no_credits_or_all_paid,car_used,6.148,100_to_500,ge_7y,3,0,none,4,car_or_other,31,0,bank,own,2,skilled,1,1,1,0
396,lt_0,12,existing_paid,furniture,3.59,lt_100,1_to_4y,2,0,co_applicant,2,savings_or_insurance,29,0,none,own,1,unskilled_resident,2,0,1,0
397,lt_0,48,critical_or_other_credits,car_used,6.143,lt_100,ge_7y,4,1,none,4,unknown,58,0,stores,free,2,unskilled_resident,1,0,1,1
398,none,6,critical_or_other_credits,radio_tv,1.382,lt_100,1_to_4y,1,1,none,1,car_or_other,28,0,none,own,2,skilled,1,1,1,0
399,none,15,critical_or_other_credits,car_used,3.368,ge_1000,ge_7y,3,0,none,4,unknown,23,1,none,rent,2,skilled,1,1,1,0
400,0_to_200,48,existing_paid,other,5.381,unknown,unemployed,3,0,none,4,unknown,40,0,bank,free,1,unskilled_nonresident,1,1,1,1
401,lt_0,45,existing_paid,radio_tv,1.845,lt_100,1_to_4y,4,0,none,4,unknown,23,1,none,free,1,skilled,1,1,1,1
402,lt_0,18,existing_paid,radio_tv,3.509,lt_100,4_to_7y,4,1,guarantor,1,real_estate,25,0,none,own,1,skilled,1,0,1,1
403,0_to_200,30,critical_or_other_credits,car_new,4.249,lt_100,unemployed,4,0,none,2,car_or_other,28,0,none,own,2,management,1,0,1,1
404,none,24,existing_paid,car_new,7.393,lt_100,1_to_4y,1,0,none,4,savings_or_insurance,43,0,none,own,1,unskilled_resident,2,0,1,0
405,ge_200,6,critical_or_other_credits,car_new,1.323,100_to_500,ge_7y,2,0,none,4,car_or_other,28,0,none,own,2,skilled,2,1,1,0
406,lt_0,24,existing_paid,car_new,3.123,lt_100,lt_1y,4,1,none,1,savings_or_insurance,27,0,none,own,1,skilled,1,0,1,0
407,none,24,critical_or_other_credits,other,2.058,lt_100,1_to_4y,4,0,none,2,real_estate,33,0,none,own,2,skilled,1,1,1,0
408,lt_0,18,existing_paid,furniture,2.462,lt_100,1_to_4y,2,0,none,2,car_or_other,22,1,none,own,1,skilled,1,0,1,1
409,lt_0,12,existing_paid,radio_tv,1.498,lt_100,1_to_4y,4,1,none,1,car_or_other,23,1,bank,own,1,skilled,1,0,1,1
410,lt_0,24,critical_or_other_credits,car_new,1.199,lt_100,ge_7y,4,0,none,4,car_or_other,60,0,none,own,2,unskilled_resident,1,0,1,1
411,lt_0,21,past_delay,education,3.414,lt_100,lt_1y,2,0,none,1,savings_or_insurance,26,0,none,own,2,skilled,1,0,1,0
412,lt_0,24,existing_paid,furniture,3.149,lt_100,lt_1y,4,0,none,1,unknown,22,1,bank,free,1,skilled,1,0,1,0
413,none,24,existing_paid,radio_tv,1.901,100_to_500,1_to_4y,4,0,none,4,car_or_other,29,0,none,rent,1,management,1,1,1,0
414,lt_0,36,past_delay,education,6.887,lt_100,1_to_4y,4,0,none,3,savings_or_insurance,29,0,stores,own,1,skilled,1,1,1,0
415,lt_0,30,no_credits_or_all_paid,business,8.072,unknown,lt_1y,2,0,none,3,car_or_other,25,0,bank,own,3,skilled,1,0,1,0
416,0_to_200,72,existing_paid,radio_tv,5.595,100_to_500,1_to_4y,2,0,none,2,car_or_other,24,1,none,own,1,skilled,1,0,1,0
417,lt_0,11,critical_or_other_credits,car_new,3.939,lt_100,1_to_4y,1,0,none,2,real_estate,40,0,none,own,2,unskilled_resident,2,0,1,1
418,none,24,critical_or_other_credits,car_used,3.868,lt_100,ge_7y,4,1,none,2,car_or_other,41,0,none,rent,2,management,1,1,1,1
419,none,12,existing_paid,car_used,4.675,unknown,lt_1y,1,1,none,4,car_or_other,20,1,none,rent,1,skilled,1,0,1,0
420,ge_200,15,critical_or_other_credits,car_used,2.36,500_to_1000,1_to_4y,2,0,none,2,car_or_other,36,0,none,own,1,skilled,1,1,1,0
421,lt_0,48,existing_paid,car_used,10.297,lt_100,4_to_7y,4,0,none,4,unknown,39,0,stores,free,3,skilled,2,1,1,1
422,none,24,existing_paid,radio_tv,2.284,lt_100,4_to_7y,4,0,none,2,car_or_other,28,0,none,own,1,skilled,1,1,1,0
423,lt_0,30,existing_paid,furniture,3.108,lt_100,lt_1y,2,0,none,4,savings_or_insurance,31,0,none,own,1,unskilled_resident,1,0,1,0
424,0_to_200,12,critical_or_other_credits,car_new,3.124,lt_100,lt_1y,1,0,none,3,real_estate,49,0,bank,own,2,unskilled_resident,2,0,1,0
425,lt_0,18,past_delay,education,8.471,unknown,1_to_4y,1,1,none,2,car_or_other,23,1,none,rent,2,skilled,1,1,1,1
426,0_to_200,18,past_delay,furniture,4.297,lt_100,ge_7y,4,0,none,3,unknown,40,0,none,own,1,management,1,1,1,1
427,none,10,existing_paid,furniture,2.21,lt_100,1_to_4y,2,0,none,2,real_estate,25,0,bank,rent,1,unskilled_resident,1,0,1,1
428,0_to_200,12,existing_paid,car_new,7.472,unknown,unemployed,1,1,none,2,real_estate,24,1,none,rent,1,unskilled_nonresident,1,0,1,0
429,lt_0,6,existing_paid,furniture,1.374,lt_100,1_to_4y,1,0,none,2,real_estate,36,0,bank,own,1,unskilled_resident,1,1,1,0
430,none,30,critical_or_other_credits,car_used,7.596,unknown,ge_7y,1,0,none,4,car_or_other,63,0,none,own,2,skilled,1,0,1,0
431,lt_0,10,existing_paid,radio_tv,2.315,lt_100,ge_7y,3,0,none,4,real_estate,52,0,none,own,1,unskilled_resident,1,0,1,1
432,none,6,critical_or_other_credits,car_new,6.761,lt_100,4_to_7y,1,0,none,3,unknown,45,0,none,own,2,management,2,1,1,0
433,lt_0,21,critical_or_other_credits,car_new,1.602,lt_100,ge_7y,4,0,none,3,car_or_other,30,0,none,own,2,skilled,1,1,1,0
434,lt_0,36,past_delay,education,6.887,lt_100,1_to_4y,4,0,none,3,savings_or_insurance,29,0,stores,own,1,skilled,1,1,1,1
435,none,24,critical_or_other_credits,other,2.058,lt_100,1_to_4y,4,0,none,2,real_estate,33,0,none,own,2,skilled,1,1,1,0
436,ge_200,10,critical_or_other_credits,car_new,0.781,lt_100,ge_7y,4,0,none,4,unknown,63,0,none,free,2,skilled,1,1,1,0
437,none,24,critical_or_other_credits,radio_tv,2.578,ge_1000,ge_7y,2,0,none,2,car_or_other,34,0,none,own,1,skilled,1,0,1,0
438,lt_0,48,existing_paid,car_used,10.297,lt_100,4_to_7y,4,0,none,4,unknown,39,0,stores,free,3,skilled,2,1,1,1
439,none,24,existing_paid,radio_tv,5.943,unknown,lt_1y,1,1,none,1,car_or_other,44,0,none,own,2,skilled,1,1,1,0
440,lt_0,36,critical_or_other_credits,furniture,2.348,lt_100,1_to_4y,3,0,none,2,savings_or_insurance,46,0,none,own,2,skilled,1,1,1,1
441,lt_0,60,existing_paid,business,7.297,lt_100,ge_7y,4,0,co_applicant,4,unknown,36,0,none,rent,1,skilled,1,0,1,1
442,none,6,existing_paid,car_new,0.672,lt_100,unemployed,1,1,none,4,real_estate,54,0,none,own,1,unskilled_nonresident,1,1,1,0
443,none,15,existing_paid,furniture,2.708,lt_100,lt_1y,2,0,none,3,savings_or_insurance,27,0,bank,own,2,unskilled_resident,1,0,1,0
444,none,10,existing_paid,car_new,1.418,100_to_500,1_to_4y,3,0,none,2,real_estate,35,0,none,rent,1,unskilled_resident,1,0,0,0
445,none,24,existing_paid,radio_tv,1.413,lt_100,1_to_4y,4,0,none,2,savings_or_insurance,28,0,none,own,1,skilled,1,0,1,0
446,none,21,existing_paid,furniture,2.241,lt_100,ge_7y,4,0,none,2,real_estate,50,0,none,own,2,skilled,1,0,1,0
447,0_to_200,12,existing_paid,car_new,0.685,lt_100,4_to_7y,2,0,none,3,car_or_other,25,0,bank,own,1,unskilled_resident,1,0,1,0
448,lt_0,24,critical_or_other_credits,radio_tv,1.231,ge_1000,ge_7y,4,1,none,4,savings_or_insurance,57,0,none,rent,2,management,1,1,1,0
449,lt_0,18,existing_paid,radio_tv,3.19,lt_100,1_to_4y,2,1,none,2,real_estate,24,1,none,own,1,skilled,1,0,1,0
450,lt_0,48,existing_paid,car_used,4.788,lt_100,4_to_7y,4,0,none,3,savings_or_insurance,26,0,none,own,1,skilled,2,0,1,1
451,none,6,critical_or_other_credits,radio_tv,1.74,lt_100,ge_7y,2,0,none,2,real_estate,30,0,none,rent,2,skilled,1,0,1,0
452,lt_0,24,all_paid_this_bank,furniture,6.872,lt_100,lt_1y,2,0,none,1,savings_or_insurance,55,0,bank,own,1,skilled,1,1,1,1
453,ge_200,6,critical_or_other_credits,car_new,1.323,100_to_500,ge_7y,2,0,none,4,car_or_other,28,0,none,own,2,skilled,2,1,1,0
454,none,10,critical_or_other_credits,furniture,2.069,unknown,1_to_4y,2,0,none,1,car_or_other,26,0,none,own,2,skilled,1,0,0,0
455,lt_0,24,existing_paid,car_new,1.442,lt_100,4_to_7y,4,1,none,4,car_or_other,23,1,none,rent,2,skilled,1,0,1,0
456,0_to_200,12,existing_paid,radio_tv,1.331,lt_100,lt_1y,2,0,none,1,car_or_other,22,1,stores,own,1,skilled,1,0,1,0
457,lt_0,36,critical_or_other_credits,furniture,5.371,lt_100,1_to_4y,3,0,guarantor,2,savings_or_insurance,28,0,none,own,2,skilled,1,0,1,0
458,none,9,existing_paid,furniture,1.98,lt_100,lt_1y,2,1,co_applicant,2,car_or_other,19,1,none,rent,2,skilled,1,0,1,0
459,lt_0,36,existing_paid,furniture,5.179,lt_100,4_to_7y,4,0,none,2,savings_or_insurance,29,0,none,own,1,skilled,1,0,1,1
460,0_to_200,24,critical_or_other_credits,other,11.938,lt_100,1_to_4y,2,0,co_applicant,3,car_or_other,39,0,none,own,2,management,2,1,1,0
461,0_to_200,9,existing_paid,radio_tv,0.79,500_to_1000,1_to_4y,4,1,none,3,real_estate,66,0,none,own,1,unskilled_resident,1,0,1,0
462,ge_200,6,existing_paid,car_new,0.709,ge_1000,lt_1y,2,0,none,2,real_estate,27,0,none,own,1,unskilled_nonresident,1,0,0,0
463,none,21,existing_paid,car_used,5.248,unknown,1_to_4y,1,0,none,3,car_or_other,26,0,none,own,1,skilled,1,0,1,0
464,0_to_200,18,existing_paid,car_new,1.042,unknown,1_to_4y,4,1,none,2,savings_or_insurance,33,0,none,own,1,skilled,1,0,1,1
465,none,24,existing_paid,furniture,2.835,500_to_1000,ge_7y,3,0,none,4,savings_or_insurance,53,0,none,own,1,skilled,1,0,1,0
466,0_to_200,27,critical_or_other_credits,radio_tv,2.52,500_to_1000,1_to_4y,4,0,none,2,savings_or_insurance,23,1,none,own,2,unskilled_resident,1,0,1,0
467,none,6,existing_paid,furniture,2.978,500_to_1000,1_to_4y,1,0,none,2,car_or_other,32,0,none,own,1,skilled,1,1,1,0
468,lt_0,24,existing_paid,car_new,1.442,lt_100,4_to_7y,4,1,none,4,car_or_other,23,1,none,rent,2,skilled,1,0,1,1
469,0_to_200,36,past_delay,business,4.455,lt_100,1_to_4y,2,0,none,2,real_estate,30,0,stores,own,2,management,1,1,1,0
470,none,12,critical_or_other_credits,radio_tv,0.522,500_to_1000,ge_7y,4,0,none,4,savings_or_insurance,42,0,none,own,2,skilled,2,1,1,0
471,none,6,critical_or_other_credits,car_new,6.761,lt_100,4_to_7y,1,0,none,3,unknown,45,0,none,own,2,management,2,1,1,0
472,0_to_200,12,existing_paid,car_new,7.472,unknown,unemployed,1,1,none,2,real_estate,24,1,none,rent,1,unskilled_nonresident,1,0,1,1
473,lt_0,6,critical_or_other_credits,furniture,1.872,lt_100,unemployed,4,0,none,4,unknown,36,0,none,free,3,management,1,1,1,1
474,none,48,past_delay,radio_tv,7.238,unknown,ge_7y,3,0,none,3,car_or_other,32,0,bank,own,2,skilled,2,0,1,0
475,0_to_200,24,existing_paid,car_new,1.355,lt_100,lt_1y,3,1,none,4,car_or_other,25,0,none,own,1,unskilled_resident,1,1,1,1
476,0_to_200,20,existing_paid,car_used,6.468,unknown,unemployed,1,0,none,4,real_estate,60,0,none,own,1,management,1,1,1,0
477,none,18,existing_paid,car_new,6.761,unknown,1_to_4y,2,0,none,4,car_or_other,68,0,none,rent,2,skilled,1,0,1,0
478,lt_0,30,no_credits_or_all_paid,business,8.072,unknown,lt_1y,2,0,none,3,car_or_other,25,0,bank,own,3,skilled,1,0,1,1
479,0_to_200,6,past_delay,furniture,1.05,lt_100,unemployed,4,0,none,1,savings_or_insurance,35,0,stores,own,2,management,1,1,1,0
480,0_to_200,14,existing_paid,business,1.41,500_to_1000,ge_7y,1,0,none,2,real_estate,35,0,none,own,1,skilled,1,1,1,0
481,0_to_200,48,past_delay,other,7.582,100_to_500,unemployed,2,0,none,4,unknown,31,0,none,free,1,management,1,1,1,0
482,0_to_200,48,past_delay,business,6.681,unknown,1_to_4y,4,0,none,4,unknown,38,0,none,free,1,skilled,2,1,1,0
483,lt_0,6,critical_or_other_credits,car_new,0.666,ge_1000,4_to_7y,3,1,none,4,real_estate,39,0,none,own,2,unskilled_resident,1,1,1,0
484,lt_0,18,existing_paid,car_used,7.511,unknown,ge_7y,1,0,none,4,savings_or_insurance,51,0,none,free,1,skilled,2,1,1,0
485,0_to_200,12,existing_paid,other,0.754,unknown,ge_7y,4,0,none,4,savings_or_insurance,38,0,none,own,2,skilled,1,0,1,0
486,none,12,existing_paid,radio_tv,2.141,100_to_500,4_to_7y,3,0,none,1,unknown,35,0,none,own,1,skilled,1,0,1,0
487,lt_0,24,no_credits_or_all_paid,furniture,4.11,lt_100,ge_7y,3,0,none,4,unknown,23,1,bank,rent,2,skilled,2,0,1,1
488,0_to_200,36,existing_paid,education,2.273,lt_100,4_to_7y,3,0,none,1,car_or_other,32,0,none,own,2,skilled,2,0,1,1
489,0_to_200,12,existing_paid,radio_tv,1.155,lt_100,ge_7y,3,0,guarantor,3,real_estate,40,0,bank,own,2,unskilled_resident,1,0,1,0
490,none,24,critical_or_other_credits,business,4.526,lt_100,1_to_4y,3,0,none,2,real_estate,74,0,none,own,1,management,1,1,1,0
491,none,12,critical_or_other_credits,radio_tv,0.522,500_to_1000,ge_7y,4,0,none,4,savings_or_insurance,42,0,none,own,2,skilled,2,1,1,0
492,none,12,critical_or_other_credits,furniture,3.331,lt_100,ge_7y,2,0,none,4,savings_or_insurance,42,0,stores,own,1,skilled,1,0,1,0
493,none,30,critical_or_other_credits,radio_tv,5.771,lt_100,4_to_7y,4,1,none,2,car_or_other,25,0,none,own,2,skilled,1,0,1,0
494,none,36,existing_paid,furniture,3.349,lt_100,1_to_4y,4,1,none,2,car_or_other,28,0,none,own,1,management,1,1,1,1
495,lt_0,24,past_delay,radio_tv,1.024,lt_100,lt_1y,4,0,none,4,real_estate,48,0,stores,own,1,skilled,1,0,1,0
496,none,12,critical_or_other_credits,business,2.292,lt_100,unemployed,4,0,none,2,car_or_other,42,0,stores,own,2,management,1,1,1,0
497,lt_0,33,critical_or_other_credits,furniture,4.281,500_to_1000,1_to_4y,1,1,none,4,car_or_other,23,1,none,own,2,skilled,1,0,1,0
498,0_to_200,60,all_paid_this_bank,other,14.782,100_to_500,ge_7y,3,1,none,4,unknown,60,0,bank,free,2,management,1,1,1,1
499,lt_0,18,critical_or_other_credits,furniture,1.049,lt_100,lt_1y,4,1,none,4,savings_or_insurance,21,1,none,rent,1,skilled,1,0,1,0
500,0_to_200,18,existing_paid,car_used,2.779,lt_100,1_to_4y,1,0,none,3,car_or_other,21,1,none,rent,1,skilled,1,1,1,1
501,none,36,critical_or_other_credits,car_new,7.855,lt_100,1_to_4y,4,1,none,2,real_estate,25,0,stores,own,2,skilled,1,1,1,1
502,0_to_200,12,existing_paid,furniture,1.922,lt_100,1_to_4y,4,0,none,2,savings_or_insurance,37,0,none,own,1,unskilled_resident,1,0,1,0
503,none,15,existing_paid,car_new,3.556,unknown,1_to_4y,3,0,none,2,unknown,29,0,none,own,1,skilled,1,0,1,0
504,none,12,critical_or_other_credits,furniture,3.331,lt_100,ge_7y,2,0,none,4,savings_or_insurance,42,0,stores,own,1,skilled,1,0,1,0
505,lt_0,30,existing_paid,other,11.998,lt_100,lt_1y,1,0,none,1,unknown,34,0,none,own,1,unskilled_resident,1,1,1,1
506,none,24,existing_paid,car_used,2.67,lt_100,ge_7y,4,0,none,4,car_or_other,35,0,none,own,1,management,1,1,1,0
507,0_to_200,15,existing_paid,car_new,2.631,100_to_500,1_to_4y,2,1,none,4,car_or_other,28,0,none,rent,2,skilled,1,1,1,0
508,none,6,no_credits_or_all_paid,car_new,1.204,100_to_500,1_to_4y,4,0,none,1,unknown,35,0,bank,rent,1,skilled,1,0,0,0
509,lt_0,14,existing_paid,car_new,8.978,lt_100,ge_7y,1,0,none,4,savings_or_insurance,45,0,none,own,1,management,1,1,0,0
510,0_to_200,6,existing_paid,car_new,14.555,unknown,unemployed,1,0,none,2,savings_or_insurance,23,1,none,own,1,unskilled_nonresident,1,1,1,0
511,none,12,existing_paid,car_new,2.39,unknown,ge_7y,4,0,none,3,car_or_other,50,0,none,own,1,skilled,1,1,1,0
512,lt_0,15,existing_paid,car_new,2.511,lt_100,unemployed,1,1,none,4,car_or_other,23,1,none,rent,1,skilled,1,0,1,0
513,lt_0,36,existing_paid,furniture,5.179,lt_100,4_to_7y,4,0,none,2,savings_or_insurance,29,0,none,own,1,skilled,1,0,1,1
514,none,6,existing_paid,other,1.338,500_to_1000,1_to_4y,1,0,none,4,real_estate,62,0,none,own,1,skilled,1,0,1,0
515,0_to_200,24,existing_paid,furniture,3.069,100_to_500,ge_7y,4,0,none,4,unknown,30,0,none,free,1,skilled,1,0,1,1
516,0_to_200,24,critical_or_other_credits,other,11.938,lt_100,1_to_4y,2,0,co_applicant,3,car_or_other,39,0,none,own,2,management,2,1,1,1
517,none,24,existing_paid,car_used,9.277,unknown,1_to_4y,2,0,none,4,unknown,48,0,none,free,1,skilled,1,1,1,0
518,none,12,existing_paid,radio_tv,2.171,lt_100,lt_1y,2,1,none,2,car_or_other,29,0,bank,own,1,skilled,1,0,1,0
519,lt_0,18,no_credits_or_all_paid,furniture,3.114,lt_100,lt_1y,1,1,none,4,savings_or_insurance,26,0,none,rent,1,skilled,1,0,1,1
520,lt_0,24,all_paid_this_bank,other,1.358,unknown,ge_7y,4,0,none,3,car_or_other,40,0,stores,own,1,management,1,1,1,1
521,none,36,past_delay,radio_tv,4.463,lt_100,1_to_4y,4,0,none,2,car_or_other,26,0,none,own,2,management,1,1,1,0
522,lt_0,6,critical_or_other_credits,car_new,0.86,lt_100,ge_7y,1,1,none,4,unknown,39,0,none,own,2,skilled,1,1,1,0
523,0_to_200,27,existing_paid,business,3.915,lt_100,1_to_4y,4,0,none,2,car_or_other,36,0,none,own,1,skilled,2,1,1,0
524,none,18,critical_or_other_credits,furniture,3.78,lt_100,lt_1y,3,0,none,2,car_or_other,35,0,none,own,2,management,1,1,1,0
525,none,12,critical_or_other_credits,education,0.701,lt_100,1_to_4y,4,0,none,2,car_or_other,32,0,none,own,2,skilled,1,0,1,0
526,0_to_200,48,existing_paid,other,5.381,unknown,unemployed,3,0,none,4,unknown,40,0,bank,free,1,unskilled_nonresident,1,1,1,1
527,0_to_200,12,existing_paid,car_new,2.002,lt_100,4_to_7y,3,0,none,4,savings_or_insurance,30,0,none,rent,1,skilled,2,1,1,0
528,lt_0,18,existing_paid,furniture,2.462,lt_100,1_to_4y,2,0,none,2,car_or_other,22,1,none,own,1,skilled,1,0,1,1
529,0_to_200,48,no_credits_or_all_paid,other,18.424,lt_100,1_to_4y,1,1,none,2,savings_or_insurance,32,0,bank,own,1,management,1,1,0,1
530,none,18,critical_or_other_credits,furniture,1.817,lt_100,1_to_4y,4,1,none,2,unknown,28,0,none,own,2,skilled,1,0,1,0
531,none,18,critical_or_other_credits,car_new,2.775,lt_100,4_to_7y,2,0,none,2,savings_or_insurance,31,0,bank,own,2,skilled,1,0,1,0
532,none,6,existing_paid,furniture,2.978,500_to_1000,1_to_4y,1,0,none,2,car_or_other,32,0,none,own,1,skilled,1,1,1,0
533,lt_0,12,existing_paid,furniture,1.282,lt_100,1_to_4y,2,1,none,4,car_or_other,20,1,none,rent,1,skilled,1,0,1,0
534,0_to_200,24,critical_or_other_credits,car_new,3.878,100_to_500,lt_1y,4,0,none,2,car_or_other,37,0,none,own,1,skilled,1,1,1,0
535,none,24,critical_or_other_credits,education,1.927,unknown,1_to_4y,3,1,none,2,car_or_other,33,0,none,own,2,skilled,1,1,1,0
536,0_to_200,24,critical_or_other_credits,car_used,7.758,ge_1000,ge_7y,2,1,none,4,unknown,29,0,none,rent,1,skilled,1,0,1,0
537,none,24,existing_paid,car_used,2.679,lt_100,lt_1y,4,1,none,1,unknown,29,0,none,own,1,management,1,1,1,0
538,none,48,critical_or_other_credits,radio_tv,3.578,unknown,ge_7y,4,0,none,1,real_estate,47,0,none,own,1,skilled,1,1,1,0
539,0_to_200,12,existing_paid,radio_tv,1.534,lt_100,lt_1y,1,0,none,1,real_estate,23,1,none,rent,1,skilled,1,0,1,0
540,lt_0,6,existing_paid,radio_tv,2.647,500_to_1000,1_to_4y,2,0,none,3,real_estate,44,0,none,rent,1,skilled,2,0,1,1
541,0_to_200,9,existing_paid,radio_tv,2.118,lt_100,1_to_4y,2,0,none,2,real_estate,37,0,none,own,1,unskilled_resident,2,0,1,1
542,none,6,all_paid_this_bank,car_new,0.783,unknown,1_to_4y,1,0,guarantor,2,real_estate,26,0,stores,own,1,unskilled_resident,2,0,1,0
543,0_to_200,45,existing_paid,radio_tv,3.031,100_to_500,1_to_4y,4,0,guarantor,4,savings_or_insurance,21,1,none,rent,1,skilled,1,0,1,1
544,lt_0,21,past_delay,education,3.414,lt_100,lt_1y,2,0,none,1,savings_or_insurance,26,0,none,own,2,skilled,1,0,1,0
545,none,24,past_delay,business,2.375,500_to_1000,1_to_4y,4,0,none,2,car_or_other,44,0,none,own,2,skilled,2,1,1,1
546,none,18,existing_paid,car_used,3.378,unknown,1_to_4y,2,0,none,1,savings_or_insurance,31,0,none,own,1,skilled,1,1,1,0
547,lt_0,18,critical_or_other_credits,other,1.19,lt_100,unemployed,2,1,none,4,unknown,55,0,none,free,3,unskilled_nonresident,2,0,1,1
548,0_to_200,24,past_delay,car_new,1.965,unknown,1_to_4y,4,1,none,4,car_or_other,42,0,none,rent,2,skilled,1,1,1,0
549,lt_0,6,critical_or_other_credits,car_new,0.609,lt_100,4_to_7y,4,1,none,3,savings_or_insurance,37,0,none,own,2,skilled,1,0,0,0
550,none,6,existing_paid,education,1.538,lt_100,lt_1y,1,1,none,2,unknown,56,0,none,own,1,skilled,1,0,1,0
551,none,12,critical_or_other_credits,radio_tv,0.976,unknown,ge_7y,4,0,none,4,car_or_other,35,0,none,own,2,skilled,1,0,1,0
552,lt_0,6,critical_or_other_credits,radio_tv,1.957,lt_100,4_to_7y,1,1,none,4,car_or_other,31,0,none,own,1,skilled,1,0,1,0
553,lt_0,36,existing_paid,car_used,8.335,unknown,ge_7y,3,0,none,4,unknown,47,0,none,free,1,skilled,1,0,1,1
554,0_to_200,24,existing_paid,furniture,4.351,unknown,1_to_4y,1,1,none,4,savings_or_insurance,48,0,none,own,1,unskilled_resident,1,1,1,1
555,none,24,critical_or_other_credits,furniture,2.028,lt_100,4_to_7y,2,0,none,2,savings_or_insurance,30,0,none,own,2,unskilled_resident,1,0,1,0
556,lt_0,24,existing_paid,car_new,1.207,lt_100,lt_1y,4,1,none,4,savings_or_insurance,24,1,none,rent,1,skilled,1,0,1,1
557,0_to_200,24,existing_paid,car_used,11.56,lt_100,1_to_4y,1,1,none,4,car_or_other,23,1,none,rent,2,management,1,0,1,0
558,0_to_200,11,critical_or_other_credits,car_new,1.322,ge_1000,1_to_4y,4,1,none,4,car_or_other,40,0,none,own,2,skilled,1,0,1,0
559,none,6,critical_or_other_credits,furniture,1.221,unknown,1_to_4y,1,0,none,2,savings_or_insurance,27,0,none,own,2,skilled,1,0,1,0
560,none,24,critical_or_other_credits,car_used,4.042,unknown,4_to_7y,3,0,none,4,savings_or_insurance,43,0,none,own,2,skilled,1,1,1,0
561,lt_0,6,existing_paid,car_new,1.374,unknown,unemployed,4,1,none,3,savings_or_insurance,75,0,none,own,1,management,1,1,1,0
562,lt_0,30,critical_or_other_credits,car_used,6.187,100_to_500,4_to_7y,1,0,none,4,car_or_other,24,1,none,rent,2,skilled,1,0,1,0
563,0_to_200,6,existing_paid,radio_tv,0.368,unknown,ge_7y,4,0,none,4,savings_or_insurance,38,0,none,own,1,skilled,1,0,1,0
564,0_to_200,36,past_delay,business,4.455,lt_100,1_to_4y,2,0,none,2,real_estate,30,0,stores,own,2,management,1,1,1,0
565,none,28,all_paid_this_bank,car_used,7.824,unknown,lt_1y,3,0,guarantor,4,real_estate,40,0,bank,rent,2,skilled,2,1,1,1
566,0_to_200,6,existing_paid,car_new,14.555,unknown,unemployed,1,0,none,2,savings_or_insurance,23,1,none,own,1,unskilled_nonresident,1,1,1,0
567,none,9,existing_paid,radio_tv,1.478,lt_100,4_to_7y,4,0,none,2,car_or_other,22,1,none,own,1,skilled,1,0,1,0
568,none,18,existing_paid,radio_tv,0.433,lt_100,unemployed,3,1,co_applicant,4,real_estate,22,1,none,rent,1,skilled,1,0,1,0
569,none,15,existing_paid,education,4.623,100_to_500,1_to_4y,3,0,none,2,savings_or_insurance,40,0,none,own,1,management,1,1,1,1
570,none,30,critical_or_other_credits,radio_tv,5.954,lt_100,4_to_7y,3,0,co_applicant,2,car_or_other,38,0,none,own,1,skilled,1,0,1,0
571,none,18,existing_paid,furniture,1.533,lt_100,lt_1y,4,0,co_applicant,1,savings_or_insurance,43,0,none,own,1,unskilled_resident,2,0,1,0
572,lt_0,12,existing_paid,car_new,2.579,lt_100,lt_1y,4,0,none,1,real_estate,33,0,none,own,1,unskilled_resident,2,0,1,0
573,ge_200,18,all_paid_this_bank,radio_tv,1.445,unknown,4_to_7y,4,0,none,4,car_or_other,49,0,bank,own,1,unskilled_resident,1,0,1,0
574,none,12,existing_paid,radio_tv,2.073,100_to_500,1_to_4y,4,1,co_applicant,2,real_estate,28,0,none,own,1,skilled,1,0,1,0
575,0_to_200,36,existing_paid,car_used,6.948,lt_100,1_to_4y,2,0,none,2,car_or_other,35,0,none,rent,1,management,1,1,1,0
576,none,60,critical_or_other_credits,car_new,13.756,unknown,ge_7y,2,0,none,4,unknown,63,0,bank,free,1,management,1,1,1,0
577,lt_0,12,all_paid_this_bank,car_new,0.697,lt_100,lt_1y,4,0,none,2,car_or_other,46,0,bank,own,2,skilled,1,1,1,1
578,none,24,existing_paid,car_used,3.488,100_to_500,4_to_7y,3,1,none,4,car_or_other,23,1,none,own,1,skilled,1,0,1,0
579,0_to_200,36,critical_or_other_credits,car_used,5.8,lt_100,1_to_4y,3,0,none,4,car_or_other,34,0,none,own,2,skilled,1,1,1,0
580,0_to_200,36,existing_paid,radio_tv,2.323,lt_100,4_to_7y,4,0,none,4,car_or_other,24,1,none,rent,1,skilled,1,0,1,1
581,ge_200,24,critical_or_other_credits,furniture,3.617,unknown,ge_7y,4,0,co_applicant,4,unknown,20,1,none,rent,2,skilled,1,0,1,0
582,0_to_200,24,existing_paid,radio_tv,5.084,unknown,ge_7y,2,1,none,4,car_or_other,42,0,none,own,1,skilled,1,1,1,0
583,none,18,all_paid_this_bank,car_new,6.458,lt_100,ge_7y,2,0,none,4,unknown,39,0,bank,own,2,management,2,1,1,0
584,0_to_200,27,past_delay,car_used,5.965,lt_100,ge_7y,1,0,none,2,car_or_other,30,0,none,own,2,management,1,1,1,0
585,0_to_200,18,past_delay,car_new,2.899,unknown,ge_7y,4,0,none,4,car_or_other,43,0,none,own,1,skilled,2,0,1,0
586,lt_0,24,all_paid_this_bank,furniture,6.872,lt_100,lt_1y,2,0,none,1,savings_or_insurance,55,0,bank,own,1,skilled,1,1,1,1
587,lt_0,12,existing_paid,car_new,3.651,ge_1000,1_to_4y,1,0,none,3,savings_or_insurance,31,0,none,own,1,skilled,2,0,1,0
588,0_to_200,20,past_delay,car_used,7.057,unknown,4_to_7y,3,0,none,4,savings_or_insurance,36,0,bank,rent,2,management,2,1,1,0
589,none,4,existing_paid,furniture,0.601,lt_100,lt_1y,1,1,none,3,real_estate,23,1,none,rent,1,unskilled_resident,2,0,1,0
590,none,24,all_paid_this_bank,business,1.559,lt_100,4_to_7y,4,0,none,4,car_or_other,50,0,bank,own,1,skilled,1,1,1,0
591,none,24,critical_or_other_credits,education,1.597,lt_100,ge_7y,4,0,none,4,unknown,54,0,none,free,2,skilled,2,0,1,0
592,none,36,critical_or_other_credits,car_used,10.477,unknown,ge_7y,2,0,none,4,unknown,42,0,none,free,2,skilled,1,0,1,0
593,lt_0,30,existing_paid,radio_tv,2.522,lt_100,ge_7y,1,0,guarantor,3,savings_or_insurance,39,0,none,own,1,skilled,2,0,1,1
594,0_to_200,15,all_paid_this_bank,car_new,1.264,100_to_500,1_to_4y,2,0,none,2,savings_or_insurance,25,0,none,rent,1,skilled,1,0,1,1
595,0_to_200,30,critical_or_other_credits,car_new,4.249,lt_100,unemployed,4,0,none,2,car_or_other,28,0,none,own,2,management,1,0,1,0
596,lt_0,20,critical_or_other_credits,furniture,4.272,lt_100,ge_7y,1,1,none,4,savings_or_insurance,24,1,none,own,2,skilled,1,0,1,0
597,none,24,existing_paid,other,0.937,lt_100,lt_1y,4,0,none,3,car_or_other,27,0,none,own,2,unskilled_resident,1,0,1,0
598,0_to_200,18,existing_paid,other,3.872,lt_100,unemployed,2,1,none,4,car_or_other,67,0,none,own,1,skilled,1,1,1,0
599,0_to_200,9,all_paid_this_bank,car_new,1.437,100_to_500,4_to_7y,2,0,none,3,unknown,29,0,none,own,1,skilled,1,0,1,0
600,none,15,existing_paid,education,4.623,100_to_500,1_to_4y,3,0,none,2,savings_or_insurance,40,0,none,own,1,management,1,1,1,0
601,0_to_200,60,past_delay,radio_tv,9.157,unknown,1_to_4y,2,0,none,2,unknown,27,0,none,free,1,management,1,0,1,1
602,none,36,critical_or_other_credits,car_used,5.711,ge_1000,ge_7y,4,0,none,2,car_or_other,38,0,none,own,2,management,1,1,1,0
603,0_to_200,30,no_credits_or_all_paid,business,4.28,100_to_500,1_to_4y,4,1,none,4,car_or_other,26,0,none,rent,2,unskilled_resident,1,0,1,0
604,none,60,existing_paid,radio_tv,10.144,100_to_500,4_to_7y,2,1,none,4,real_estate,21,1,none,own,1,skilled,1,1,1,0
605,lt_0,18,critical_or_other_credits,car_new,3.966,lt_100,ge_7y,1,1,none,4,real_estate,33,0,bank,rent,3,skilled,1,1,1,1
606,lt_0,6,existing_paid,car_new,1.374,unknown,unemployed,4,1,none,3,savings_or_insurance,75,0,none,own,1,management,1,1,1,0
607,lt_0,18,existing_paid,furniture,2.659,ge_1000,1_to_4y,4,0,none,2,car_or_other,28,0,none,own,1,skilled,1,0,1,1
608,none,24,existing_paid,car_new,2.255,unknown,lt_1y,4,0,none,1,savings_or_insurance,54,0,none,own,1,skilled,1,0,1,0
609,0_to_200,27,critical_or_other_credits,radio_tv,2.52,500_to_1000,1_to_4y,4,0,none,2,savings_or_insurance,23,1,none,own,2,unskilled_resident,1,0,1,0
610,none,15,critical_or_other_credits,furniture,3.343,lt_100,1_to_4y,4,0,none,2,unknown,28,0,none,free,1,skilled,1,1,1,0
611,0_to_200,24,existing_paid,radio_tv,5.084,unknown,ge_7y,2,1,none,4,car_or_other,42,0,none,own,1,skilled,1,1,1,0
612,0_to_200,12,existing_paid,furniture,3.017,lt_100,lt_1y,3,1,none,1,real_estate,34,0,none,rent,1,management,1,0,1,1
613,0_to_200,20,existing_paid,car_used,6.468,unknown,unemployed,1,0,none,4,real_estate,60,0,none,own,1,management,1,1,1,0
614,none,18,critical_or_other_credits,radio_tv,2.238,lt_100,1_to_4y,2,1,none,1,car_or_other,25,0,none,own,2,skilled,1,0,1,0
615,ge_200,10,critical_or_other_credits,radio_tv,1.347,unknown,4_to_7y,4,0,none,2,savings_or_insurance,27,0,none,own,2,skilled,1,1,1,0
616,lt_0,42,past_delay,radio_tv,4.37,lt_100,4_to_7y,3,0,none,2,savings_or_insurance,26,0,bank,own,2,skilled,2,1,1,1
617,none,18,existing_paid,radio_tv,0.433,lt_100,unemployed,3,1,co_applicant,4,real_estate,22,1,none,rent,1,skilled,1,0,1,1
618,none,36,critical_or_other_credits,business,6.304,unknown,ge_7y,4,0,none,4,real_estate,36,0,none,own,2,skilled,1,0,1,0
619,0_to_200,15,critical_or_other_credits,radio_tv,1.537,unknown,ge_7y,4,0,guarantor,4,real_estate,50,0,none,own,2,skilled,1,1,1,0
620,ge_200,12,existing_paid,radio_tv,1.881,lt_100,1_to_4y,2,1,none,2,car_or_other,44,0,none,rent,1,unskilled_resident,1,1,1,0
621,none,24,critical_or_other_credits,other,2.058,lt_100,1_to_4y,4,0,none,2,real_estate,33,0,none,own,2,skilled,1,1,1,0
622,ge_200,24,existing_paid,radio_tv,5.152,lt_100,4_to_7y,4,0,none,2,car_or_other,25,0,bank,own,1,skilled,1,0,1,1
623,none,6,existing_paid,furniture,2.978,500_to_1000,1_to_4y,1,0,none,2,car_or_other,32,0,none,own,1,skilled,1,1,1,0
624,lt_0,12,existing_paid,car_new,2.579,lt_100,lt_1y,4,0,none,1,real_estate,33,0,none,own,1,unskilled_resident,2,0,1,1
625,ge_200,10,existing_paid,furniture,1.275,lt_100,lt_1y,4,1,none,2,savings_or_insurance,23,1,none,own,1,skilled,1,0,1,0
626,none,12,existing_paid,radio_tv,2.141,100_to_500,4_to_7y,3,0,none,1,unknown,35,0,none,own,1,skilled,1,0,1,0
627,lt_0,24,existing_paid,furniture,4.169,lt_100,1_to_4y,4,0,none,4,savings_or_insurance,28,0,none,own,1,skilled,1,0,1,1
628,lt_0,18,existing_paid,furniture,3.65,lt_100,lt_1y,1,1,none,4,car_or_other,22,1,none,rent,1,skilled,1,0,1,0
629,none,10,existing_paid,car_new,1.309,unknown,1_to_4y,4,0,guarantor,4,savings_or_insurance,27,0,none,own,1,unskilled_resident,1,0,1,0
630,none,18,critical_or_other_credits,car_used,3.85,lt_100,4_to_7y,3,0,none,1,car_or_other,27,0,none,own,2,skilled,1,0,1,0
631,0_to_200,24,existing_paid,car_used,11.56,lt_100,1_to_4y,1,1,none,4,car_or_other,23,1,none,rent,2,management,1,0,1,0
632,none,24,existing_paid,car_new,1.525,ge_1000,4_to_7y,4,1,none,3,car_or_other,34,0,none,own,1,skilled,2,1,1,0
633,none,24,critical_or_other_credits,other,2.058,lt_100,1_to_4y,4,0,none,2,real_estate,33,0,none,own,2,skilled,1,1,1,1
634,none,6,critical_or_other_credits,car_new,0.362,100_to_500,1_to_4y,4,1,none,4,car_or_other,52,0,none,own,2,unskilled_resident,1,0,1,0
635,lt_0,21,all_paid_this_bank,car_new,1.647,unknown,1_to_4y,4,0,none,2,savings_or_insurance,40,0,none,own,2,unskilled_resident,2,0,1,0
636,none,60,existing_paid,car_new,6.527,unknown,1_to_4y,4,0,none,4,unknown,34,0,none,free,1,skilled,2,1,1,1
637,lt_0,24,existing_paid,radio_tv,1.823,lt_100,unemployed,4,0,none,2,car_or_other,30,0,stores,own,1,management,2,0,1,1
638,none,12,existing_paid,car_used,4.675,unknown,lt_1y,1,1,none,4,car_or_other,20,1,none,rent,1,skilled,1,0,1,0
639,none,6,critical_or_other_credits,furniture,1.221,unknown,1_to_4y,1,0,none,2,savings_or_insurance,27,0,none,own,2,skilled,1,0,1,0
640,none,18,existing_paid,furniture,1.533,lt_100,lt_1y,4,0,co_applicant,1,savings_or_insurance,43,0,none,own,1,unskilled_resident,2,0,1,0
641,none,24,critical_or_other_credits,business,4.139,100_to_500,1_to_4y,3,0,none,3,savings_or_insurance,27,0,none,own,2,unskilled_resident,1,1,1,0
642,none,10,existing_paid,car_used,2.848,100_to_500,1_to_4y,1,0,co_applicant,2,real_estate,32,0,none,own,1,skilled,2,0,1,0
643,none,36,past_delay,car_new,10.875,lt_100,ge_7y,2,0,none,2,car_or_other,45,0,none,own,2,skilled,2,1,1,0
644,0_to_200,12,critical_or_other_credits,radio_tv,3.573,lt_100,1_to_4y,1,1,none,1,real_estate,23,1,none,own,1,unskilled_resident,1,0,1,0
645,lt_0,24,existing_paid,car_used,2.812,unknown,ge_7y,2,1,none,4,real_estate,26,0,none,rent,1,skilled,1,0,1,0
646,ge_200,36,existing_paid,radio_tv,4.473,lt_100,ge_7y,4,0,none,2,car_or_other,31,0,none,own,1,skilled,1,0,1,1
647,lt_0,36,existing_paid,furniture,3.62,lt_100,1_to_4y,1,0,guarantor,2,savings_or_insurance,37,0,none,own,1,skilled,2,0,1,0
648,ge_200,21,critical_or_other_credits,education,2.319,lt_100,lt_1y,2,0,none,1,car_or_other,33,0,none,rent,1,skilled,1,0,1,0
649,none,6,critical_or_other_credits,radio_tv,1.74,lt_100,ge_7y,2,0,none,2,real_estate,30,0,none,rent,2,skilled,1,0,1,0
650,lt_0,9,existing_paid,radio_tv,1.364,lt_100,4_to_7y,3,0,none,4,real_estate,59,0,none,own,1,skilled,1,0,1,0
651,none,6,existing_paid,car_new,3.518,lt_100,1_to_4y,2,0,guarantor,3,savings_or_insurance,26,0,none,rent,1,skilled,1,0,1,0
652,lt_0,24,existing_paid,car_new,2.303,lt_100,ge_7y,4,0,co_applicant,1,real_estate,45,0,none,own,1,skilled,1,0,1,0
653,none,27,past_delay,business,5.117,lt_100,4_to_7y,3,0,none,4,car_or_other,26,0,none,own,2,skilled,1,0,1,1
654,0_to_200,12,existing_paid,car_new,7.472,unknown,unemployed,1,1,none,2,real_estate,24,1,none,rent,1,unskilled_nonresident,1,0,1,1
655,0_to_200,12,critical_or_other_credits,car_new,1.995,100_to_500,lt_1y,4,0,none,1,car_or_other,27,0,none,own,1,skilled,1,0,1,0
656,none,12,past_delay,car_used,1.503,lt_100,1_to_4y,4,0,none,4,real_estate,41,0,none,rent,1,skilled,1,0,1,1
657,lt_0,30,existing_paid,furniture,3.108,lt_100,lt_1y,2,0,none,4,savings_or_insurance,31,0,none,own,1,unskilled_resident,1,0,1,1
658,0_to_200,15,existing_paid,radio_tv,1.444,unknown,lt_1y,4,0,none,1,savings_or_insurance,23,1,none,own,1,skilled,1,0,1,1
659,lt_0,8,critical_or_other_credits,other,1.164,lt_100,ge_7y,3,0,none,4,unknown,51,0,bank,free,2,management,2,1,1,0
660,0_to_200,12,existing_paid,radio_tv,1.092,lt_100,1_to_4y,4,1,guarantor,4,real_estate,49,0,none,own,2,skilled,1,1,1,0
661,lt_0,12,existing_paid,furniture,2.577,lt_100,1_to_4y,2,0,none,1,car_or_other,42,0,none,own,1,skilled,1,0,1,1
662,none,4,critical_or_other_credits,car_new,3.38,lt_100,4_to_7y,1,1,none,1,real_estate,37,0,none,own,1,skilled,2,0,1,0
663,0_to_200,45,critical_or_other_credits,radio_tv,4.746,lt_100,lt_1y,4,0,none,2,savings_or_insurance,25,0,none,own,2,unskilled_resident,1,0,1,0
664,none,27,past_delay,business,5.117,lt_100,4_to_7y,3,0,none,4,car_or_other,26,0,none,own,2,skilled,1,0,1,1
665,0_to_200,24,no_credits_or_all_paid,business,4.241,lt_100,1_to_4y,1,0,none,4,real_estate,36,0,none,own,3,unskilled_resident,1,1,1,1
666,none,24,existing_paid,radio_tv,2.284,lt_100,4_to_7y,4,0,none,2,car_or_other,28,0,none,own,1,skilled,1,1,1,0
667,0_to_200,24,critical_or_other_credits,radio_tv,1.216,100_to_500,lt_1y,4,0,none,4,unknown,38,0,bank,own,2,skilled,2,0,1,0
668,none,24,critical_or_other_credits,car_used,5.804,ge_1000,1_to_4y,4,0,none,2,real_estate,27,0,none,own,2,skilled,1,0,1,0
669,lt_0,24,existing_paid,furniture,2.359,100_to_500,unemployed,1,0,none,1,savings_or_insurance,33,0,none,own,1,skilled,1,0,1,0
670,none,15,existing_paid,furniture,2.708,lt_100,lt_1y,2,0,none,3,savings_or_insurance,27,0,bank,own,2,unskilled_resident,1,0,1,1
671,0_to_200,24,existing_paid,car_used,4.113,500_to_1000,lt_1y,3,1,none,4,car_or_other,28,0,none,rent,1,skilled,1,0,1,1
672,none,18,past_delay,furniture,1.808,lt_100,4_to_7y,4,1,none,1,real_estate,22,1,none,own,1,skilled,1,0,1,0
673,none,24,existing_paid,radio_tv,1.376,500_to_1000,4_to_7y,4,1,none,1,car_or_other,28,0,none,own,1,skilled,1,0,1,0
674,0_to_200,54,no_credits_or_all_paid,business,15.945,lt_100,lt_1y,3,0,none,4,unknown,58,0,none,rent,1,skilled,1,1,1,1
675,none,18,critical_or_other_credits,car_new,1.53,lt_100,1_to_4y,3,0,none,2,savings_or_insurance,32,0,bank,own,2,skilled,1,0,1,0
676,none,6,critical_or_other_credits,car_new,0.25,ge_1000,1_to_4y,2,1,none,2,real_estate,41,0,bank,own,2,unskilled_resident,1,0,1,0
677,0_to_200,18,critical_or_other_credits,car_new,1.056,lt_100,ge_7y,3,0,guarantor,3,real_estate,30,0,bank,own,2,skilled,1,0,1,0
678,lt_0,10,existing_paid,radio_tv,2.315,lt_100,ge_7y,3,0,none,4,real_estate,52,0,none,own,1,unskilled_resident,1,0,1,0
679,none,24,existing_paid,car_used,3.488,100_to_500,4_to_7y,3,1,none,4,car_or_other,23,1,none,own,1,skilled,1,0,1,0
680,0_to_200,30,past_delay,radio_tv,1.919,100_to_500,lt_1y,4,0,none,3,unknown,30,0,stores,own,2,management,1,0,1,1
681,0_to_200,9,existing_paid,radio_tv,0.79,500_to_1000,1_to_4y,4,1,none,3,real_estate,66,0,none,own,1,unskilled_resident,1,0,1,0
682,0_to_200,12,existing_paid,radio_tv,0.766,500_to_1000,1_to_4y,4,0,none,3,real_estate,66,0,none,own,1,unskilled_resident,1,0,1,1
683,0_to_200,24,existing_paid,furniture,3.069,100_to_500,ge_7y,4,0,none,4,unknown,30,0,none,free,1,skilled,1,0,1,1
684,lt_0,28,existing_paid,car_new,4.006,lt_100,1_to_4y,3,0,none,2,car_or_other,45,0,none,own,1,unskilled_resident,1,0,1,1
685,0_to_200,24,critical_or_other_credits,business,1.935,lt_100,ge_7y,4,0,none,4,real_estate,31,0,none,own,2,skilled,1,1,1,1
686,none,24,critical_or_other_credits,education,1.597,lt_100,ge_7y,4,0,none,4,unknown,54,0,none,free,2,skilled,2,0,1,0
687,none,24,critical_or_other_credits,car_used,2.197,unknown,4_to_7y,4,0,none,4,car_or_other,43,0,none,own,2,skilled,2,1,1,0
688,0_to_200,24,existing_paid,car_new,2.718,lt_100,1_to_4y,3,1,none,4,savings_or_insurance,20,1,none,rent,1,unskilled_resident,1,1,1,0
689,none,9,critical_or_other_credits,education,1.244,unknown,ge_7y,4,1,none,4,savings_or_insurance,41,0,none,rent,2,unskilled_resident,1,0,1,0
690,0_to_200,12,no_credits_or_all_paid,other,1.41,lt_100,1_to_4y,2,0,none,2,real_estate,31,0,none,own,1,unskilled_resident,1,1,1,0
691,lt_0,30,existing_paid,car_used,3.857,lt_100,1_to_4y,4,0,none,4,savings_or_insurance,40,0,none,own,1,management,1,1,1,1
692,none,9,existing_paid,furniture,2.301,100_to_500,lt_1y,2,1,none,4,savings_or_insurance,22,1,none,rent,1,skilled,1,0,1,0
693,0_to_200,9,existing_paid,radio_tv,1.67,lt_100,lt_1y,4,1,none,2,car_or_other,22,1,none,own,1,skilled,1,1,1,0
694,lt_0,24,all_paid_this_bank,furniture,3.349,500_to_1000,lt_1y,4,0,none,4,unknown,30,0,none,free,1,skilled,2,1,1,0
695,none,12,critical_or_other_credits,radio_tv,0.618,lt_100,ge_7y,4,0,none,4,real_estate,56,0,none,own,1,skilled,1,0,1,0
696,none,24,past_delay,furniture,4.151,100_to_500,1_to_4y,2,0,none,3,savings_or_insurance,35,0,none,own,2,skilled,1,0,1,0
697,0_to_200,6,all_paid_this_bank,education,0.433,ge_1000,lt_1y,4,1,none,2,savings_or_insurance,24,1,bank,rent,1,skilled,2,0,1,1
698,lt_0,12,critical_or_other_credits,radio_tv,0.385,lt_100,4_to_7y,4,1,none,3,real_estate,58,0,none,own,4,unskilled_resident,1,1,1,0
699,0_to_200,24,past_delay,furniture,2.333,unknown,lt_1y,4,0,none,2,savings_or_insurance,29,0,bank,own,1,unskilled_resident,1,0,1,1
700,0_to_200,54,no_credits_or_all_paid,business,15.945,lt_100,lt_1y,3,0,none,4,unknown,58,0,none,rent,1,skilled,1,1,1,1
701,none,24,critical_or_other_credits,other,5.507,lt_100,ge_7y,3,0,none,4,unknown,44,0,none,free,2,skilled,1,0,1,0
702,0_to_200,60,past_delay,radio_tv,9.157,unknown,1_to_4y,2,0,none,2,unknown,27,0,none,free,1,management,1,0,1,1
703,0_to_200,11,existing_paid,furniture,1.577,ge_1000,lt_1y,4,1,none,1,real_estate,20,1,none,own,1,skilled,1,0,1,0
704,none,12,existing_paid,furniture,0.763,lt_100,1_to_4y,4,1,none,1,real_estate,26,0,none,own,1,skilled,1,1,1,0
705,lt_0,12,critical_or_other_credits,car_new,3.499,lt_100,1_to_4y,3,1,co_applicant,2,real_estate,29,0,none,own,2,skilled,1,0,1,1
706,0_to_200,24,past_delay,business,4.712,unknown,1_to_4y,4,0,none,2,savings_or_insurance,37,0,bank,own,2,management,1,1,1,1
707,0_to_200,36,existing_paid,car_used,6.948,lt_100,1_to_4y,2,0,none,2,car_or_other,35,0,none,rent,1,management,1,1,1,1
708,none,24,existing_paid,car_used,5.433,unknown,unemployed,2,1,none,4,savings_or_insurance,26,0,none,rent,1,management,1,1,1,0
709,lt_0,18,no_credits_or_all_paid,furniture,3.114,lt_100,lt_1y,1,1,none,4,savings_or_insurance,26,0,none,rent,1,skilled,1,0,1,1
710,lt_0,24,existing_paid,car_used,2.924,lt_100,1_to_4y,3,0,guarantor,4,unknown,63,0,bank,own,1,skilled,2,1,1,1
711,none,18,existing_paid,radio_tv,1.453,lt_100,lt_1y,3,1,none,1,real_estate,26,0,none,own,1,skilled,1,0,1,0
712,lt_0,48,no_credits_or_all_paid,furniture,7.119,lt_100,1_to_4y,3,0,none,4,unknown,53,0,none,free,2,skilled,2,0,1,1
713,lt_0,18,existing_paid,radio_tv,1.882,lt_100,1_to_4y,4,1,none,4,car_or_other,25,0,bank,rent,2,skilled,1,0,1,1
714,none,21,critical_or_other_credits,car_new,12.68,unknown,ge_7y,4,0,none,4,unknown,30,0,none,free,1,management,1,1,1,0
715,none,18,critical_or_other_credits,furniture,1.817,lt_100,1_to_4y,4,1,none,2,unknown,28,0,none,own,2,skilled,1,0,1,0
716,0_to_200,9,existing_paid,car_new,1.549,unknown,lt_1y,4,0,none,2,real_estate,35,0,none,own,1,unskilled_nonresident,1,0,1,0
717,none,36,critical_or_other_credits,furniture,7.127,lt_100,lt_1y,2,1,none,4,savings_or_insurance,23,1,none,rent,2,skilled,1,1,1,0
718,none,6,critical_or_other_credits,radio_tv,1.237,100_to_500,1_to_4y,1,1,none,1,savings_or_insurance,27,0,none,own,2,skilled,1,0,1,0
719,lt_0,24,existing_paid,radio_tv,1.823,lt_100,unemployed,4,0,none,2,car_or_other,30,0,stores,own,1,management,2,0,1,1
720,none,24,past_delay,business,3.863,lt_100,1_to_4y,1,0,none,2,unknown,32,0,none,free,1,skilled,1,0,1,1
721,ge_200,12,existing_paid,radio_tv,1.881,lt_100,1_to_4y,2,1,none,2,car_or_other,44,0,none,rent,1,unskilled_resident,1,1,1,1
722,0_to_200,9,existing_paid,radio_tv,1.67,lt_100,lt_1y,4,1,none,2,car_or_other,22,1,none,own,1,skilled,1,1,1,1
723,0_to_200,21,existing_paid,furniture,3.976,unknown,4_to_7y,2,0,none,3,car_or_other,35,0,none,own,1,skilled,1,1,1,0
724,0_to_200,12,critical_or_other_credits,car_new,2.366,500_to_1000,4_to_7y,3,0,none,3,car_or_other,36,0,none,own,1,management,1,1,1,0
725,0_to_200,18,existing_paid,business,1.941,ge_1000,1_to_4y,4,0,none,2,savings_or_insurance,35,0,none,own,1,unskilled_resident,1,1,1,1
726,lt_0,10,critical_or_other_credits,furniture,2.132,unknown,lt_1y,2,1,co_applicant,3,real_estate,27,0,none,rent,2,skilled,1,0,0,0
727,0_to_200,6,all_paid_this_bank,education,0.433,ge_1000,lt_1y,4,1,none,2,savings_or_insurance,24,1,bank,rent,1,skilled,2,0,1,1
728,0_to_200,36,existing_paid,education,12.612,100_to_500,1_to_4y,1,0,none,4,unknown,47,0,none,free,1,skilled,2,1,1,1
729,none,10,existing_paid,car_new,1.418,100_to_500,1_to_4y,3,0,none,2,real_estate,35,0,none,rent,1,unskilled_resident,1,0,0,0
730,none,48,existing_paid,radio_tv,10.222,unknown,4_to_7y,4,0,none,3,car_or_other,37,0,stores,own,1,skilled,1,1,1,1
731,0_to_200,48,all_paid_this_bank,business,6.416,lt_100,ge_7y,4,1,none,3,unknown,59,0,none,rent,1,skilled,1,0,1,1
732,none,21,existing_paid,car_new,2.782,500_to_1000,4_to_7y,1,1,none,2,car_or_other,31,0,bank,own,1,management,1,0,1,0
733,none,48,past_delay,radio_tv,12.749,500_to_1000,4_to_7y,4,0,none,1,car_or_other,37,0,none,own,1,management,1,1,1,1
734,ge_200,12,critical_or_other_credits,car_new,1.48,500_to_1000,unemployed,2,0,none,4,unknown,66,0,bank,free,3,unskilled_nonresident,1,0,1,0
735,lt_0,24,existing_paid,business,6.568,lt_100,1_to_4y,2,0,none,2,car_or_other,21,1,stores,own,1,unskilled_resident,1,0,1,1
736,none,36,existing_paid,business,5.742,100_to_500,4_to_7y,2,0,none,2,car_or_other,31,0,none,own,2,skilled,1,1,1,1
737,0_to_200,24,past_delay,radio_tv,6.403,lt_100,lt_1y,1,0,none,2,car_or_other,33,0,none,own,1,skilled,1,0,1,1
738,none,48,critical_or_other_credits,car_used,11.59,100_to_500,1_to_4y,2,1,none,4,car_or_other,24,1,bank,rent,2,unskilled_resident,1,0,1,1
739,none,6,critical_or_other_credits,car_new,6.761,lt_100,4_to_7y,1,0,none,3,unknown,45,0,none,own,2,management,2,1,1,0
740,none,15,existing_paid,furniture,2.186,unknown,4_to_7y,1,1,none,4,real_estate,33,0,bank,rent,1,unskilled_resident,1,0,1,0
741,none,6,critical_or_other_credits,radio_tv,1.554,lt_100,4_to_7y,1,1,none,2,car_or_other,24,1,none,rent,2,skilled,1,1,1,0
742,lt_0,12,existing_paid,radio_tv,2.214,lt_100,1_to_4y,4,0,none,3,savings_or_insurance,24,1,none,own,1,unskilled_resident,1,0,1,1
743,0_to_200,24,existing_paid,car_new,1.355,lt_100,lt_1y,3,1,none,4,car_or_other,25,0,none,own,1,unskilled_resident,1,1,1,1
744,none,18,existing_paid,car_new,2.662,unknown,4_to_7y,4,0,none,3,savings_or_insurance,32,0,none,own,1,skilled,1,0,0,0
745,none,9,existing_paid,furniture,2.301,100_to_500,lt_1y,2,1,none,4,savings_or_insurance,22,1,none,rent,1,skilled,1,0,1,0
746,lt_0,18,existing_paid,furniture,2.473,lt_100,unemployed,4,0,none,1,car_or_other,25,0,none,own,1,unskilled_nonresident,1,0,1,1
747,none,12,past_delay,car_used,1.503,lt_100,1_to_4y,4,0,none,4,real_estate,41,0,none,rent,1,skilled,1,0,1,0
748,ge_200,4,existing_paid,car_new,1.494,unknown,lt_1y,1,0,none,2,real_estate,29,0,none,own,1,unskilled_resident,2,0,0,0
749,0_to_200,12,existing_paid,car_new,0.685,lt_100,4_to_7y,2,0,none,3,car_or_other,25,0,bank,own,1,unskilled_resident,1,0,1,0
750,lt_0,12,all_paid_this_bank,other,0.339,lt_100,ge_7y,4,0,none,1,car_or_other,45,0,bank,own,1,unskilled_resident,1,0,1,0
751,0_to_200,21,past_delay,car_new,2.353,lt_100,1_to_4y,1,0,none,4,savings_or_insurance,47,0,none,own,2,skilled,1,0,1,1
752,none,12,critical_or_other_credits,car_new,0.682,100_to_500,4_to_7y,4,1,none,3,car_or_other,51,0,none,own,2,skilled,1,1,1,0
753,0_to_200,18,critical_or_other_credits,furniture,1.295,lt_100,lt_1y,4,1,none,1,savings_or_insurance,27,0,none,own,2,skilled,1,0,1,1
754,ge_200,9,existing_paid,radio_tv,0.745,lt_100,1_to_4y,3,1,none,2,real_estate,28,0,none,own,1,unskilled_resident,1,0,1,0
755,0_to_200,12,existing_paid,radio_tv,1.331,lt_100,lt_1y,2,0,none,1,car_or_other,22,1,stores,own,1,skilled,1,0,1,1
756,none,24,critical_or_other_credits,car_new,1.287,ge_1000,ge_7y,4,1,none,4,real_estate,37,0,none,own,2,skilled,1,1,1,0
757,lt_0,18,existing_paid,car_new,4.38,100_to_500,1_to_4y,3,0,none,4,car_or_other,35,0,none,own,1,unskilled_resident,2,1,1,0
758,ge_200,12,existing_paid,car_new,1.33,lt_100,lt_1y,4,0,none,1,real_estate,26,0,none,own,1,skilled,1,0,1,0
759,0_to_200,12,existing_paid,other,0.639,lt_100,1_to_4y,4,0,none,2,car_or_other,30,0,none,own,1,skilled,1,0,1,0
760,ge_200,24,critical_or_other_credits,business,1.275,ge_1000,1_to_4y,2,0,none,4,real_estate,36,0,none,own,2,skilled,1,1,1,0
761,none,30,all_paid_this_bank,car_used,7.485,unknown,unemployed,4,1,none,1,real_estate,53,0,bank,own,1,management,1,1,1,1
762,lt_0,48,existing_paid,radio_tv,6.999,lt_100,4_to_7y,1,0,guarantor,1,real_estate,34,0,none,own,2,skilled,1,1,1,1
763,none,24,existing_paid,radio_tv,3.621,100_to_500,ge_7y,2,0,none,4,car_or_other,31,0,none,own,2,skilled,1,0,1,0
764,ge_200,9,existing_paid,radio_tv,0.745,lt_100,1_to_4y,3,1,none,2,real_estate,28,0,none,own,1,unskilled_resident,1,0,1,0
765,0_to_200,18,existing_paid,education,1.239,unknown,1_to_4y,4,0,none,4,unknown,61,0,none,free,1,skilled,1,0,1,0
766,0_to_200,39,critical_or_other_credits,radio_tv,4.933,lt_100,4_to_7y,2,0,guarantor,2,real_estate,25,0,none,own,2,skilled,1,0,1,0
767,lt_0,21,existing_paid,radio_tv,3.357,ge_1000,lt_1y,4,1,none,2,car_or_other,29,0,bank,own,1,skilled,1,0,1,1
768,lt_0,15,critical_or_other_credits,furniture,1.478,lt_100,ge_7y,4,0,none,4,car_or_other,44,0,none,own,2,skilled,2,1,1,0
769,ge_200,12,existing_paid,radio_tv,1.881,lt_100,1_to_4y,2,1,none,2,car_or_other,44,0,none,rent,1,unskilled_resident,1,1,1,0
770,none,18,past_delay,radio_tv,2.32,lt_100,unemployed,2,0,none,3,real_estate,34,0,none,own,2,skilled,1,0,1,0
771,0_to_200,12,existing_paid,furniture,1.922,lt_100,1_to_4y,4,0,none,2,savings_or_insurance,37,0,none,own,1,unskilled_resident,1,0,1,0
772,ge_200,42,no_credits_or_all_paid,business,6.289,lt_100,lt_1y,2,0,none,1,savings_or_insurance,33,0,none,own,2,skilled,1,0,1,1
773,lt_0,24,past_delay,car_new,4.87,lt_100,1_to_4y,3,0,none,4,unknown,53,0,none,free,2,skilled,2,0,1,1
774,none,18,existing_paid,radio_tv,1.505,lt_100,1_to_4y,4,0,none,2,unknown,32,0,none,free,1,management,1,1,1,0
775,none,18,existing_paid,car_new,6.761,unknown,1_to_4y,2,0,none,4,car_or_other,68,0,none,rent,2,skilled,1,0,1,0
776,lt_0,36,past_delay,business,2.145,lt_100,4_to_7y,2,0,none,1,car_or_other,24,1,none,own,2,skilled,1,1,1,1
777,none,21,past_delay,furniture,1.591,100_to_500,4_to_7y,4,0,none,3,real_estate,34,0,none,own,2,management,1,0,1,0
778,lt_0,33,critical_or_other_credits,furniture,4.281,500_to_1000,1_to_4y,1,1,none,4,car_or_other,23,1,none,own,2,skilled,1,0,1,1
779,none,18,existing_paid,car_new,2.662,unknown,4_to_7y,4,0,none,3,savings_or_insurance,32,0,none,own,1,skilled,1,0,0,0
780,lt_0,20,critical_or_other_credits,car_new,2.235,lt_100,1_to_4y,4,0,guarantor,2,savings_or_insurance,33,0,bank,rent,2,skilled,1,0,0,0
781,none,36,existing_paid,radio_tv,3.595,lt_100,ge_7y,4,0,none,2,car_or_other,28,0,none,own,1,skilled,1,0,1,0
782,none,60,past_delay,radio_tv,15.653,lt_100,4_to_7y,2,0,none,4,car_or_other,21,1,none,own,2,skilled,1,1,1,1
783,none,12,existing_paid,furniture,1.768,lt_100,1_to_4y,3,0,none,2,real_estate,24,1,none,rent,1,unskilled_resident,1,0,1,0
784,none,24,critical_or_other_credits,car_used,3.868,lt_100,ge_7y,4,1,none,2,car_or_other,41,0,none,rent,2,management,1,1,1,0
785,0_to_200,12,existing_paid,business,1.037,100_to_500,4_to_7y,3,0,none,4,real_estate,39,0,none,own,1,unskilled_resident,1,0,1,0
786,lt_0,18,existing_paid,other,1.217,lt_100,1_to_4y,4,0,none,3,real_estate,47,0,none,own,1,unskilled_resident,1,1,1,0
787,0_to_200,18,existing_paid,car_new,5.866,100_to_500,1_to_4y,2,0,none,2,car_or_other,30,0,none,own,2,skilled,1,1,1,0
788,ge_200,10,critical_or_other_credits,radio_tv,1.347,unknown,4_to_7y,4,0,none,2,savings_or_insurance,27,0,none,own,2,skilled,1,1,1,0
789,none,12,critical_or_other_credits,car_new,1.255,lt_100,ge_7y,4,0,none,4,real_estate,61,0,none,own,2,unskilled_resident,1,0,1,0
790,0_to_200,12,existing_paid,radio_tv,1.567,lt_100,1_to_4y,1,1,none,1,car_or_other,22,1,none,own,1,skilled,1,1,1,0
791,0_to_200,54,no_credits_or_all_paid,business,15.945,lt_100,lt_1y,3,0,none,4,unknown,58,0,none,rent,1,skilled,1,1,1,1
792,lt_0,24,existing_paid,car_new,4.817,lt_100,4_to_7y,2,0,co_applicant,3,savings_or_insurance,31,0,none,own,1,skilled,1,1,1,0
793,lt_0,12,existing_paid,car_new,1.228,lt_100,1_to_4y,4,1,none,2,real_estate,24,1,none,own,1,unskilled_resident,1,0,1,0
794,lt_0,21,critical_or_other_credits,car_new,1.602,lt_100,ge_7y,4,0,none,3,car_or_other,30,0,none,own,2,skilled,1,1,1,0
795,0_to_200,24,existing_paid,other,11.328,lt_100,1_to_4y,2,0,co_applicant,3,car_or_other,29,0,bank,own,2,management,1,1,1,1
796,0_to_200,48,existing_paid,furniture,9.96,lt_100,lt_1y,1,1,none,2,car_or_other,26,0,none,own,1,skilled,1,1,1,1
797,none,42,existing_paid,radio_tv,7.166,unknown,4_to_7y,2,0,none,4,savings_or_insurance,29,0,none,rent,1,skilled,1,1,1,1
798,lt_0,6,existing_paid,other,0.343,lt_100,lt_1y,4,1,none,1,real_estate,27,0,none,own,1,skilled,1,0,1,1
799,lt_0,36,all_paid_this_bank,furniture,2.746,lt_100,ge_7y,4,0,none,4,car_or_other,31,0,bank,own,1,skilled,1,0,1,1
800,0_to_200,20,past_delay,other,2.629,lt_100,1_to_4y,2,0,none,3,car_or_other,29,0,bank,own,2,skilled,1,1,1,1
801,0_to_200,12,existing_paid,radio_tv,1.567,lt_100,1_to_4y,1,1,none,1,car_or_other,22,1,none,own,1,skilled,1,1,1,0
802,0_to_200,36,no_credits_or_all_paid,radio_tv,3.804,lt_100,1_to_4y,4,1,none,1,car_or_other,42,0,none,own,1,skilled,1,1,1,1
803,lt_0,6,critical_or_other_credits,car_new,0.609,lt_100,4_to_7y,4,1,none,3,savings_or_insurance,37,0,none,own,2,skilled,1,0,0,0
804,lt_0,24,existing_paid,furniture,2.359,100_to_500,unemployed,1,0,none,1,savings_or_insurance,33,0,none,own,1,skilled,1,0,1,1
805,none,6,critical_or_other_credits,car_new,6.761,lt_100,4_to_7y,1,0,none,3,unknown,45,0,none,own,2,management,2,1,1,0
806,none,24,critical_or_other_credits,car_new,1.94,ge_1000,ge_7y,4,0,none,4,real_estate,60,0,none,own,1,skilled,1,1,1,0
807,none,12,critical_or_other_credits,car_new,1.255,lt_100,ge_7y,4,0,none,4,real_estate,61,0,none,own,2,unskilled_resident,1,0,1,0
808,0_to_200,6,past_delay,business,1.449,100_to_500,ge_7y,1,0,none,2,car_or_other,31,0,bank,own,2,skilled,2,0,1,0
809,none,18,existing_paid,car_new,1.82,lt_100,1_to_4y,2,0,none,2,savings_or_insurance,30,0,none,own,1,management,1,1,1,1
810,none,12,existing_paid,radio_tv,0.804,lt_100,ge_7y,4,0,none,4,car_or_other,38,0,none,own,1,skilled,1,0,1,0
811,lt_0,48,critical_or_other_credits,car_used,6.143,lt_100,ge_7y,4,1,none,4,unknown,58,0,stores,free,2,unskilled_resident,1,0,1,1
812,none,30,critical_or_other_credits,radio_tv,6.742,unknown,4_to_7y,2,0,none,3,savings_or_insurance,36,0,none,own,2,skilled,1,0,1,0
813,0_to_200,36,past_delay,business,9.857,100_to_500,4_to_7y,1,0,none,3,savings_or_insurance,31,0,none,own,2,unskilled_resident,2,1,1,0
814,none,15,critical_or_other_credits,furniture,1.52,unknown,ge_7y,4,0,none,4,savings_or_insurance,63,0,none,own,1,skilled,1,0,1,1
815,lt_0,18,existing_paid,radio_tv,3.509,lt_100,4_to_7y,4,1,guarantor,1,real_estate,25,0,none,own,1,skilled,1,0,1,1
816,none,12,existing_paid,radio_tv,0.886,unknown,1_to_4y,4,1,none,2,car_or_other,21,1,none,own,1,skilled,1,0,1,0
817,lt_0,30,critical_or_other_credits,car_used,6.187,100_to_500,4_to_7y,1,0,none,4,car_or_other,24,1,none,rent,2,skilled,1,0,1,0
818,none,18,all_paid_this_bank,car_new,6.458,lt_100,ge_7y,2,0,none,4,unknown,39,0,bank,own,2,management,2,1,1,1
819,none,24,critical_or_other_credits,other,6.314,lt_100,unemployed,4,0,co_applicant,2,unknown,27,0,bank,own,2,management,1,1,1,0
820,0_to_200,45,critical_or_other_credits,car_used,4.576,100_to_500,unemployed,3,0,none,4,car_or_other,27,0,none,own,1,skilled,1,0,1,0
821,0_to_200,12,critical_or_other_credits,car_used,1.804,100_to_500,lt_1y,3,0,none,4,savings_or_insurance,44,0,none,own,1,skilled,1,0,1,0
822,none,24,critical_or_other_credits,other,6.314,lt_100,unemployed,4,0,co_applicant,2,unknown,27,0,bank,own,2,management,1,1,1,0
823,none,27,past_delay,car_used,8.613,ge_1000,1_to_4y,2,0,none,2,car_or_other,27,0,none,own,2,skilled,1,0,1,1
824,lt_0,48,existing_paid,education,7.476,lt_100,4_to_7y,4,0,none,1,unknown,50,0,none,free,1,management,1,1,1,1
825,lt_0,12,existing_paid,furniture,1.858,lt_100,lt_1y,4,1,none,1,car_or_other,22,1,none,rent,1,skilled,1,0,1,1
826,none,12,critical_or_other_credits,radio_tv,0.618,lt_100,ge_7y,4,0,none,4,real_estate,56,0,none,own,1,skilled,1,0,1,0
827,none,6,existing_paid,education,1.538,lt_100,lt_1y,1,1,none,2,unknown,56,0,none,own,1,skilled,1,0,1,0
828,none,12,critical_or_other_credits,furniture,1.592,ge_1000,4_to_7y,3,1,none,2,savings_or_insurance,35,0,none,own,1,skilled,1,0,0,0
829,none,27,critical_or_other_credits,furniture,4.526,ge_1000,lt_1y,4,0,none,2,real_estate,32,0,stores,own,2,unskilled_resident,2,1,1,0
830,0_to_200,7,existing_paid,radio_tv,2.415,lt_100,1_to_4y,3,0,guarantor,2,real_estate,34,0,none,own,1,skilled,1,0,1,1
831,none,24,existing_paid,business,1.258,lt_100,4_to_7y,4,0,none,1,real_estate,25,0,none,own,1,skilled,1,1,1,0
832,lt_0,24,existing_paid,car_new,0.915,unknown,ge_7y,4,1,none,2,car_or_other,29,0,bank,own,1,skilled,1,0,1,0
833,none,24,existing_paid,car_used,2.67,lt_100,ge_7y,4,0,none,4,car_or_other,35,0,none,own,1,management,1,1,1,0
834,lt_0,18,existing_paid,furniture,2.462,lt_100,1_to_4y,2,0,none,2,car_or_other,22,1,none,own,1,skilled,1,0,1,0
835,none,36,past_delay,car_new,10.875,lt_100,ge_7y,2,0,none,2,car_or_other,45,0,none,own,2,skilled,2,1,1,0
836,none,36,critical_or_other_credits,car_new,3.535,lt_100,4_to_7y,4,0,none,4,car_or_other,37,0,none,own,2,skilled,1,1,1,0
837,0_to_200,42,all_paid_this_bank,car_used,9.283,lt_100,unemployed,1,0,none,2,unknown,55,0,bank,free,1,management,1,1,1,1
838,0_to_200,24,existing_paid,car_used,2.76,unknown,ge_7y,4,0,none,4,unknown,36,0,bank,free,1,skilled,1,1,1,0
839,lt_0,15,existing_paid,car_new,1.403,lt_100,1_to_4y,2,1,none,4,car_or_other,28,0,none,rent,1,skilled,1,0,1,0
840,none,36,past_delay,radio_tv,4.454,lt_100,1_to_4y,4,1,none,4,real_estate,34,0,none,own,2,skilled,1,0,1,0
841,0_to_200,12,existing_paid,radio_tv,1.092,lt_100,1_to_4y,4,1,guarantor,4,real_estate,49,0,none,own,2,skilled,1,1,1,1
842,0_to_200,12,existing_paid,car_new,0.888,lt_100,ge_7y,4,0,none,4,car_or_other,41,0,bank,own,1,unskilled_resident,2,0,1,0
843,0_to_200,9,existing_paid,car_new,3.195,unknown,1_to_4y,1,1,none,2,real_estate,33,0,none,own,1,unskilled_resident,1,0,1,0
844,none,48,critical_or_other_credits,education,6.11,lt_100,1_to_4y,1,0,none,3,unknown,31,0,bank,free,1,skilled,1,1,1,0
845,none,36,existing_paid,education,9.055,unknown,1_to_4y,2,0,none,4,unknown,35,0,none,free,1,unskilled_resident,2,1,1,0
846,none,36,existing_paid,education,9.055,unknown,1_to_4y,2,0,none,4,unknown,35,0,none,free,1,unskilled_resident,2,1,1,0
847,lt_0,9,critical_or_other_credits,other,1.288,100_to_500,ge_7y,3,0,guarantor,4,real_estate,48,0,none,own,2,skilled,2,0,0,0
848,0_to_200,27,past_delay,car_used,5.965,lt_100,ge_7y,1,0,none,2,car_or_other,30,0,none,own,2,management,1,1,1,0
849,lt_0,18,existing_paid,radio_tv,1.345,lt_100,1_to_4y,4,0,none,3,real_estate,26,0,bank,own,1,skilled,1,0,1,1
850,lt_0,24,all_paid_this_bank,furniture,2.828,500_to_1000,1_to_4y,4,0,none,4,real_estate,22,1,stores,own,1,skilled,1,1,1,1
851,0_to_200,30,critical_or_other_credits,furniture,8.386,lt_100,4_to_7y,2,0,none,2,savings_or_insurance,49,0,none,own,1,skilled,1,0,1,0
852,0_to_200,18,critical_or_other_credits,radio_tv,1.795,lt_100,ge_7y,3,1,guarantor,4,real_estate,48,0,bank,rent,2,unskilled_resident,1,1,1,0
853,none,24,existing_paid,radio_tv,2.397,500_to_1000,ge_7y,3,0,none,2,car_or_other,35,0,bank,own,2,skilled,1,1,1,0
854,none,12,critical_or_other_credits,radio_tv,1.291,lt_100,1_to_4y,4,1,none,2,savings_or_insurance,35,0,none,own,2,skilled,1,0,1,0
855,0_to_200,48,past_delay,other,7.582,100_to_500,unemployed,2,0,none,4,unknown,31,0,none,free,1,management,1,1,1,0
856,lt_0,12,existing_paid,radio_tv,0.709,lt_100,ge_7y,4,0,none,4,real_estate,57,0,stores,own,1,unskilled_resident,1,0,1,1
857,none,12,all_paid_this_bank,other,3.447,500_to_1000,1_to_4y,4,1,none,3,real_estate,35,0,none,own,1,unskilled_resident,2,0,1,0
858,none,36,critical_or_other_credits,radio_tv,9.566,lt_100,1_to_4y,2,1,none,2,car_or_other,31,0,stores,own,2,skilled,1,0,1,0
859,ge_200,30,critical_or_other_credits,radio_tv,3.017,lt_100,ge_7y,4,0,none,4,savings_or_insurance,47,0,none,own,1,skilled,1,0,1,0
860,none,24,critical_or_other_credits,education,1.597,lt_100,ge_7y,4,0,none,4,unknown,54,0,none,free,2,skilled,2,0,1,0
861,none,42,existing_paid,radio_tv,7.166,unknown,4_to_7y,2,0,none,4,savings_or_insurance,29,0,none,rent,1,skilled,1,1,1,0
862,lt_0,48,existing_paid,car_used,10.297,lt_100,4_to_7y,4,0,none,4,unknown,39,0,stores,free,3,skilled,2,1,1,1
863,lt_0,21,existing_paid,radio_tv,1.835,lt_100,1_to_4y,3,1,none,2,real_estate,25,0,none,own,2,skilled,1,1,1,0
864,none,21,critical_or_other_credits,car_used,3.275,lt_100,ge_7y,1,0,none,4,car_or_other,36,0,none,own,1,management,1,1,1,0
865,none,18,existing_paid,car_new,6.761,unknown,1_to_4y,2,0,none,4,car_or_other,68,0,none,rent,2,skilled,1,0,1,0
866,none,18,critical_or_other_credits,radio_tv,1.8,lt_100,1_to_4y,4,0,none,2,car_or_other,24,1,none,own,2,skilled,1,0,1,0
867,lt_0,18,existing_paid,radio_tv,1.345,lt_100,1_to_4y,4,0,none,3,real_estate,26,0,bank,own,1,skilled,1,0,1,1
868,none,4,existing_paid,furniture,0.601,lt_100,lt_1y,1,1,none,3,real_estate,23,1,none,rent,1,unskilled_resident,2,0,1,0
869,lt_0,36,existing_paid,car_new,1.842,lt_100,lt_1y,4,1,none,4,car_or_other,34,0,none,own,1,skilled,1,1,1,1
870,none,30,existing_paid,radio_tv,2.333,500_to_1000,ge_7y,4,0,none,2,car_or_other,30,0,bank,own,1,management,1,0,1,0
871,lt_0,11,critical_or_other_credits,car_new,3.905,lt_100,1_to_4y,2,0,none,2,real_estate,36,0,none,rent,2,skilled,2,0,1,1
872,lt_0,12,existing_paid,car_new,1.168,lt_100,1_to_4y,4,0,none,3,real_estate,27,0,none,own,1,unskilled_resident,1,0,1,0
873,none,36,critical_or_other_credits,car_new,7.855,lt_100,1_to_4y,4,1,none,2,real_estate,25,0,stores,own,2,skilled,1,1,1,0
874,0_to_200,18,existing_paid,furniture,1.924,unknown,lt_1y,4,1,none,3,real_estate,27,0,none,rent,1,skilled,1,0,1,0
875,none,12,critical_or_other_credits,car_new,0.926,lt_100,unemployed,1,1,none,2,savings_or_insurance,38,0,none,own,1,unskilled_nonresident,1,0,1,0
876,lt_0,24,existing_paid,car_new,1.207,lt_100,lt_1y,4,1,none,4,savings_or_insurance,24,1,none,rent,1,skilled,1,0,1,1
877,ge_200,18,existing_paid,furniture,3.049,lt_100,lt_1y,1,1,none,1,savings_or_insurance,45,0,stores,own,1,unskilled_resident,1,0,1,0
878,lt_0,13,critical_or_other_credits,business,1.797,lt_100,lt_1y,3,0,none,1,savings_or_insurance,28,0,bank,own,2,unskilled_resident,1,0,1,0
879,lt_0,12,all_paid_this_bank,radio_tv,0.626,lt_100,1_to_4y,4,1,none,4,real_estate,24,1,bank,own,1,unskilled_resident,1,0,1,1
880,lt_0,24,existing_paid,radio_tv,3.66,lt_100,1_to_4y,2,1,none,4,car_or_other,28,0,none,own,1,skilled,1,0,1,1
881,0_to_200,18,critical_or_other_credits,furniture,1.295,lt_100,lt_1y,4,1,none,1,savings_or_insurance,27,0,none,own,2,skilled,1,0,1,0
882,none,24,critical_or_other_credits,car_used,4.042,unknown,4_to_7y,3,0,none,4,savings_or_insurance,43,0,none,own,2,skilled,1,1,1,1
883,ge_200,12,existing_paid,furniture,1.424,unknown,ge_7y,3,1,none,4,real_estate,55,0,none,own,1,management,1,1,1,0
884,lt_0,12,existing_paid,furniture,1.282,lt_100,1_to_4y,2,1,none,4,car_or_other,20,1,none,rent,1,skilled,1,0,1,0
885,lt_0,48,existing_paid,other,3.051,lt_100,1_to_4y,3,0,none,4,car_or_other,54,0,none,own,1,skilled,1,0,1,0
886,none,4,critical_or_other_credits,car_new,3.38,lt_100,4_to_7y,1,1,none,1,real_estate,37,0,none,own,1,skilled,2,0,1,0
887,none,18,existing_paid,car_used,3.378,unknown,1_to_4y,2,0,none,1,savings_or_insurance,31,0,none,own,1,skilled,1,1,1,0
888,none,6,existing_paid,radio_tv,2.108,lt_100,4_to_7y,2,0,none,2,real_estate,29,0,none,rent,1,skilled,1,0,1,0
889,lt_0,24,existing_paid,radio_tv,1.282,100_to_500,1_to_4y,4,1,none,2,car_or_other,32,0,none,own,1,unskilled_resident,1,0,1,0
890,none,18,existing_paid,car_new,2.662,unknown,4_to_7y,4,0,none,3,savings_or_insurance,32,0,none,own,1,skilled,1,0,0,0
891,0_to_200,20,past_delay,car_used,7.057,unknown,4_to_7y,3,0,none,4,savings_or_insurance,36,0,bank,rent,2,management,2,1,1,0
892,0_to_200,9,existing_paid,radio_tv,2.118,lt_100,1_to_4y,2,0,none,2,real_estate,37,0,none,own,1,unskilled_resident,2,0,1,0
893,lt_0,48,no_credits_or_all_paid,furniture,7.119,lt_100,1_to_4y,3,0,none,4,unknown,53,0,none,free,2,skilled,2,0,1,1
894,0_to_200,30,critical_or_other_credits,furniture,8.386,lt_100,4_to_7y,2,0,none,2,savings_or_insurance,49,0,none,own,1,skilled,1,0,1,1
895,none,15,existing_paid,car_used,3.029,lt_100,4_to_7y,2,0,none,2,car_or_other,33,0,none,own,1,skilled,1,0,1,0
896,ge_200,10,existing_paid,car_new,1.24,100_to_500,ge_7y,1,1,none,4,unknown,48,0,none,free,1,unskilled_resident,2,0,1,0
897,none,39,existing_paid,car_used,8.588,100_to_500,ge_7y,4,0,none,2,car_or_other,45,0,none,own,1,management,1,1,1,0
898,0_to_200,36,past_delay,car_new,2.225,lt_100,ge_7y,4,0,none,4,unknown,57,0,bank,free,2,skilled,1,1,1,0
899,none,36,existing_paid,car_used,8.133,lt_100,1_to_4y,1,1,none,2,savings_or_insurance,30,0,bank,own,1,skilled,1,0,1,0
900,0_to_200,60,past_delay,radio_tv,9.157,unknown,1_to_4y,2,0,none,2,unknown,27,0,none,free,1,management,1,0,1,1
901,lt_0,24,past_delay,car_new,4.87,lt_100,1_to_4y,3,0,none,4,unknown,53,0,none,free,2,skilled,2,0,1,1
902,0_to_200,18,past_delay,other,6.204,lt_100,1_to_4y,2,0,none,4,real_estate,44,0,none,own,1,unskilled_resident,2,1,1,1
903,none,10,existing_paid,car_new,1.364,lt_100,1_to_4y,2,1,none,4,car_or_other,64,0,none,own,1,skilled,1,1,1,0
904,0_to_200,24,existing_paid,furniture,4.057,lt_100,4_to_7y,3,0,none,3,car_or_other,43,0,none,own,1,skilled,1,1,1,1
905,lt_0,6,existing_paid,other,0.343,lt_100,lt_1y,4,1,none,1,real_estate,27,0,none,own,1,skilled,1,0,1,1
906,0_to_200,9,existing_paid,radio_tv,2.118,lt_100,1_to_4y,2,0,none,2,real_estate,37,0,none,own,1,unskilled_resident,2,0,1,0
907,none,33,critical_or_other_credits,car_used,7.253,lt_100,4_to_7y,3,0,none,2,car_or_other,35,0,none,own,2,management,1,1,1,0
908,0_to_200,8,existing_paid,radio_tv,1.414,lt_100,1_to_4y,4,0,guarantor,2,real_estate,33,0,none,own,1,skilled,1,0,0,1
909,none,18,critical_or_other_credits,radio_tv,6.07,lt_100,ge_7y,3,0,none,4,car_or_other,33,0,none,own,2,skilled,1,1,1,0
910,lt_0,12,critical_or_other_credits,car_used,1.409,lt_100,ge_7y,4,0,none,3,real_estate,54,0,none,own,1,skilled,1,0,1,0
911,lt_0,24,existing_paid,car_used,2.812,unknown,ge_7y,2,1,none,4,real_estate,26,0,none,rent,1,skilled,1,0,1,0
912,none,24,critical_or_other_credits,furniture,3.777,ge_1000,1_to_4y,4,0,none,4,real_estate,50,0,none,own,1,skilled,1,1,1,0
913,none,18,past_delay,radio_tv,2.32,lt_100,unemployed,2,0,none,3,real_estate,34,0,none,own,2,skilled,1,0,1,0
914,0_to_200,30,critical_or_other_credits,furniture,8.386,lt_100,4_to_7y,2,0,none,2,savings_or_insurance,49,0,none,own,1,skilled,1,0,1,0
915,0_to_200,24,past_delay,car_new,1.965,unknown,1_to_4y,4,1,none,4,car_or_other,42,0,none,rent,2,skilled,1,1,1,1
916,lt_0,6,existing_paid,other,0.343,lt_100,lt_1y,4,1,none,1,real_estate,27,0,none,own,1,skilled,1,0,1,0
917,ge_200,18,existing_paid,furniture,2.864,lt_100,1_to_4y,2,0,none,1,real_estate,34,0,none,own,1,unskilled_resident,2,0,1,0
918,0_to_200,20,existing_paid,car_used,6.468,unknown,unemployed,1,0,none,4,real_estate,60,0,none,own,1,management,1,1,1,0
919,0_to_200,9,existing_paid,furniture,2.03,unknown,4_to_7y,2,0,none,1,car_or_other,24,1,none,own,1,skilled,1,1,1,0
920,none,24,existing_paid,radio_tv,1.376,500_to_1000,4_to_7y,4,1,none,1,car_or_other,28,0,none,own,1,skilled,1,0,1,0
921,lt_0,24,critical_or_other_credits,business,1.382,100_to_500,4_to_7y,4,0,none,1,real_estate,26,0,none,own,2,skilled,1,1,1,0
922,none,24,existing_paid,car_used,5.433,unknown,unemployed,2,1,none,4,savings_or_insurance,26,0,none,rent,1,management,1,1,1,0
923,lt_0,36,existing_paid,car_new,1.842,lt_100,lt_1y,4,1,none,4,car_or_other,34,0,none,own,1,skilled,1,1,1,1
924,0_to_200,48,all_paid_this_bank,business,3.566,100_to_500,4_to_7y,4,0,none,2,car_or_other,30,0,none,own,1,skilled,1,0,1,1
925,ge_200,24,existing_paid,furniture,1.925,lt_100,1_to_4y,2,0,none,2,real_estate,26,0,none,own,1,skilled,1,0,1,0
926,lt_0,24,all_paid_this_bank,furniture,3.349,500_to_1000,lt_1y,4,0,none,4,unknown,30,0,none,free,1,skilled,2,1,1,1
927,none,24,past_delay,car_new,2.032,lt_100,ge_7y,4,0,none,4,unknown,60,0,none,free,2,skilled,1,1,1,1
928,0_to_200,36,no_credits_or_all_paid,radio_tv,3.804,lt_100,1_to_4y,4,1,none,1,car_or_other,42,0,none,own,1,skilled,1,1,1,1
929,none,21,existing_paid,car_new,2.782,500_to_1000,4_to_7y,1,1,none,2,car_or_other,31,0,bank,own,1,management,1,0,1,0
930,0_to_200,36,critical_or_other_credits,car_new,2.82,lt_100,lt_1y,4,0,none,4,car_or_other,27,0,none,own,2,skilled,1,0,1,0
931,0_to_200,18,critical_or_other_credits,furniture,3.612,lt_100,ge_7y,3,1,none,4,savings_or_insurance,37,0,none,own,1,skilled,1,1,1,0
932,ge_200,15,existing_paid,education,1.905,lt_100,ge_7y,4,0,none,4,car_or_other,40,0,none,rent,1,management,1,1,1,0
933,lt_0,12,all_paid_this_bank,radio_tv,2.149,lt_100,1_to_4y,4,0,none,1,unknown,29,0,none,free,1,skilled,1,0,1,1
934,lt_0,12,existing_paid,education,0.684,lt_100,1_to_4y,4,0,none,4,car_or_other,40,0,none,rent,1,unskilled_resident,2,0,1,1
935,0_to_200,20,past_delay,other,2.629,lt_100,1_to_4y,2,0,none,3,car_or_other,29,0,bank,own,2,skilled,1,1,1,1
936,none,12,existing_paid,car_new,3.527,unknown,lt_1y,2,0,none,3,savings_or_insurance,45,0,none,own,1,management,2,1,1,0
937,lt_0,12,all_paid_this_bank,other,0.339,lt_100,ge_7y,4,0,none,1,car_or_other,45,0,bank,own,1,unskilled_resident,1,0,1,1
938,lt_0,36,critical_or_other_credits,furniture,5.371,lt_100,1_to_4y,3,0,guarantor,2,savings_or_insurance,28,0,none,own,2,skilled,1,0,1,0
939,lt_0,15,existing_paid,car_new,1.721,lt_100,lt_1y,2,0,none,3,real_estate,36,0,none,own,1,skilled,1,0,1,0
940,none,24,existing_paid,radio_tv,1.413,lt_100,1_to_4y,4,0,none,2,savings_or_insurance,28,0,none,own,1,skilled,1,0,1,0
941,lt_0,15,critical_or_other_credits,furniture,0.975,lt_100,1_to_4y,2,0,none,3,savings_or_insurance,25,0,none,own,2,skilled,1,0,1,0
942,0_to_200,18,past_delay,car_new,2.899,unknown,ge_7y,4,0,none,4,car_or_other,43,0,none,own,1,skilled,2,0,1,1
943,none,11,existing_paid,business,2.142,ge_1000,ge_7y,1,0,none,2,real_estate,28,0,none,own,1,skilled,1,1,1,0
944,0_to_200,18,critical_or_other_credits,radio_tv,1.245,lt_100,1_to_4y,4,0,none,2,car_or_other,33,0,none,own,1,skilled,1,0,1,1
945,lt_0,12,critical_or_other_credits,car_new,3.499,lt_100,1_to_4y,3,1,co_applicant,2,real_estate,29,0,none,own,2,skilled,1,0,1,1
946,0_to_200,12,critical_or_other_credits,car_new,2.366,500_to_1000,4_to_7y,3,0,none,3,car_or_other,36,0,none,own,1,management,1,1,1,0
947,lt_0,60,existing_paid,business,7.297,lt_100,ge_7y,4,0,co_applicant,4,unknown,36,0,none,rent,1,skilled,1,0,1,0
948,none,60,existing_paid,radio_tv,10.144,100_to_500,4_to_7y,2,1,none,4,real_estate,21,1,none,own,1,skilled,1,1,1,0
949,none,12,existing_paid,car_new,2.859,unknown,unemployed,4,0,none,4,unknown,38,0,none,own,1,management,1,1,1,0
950,none,6,existing_paid,furniture,4.611,lt_100,lt_1y,1,1,none,4,savings_or_insurance,32,0,none,own,1,skilled,1,0,1,0
951,ge_200,24,critical_or_other_credits,furniture,3.617,unknown,ge_7y,4,0,co_applicant,4,unknown,20,1,none,rent,2,skilled,1,0,1,0
952,none,48,critical_or_other_credits,car_new,10.127,500_to_1000,1_to_4y,2,0,none,2,unknown,44,0,bank,free,1,skilled,1,0,1,0
953,none,18,past_delay,furniture,1.808,lt_100,4_to_7y,4,1,none,1,real_estate,22,1,none,own,1,skilled,1,0,1,0
954,none,18,critical_or_other_credits,radio_tv,1.149,ge_1000,1_to_4y,4,0,none,3,real_estate,46,0,none,own,2,skilled,1,0,1,0
955,0_to_200,18,existing_paid,business,1.941,ge_1000,1_to_4y,4,0,none,2,savings_or_insurance,35,0,none,own,1,unskilled_resident,1,1,1,0
956,lt_0,12,existing_paid,other,0.741,100_to_500,unemployed,4,1,none,3,savings_or_insurance,22,1,none,own,1,skilled,1,0,1,1
957,none,18,existing_paid,radio_tv,1.473,lt_100,lt_1y,3,0,none,4,real_estate,39,0,none,own,1,skilled,1,1,1,0
958,0_to_200,24,existing_paid,car_new,1.355,lt_100,lt_1y,3,1,none,4,car_or_other,25,0,none,own,1,unskilled_resident,1,1,1,0
959,none,24,existing_paid,car_new,7.393,lt_100,1_to_4y,1,0,none,4,savings_or_insurance,43,0,none,own,1,unskilled_resident,2,0,1,0
960,none,33,critical_or_other_credits,car_used,7.253,lt_100,4_to_7y,3,0,none,2,car_or_other,35,0,none,own,2,management,1,1,1,0
961,0_to_200,24,critical_or_other_credits,car_used,7.758,ge_1000,ge_7y,2,1,none,4,unknown,29,0,none,rent,1,skilled,1,0,1,0
962,none,24,existing_paid,radio_tv,3.235,500_to_1000,ge_7y,3,0,none,2,car_or_other,26,0,none,own,1,management,1,1,1,0
963,lt_0,36,existing_paid,furniture,5.179,lt_100,4_to_7y,4,0,none,2,savings_or_insurance,29,0,none,own,1,skilled,1,0,1,1
964,ge_200,36,existing_paid,radio_tv,3.913,lt_100,1_to_4y,2,0,none,2,real_estate,23,1,none,own,1,skilled,1,1,1,1
965,none,24,existing_paid,radio_tv,3.621,100_to_500,ge_7y,2,0,none,4,car_or_other,31,0,none,own,2,skilled,1,0,1,0
966,lt_0,18,existing_paid,other,1.217,lt_100,1_to_4y,4,0,none,3,real_estate,47,0,none,own,1,unskilled_resident,1,1,1,0
967,0_to_200,9,existing_paid,furniture,0.918,lt_100,1_to_4y,4,1,none,1,savings_or_insurance,30,0,none,own,1,skilled,1,0,1,0
968,0_to_200,24,existing_paid,furniture,4.351,unknown,1_to_4y,1,1,none,4,savings_or_insurance,48,0,none,own,1,unskilled_resident,1,1,1,0
969,none,18,critical_or_other_credits,furniture,1.817,lt_100,1_to_4y,4,1,none,2,unknown,28,0,none,own,2,skilled,1,0,1,0
970,none,48,critical_or_other_credits,education,6.11,lt_100,1_to_4y,1,0,none,3,unknown,31,0,bank,free,1,skilled,1,1,1,1
971,none,18,existing_paid,furniture,2.515,lt_100,1_to_4y,3,0,none,4,real_estate,43,0,none,own,1,skilled,1,1,1,0
972,none,21,existing_paid,car_new,2.782,500_to_1000,4_to_7y,1,1,none,2,car_or_other,31,0,bank,own,1,management,1,0,1,0
973,ge_200,24,existing_paid,radio_tv,5.152,lt_100,4_to_7y,4,0,none,2,car_or_other,25,0,bank,own,1,skilled,1,0,1,1
974,0_to_200,18,critical_or_other_credits,radio_tv,1.245,lt_100,1_to_4y,4,0,none,2,car_or_other,33,0,none,own,1,skilled,1,0,1,0
975,none,12,critical_or_other_credits,car_new,0.682,100_to_500,4_to_7y,4,1,none,3,car_or_other,51,0,none,own,2,skilled,1,1,1,0
976,none,36,no_credits_or_all_paid,other,2.613,lt_100,1_to_4y,4,0,none,2,car_or_other,27,0,none,own,2,skilled,1,0,1,0
977,0_to_200,54,no_credits_or_all_paid,business,15.945,lt_100,lt_1y,3,0,none,4,unknown,58,0,none,rent,1,skilled,1,1,1,1
978,none,24,existing_paid,car_used,5.433,unknown,unemployed,2,1,none,4,savings_or_insurance,26,0,none,rent,1,management,1,1,1,0
979,none,9,existing_paid,other,1.236,lt_100,lt_1y,1,1,none,4,real_estate,23,1,none,rent,1,skilled,1,1,1,0
980,0_to_200,24,past_delay,radio_tv,1.553,100_to_500,4_to_7y,3,1,none,2,savings_or_insurance,23,1,none,rent,2,skilled,1,1,1,0
981,lt_0,12,critical_or_other_credits,furniture,2.246,lt_100,ge_7y,3,0,none,3,savings_or_insurance,60,0,none,own,2,skilled,1,0,1,0
982,ge_200,24,existing_paid,radio_tv,1.377,100_to_500,ge_7y,4,1,none,2,unknown,47,0,none,free,1,skilled,1,1,1,1
983,none,24,existing_paid,radio_tv,1.552,lt_100,4_to_7y,3,0,none,1,car_or_other,32,0,bank,own,1,skilled,2,0,1,0
984,none,12,existing_paid,car_new,1.386,500_to_1000,1_to_4y,2,1,none,2,savings_or_insurance,26,0,none,own,1,skilled,1,0,1,0
985,lt_0,12,existing_paid,furniture,1.289,lt_100,1_to_4y,4,0,guarantor,1,savings_or_insurance,21,1,none,own,1,unskilled_resident,1,0,1,0
986,lt_0,24,existing_paid,car_new,2.303,lt_100,ge_7y,4,0,co_applicant,1,real_estate,45,0,none,own,1,skilled,1,0,1,1
987,0_to_200,60,past_delay,radio_tv,9.157,unknown,1_to_4y,2,0,none,2,unknown,27,0,none,free,1,management,1,0,1,0
988,lt_0,12,existing_paid,furniture,0.708,lt_100,1_to_4y,2,0,guarantor,3,savings_or_insurance,38,0,none,own,1,unskilled_resident,2,0,1,0
989,none,12,critical_or_other_credits,radio_tv,0.717,lt_100,ge_7y,4,0,none,4,real_estate,52,0,none,own,3,skilled,1,0,1,0
990,none,48,critical_or_other_credits,car_used,2.751,unknown,ge_7y,4,0,none,3,car_or_other,38,0,none,own,2,skilled,2,1,1,0
991,0_to_200,18,existing_paid,radio_tv,3.213,500_to_1000,lt_1y,1,0,none,3,real_estate,25,0,none,rent,1,skilled,1,0,1,1
992,none,48,critical_or_other_credits,car_used,8.858,unknown,4_to_7y,2,0,none,1,unknown,35,0,none,free,2,skilled,1,1,1,0
993,none,6,critical_or_other_credits,radio_tv,1.382,lt_100,1_to_4y,1,1,none,1,car_or_other,28,0,none,own,2,skilled,1,1,1,0
994,0_to_200,24,existing_paid,other,11.328,lt_100,1_to_4y,2,0,co_applicant,3,car_or_other,29,0,bank,own,2,management,1,1,1,0
995,lt_0,6,existing_paid,car_new,0.662,lt_100,lt_1y,3,0,none,4,real_estate,41,0,none,own,1,unskilled_resident,2,1,1,0
996,ge_200,6,existing_paid,furniture,2.116,lt_100,1_to_4y,2,0,none,2,real_estate,41,0,none,own,1,skilled,1,1,1,0
997,none,15,critical_or_other_credits,education,1.532,100_to_500,1_to_4y,4,1,none,3,car_or_other,31,0,none,own,1,skilled,1,0,1,0
998,0_to_200,18,existing_paid,education,1.239,unknown,1_to_4y,4,0,none,4,unknown,61,0,none,free,1,skilled,1,0,1,0
999,0_to_200,21,past_delay,car_new,2.353,lt_100,1_to_4y,1,0,none,4,savings_or_insurance,47,0,none,own,2,skilled,1,0,1,0
1000,ge_200,15,existing_paid,business,2.687,lt_100,4_to_7y,2,0,none,4,savings_or_insurance,26,0,none,rent,1,skilled,1,1,1,0
