applicant_id,checking_status,duration_months,credit_history,purpose,credit_amount_kdm,savings,employment_since,installment_rate,female,other_debtors,residence_since,property,age,young,other_plans,housing,n_existing_credits,job,n_dependents,telephone,foreign_worker,default
1,lt_0,6,critical_or_other_credits,radio_tv,1.169,unknown,ge_7y,4,0,none,4,real_estate,67,0,none,own,2,skilled,1,1,1,0
2,0_to_200,48,existing_paid,radio_tv,5.951,lt_100,1_to_4y,2,1,none,2,real_estate,22,1,none,own,1,skilled,1,0,1,1
3,none,12,critical_or_other_credits,education,2.096,lt_100,4_to_7y,2,0,none,3,real_estate,49,0,none,own,1,unskilled_resident,2,0,1,0
4,lt_0,42,existing_paid,furniture,7.882,lt_100,4_to_7y,2,0,guarantor,4,savings_or_insurance,45,0,none,free,1,skilled,2,0,1,0
5,lt_0,24,past_delay,car_new,4.87,lt_100,1_to_4y,3,0,none,4,unknown,53,0,none,free,2,skilled,2,0,1,1
6,none,36,existing_paid,education,9.055,unknown,1_to_4y,2,0,none,4,unknown,35,0,none,free,1,unskilled_resident,2,1,1,0
7,none,24,existing_paid,furniture,2.835,500_to_1000,ge_7y,3,0,none,4,savings_or_insurance,53,0,none,own,1,skilled,1,0,1,0
8,0_to_200,36,existing_paid,car_used,6.948,lt_100,1_to_4y,2,0,none,2,car_or_other,35,0,none,rent,1,management,1,1,1,0
9,none,12,existing_paid,radio_tv,3.059,ge_1000,4_to_7y,2,0,none,4,real_estate,61,0,none,own,1,unskilled_resident,1,0,1,0
10,0_to_200,30,critical_or_other_credits,car_new,5.234,lt_100,unemployed,4,0,none,2,car_or_other,28,0,none,own,2,management,1,0,1,1
11,0_to_200,12,existing_paid,car_new,1.295,lt_100,lt_1y,3,1,none,1,car_or_other,25,0,none,rent,1,skilled,1,0,1,1
12,lt_0,48,existing_paid,business,4.308,lt_100,lt_1y,3,1,none,4,savings_or_insurance,24,1,none,rent,1,skilled,1,0,1,1
13,0_to_200,12,existing_paid,radio_tv,1.567,lt_100,1_to_4y,1,1,none,1,car_or_other,22,1,none,own,1,skilled,1,1,1,0
14,lt_0,24,critical_or_other_credits,car_new,1.199,lt_100,ge_7y,4,0,none,4,car_or_other,60,0,none,own,2,unskilled_resident,1,0,1,1
15,lt_0,15,existing_paid,car_new,1.403,lt_100,1_to_4y,2,1,none,4,car_or_other,28,0,none,rent,1,skilled,1,0,1,0
16,lt_0,24,existing_paid,radio_tv,1.282,100_to_500,1_to_4y,4,1,none,2,car_or_other,32,0,none,own,1,unskilled_resident,1,0,1,1
17,none,24,critical_or_other_credits,radio_tv,2.424,unknown,ge_7y,4,0,none,4,savings_or_insurance,53,0,none,own,2,skilled,1,0,1,0
18,lt_0,30,no_credits_or_all_paid,business,8.072,unknown,lt_1y,2,0,none,3,car_or_other,25,0,bank,own,3,skilled,1,0,1,0
19,0_to_200,24,existing_paid,car_used,12.579,lt_100,ge_7y,4,1,none,2,unknown,44,0,none,free,1,management,1,1,1,1
20,none,24,existing_paid,radio_tv,3.43,500_to_1000,ge_7y,3,0,none,2,car_or_other,31,0,none,own,1,skilled,2,1,1,0
21,none,9,critical_or_other_credits,car_new,2.134,lt_100,1_to_4y,4,0,none,4,car_or_other,48,0,none,own,3,skilled,1,1,1,0
22,lt_0,6,existing_paid,radio_tv,2.647,500_to_1000,1_to_4y,2,0,none,3,real_estate,44,0,none,rent,1,skilled,2,0,1,0
23,lt_0,10,critical_or_other_credits,car_new,2.241,lt_100,lt_1y,1,0,none,3,real_estate,48,0,none,rent,2,unskilled_resident,2,0,0,0
24,0_to_200,12,critical_or_other_credits,car_used,1.804,100_to_500,lt_1y,3,0,none,4,savings_or_insurance,44,0,none,own,1,skilled,1,0,1,0
25,none,10,critical_or_other_credits,furniture,2.069,unknown,1_to_4y,2,0,none,1,car_or_other,26,0,none,own,2,skilled,1,0,0,0
26,lt_0,6,existing_paid,furniture,1.374,lt_100,1_to_4y,1,0,none,2,real_estate,36,0,bank,own,1,unskilled_resident,1,1,1,0
27,none,6,no_credits_or_all_paid,radio_tv,0.426,lt_100,ge_7y,4,0,none,4,car_or_other,39,0,none,own,1,unskilled_resident,1,0,1,0
28,ge_200,12,all_paid_this_bank,radio_tv,0.409,ge_1000,1_to_4y,3,1,none,3,real_estate,42,0,none,rent,2,skilled,1,0,1,0
29,0_to_200,7,existing_paid,radio_tv,2.415,lt_100,1_to_4y,3,0,guarantor,2,real_estate,34,0,none,own,1,skilled,1,0,1,0
30,lt_0,60,past_delay,business,6.836,lt_100,ge_7y,3,0,none,4,unknown,63,0,none,own,2,skilled,1,1,1,1
31,0_to_200,18,existing_paid,business,1.913,ge_1000,lt_1y,3,0,none,3,real_estate,36,0,bank,own,1,skilled,1,1,1,0
32,lt_0,24,existing_paid,furniture,4.02,lt_100,1_to_4y,2,0,none,2,car_or_other,27,0,stores,own,1,skilled,1,0,1,0
33,0_to_200,18,existing_paid,car_new,5.866,100_to_500,1_to_4y,2,0,none,2,car_or_other,30,0,none,own,2,skilled,1,1,1,0
34,none,12,critical_or_other_credits,business,1.264,unknown,ge_7y,4,0,none,4,unknown,57,0,none,rent,1,unskilled_resident,1,0,1,0
35,ge_200,12,existing_paid,furniture,1.474,lt_100,lt_1y,4,1,none,1,savings_or_insurance,33,0,bank,own,1,management,1,1,1,0
36,0_to_200,45,critical_or_other_credits,radio_tv,4.746,lt_100,lt_1y,4,0,none,2,savings_or_insurance,25,0,none,own,2,unskilled_resident,1,0,1,1
37,none,48,critical_or_other_credits,education,6.11,lt_100,1_to_4y,1,0,none,3,unknown,31,0,bank,free,1,skilled,1,1,1,0
38,ge_200,18,existing_paid,radio_tv,2.1,lt_100,1_to_4y,4,0,co_applicant,2,real_estate,37,0,stores,own,1,skilled,1,0,1,1
39,ge_200,10,existing_paid,other,1.225,lt_100,1_to_4y,2,0,none,2,car_or_other,37,0,none,own,1,skilled,1,1,1,0
40,0_to_200,9,existing_paid,radio_tv,0.458,lt_100,1_to_4y,4,0,none,3,real_estate,24,1,none,own,1,skilled,1,0,1,0
41,none,30,existing_paid,radio_tv,2.333,500_to_1000,ge_7y,4,0,none,2,car_or_other,30,0,bank,own,1,management,1,0,1,0
42,0_to_200,12,existing_paid,radio_tv,1.158,500_to_1000,1_to_4y,3,0,none,1,car_or_other,26,0,none,own,1,skilled,1,1,1,0
43,0_to_200,18,past_delay,other,6.204,lt_100,1_to_4y,2,0,none,4,real_estate,44,0,none,own,1,unskilled_resident,2,1,1,0
44,lt_0,30,critical_or_other_credits,car_used,6.187,100_to_500,4_to_7y,1,0,none,4,car_or_other,24,1,none,rent,2,skilled,1,0,1,0
45,lt_0,48,critical_or_other_credits,car_used,6.143,lt_100,ge_7y,4,1,none,4,unknown,58,0,stores,free,2,unskilled_resident,1,0,1,1
46,none,11,critical_or_other_credits,car_new,1.393,lt_100,lt_1y,4,1,none,4,car_or_other,35,0,none,own,2,management,1,0,1,0
47,none,36,existing_paid,radio_tv,2.299,500_to_1000,ge_7y,4,0,none,4,car_or_other,39,0,none,own,1,skilled,1,0,1,0
48,lt_0,6,existing_paid,car_used,1.352,500_to_1000,unemployed,1,1,none,2,savings_or_insurance,23,1,none,rent,1,unskilled_nonresident,1,1,1,0
49,none,11,critical_or_other_credits,car_new,7.228,lt_100,1_to_4y,1,0,none,4,savings_or_insurance,39,0,none,own,2,unskilled_resident,1,0,1,0
50,none,12,existing_paid,radio_tv,2.073,100_to_500,1_to_4y,4,1,co_applicant,2,real_estate,28,0,none,own,1,skilled,1,0,1,0
51,0_to_200,24,past_delay,furniture,2.333,unknown,lt_1y,4,0,none,2,savings_or_insurance,29,0,bank,own,1,unskilled_resident,1,0,1,0
52,0_to_200,27,past_delay,car_used,5.965,lt_100,ge_7y,1,0,none,2,car_or_other,30,0,none,own,2,management,1,1,1,0
53,none,12,existing_paid,radio_tv,1.262,lt_100,1_to_4y,3,0,none,2,car_or_other,25,0,none,own,1,skilled,1,0,1,0
54,none,18,existing_paid,car_used,3.378,unknown,1_to_4y,2,0,none,1,savings_or_insurance,31,0,none,own,1,skilled,1,1,1,0
55,0_to_200,36,past_delay,car_new,2.225,lt_100,ge_7y,4,0,none,4,unknown,57,0,bank,free,2,skilled,1,1,1,1
56,none,6,all_paid_this_bank,car_new,0.783,unknown,1_to_4y,1,0,guarantor,2,real_estate,26,0,stores,own,1,unskilled_resident,2,0,1,0
57,0_to_200,12,existing_paid,radio_tv,6.468,unknown,unemployed,2,0,none,1,unknown,52,0,none,own,1,management,1,1,1,1
58,none,36,critical_or_other_credits,radio_tv,9.566,lt_100,1_to_4y,2,1,none,2,car_or_other,31,0,stores,own,2,skilled,1,0,1,0
59,ge_200,18,existing_paid,car_new,1.961,lt_100,ge_7y,3,1,none,2,car_or_other,23,1,none,own,1,management,1,0,1,0
60,lt_0,36,critical_or_other_credits,furniture,6.229,lt_100,lt_1y,4,1,co_applicant,4,unknown,23,1,none,rent,2,unskilled_resident,1,1,1,1
61,0_to_200,9,existing_paid,business,1.391,lt_100,1_to_4y,2,0,none,1,real_estate,27,0,bank,own,1,skilled,1,1,1,0
62,0_to_200,15,critical_or_other_credits,radio_tv,1.537,unknown,ge_7y,4,0,guarantor,4,real_estate,50,0,none,own,2,skilled,1,1,1,0
63,0_to_200,36,no_credits_or_all_paid,business,1.953,lt_100,ge_7y,4,0,none,4,unknown,61,0,none,free,1,management,1,1,1,1
64,0_to_200,48,no_credits_or_all_paid,business,14.421,lt_100,1_to_4y,2,0,none,2,car_or_other,25,0,none,own,1,skilled,1,1,1,1
65,none,24,existing_paid,radio_tv,3.181,lt_100,lt_1y,4,1,none,4,savings_or_insurance,26,0,none,own,1,skilled,1,1,1,0
66,none,27,existing_paid,other,5.19,unknown,ge_7y,4,0,none,4,savings_or_insurance,48,0,none,own,4,skilled,2,1,1,0
67,none,12,existing_paid,radio_tv,2.171,lt_100,lt_1y,2,1,none,2,car_or_other,29,0,bank,own,1,skilled,1,0,1,0
68,0_to_200,12,existing_paid,car_new,1.007,ge_1000,1_to_4y,4,0,none,1,real_estate,22,1,none,own,1,skilled,1,0,1,0
69,none,36,existing_paid,education,1.819,lt_100,1_to_4y,4,0,none,4,unknown,37,0,stores,free,1,skilled,1,1,1,1
70,none,36,existing_paid,radio_tv,2.394,unknown,1_to_4y,4,1,none,4,car_or_other,25,0,none,own,1,skilled,1,0,1,0
71,none,36,existing_paid,car_used,8.133,lt_100,1_to_4y,1,1,none,2,savings_or_insurance,30,0,bank,own,1,skilled,1,0,1,0
72,none,7,critical_or_other_credits,radio_tv,0.73,unknown,ge_7y,4,0,none,2,savings_or_insurance,46,0,none,rent,2,unskilled_resident,1,1,1,0
73,lt_0,8,critical_or_other_credits,other,1.164,lt_100,ge_7y,3,0,none,4,unknown,51,0,bank,free,2,management,2,1,1,0
74,0_to_200,42,critical_or_other_credits,business,5.954,lt_100,4_to_7y,2,1,none,1,real_estate,41,0,bank,own,2,unskilled_resident,1,0,1,0
75,lt_0,36,existing_paid,education,1.977,unknown,ge_7y,4,0,none,4,unknown,40,0,none,own,1,management,1,1,1,1
76,lt_0,12,critical_or_other_credits,car_used,1.526,lt_100,ge_7y,4,0,none,4,unknown,66,0,none,free,2,management,1,0,1,0
77,lt_0,42,existing_paid,radio_tv,3.965,lt_100,lt_1y,4,0,none,3,car_or_other,34,0,none,own,1,skilled,1,0,1,1
78,0_to_200,11,past_delay,radio_tv,4.771,lt_100,4_to_7y,2,0,none,4,savings_or_insurance,51,0,none,own,1,skilled,1,0,1,0
79,none,54,no_credits_or_all_paid,car_used,9.436,unknown,1_to_4y,2,0,none,2,savings_or_insurance,39,0,none,own,1,unskilled_resident,2,0,1,0
80,0_to_200,30,existing_paid,furniture,3.832,lt_100,lt_1y,2,0,none,1,savings_or_insurance,22,1,none,own,1,skilled,1,0,1,0
81,none,24,existing_paid,radio_tv,5.943,unknown,lt_1y,1,1,none,1,car_or_other,44,0,none,own,2,skilled,1,1,1,1
82,none,15,existing_paid,radio_tv,1.213,500_to_1000,ge_7y,4,0,none,3,savings_or_insurance,47,0,stores,own,1,skilled,1,1,1,0
83,none,18,existing_paid,business,1.568,100_to_500,1_to_4y,3,1,none,4,savings_or_insurance,24,1,none,rent,1,unskilled_resident,1,0,1,0
84,lt_0,24,existing_paid,other,1.755,lt_100,ge_7y,4,1,guarantor,4,real_estate,58,0,none,own,1,unskilled_resident,1,1,1,0
85,lt_0,10,existing_paid,radio_tv,2.315,lt_100,ge_7y,3,0,none,4,real_estate,52,0,none,own,1,unskilled_resident,1,0,1,0
86,none,12,critical_or_other_credits,business,1.412,lt_100,1_to_4y,4,1,guarantor,2,real_estate,29,0,none,own,2,management,1,1,1,0
87,0_to_200,18,critical_or_other_credits,furniture,1.295,lt_100,lt_1y,4,1,none,1,savings_or_insurance,27,0,none,own,2,skilled,1,0,1,0
88,0_to_200,36,existing_paid,education,12.612,100_to_500,1_to_4y,1,0,none,4,unknown,47,0,none,free,1,skilled,2,1,1,1
89,lt_0,18,existing_paid,car_new,2.249,100_to_500,4_to_7y,4,0,none,3,car_or_other,30,0,none,own,1,management,2,1,1,0
90,lt_0,12,no_credits_or_all_paid,other,1.108,lt_100,4_to_7y,4,0,none,3,real_estate,28,0,none,own,2,skilled,1,0,1,1
91,none,12,critical_or_other_credits,radio_tv,0.618,lt_100,ge_7y,4,0,none,4,real_estate,56,0,none,own,1,skilled,1,0,1,0
92,lt_0,12,critical_or_other_credits,car_used,1.409,lt_100,ge_7y,4,0,none,3,real_estate,54,0,none,own,1,skilled,1,0,1,0
93,none,12,critical_or_other_credits,radio_tv,0.797,unknown,ge_7y,4,1,none,3,savings_or_insurance,33,0,bank,own,1,unskilled_resident,2,0,1,1
94,ge_200,24,critical_or_other_credits,furniture,3.617,unknown,ge_7y,4,0,co_applicant,4,unknown,20,1,none,rent,2,skilled,1,0,1,0
95,0_to_200,12,existing_paid,car_new,1.318,ge_1000,ge_7y,4,0,none,4,real_estate,54,0,none,own,1,skilled,1,1,1,0
96,0_to_200,54,no_credits_or_all_paid,business,15.945,lt_100,lt_1y,3,0,none,4,unknown,58,0,none,rent,1,skilled,1,1,1,1
97,none,12,critical_or_other_credits,education,2.012,unknown,4_to_7y,4,1,none,2,car_or_other,61,0,none,own,1,skilled,1,0,1,0
98,0_to_200,18,existing_paid,business,2.622,100_to_500,1_to_4y,4,0,none,4,car_or_other,34,0,none,own,1,skilled,1,0,1,0
99,0_to_200,36,critical_or_other_credits,radio_tv,2.337,lt_100,ge_7y,4,0,none,4,real_estate,36,0,none,own,1,skilled,1,0,1,0
100,0_to_200,20,past_delay,car_used,7.057,unknown,4_to_7y,3,0,none,4,savings_or_insurance,36,0,bank,rent,2,management,2,1,1,0
101,none,24,existing_paid,car_new,1.469,100_to_500,ge_7y,4,0,none,4,real_estate,41,0,none,rent,1,unskilled_resident,1,0,1,0
102,0_to_200,36,existing_paid,radio_tv,2.323,lt_100,4_to_7y,4,0,none,4,car_or_other,24,1,none,rent,1,skilled,1,0,1,0
103,none,6,past_delay,radio_tv,0.932,lt_100,1_to_4y,3,1,none,2,real_estate,24,1,none,own,1,skilled,1,0,1,0
104,0_to_200,9,critical_or_other_credits,furniture,1.919,lt_100,4_to_7y,4,0,none,3,car_or_other,35,0,none,rent,1,skilled,1,1,1,0
105,none,12,existing_paid,car_used,2.445,unknown,lt_1y,2,0,none,4,car_or_other,26,0,none,rent,1,skilled,1,1,1,0
106,0_to_200,24,critical_or_other_credits,other,11.938,lt_100,1_to_4y,2,0,co_applicant,3,car_or_other,39,0,none,own,2,management,2,1,1,1
107,none,18,all_paid_this_bank,car_new,6.458,lt_100,ge_7y,2,0,none,4,unknown,39,0,bank,own,2,management,2,1,1,1
108,0_to_200,12,existing_paid,car_new,6.078,lt_100,4_to_7y,2,0,none,2,car_or_other,32,0,none,own,1,skilled,1,0,1,0
109,lt_0,24,existing_paid,furniture,7.721,unknown,lt_1y,1,1,none,2,savings_or_insurance,30,0,none,own,1,skilled,1,1,0,0
110,0_to_200,14,existing_paid,business,1.41,500_to_1000,ge_7y,1,0,none,2,real_estate,35,0,none,own,1,skilled,1,1,1,0
111,0_to_200,6,past_delay,business,1.449,100_to_500,ge_7y,1,0,none,2,car_or_other,31,0,bank,own,2,skilled,2,0,1,0
112,ge_200,15,existing_paid,education,0.392,lt_100,lt_1y,4,1,none,4,savings_or_insurance,23,1,none,rent,1,skilled,1,1,1,0
113,0_to_200,18,existing_paid,car_new,6.26,lt_100,4_to_7y,3,0,none,3,real_estate,28,0,none,rent,1,unskilled_resident,1,0,1,0
114,none,36,critical_or_other_credits,car_new,7.855,lt_100,1_to_4y,4,1,none,2,real_estate,25,0,stores,own,2,skilled,1,1,1,1
115,lt_0,12,existing_paid,radio_tv,1.68,500_to_1000,ge_7y,3,0,none,1,real_estate,35,0,none,own,1,skilled,1,0,1,0
116,none,48,critical_or_other_credits,radio_tv,3.578,unknown,ge_7y,4,0,none,1,real_estate,47,0,none,own,1,skilled,1,1,1,0
117,lt_0,42,existing_paid,radio_tv,7.174,unknown,4_to_7y,4,1,none,3,car_or_other,30,0,none,own,1,management,1,1,1,1
118,lt_0,10,critical_or_other_credits,furniture,2.132,unknown,lt_1y,2,1,co_applicant,3,real_estate,27,0,none,rent,2,skilled,1,0,0,0
119,lt_0,33,critical_or_other_credits,furniture,4.281,500_to_1000,1_to_4y,1,1,none,4,car_or_other,23,1,none,own,2,skilled,1,0,1,1
120,0_to_200,12,critical_or_other_credits,car_new,2.366,500_to_1000,4_to_7y,3,0,none,3,car_or_other,36,0,none,own,1,management,1,1,1,0
121,lt_0,21,existing_paid,radio_tv,1.835,lt_100,1_to_4y,3,1,none,2,real_estate,25,0,none,own,2,skilled,1,1,1,1
122,none,24,critical_or_other_credits,car_used,3.868,lt_100,ge_7y,4,1,none,2,car_or_other,41,0,none,rent,2,management,1,1,1,0
123,none,12,existing_paid,furniture,1.768,lt_100,1_to_4y,3,0,none,2,real_estate,24,1,none,rent,1,unskilled_resident,1,0,1,0
124,ge_200,10,critical_or_other_credits,car_new,0.781,lt_100,ge_7y,4,0,none,4,unknown,63,0,none,free,2,skilled,1,1,1,0
125,0_to_200,18,existing_paid,furniture,1.924,unknown,lt_1y,4,1,none,3,real_estate,27,0,none,rent,1,skilled,1,0,1,1
126,lt_0,12,critical_or_other_credits,car_new,2.121,lt_100,1_to_4y,4,0,none,2,savings_or_insurance,30,0,none,own,2,skilled,1,0,1,0
127,lt_0,12,existing_paid,radio_tv,0.701,lt_100,1_to_4y,4,0,none,2,real_estate,40,0,none,own,1,unskilled_resident,1,0,1,0
128,0_to_200,12,existing_paid,other,0.639,lt_100,1_to_4y,4,0,none,2,car_or_other,30,0,none,own,1,skilled,1,0,1,1
129,0_to_200,12,critical_or_other_credits,car_used,1.86,lt_100,unemployed,4,0,none,2,car_or_other,34,0,none,own,2,management,1,1,1,0
130,lt_0,12,critical_or_other_credits,car_new,3.499,lt_100,1_to_4y,3,1,co_applicant,2,real_estate,29,0,none,own,2,skilled,1,0,1,1
131,0_to_200,48,existing_paid,car_new,8.487,unknown,4_to_7y,1,1,none,2,car_or_other,24,1,none,own,1,skilled,1,0,1,0
132,lt_0,36,past_delay,education,6.887,lt_100,1_to_4y,4,0,none,3,savings_or_insurance,29,0,stores,own,1,skilled,1,1,1,1
133,none,15,existing_paid,furniture,2.708,lt_100,lt_1y,2,0,none,3,savings_or_insurance,27,0,bank,own,2,unskilled_resident,1,0,1,0
134,none,18,existing_paid,furniture,1.984,lt_100,1_to_4y,4,0,none,4,unknown,47,0,bank,free,2,skilled,1,0,1,0
135,none,60,existing_paid,radio_tv,10.144,100_to_500,4_to_7y,2,1,none,4,real_estate,21,1,none,own,1,skilled,1,1,1,0
136,none,12,critical_or_other_credits,radio_tv,1.24,unknown,ge_7y,4,1,none,2,real_estate,38,0,none,own,2,skilled,1,1,1,0
137,none,27,past_delay,car_used,8.613,ge_1000,1_to_4y,2,0,none,2,car_or_other,27,0,none,own,2,skilled,1,0,1,0
138,0_to_200,12,existing_paid,radio_tv,0.766,500_to_1000,1_to_4y,4,0,none,3,real_estate,66,0,none,own,1,unskilled_resident,1,0,1,1
139,0_to_200,15,critical_or_other_credits,radio_tv,2.728,unknown,4_to_7y,4,0,guarantor,2,real_estate,35,0,bank,own,3,skilled,1,1,1,0
140,ge_200,12,existing_paid,radio_tv,1.881,lt_100,1_to_4y,2,1,none,2,car_or_other,44,0,none,rent,1,unskilled_resident,1,1,1,0
141,ge_200,6,existing_paid,car_new,0.709,ge_1000,lt_1y,2,0,none,2,real_estate,27,0,none,own,1,unskilled_nonresident,1,0,0,0
142,0_to_200,36,existing_paid,radio_tv,4.795,lt_100,lt_1y,4,1,none,1,unknown,30,0,none,own,1,management,1,1,1,0
143,lt_0,27,existing_paid,radio_tv,3.416,lt_100,1_to_4y,3,0,none,2,car_or_other,27,0,none,own,1,management,1,0,1,0
144,lt_0,18,existing_paid,furniture,2.462,lt_100,1_to_4y,2,0,none,2,car_or_other,22,1,none,own,1,skilled,1,0,1,1
145,none,21,critical_or_other_credits,furniture,2.288,lt_100,lt_1y,4,1,none,4,savings_or_insurance,23,1,none,own,1,skilled,1,1,1,0
146,0_to_200,48,all_paid_this_bank,business,3.566,100_to_500,4_to_7y,4,0,none,2,car_or_other,30,0,none,own,1,skilled,1,0,1,0
147,lt_0,6,critical_or_other_credits,car_new,0.86,lt_100,ge_7y,1,1,none,4,unknown,39,0,none,own,2,skilled,1,1,1,0
148,none,12,critical_or_other_credits,car_new,0.682,100_to_500,4_to_7y,4,1,none,3,car_or_other,51,0,none,own,2,skilled,1,1,1,0
149,lt_0,36,critical_or_other_credits,furniture,5.371,lt_100,1_to_4y,3,0,guarantor,2,savings_or_insurance,28,0,none,own,2,skilled,1,0,1,0
150,none,18,critical_or_other_credits,radio_tv,1.582,ge_1000,ge_7y,4,0,none,4,car_or_other,46,0,none,own,2,skilled,1,0,1,0
151,none,6,existing_paid,radio_tv,1.346,100_to_500,ge_7y,2,0,none,4,unknown,42,0,bank,free,1,skilled,2,1,1,0
152,none,10,existing_paid,radio_tv,1.924,lt_100,1_to_4y,1,0,none,4,savings_or_insurance,38,0,none,own,1,skilled,1,1,0,0
153,ge_200,36,existing_paid,radio_tv,5.848,lt_100,1_to_4y,4,0,none,1,car_or_other,24,1,none,own,1,skilled,1,0,1,0
154,0_to_200,24,critical_or_other_credits,car_used,7.758,ge_1000,ge_7y,2,1,none,4,unknown,29,0,none,rent,1,skilled,1,0,1,0
155,0_to_200,24,past_delay,business,6.967,100_to_500,4_to_7y,4,0,none,4,car_or_other,36,0,none,rent,1,management,1,1,1,0
156,lt_0,12,existing_paid,furniture,1.282,lt_100,1_to_4y,2,1,none,4,car_or_other,20,1,none,rent,1,skilled,1,0,1,1
157,lt_0,9,critical_or_other_credits,other,1.288,100_to_500,ge_7y,3,0,guarantor,4,real_estate,48,0,none,own,2,skilled,2,0,0,0
158,lt_0,12,all_paid_this_bank,other,0.339,lt_100,ge_7y,4,0,none,1,car_or_other,45,0,bank,own,1,unskilled_resident,1,0,1,0
159,0_to_200,24,existing_paid,car_new,3.512,100_to_500,4_to_7y,2,0,none,3,car_or_other,38,0,bank,own,2,skilled,1,1,1,0
160,none,6,critical_or_other_credits,radio_tv,1.898,unknown,1_to_4y,1,0,none,2,real_estate,34,0,none,own,2,unskilled_resident,2,0,1,0
161,none,24,critical_or_other_credits,radio_tv,2.872,100_to_500,ge_7y,3,0,none,4,real_estate,36,0,none,own,1,skilled,2,1,1,0
162,none,18,critical_or_other_credits,car_new,1.055,lt_100,lt_1y,4,1,none,1,savings_or_insurance,30,0,none,own,2,skilled,1,0,1,0
163,none,15,existing_paid,other,1.262,500_to_1000,4_to_7y,4,0,none,3,savings_or_insurance,36,0,none,own,2,skilled,1,1,1,0
164,0_to_200,10,existing_paid,car_new,7.308,lt_100,unemployed,2,0,none,4,unknown,70,0,bank,free,1,management,1,1,1,0
165,none,36,existing_paid,car_new,0.909,500_to_1000,ge_7y,4,0,none,4,savings_or_insurance,36,0,none,own,1,skilled,1,0,1,0
166,none,6,existing_paid,furniture,2.978,500_to_1000,1_to_4y,1,0,none,2,car_or_other,32,0,none,own,1,skilled,1,1,1,0
167,lt_0,18,existing_paid,furniture,1.131,lt_100,unemployed,4,1,none,2,car_or_other,33,0,none,own,1,skilled,1,0,1,1
168,0_to_200,11,existing_paid,furniture,1.577,ge_1000,lt_1y,4,1,none,1,real_estate,20,1,none,own,1,skilled,1,0,1,0
169,none,24,existing_paid,furniture,3.972,lt_100,4_to_7y,2,1,none,4,savings_or_insurance,25,0,none,rent,1,skilled,1,1,1,0
170,0_to_200,24,critical_or_other_credits,business,1.935,lt_100,ge_7y,4,0,none,4,real_estate,31,0,none,own,2,skilled,1,1,1,1
171,lt_0,15,no_credits_or_all_paid,car_new,0.95,lt_100,ge_7y,4,0,none,3,car_or_other,33,0,none,rent,2,skilled,2,0,1,1
172,none,12,existing_paid,furniture,0.763,lt_100,1_to_4y,4,1,none,1,real_estate,26,0,none,own,1,skilled,1,1,1,0
173,0_to_200,24,past_delay,furniture,2.064,lt_100,unemployed,3,1,none,2,savings_or_insurance,34,0,none,own,1,management,1,1,1,1
174,0_to_200,8,existing_paid,radio_tv,1.414,lt_100,1_to_4y,4,0,guarantor,2,real_estate,33,0,none,own,1,skilled,1,0,0,0
175,lt_0,21,past_delay,education,3.414,lt_100,lt_1y,2,0,none,1,savings_or_insurance,26,0,none,own,2,skilled,1,0,1,1
176,none,30,all_paid_this_bank,car_used,7.485,unknown,unemployed,4,1,none,1,real_estate,53,0,bank,own,1,management,1,1,1,1
177,lt_0,12,existing_paid,furniture,2.577,lt_100,1_to_4y,2,0,none,1,car_or_other,42,0,none,own,1,skilled,1,0,1,0
178,lt_0,6,critical_or_other_credits,radio_tv,0.338,500_to_1000,ge_7y,4,0,none,4,car_or_other,52,0,none,own,2,skilled,1,0,1,0
179,none,12,existing_paid,radio_tv,1.963,lt_100,4_to_7y,4,0,none,2,car_or_other,31,0,none,rent,2,management,2,1,1,0
180,lt_0,21,critical_or_other_credits,car_new,0.571,lt_100,ge_7y,4,0,none,4,real_estate,65,0,none,own,2,skilled,1,0,1,0
181,none,36,past_delay,business,9.572,lt_100,lt_1y,1,0,none,1,car_or_other,28,0,none,own,2,skilled,1,0,1,1
182,0_to_200,36,past_delay,business,4.455,lt_100,1_to_4y,2,0,none,2,real_estate,30,0,stores,own,2,management,1,1,1,1
183,lt_0,21,all_paid_this_bank,car_new,1.647,unknown,1_to_4y,4,0,none,2,savings_or_insurance,40,0,none,own,2,unskilled_resident,2,0,1,1
184,none,24,critical_or_other_credits,furniture,3.777,ge_1000,1_to_4y,4,0,none,4,real_estate,50,0,none,own,1,skilled,1,1,1,0
185,0_to_200,18,critical_or_other_credits,car_new,0.884,lt_100,ge_7y,4,0,none,4,car_or_other,36,0,bank,own,1,skilled,2,1,1,1
186,none,15,critical_or_other_credits,radio_tv,1.36,lt_100,1_to_4y,4,0,none,2,savings_or_insurance,31,0,none,own,2,skilled,1,0,1,0
187,0_to_200,9,all_paid_this_bank,car_used,5.129,lt_100,ge_7y,2,1,none,4,unknown,74,0,bank,free,1,management,2,1,1,1
188,0_to_200,16,critical_or_other_credits,car_new,1.175,lt_100,unemployed,2,0,none,3,car_or_other,68,0,none,free,3,unskilled_nonresident,1,1,1,0
189,lt_0,12,existing_paid,radio_tv,0.674,100_to_500,4_to_7y,4,0,none,1,savings_or_insurance,20,1,none,own,1,skilled,1,0,1,1
190,0_to_200,18,no_credits_or_all_paid,furniture,3.244,lt_100,1_to_4y,1,1,none,4,car_or_other,33,0,bank,own,2,skilled,1,1,1,0
191,none,24,existing_paid,business,4.591,ge_1000,1_to_4y,2,0,none,3,savings_or_insurance,54,0,none,own,3,management,1,1,1,1
192,0_to_200,48,no_credits_or_all_paid,business,3.844,100_to_500,4_to_7y,4,0,none,4,unknown,34,0,none,free,1,unskilled_resident,2,0,1,1
193,0_to_200,27,existing_paid,business,3.915,lt_100,1_to_4y,4,0,none,2,car_or_other,36,0,none,own,1,skilled,2,1,1,1
194,none,6,existing_paid,radio_tv,2.108,lt_100,4_to_7y,2,0,none,2,real_estate,29,0,none,rent,1,skilled,1,0,1,0
195,0_to_200,45,existing_paid,radio_tv,3.031,100_to_500,1_to_4y,4,0,guarantor,4,savings_or_insurance,21,1,none,rent,1,skilled,1,0,1,1
196,0_to_200,9,critical_or_other_credits,education,1.501,lt_100,ge_7y,2,1,none,3,car_or_other,34,0,none,own,2,management,1,1,1,1
197,none,6,critical_or_other_credits,radio_tv,1.382,lt_100,1_to_4y,1,1,none,1,car_or_other,28,0,none,own,2,skilled,1,1,1,0
198,0_to_200,12,existing_paid,furniture,0.951,100_to_500,lt_1y,4,1,none,4,car_or_other,27,0,bank,rent,4,skilled,1,0,1,1
199,0_to_200,24,existing_paid,car_used,2.76,unknown,ge_7y,4,0,none,4,unknown,36,0,bank,free,1,skilled,1,1,1,0
200,0_to_200,18,past_delay,furniture,4.297,lt_100,ge_7y,4,0,none,3,unknown,40,0,none,own,1,management,1,1,1,1
201,none,9,critical_or_other_credits,education,0.936,500_to_1000,ge_7y,4,0,none,2,car_or_other,52,0,none,own,2,skilled,1,1,1,0
202,lt_0,12,existing_paid,car_new,1.168,lt_100,1_to_4y,4,0,none,3,real_estate,27,0,none,own,1,unskilled_resident,1,0,1,0
203,none,27,past_delay,business,5.117,lt_100,4_to_7y,3,0,none,4,car_or_other,26,0,none,own,2,skilled,1,0,1,0
204,lt_0,12,existing_paid,other,0.902,lt_100,4_to_7y,4,0,none,4,savings_or_insurance,21,1,none,rent,1,skilled,1,0,1,1
205,none,12,critical_or_other_credits,car_new,1.495,lt_100,ge_7y,4,0,none,1,real_estate,38,0,none,own,2,unskilled_resident,2,0,1,0
206,lt_0,30,critical_or_other_credits,car_used,10.623,lt_100,ge_7y,3,0,none,4,unknown,38,0,none,free,3,management,2,1,1,0
207,none,12,critical_or_other_credits,furniture,1.935,lt_100,ge_7y,4,0,none,4,real_estate,43,0,none,own,3,skilled,1,1,1,0
208,0_to_200,12,critical_or_other_credits,other,1.424,lt_100,4_to_7y,4,0,none,3,savings_or_insurance,26,0,none,own,1,skilled,1,0,1,0
209,lt_0,24,existing_paid,business,6.568,lt_100,1_to_4y,2,0,none,2,car_or_other,21,1,stores,own,1,unskilled_resident,1,0,1,0
210,none,12,existing_paid,car_used,1.413,ge_1000,4_to_7y,3,0,none,2,savings_or_insurance,55,0,none,own,1,skilled,1,0,0,0
211,none,9,critical_or_other_credits,radio_tv,3.074,unknown,1_to_4y,1,0,none,2,real_estate,33,0,none,own,2,skilled,2,0,1,0
212,none,36,existing_paid,radio_tv,3.835,unknown,ge_7y,2,1,none,4,real_estate,45,0,none,own,1,unskilled_resident,1,1,1,0
213,lt_0,27,no_credits_or_all_paid,business,5.293,lt_100,unemployed,2,0,none,4,savings_or_insurance,50,0,stores,own,2,skilled,1,1,1,1
214,ge_200,30,past_delay,business,1.908,lt_100,ge_7y,4,0,none,4,real_estate,66,0,none,own,1,management,1,1,1,1
215,none,36,critical_or_other_credits,radio_tv,3.342,unknown,ge_7y,4,0,none,2,car_or_other,51,0,none,own,1,skilled,1,1,1,0
216,0_to_200,6,critical_or_other_credits,other,0.932,unknown,4_to_7y,1,1,none,3,savings_or_insurance,39,0,none,own,2,unskilled_resident,1,0,1,0
217,lt_0,18,no_credits_or_all_paid,business,3.104,lt_100,4_to_7y,3,0,none,1,savings_or_insurance,31,0,bank,own,1,skilled,1,1,1,0
218,ge_200,36,existing_paid,radio_tv,3.913,lt_100,1_to_4y,2,0,none,2,real_estate,23,1,none,own,1,skilled,1,1,1,0
219,lt_0,24,existing_paid,furniture,3.021,lt_100,1_to_4y,2,0,none,2,real_estate,24,1,none,rent,1,unskilled_resident,1,0,1,0
220,none,10,existing_paid,car_new,1.364,lt_100,1_to_4y,2,1,none,4,car_or_other,64,0,none,own,1,skilled,1,1,1,0
221,0_to_200,12,existing_paid,radio_tv,0.625,lt_100,lt_1y,4,0,guarantor,1,real_estate,26,0,bank,own,1,unskilled_resident,1,0,1,0
222,lt_0,12,existing_paid,education,1.2,unknown,1_to_4y,4,1,none,4,savings_or_insurance,23,1,bank,rent,1,skilled,1,1,1,0
223,none,12,existing_paid,radio_tv,0.707,lt_100,1_to_4y,4,0,none,2,real_estate,30,0,bank,own,2,skilled,1,0,1,0
224,none,24,past_delay,business,2.978,unknown,1_to_4y,4,0,none,4,real_estate,32,0,none,own,2,skilled,2,1,1,0
225,none,15,existing_paid,car_used,4.657,lt_100,1_to_4y,3,0,none,2,car_or_other,30,0,none,own,1,skilled,1,1,1,0
226,none,36,no_credits_or_all_paid,other,2.613,lt_100,1_to_4y,4,0,none,2,car_or_other,27,0,none,own,2,skilled,1,0,1,0
227,0_to_200,48,existing_paid,radio_tv,10.961,ge_1000,4_to_7y,1,0,co_applicant,2,unknown,27,0,bank,own,2,skilled,1,1,1,1
228,lt_0,12,existing_paid,furniture,7.865,lt_100,ge_7y,4,0,none,4,unknown,53,0,none,free,1,management,1,1,1,1
229,none,9,existing_paid,radio_tv,1.478,lt_100,4_to_7y,4,0,none,2,car_or_other,22,1,none,own,1,skilled,1,0,1,1
230,lt_0,24,existing_paid,furniture,3.149,lt_100,lt_1y,4,0,none,1,unknown,22,1,bank,free,1,skilled,1,0,1,0
231,ge_200,36,existing_paid,radio_tv,4.21,lt_100,1_to_4y,4,0,none,2,car_or_other,26,0,none,own,1,skilled,1,0,1,1
232,none,9,existing_paid,car_new,2.507,500_to_1000,ge_7y,2,0,none,4,unknown,51,0,none,free,1,unskilled_resident,1,0,1,0
233,none,12,existing_paid,radio_tv,2.141,100_to_500,4_to_7y,3,0,none,1,unknown,35,0,none,own,1,skilled,1,0,1,0
234,0_to_200,18,existing_paid,radio_tv,0.866,lt_100,1_to_4y,4,0,guarantor,2,real_estate,25,0,none,own,1,unskilled_resident,1,0,1,0
235,none,4,critical_or_other_credits,radio_tv,1.544,lt_100,4_to_7y,2,0,none,1,real_estate,42,0,none,own,3,unskilled_resident,2,0,1,0
236,lt_0,24,existing_paid,radio_tv,1.823,lt_100,unemployed,4,0,none,2,car_or_other,30,0,stores,own,1,management,2,0,1,1
237,0_to_200,6,existing_paid,car_new,14.555,unknown,unemployed,1,0,none,2,savings_or_insurance,23,1,none,own,1,unskilled_nonresident,1,1,1,1
238,0_to_200,21,existing_paid,business,2.767,100_to_500,ge_7y,4,0,none,2,car_or_other,61,0,bank,rent,2,unskilled_resident,1,0,1,1
239,none,12,critical_or_other_credits,radio_tv,1.291,lt_100,1_to_4y,4,1,none,2,savings_or_insurance,35,0,none,own,2,skilled,1,0,1,0
240,lt_0,30,existing_paid,radio_tv,2.522,lt_100,ge_7y,1,0,guarantor,3,savings_or_insurance,39,0,none,own,1,skilled,2,0,1,0
241,lt_0,24,existing_paid,car_new,0.915,unknown,ge_7y,4,1,none,2,car_or_other,29,0,bank,own,1,skilled,1,0,1,1
242,none,6,existing_paid,radio_tv,1.595,lt_100,4_to_7y,3,0,none,2,savings_or_insurance,51,0,none,own,1,skilled,2,0,1,0
243,lt_0,48,no_credits_or_all_paid,car_used,4.605,lt_100,ge_7y,3,0,none,4,unknown,24,1,none,free,2,skilled,2,0,1,1
244,none,12,critical_or_other_credits,business,1.185,lt_100,1_to_4y,3,1,none,2,real_estate,27,0,none,own,2,skilled,1,0,1,0
245,none,12,all_paid_this_bank,other,3.447,500_to_1000,1_to_4y,4,1,none,3,real_estate,35,0,none,own,1,unskilled_resident,2,0,1,0
246,none,24,existing_paid,business,1.258,lt_100,4_to_7y,4,0,none,1,real_estate,25,0,none,own,1,skilled,1,1,1,0
247,none,12,critical_or_other_credits,radio_tv,0.717,lt_100,ge_7y,4,0,none,4,real_estate,52,0,none,own,3,skilled,1,0,1,0
248,none,6,no_credits_or_all_paid,car_new,1.204,100_to_500,1_to_4y,4,0,none,1,unknown,35,0,bank,rent,1,skilled,1,0,0,0
249,ge_200,24,existing_paid,furniture,1.925,lt_100,1_to_4y,2,0,none,2,real_estate,26,0,none,own,1,skilled,1,0,1,0
250,none,18,existing_paid,radio_tv,0.433,lt_100,unemployed,3,1,co_applicant,4,real_estate,22,1,none,rent,1,skilled,1,0,1,1
251,lt_0,6,critical_or_other_credits,car_new,0.666,ge_1000,4_to_7y,3,1,none,4,real_estate,39,0,none,own,2,unskilled_resident,1,1,1,0
252,ge_200,12,existing_paid,furniture,2.251,lt_100,1_to_4y,1,1,none,2,car_or_other,46,0,none,own,1,unskilled_resident,1,0,1,0
253,0_to_200,30,existing_paid,car_new,2.15,lt_100,1_to_4y,4,1,guarantor,2,unknown,24,1,bank,own,1,skilled,1,0,1,1
254,none,24,past_delay,furniture,4.151,100_to_500,1_to_4y,2,0,none,3,savings_or_insurance,35,0,none,own,2,skilled,1,0,1,0
255,0_to_200,9,existing_paid,furniture,2.03,unknown,4_to_7y,2,0,none,1,car_or_other,24,1,none,own,1,skilled,1,1,1,0
256,0_to_200,60,past_delay,radio_tv,7.418,unknown,1_to_4y,1,0,none,1,real_estate,27,0,none,own,1,unskilled_resident,1,0,1,0
257,none,24,critical_or_other_credits,radio_tv,2.684,lt_100,1_to_4y,4,0,none,2,real_estate,35,0,none,own,2,unskilled_resident,1,0,1,0
258,lt_0,12,all_paid_this_bank,radio_tv,2.149,lt_100,1_to_4y,4,0,none,1,unknown,29,0,none,free,1,skilled,1,0,1,1
259,none,15,existing_paid,car_used,3.812,100_to_500,lt_1y,1,1,none,4,car_or_other,23,1,none,own,1,skilled,1,1,1,0
260,none,11,critical_or_other_credits,radio_tv,1.154,100_to_500,unemployed,4,1,none,4,real_estate,57,0,none,own,3,unskilled_resident,1,0,1,0
261,lt_0,12,existing_paid,furniture,1.657,lt_100,1_to_4y,2,0,none,2,real_estate,27,0,none,own,1,skilled,1,0,1,0
262,lt_0,24,existing_paid,radio_tv,1.603,lt_100,ge_7y,4,1,none,4,car_or_other,55,0,none,own,1,skilled,1,0,1,0
263,lt_0,18,critical_or_other_credits,car_new,5.302,lt_100,ge_7y,2,0,none,4,unknown,36,0,none,free,3,management,1,1,1,0
264,none,12,critical_or_other_credits,education,2.748,lt_100,ge_7y,2,1,none,4,unknown,57,0,bank,free,3,unskilled_resident,1,0,1,0
265,none,10,critical_or_other_credits,car_new,1.231,lt_100,ge_7y,3,0,none,4,real_estate,32,0,none,own,2,unskilled_resident,2,0,0,0
266,0_to_200,15,existing_paid,radio_tv,0.802,lt_100,ge_7y,4,0,none,3,car_or_other,37,0,none,own,1,skilled,2,0,1,1
267,none,36,critical_or_other_credits,business,6.304,unknown,ge_7y,4,0,none,4,real_estate,36,0,none,own,2,skilled,1,0,1,0
268,none,24,existing_paid,radio_tv,1.533,lt_100,lt_1y,4,1,none,3,car_or_other,38,0,stores,own,1,skilled,1,1,1,0
269,lt_0,14,existing_paid,car_new,8.978,lt_100,ge_7y,1,0,none,4,savings_or_insurance,45,0,none,own,1,management,1,1,0,1
270,none,24,existing_paid,radio_tv,0.999,unknown,ge_7y,4,0,none,2,car_or_other,25,0,none,own,2,skilled,1,0,1,0
271,none,18,existing_paid,car_new,2.662,unknown,4_to_7y,4,0,none,3,savings_or_insurance,32,0,none,own,1,skilled,1,0,0,0
272,none,12,critical_or_other_credits,furniture,1.402,500_to_1000,4_to_7y,3,1,none,4,car_or_other,37,0,none,rent,1,skilled,1,1,1,0
273,0_to_200,48,all_paid_this_bank,car_new,12.169,unknown,unemployed,4,0,co_applicant,4,unknown,36,0,none,free,1,management,1,1,1,0
274,0_to_200,48,existing_paid,radio_tv,3.06,lt_100,4_to_7y,4,0,none,4,real_estate,28,0,none,own,2,skilled,1,0,1,1
275,lt_0,30,existing_paid,other,11.998,lt_100,lt_1y,1,0,none,1,unknown,34,0,none,own,1,unskilled_resident,1,1,1,1
276,none,9,existing_paid,radio_tv,2.697,lt_100,1_to_4y,1,0,none,2,real_estate,32,0,none,own,1,skilled,2,0,1,0
277,none,18,critical_or_other_credits,radio_tv,2.404,lt_100,1_to_4y,2,1,none,2,car_or_other,26,0,none,own,2,skilled,1,0,1,0
278,lt_0,12,existing_paid,furniture,1.262,unknown,ge_7y,2,0,none,4,savings_or_insurance,49,0,none,own,1,unskilled_resident,1,1,1,0
279,none,6,existing_paid,furniture,4.611,lt_100,lt_1y,1,1,none,4,savings_or_insurance,32,0,none,own,1,skilled,1,0,1,1
280,none,24,existing_paid,radio_tv,1.901,100_to_500,1_to_4y,4,0,none,4,car_or_other,29,0,none,rent,1,management,1,1,1,0
281,none,15,critical_or_other_credits,car_used,3.368,ge_1000,ge_7y,3,0,none,4,unknown,23,1,none,rent,2,skilled,1,1,1,0
282,none,12,existing_paid,furniture,1.574,lt_100,1_to_4y,4,0,none,2,real_estate,50,0,none,own,1,skilled,1,0,1,0
283,ge_200,18,all_paid_this_bank,radio_tv,1.445,unknown,4_to_7y,4,0,none,4,car_or_other,49,0,bank,own,1,unskilled_resident,1,0,1,0
284,none,15,critical_or_other_credits,furniture,1.52,unknown,ge_7y,4,0,none,4,savings_or_insurance,63,0,none,own,1,skilled,1,0,1,0
285,0_to_200,24,critical_or_other_credits,car_new,3.878,100_to_500,lt_1y,4,0,none,2,car_or_other,37,0,none,own,1,skilled,1,1,1,0
286,lt_0,47,existing_paid,car_new,10.722,lt_100,lt_1y,1,1,none,1,real_estate,35,0,none,own,1,unskilled_resident,1,1,1,0
287,lt_0,48,existing_paid,car_used,4.788,lt_100,4_to_7y,4,0,none,3,savings_or_insurance,26,0,none,own,1,skilled,2,0,1,0
288,0_to_200,48,past_delay,other,7.582,100_to_500,unemployed,2,0,none,4,unknown,31,0,none,free,1,management,1,1,1,0
289,0_to_200,12,existing_paid,radio_tv,1.092,lt_100,1_to_4y,4,1,guarantor,4,real_estate,49,0,none,own,2,skilled,1,1,1,0
290,lt_0,24,past_delay,radio_tv,1.024,lt_100,lt_1y,4,0,none,4,real_estate,48,0,stores,own,1,skilled,1,0,1,1
291,none,12,existing_paid,business,1.076,lt_100,1_to_4y,2,0,none,2,real_estate,26,0,none,own,1,skilled,1,1,0,0
292,0_to_200,36,existing_paid,car_used,9.398,lt_100,lt_1y,1,0,none,4,car_or_other,28,0,none,rent,1,management,1,1,1,1
293,lt_0,24,critical_or_other_credits,car_used,6.419,lt_100,ge_7y,2,1,none,4,unknown,44,0,none,free,2,management,2,1,1,0
294,ge_200,42,critical_or_other_credits,car_used,4.796,lt_100,ge_7y,4,0,none,4,unknown,56,0,none,free,1,skilled,1,0,1,0
295,none,48,critical_or_other_credits,business,7.629,unknown,ge_7y,4,0,none,2,car_or_other,46,0,bank,own,2,management,2,0,1,0
296,0_to_200,48,existing_paid,furniture,9.96,lt_100,lt_1y,1,1,none,2,car_or_other,26,0,none,own,1,skilled,1,1,1,1
297,none,12,existing_paid,car_used,4.675,unknown,lt_1y,1,1,none,4,car_or_other,20,1,none,rent,1,skilled,1,0,1,0
298,none,10,existing_paid,car_new,1.287,unknown,ge_7y,4,0,co_applicant,2,savings_or_insurance,45,0,none,own,1,unskilled_resident,1,0,0,0
299,none,18,existing_paid,furniture,2.515,lt_100,1_to_4y,3,0,none,4,real_estate,43,0,none,own,1,skilled,1,1,1,0
300,0_to_200,21,critical_or_other_credits,furniture,2.745,ge_1000,4_to_7y,3,0,none,2,car_or_other,32,0,none,own,2,skilled,1,1,1,0
301,none,6,existing_paid,car_new,0.672,lt_100,unemployed,1,1,none,4,real_estate,54,0,none,own,1,unskilled_nonresident,1,1,1,0
302,0_to_200,36,no_credits_or_all_paid,radio_tv,3.804,lt_100,1_to_4y,4,1,none,1,car_or_other,42,0,none,own,1,skilled,1,1,1,1
303,ge_200,24,critical_or_other_credits,car_new,1.344,unknown,4_to_7y,4,0,none,2,real_estate,37,0,bank,own,2,unskilled_resident,2,0,1,1
304,lt_0,10,critical_or_other_credits,car_new,1.038,lt_100,4_to_7y,4,0,co_applicant,3,savings_or_insurance,49,0,none,own,2,skilled,1,1,1,0
305,none,48,critical_or_other_credits,car_new,10.127,500_to_1000,1_to_4y,2,0,none,2,unknown,44,0,bank,free,1,skilled,1,0,1,1
306,none,6,existing_paid,furniture,1.543,ge_1000,1_to_4y,4,0,none,2,real_estate,33,0,none,own,1,skilled,1,0,1,0
307,none,30,existing_paid,car_used,4.811,unknown,4_to_7y,2,1,none,4,savings_or_insurance,24,1,stores,rent,1,unskilled_resident,1,0,1,0
308,lt_0,12,existing_paid,radio_tv,0.727,100_to_500,lt_1y,4,0,none,3,unknown,33,0,none,own,1,unskilled_resident,1,1,1,1
309,0_to_200,8,existing_paid,furniture,1.237,lt_100,1_to_4y,3,1,none,4,real_estate,24,1,none,own,1,skilled,1,0,1,1
310,0_to_200,9,existing_paid,car_new,0.276,lt_100,1_to_4y,4,0,none,4,real_estate,22,1,none,rent,1,unskilled_resident,1,0,1,0
311,0_to_200,48,existing_paid,other,5.381,unknown,unemployed,3,0,none,4,unknown,40,0,bank,free,1,unskilled_nonresident,1,1,1,0
312,none,24,existing_paid,furniture,5.511,100_to_500,1_to_4y,4,0,none,1,car_or_other,25,0,stores,own,1,skilled,1,0,1,0
313,ge_200,24,existing_paid,furniture,3.749,lt_100,lt_1y,2,1,none,4,car_or_other,26,0,none,own,1,skilled,1,0,1,0
314,0_to_200,12,existing_paid,car_new,0.685,lt_100,4_to_7y,2,0,none,3,car_or_other,25,0,bank,own,1,unskilled_resident,1,0,1,1
315,ge_200,4,existing_paid,car_new,1.494,unknown,lt_1y,1,0,none,2,real_estate,29,0,none,own,1,unskilled_resident,2,0,0,0
316,lt_0,36,all_paid_this_bank,furniture,2.746,lt_100,ge_7y,4,0,none,4,car_or_other,31,0,bank,own,1,skilled,1,0,1,1
317,lt_0,12,existing_paid,furniture,0.708,lt_100,1_to_4y,2,0,guarantor,3,savings_or_insurance,38,0,none,own,1,unskilled_resident,2,0,1,0
318,0_to_200,24,existing_paid,furniture,4.351,unknown,1_to_4y,1,1,none,4,savings_or_insurance,48,0,none,own,1,unskilled_resident,1,1,1,0
319,none,12,critical_or_other_credits,education,0.701,lt_100,1_to_4y,4,0,none,2,car_or_other,32,0,none,own,2,skilled,1,0,1,0
320,lt_0,15,past_delay,furniture,3.643,lt_100,ge_7y,1,1,none,4,savings_or_insurance,27,0,none,own,2,unskilled_resident,1,0,1,0
321,0_to_200,30,critical_or_other_credits,car_new,4.249,lt_100,unemployed,4,0,none,2,car_or_other,28,0,none,own,2,management,1,0,1,1
322,lt_0,24,existing_paid,radio_tv,1.938,lt_100,lt_1y,4,0,none,3,savings_or_insurance,32,0,none,own,1,skilled,1,0,1,1
323,lt_0,24,existing_paid,car_used,2.91,lt_100,4_to_7y,2,0,none,1,unknown,34,0,none,free,1,management,1,1,1,0
324,lt_0,18,existing_paid,furniture,2.659,ge_1000,1_to_4y,4,0,none,2,car_or_other,28,0,none,own,1,skilled,1,0,1,0
325,none,18,critical_or_other_credits,car_new,1.028,lt_100,1_to_4y,4,1,none,3,real_estate,36,0,none,own,2,skilled,1,0,1,0
326,lt_0,8,critical_or_other_credits,car_new,3.398,lt_100,4_to_7y,1,0,none,4,real_estate,39,0,none,own,2,unskilled_resident,1,0,0,0
327,none,12,critical_or_other_credits,furniture,5.801,unknown,ge_7y,2,0,none,4,savings_or_insurance,49,0,none,rent,1,skilled,1,1,1,0
328,none,24,existing_paid,car_new,1.525,ge_1000,4_to_7y,4,1,none,3,car_or_other,34,0,none,own,1,skilled,2,1,1,0
329,ge_200,36,existing_paid,radio_tv,4.473,lt_100,ge_7y,4,0,none,2,car_or_other,31,0,none,own,1,skilled,1,0,1,0
330,0_to_200,6,existing_paid,radio_tv,1.068,lt_100,ge_7y,4,0,none,4,car_or_other,28,0,none,own,1,skilled,2,0,1,0
331,lt_0,24,critical_or_other_credits,car_used,6.615,lt_100,unemployed,2,0,none,4,unknown,75,0,none,free,2,management,1,1,1,0
332,none,18,critical_or_other_credits,education,1.864,100_to_500,1_to_4y,4,1,none,2,real_estate,30,0,none,own,2,skilled,1,0,1,1
333,0_to_200,60,existing_paid,car_new,7.408,100_to_500,lt_1y,4,1,none,2,savings_or_insurance,24,1,none,own,1,management,1,0,1,1
334,none,48,critical_or_other_credits,car_used,11.59,100_to_500,1_to_4y,2,1,none,4,car_or_other,24,1,bank,rent,2,unskilled_resident,1,0,1,1
335,lt_0,24,no_credits_or_all_paid,furniture,4.11,lt_100,ge_7y,3,0,none,4,unknown,23,1,bank,rent,2,skilled,2,0,1,1
336,lt_0,6,critical_or_other_credits,furniture,3.384,lt_100,1_to_4y,1,0,none,4,real_estate,44,0,none,rent,1,management,1,1,1,1
337,0_to_200,13,existing_paid,radio_tv,2.101,lt_100,lt_1y,2,1,guarantor,4,savings_or_insurance,23,1,none,own,1,unskilled_resident,1,0,1,0
338,lt_0,15,existing_paid,other,1.275,unknown,1_to_4y,4,1,none,2,car_or_other,24,1,none,rent,1,skilled,1,0,1,1
339,lt_0,24,existing_paid,furniture,4.169,lt_100,1_to_4y,4,0,none,4,savings_or_insurance,28,0,none,own,1,skilled,1,0,1,0
340,0_to_200,10,existing_paid,furniture,1.521,lt_100,1_to_4y,4,0,none,2,car_or_other,31,0,none,own,1,unskilled_resident,1,0,1,0
341,0_to_200,24,critical_or_other_credits,education,5.743,lt_100,lt_1y,2,1,none,4,unknown,24,1,none,free,2,skilled,1,1,1,0
342,lt_0,21,existing_paid,furniture,3.599,lt_100,4_to_7y,1,1,none,4,car_or_other,26,0,none,rent,1,unskilled_resident,1,0,1,0
343,0_to_200,18,existing_paid,radio_tv,3.213,500_to_1000,lt_1y,1,0,none,3,real_estate,25,0,none,rent,1,skilled,1,0,1,0
344,0_to_200,18,existing_paid,business,4.439,lt_100,ge_7y,1,0,co_applicant,1,real_estate,33,0,bank,own,1,management,1,1,1,0
345,ge_200,10,existing_paid,car_new,3.949,lt_100,lt_1y,1,0,guarantor,1,savings_or_insurance,37,0,none,own,1,unskilled_resident,2,0,1,0
346,none,15,critical_or_other_credits,radio_tv,1.459,lt_100,1_to_4y,4,1,none,2,car_or_other,43,0,none,own,1,unskilled_resident,1,0,1,0
347,0_to_200,13,critical_or_other_credits,radio_tv,0.882,lt_100,lt_1y,4,0,guarantor,4,real_estate,23,1,none,own,2,skilled,1,0,1,0
348,0_to_200,24,existing_paid,radio_tv,3.758,500_to_1000,unemployed,1,1,none,4,unknown,23,1,none,rent,1,unskilled_nonresident,1,0,1,0
349,none,6,past_delay,business,1.743,100_to_500,1_to_4y,1,0,none,2,real_estate,34,0,none,own,2,unskilled_resident,1,0,1,0
350,0_to_200,9,critical_or_other_credits,education,1.136,ge_1000,ge_7y,4,0,none,3,unknown,32,0,none,free,2,skilled,2,0,1,1
351,none,9,existing_paid,other,1.236,lt_100,lt_1y,1,1,none,4,real_estate,23,1,none,rent,1,skilled,1,1,1,0
352,0_to_200,9,existing_paid,furniture,0.959,lt_100,1_to_4y,1,1,none,2,car_or_other,29,0,none,own,1,skilled,1,0,0,1
353,none,18,critical_or_other_credits,car_used,3.229,unknown,unemployed,2,0,none,4,unknown,38,0,none,own,1,management,1,1,1,0
354,lt_0,12,no_credits_or_all_paid,radio_tv,6.199,lt_100,1_to_4y,4,0,none,2,savings_or_insurance,28,0,none,rent,2,skilled,1,1,1,1
355,none,10,existing_paid,education,0.727,500_to_1000,ge_7y,4,0,none,4,unknown,46,0,none,free,1,skilled,1,1,1,0
356,0_to_200,24,existing_paid,car_new,1.246,lt_100,lt_1y,4,0,none,2,real_estate,23,1,stores,own,1,unskilled_resident,1,0,1,1
357,none,12,critical_or_other_credits,radio_tv,2.331,unknown,ge_7y,1,0,co_applicant,4,real_estate,49,0,none,own,1,skilled,1,1,1,0
358,none,36,past_delay,radio_tv,4.463,lt_100,1_to_4y,4,0,none,2,car_or_other,26,0,none,own,2,management,1,1,1,1
359,none,12,existing_paid,radio_tv,0.776,lt_100,1_to_4y,4,0,none,2,real_estate,28,0,none,own,1,skilled,1,0,1,0
360,lt_0,30,existing_paid,furniture,2.406,lt_100,4_to_7y,4,1,none,4,real_estate,23,1,none,rent,1,skilled,1,0,1,1
361,0_to_200,18,existing_paid,education,1.239,unknown,1_to_4y,4,0,none,4,unknown,61,0,none,free,1,skilled,1,0,1,0
362,ge_200,12,existing_paid,radio_tv,3.399,unknown,ge_7y,2,0,none,3,car_or_other,37,0,none,own,1,management,1,0,1,0
363,ge_200,12,past_delay,car_new,2.247,lt_100,1_to_4y,2,1,none,2,car_or_other,36,0,stores,own,2,skilled,1,1,1,0
364,none,6,existing_paid,furniture,1.766,lt_100,1_to_4y,1,0,none,2,savings_or_insurance,21,1,none,rent,1,skilled,1,0,1,0
365,lt_0,18,existing_paid,furniture,2.473,lt_100,unemployed,4,0,none,1,car_or_other,25,0,none,own,1,unskilled_nonresident,1,0,1,1
366,none,12,existing_paid,business,1.542,lt_100,4_to_7y,2,0,none,4,car_or_other,36,0,none,own,1,skilled,1,1,1,0
367,none,18,critical_or_other_credits,car_used,3.85,lt_100,4_to_7y,3,0,none,1,car_or_other,27,0,none,own,2,skilled,1,0,1,0
368,lt_0,18,existing_paid,furniture,3.65,lt_100,lt_1y,1,1,none,4,car_or_other,22,1,none,rent,1,skilled,1,0,1,0
369,lt_0,36,existing_paid,furniture,3.446,lt_100,ge_7y,4,0,none,2,car_or_other,42,0,none,own,1,skilled,2,0,1,1
370,0_to_200,18,existing_paid,furniture,3.001,lt_100,4_to_7y,2,1,none,4,real_estate,40,0,none,rent,1,skilled,1,0,1,0
371,none,36,existing_paid,car_new,3.079,unknown,1_to_4y,4,0,none,4,real_estate,36,0,none,own,1,skilled,1,0,1,0
372,none,18,critical_or_other_credits,radio_tv,6.07,lt_100,ge_7y,3,0,none,4,car_or_other,33,0,none,own,2,skilled,1,1,1,0
373,none,10,critical_or_other_credits,furniture,2.146,lt_100,lt_1y,1,1,none,3,real_estate,23,1,none,rent,2,skilled,1,0,1,0
374,none,60,critical_or_other_credits,car_new,13.756,unknown,ge_7y,2,0,none,4,unknown,63,0,bank,free,1,management,1,1,1,0
375,0_to_200,60,all_paid_this_bank,other,14.782,100_to_500,ge_7y,3,1,none,4,unknown,60,0,bank,free,2,management,1,1,1,1
376,lt_0,48,all_paid_this_bank,business,7.685,lt_100,4_to_7y,2,1,guarantor,4,car_or_other,37,0,none,rent,1,skilled,1,0,1,1
377,none,18,past_delay,radio_tv,2.32,lt_100,unemployed,2,0,none,3,real_estate,34,0,none,own,2,skilled,1,0,1,0
378,none,7,past_delay,radio_tv,0.846,unknown,ge_7y,3,0,none,4,unknown,36,0,none,free,1,skilled,1,0,1,0
379,0_to_200,36,existing_paid,car_new,14.318,lt_100,ge_7y,4,0,none,2,unknown,57,0,none,free,1,management,1,1,1,1
380,none,6,critical_or_other_credits,car_new,0.362,100_to_500,1_to_4y,4,1,none,4,car_or_other,52,0,none,own,2,unskilled_resident,1,0,1,0
381,lt_0,20,existing_paid,furniture,2.212,unknown,4_to_7y,4,0,none,4,car_or_other,39,0,none,own,1,skilled,1,1,1,0
382,0_to_200,18,existing_paid,car_used,12.976,lt_100,unemployed,3,1,none,4,unknown,38,0,none,free,1,management,1,1,1,1
383,none,22,existing_paid,car_new,1.283,unknown,4_to_7y,4,1,none,4,savings_or_insurance,25,0,none,rent,1,skilled,1,0,1,0
384,ge_200,12,existing_paid,car_new,1.33,lt_100,lt_1y,4,0,none,1,real_estate,26,0,none,own,1,skilled,1,0,1,0
385,none,30,past_delay,business,4.272,100_to_500,1_to_4y,2,0,none,2,savings_or_insurance,26,0,none,own,2,unskilled_resident,1,0,1,0
386,none,18,critical_or_other_credits,radio_tv,2.238,lt_100,1_to_4y,2,1,none,1,car_or_other,25,0,none,own,2,skilled,1,0,1,0
387,none,18,existing_paid,radio_tv,1.126,unknown,lt_1y,4,1,none,2,real_estate,21,1,none,rent,1,skilled,1,1,1,0
388,0_to_200,18,critical_or_other_credits,furniture,7.374,lt_100,unemployed,4,0,none,4,savings_or_insurance,40,0,stores,own,2,management,1,1,1,0
389,0_to_200,15,critical_or_other_credits,business,2.326,500_to_1000,1_to_4y,2,0,none,4,car_or_other,27,0,bank,own,1,skilled,1,0,1,0
390,none,9,existing_paid,business,1.449,lt_100,4_to_7y,3,1,none,2,car_or_other,27,0,none,own,2,skilled,1,0,1,0
391,none,18,existing_paid,car_new,1.82,lt_100,1_to_4y,2,0,none,2,savings_or_insurance,30,0,none,own,1,management,1,1,1,0
392,0_to_200,12,existing_paid,furniture,0.983,ge_1000,lt_1y,1,1,none,4,real_estate,19,1,none,rent,1,unskilled_resident,1,0,1,0
393,lt_0,36,existing_paid,car_new,3.249,lt_100,4_to_7y,2,0,none,4,unknown,39,0,bank,free,1,management,2,1,1,0
394,lt_0,6,critical_or_other_credits,radio_tv,1.957,lt_100,4_to_7y,1,1,none,4,car_or_other,31,0,none,own,1,skilled,1,0,1,0
395,none,9,critical_or_other_credits,furniture,2.406,lt_100,unemployed,2,0,none,3,car_or_other,31,0,none,own,1,management,1,0,1,0
396,0_to_200,39,past_delay,education,11.76,100_to_500,4_to_7y,2,0,none,3,unknown,32,0,none,rent,1,skilled,1,1,1,0
397,lt_0,12,existing_paid,furniture,2.578,lt_100,unemployed,3,1,none,4,unknown,55,0,none,free,1,management,1,0,1,0
398,lt_0,36,critical_or_other_credits,furniture,2.348,lt_100,1_to_4y,3,0,none,2,savings_or_insurance,46,0,none,own,2,skilled,1,1,1,0
399,0_to_200,12,existing_paid,car_new,1.223,lt_100,ge_7y,1,0,none,1,real_estate,46,0,none,rent,2,skilled,1,0,1,1
400,none,24,critical_or_other_credits,radio_tv,1.516,ge_1000,1_to_4y,4,1,none,1,real_estate,43,0,none,own,2,unskilled_resident,1,0,1,0
401,none,18,existing_paid,radio_tv,1.473,lt_100,lt_1y,3,0,none,4,real_estate,39,0,none,own,1,skilled,1,1,1,0
402,0_to_200,18,critical_or_other_credits,business,1.887,unknown,1_to_4y,4,0,none,4,real_estate,28,0,bank,own,2,skilled,1,0,1,0
403,none,24,past_delay,business,8.648,lt_100,lt_1y,2,0,none,2,car_or_other,27,0,bank,own,2,skilled,1,1,1,1
404,none,14,past_delay,car_new,0.802,lt_100,1_to_4y,4,0,none,2,car_or_other,27,0,none,own,2,unskilled_resident,1,0,1,0
405,0_to_200,18,past_delay,car_new,2.899,unknown,ge_7y,4,0,none,4,car_or_other,43,0,none,own,1,skilled,2,0,1,0
406,0_to_200,24,existing_paid,radio_tv,2.039,lt_100,lt_1y,1,0,none,1,savings_or_insurance,22,1,none,own,1,skilled,1,1,1,1
407,none,24,critical_or_other_credits,car_used,2.197,unknown,4_to_7y,4,0,none,4,car_or_other,43,0,none,own,2,skilled,2,1,1,0
408,lt_0,15,existing_paid,radio_tv,1.053,lt_100,lt_1y,4,0,none,2,real_estate,27,0,none,own,1,skilled,1,0,0,0
409,none,24,existing_paid,radio_tv,3.235,500_to_1000,ge_7y,3,0,none,2,car_or_other,26,0,none,own,1,management,1,1,1,0
410,ge_200,12,critical_or_other_credits,car_new,0.939,500_to_1000,4_to_7y,4,0,none,2,real_estate,28,0,none,own,3,skilled,1,1,1,1
411,0_to_200,24,existing_paid,radio_tv,1.967,lt_100,ge_7y,4,1,none,4,car_or_other,20,1,none,own,1,skilled,1,1,1,0
412,none,33,critical_or_other_credits,car_used,7.253,lt_100,4_to_7y,3,0,none,2,car_or_other,35,0,none,own,2,management,1,1,1,0
413,none,12,critical_or_other_credits,business,2.292,lt_100,unemployed,4,0,none,2,car_or_other,42,0,stores,own,2,management,1,1,1,1
414,none,10,existing_paid,car_new,1.597,500_to_1000,1_to_4y,3,0,none,2,unknown,40,0,none,rent,1,unskilled_resident,2,0,0,0
415,lt_0,24,existing_paid,car_new,1.381,unknown,1_to_4y,4,1,none,2,savings_or_insurance,35,0,none,own,1,skilled,1,0,1,1
416,none,36,critical_or_other_credits,car_used,5.842,lt_100,ge_7y,2,0,none,2,savings_or_insurance,35,0,none,own,2,skilled,2,1,1,0
417,lt_0,12,existing_paid,car_new,2.579,lt_100,lt_1y,4,0,none,1,real_estate,33,0,none,own,1,unskilled_resident,2,0,1,1
418,lt_0,18,past_delay,education,8.471,unknown,1_to_4y,1,1,none,2,car_or_other,23,1,none,rent,2,skilled,1,1,1,0
419,none,21,existing_paid,car_new,2.782,500_to_1000,4_to_7y,1,1,none,2,car_or_other,31,0,bank,own,1,management,1,0,1,0
420,0_to_200,18,existing_paid,car_new,1.042,unknown,1_to_4y,4,1,none,2,savings_or_insurance,33,0,none,own,1,skilled,1,0,1,1
421,none,15,existing_paid,car_new,3.186,ge_1000,4_to_7y,2,1,none,3,car_or_other,20,1,none,rent,1,skilled,1,0,1,0
422,0_to_200,12,existing_paid,car_used,2.028,unknown,1_to_4y,4,0,none,2,car_or_other,30,0,none,own,1,skilled,1,0,1,0
423,0_to_200,12,critical_or_other_credits,car_new,0.958,lt_100,4_to_7y,2,0,none,3,real_estate,47,0,none,own,2,unskilled_resident,2,0,1,0
424,none,21,past_delay,furniture,1.591,100_to_500,4_to_7y,4,0,none,3,real_estate,34,0,none,own,2,management,1,0,1,0
425,0_to_200,12,existing_paid,furniture,2.762,unknown,ge_7y,1,1,none,2,savings_or_insurance,25,0,bank,own,1,skilled,1,1,1,1
426,0_to_200,18,existing_paid,car_used,2.779,lt_100,1_to_4y,1,0,none,3,car_or_other,21,1,none,rent,1,skilled,1,1,1,0
427,none,28,critical_or_other_credits,radio_tv,2.743,lt_100,ge_7y,4,0,none,2,car_or_other,29,0,none,own,2,skilled,1,0,1,0
428,none,18,critical_or_other_credits,radio_tv,1.149,ge_1000,1_to_4y,4,0,none,3,real_estate,46,0,none,own,2,skilled,1,0,1,0
429,none,9,existing_paid,furniture,1.313,lt_100,ge_7y,1,0,none,4,car_or_other,20,1,none,own,1,skilled,1,0,1,0
430,lt_0,18,critical_or_other_credits,other,1.19,lt_100,unemployed,2,1,none,4,unknown,55,0,none,free,3,unskilled_nonresident,2,0,1,1
431,none,5,existing_paid,business,3.448,lt_100,4_to_7y,1,0,none,4,real_estate,74,0,none,own,1,unskilled_resident,1,0,1,0
432,0_to_200,24,existing_paid,other,11.328,lt_100,1_to_4y,2,0,co_applicant,3,car_or_other,29,0,bank,own,2,management,1,1,1,1
433,lt_0,6,critical_or_other_credits,furniture,1.872,lt_100,unemployed,4,0,none,4,unknown,36,0,none,free,3,management,1,1,1,0
434,none,24,critical_or_other_credits,other,2.058,lt_100,1_to_4y,4,0,none,2,real_estate,33,0,none,own,2,skilled,1,1,1,0
435,lt_0,9,existing_paid,furniture,2.136,lt_100,1_to_4y,3,0,none,2,real_estate,25,0,none,own,1,skilled,1,0,1,0
436,0_to_200,12,existing_paid,radio_tv,1.484,unknown,1_to_4y,2,0,none,1,real_estate,25,0,none,own,1,skilled,1,1,1,1
437,none,6,existing_paid,other,0.66,500_to_1000,4_to_7y,2,0,none,4,real_estate,23,1,none,rent,1,unskilled_resident,1,0,1,0
438,none,24,critical_or_other_credits,car_new,1.287,ge_1000,ge_7y,4,1,none,4,real_estate,37,0,none,own,2,skilled,1,1,1,0
439,lt_0,42,critical_or_other_credits,other,3.394,lt_100,unemployed,4,0,co_applicant,4,car_or_other,65,0,none,own,2,unskilled_nonresident,1,0,1,0
440,ge_200,12,all_paid_this_bank,business,0.609,lt_100,lt_1y,4,1,none,1,real_estate,26,0,none,own,1,unskilled_nonresident,1,0,1,1
441,none,12,existing_paid,car_new,1.884,lt_100,ge_7y,4,0,none,4,car_or_other,39,0,none,own,1,management,1,1,1,0
442,lt_0,12,existing_paid,furniture,1.62,lt_100,1_to_4y,2,1,co_applicant,3,savings_or_insurance,30,0,none,own,1,skilled,1,0,1,0
443,0_to_200,20,past_delay,other,2.629,lt_100,1_to_4y,2,0,none,3,car_or_other,29,0,bank,own,2,skilled,1,1,1,0
444,none,12,existing_paid,education,0.719,lt_100,ge_7y,4,0,none,4,car_or_other,41,0,bank,own,1,unskilled_resident,2,0,1,1
445,0_to_200,48,critical_or_other_credits,furniture,5.096,lt_100,1_to_4y,2,1,none,3,car_or_other,30,0,none,own,1,management,1,1,1,1
446,none,9,critical_or_other_credits,education,1.244,unknown,ge_7y,4,1,none,4,savings_or_insurance,41,0,none,rent,2,unskilled_resident,1,0,1,0
447,lt_0,36,existing_paid,car_new,1.842,lt_100,lt_1y,4,1,none,4,car_or_other,34,0,none,own,1,skilled,1,1,1,1
448,0_to_200,7,existing_paid,radio_tv,2.576,lt_100,1_to_4y,2,0,guarantor,2,real_estate,35,0,none,own,1,skilled,1,0,1,0
449,ge_200,12,existing_paid,furniture,1.424,unknown,ge_7y,3,1,none,4,real_estate,55,0,none,own,1,management,1,1,1,0
450,0_to_200,15,past_delay,other,1.512,ge_1000,1_to_4y,3,0,none,3,savings_or_insurance,61,0,stores,own,2,skilled,1,0,1,1
451,none,36,critical_or_other_credits,car_used,11.054,unknown,1_to_4y,4,0,none,2,car_or_other,30,0,none,own,1,management,1,1,1,0
452,none,6,existing_paid,radio_tv,0.518,lt_100,1_to_4y,3,1,none,1,real_estate,29,0,none,own,1,skilled,1,0,1,0
453,none,12,no_credits_or_all_paid,furniture,2.759,lt_100,ge_7y,2,0,none,4,savings_or_insurance,34,0,none,own,2,skilled,1,0,1,0
454,none,24,existing_paid,car_used,2.67,lt_100,ge_7y,4,0,none,4,car_or_other,35,0,none,own,1,management,1,1,1,0
455,lt_0,24,existing_paid,car_new,4.817,lt_100,4_to_7y,2,0,co_applicant,3,savings_or_insurance,31,0,none,own,1,skilled,1,1,1,1
456,none,24,existing_paid,car_used,2.679,lt_100,lt_1y,4,1,none,1,unknown,29,0,none,own,1,management,1,1,1,0
457,lt_0,11,critical_or_other_credits,car_new,3.905,lt_100,1_to_4y,2,0,none,2,real_estate,36,0,none,rent,2,skilled,2,0,1,0
458,lt_0,12,existing_paid,car_used,3.386,lt_100,ge_7y,3,0,none,4,unknown,35,0,none,free,1,skilled,1,1,1,1
459,lt_0,6,existing_paid,other,0.343,lt_100,lt_1y,4,1,none,1,real_estate,27,0,none,own,1,skilled,1,0,1,0
460,none,18,existing_paid,radio_tv,4.594,lt_100,lt_1y,3,0,none,2,car_or_other,32,0,none,own,1,skilled,1,1,1,0
461,lt_0,36,existing_paid,furniture,3.62,lt_100,1_to_4y,1,0,guarantor,2,savings_or_insurance,37,0,none,own,1,skilled,2,0,1,0
462,lt_0,15,existing_paid,car_new,1.721,lt_100,lt_1y,2,0,none,3,real_estate,36,0,none,own,1,skilled,1,0,1,0
463,0_to_200,12,existing_paid,furniture,3.017,lt_100,lt_1y,3,1,none,1,real_estate,34,0,none,rent,1,management,1,0,1,0
464,0_to_200,12,existing_paid,other,0.754,unknown,ge_7y,4,0,none,4,savings_or_insurance,38,0,none,own,2,skilled,1,0,1,0
465,none,18,existing_paid,business,1.95,lt_100,4_to_7y,4,0,none,1,car_or_other,34,0,stores,own,2,skilled,1,1,1,0
466,lt_0,24,existing_paid,car_used,2.924,lt_100,1_to_4y,3,0,guarantor,4,unknown,63,0,bank,own,1,skilled,2,1,1,0
467,lt_0,24,past_delay,radio_tv,1.659,lt_100,lt_1y,4,1,none,2,car_or_other,29,0,none,rent,1,unskilled_resident,1,1,1,1
468,none,48,past_delay,radio_tv,7.238,unknown,ge_7y,3,0,none,3,car_or_other,32,0,bank,own,2,skilled,2,0,1,0
469,none,33,past_delay,business,2.764,lt_100,1_to_4y,2,1,none,2,car_or_other,26,0,none,own,2,skilled,1,1,1,0
470,none,24,past_delay,car_used,4.679,lt_100,4_to_7y,3,0,none,3,car_or_other,35,0,none,own,2,unskilled_resident,1,1,1,0
471,0_to_200,24,existing_paid,radio_tv,3.092,100_to_500,lt_1y,3,0,none,2,car_or_other,22,1,none,rent,1,skilled,1,1,1,1
472,lt_0,6,existing_paid,education,0.448,lt_100,lt_1y,4,1,none,4,savings_or_insurance,23,1,none,own,1,skilled,1,0,1,1
473,lt_0,9,existing_paid,car_new,0.654,lt_100,1_to_4y,4,0,none,3,car_or_other,28,0,none,own,1,unskilled_resident,1,0,1,1
474,none,6,existing_paid,other,1.238,unknown,unemployed,4,0,none,4,savings_or_insurance,36,0,none,own,1,management,2,1,1,0
475,0_to_200,18,critical_or_other_credits,radio_tv,1.245,lt_100,1_to_4y,4,0,none,2,car_or_other,33,0,none,own,1,skilled,1,0,1,1
476,lt_0,18,no_credits_or_all_paid,furniture,3.114,lt_100,lt_1y,1,1,none,4,savings_or_insurance,26,0,none,rent,1,skilled,1,0,1,1
477,none,39,existing_paid,car_used,2.569,500_to_1000,1_to_4y,4,0,none,4,car_or_other,24,1,none,own,1,skilled,1,0,1,0
478,ge_200,24,existing_paid,radio_tv,5.152,lt_100,4_to_7y,4,0,none,2,car_or_other,25,0,bank,own,1,skilled,1,0,1,0
479,0_to_200,12,existing_paid,business,1.037,100_to_500,4_to_7y,3,0,none,4,real_estate,39,0,none,own,1,unskilled_resident,1,0,1,0
480,lt_0,15,critical_or_other_credits,furniture,1.478,lt_100,ge_7y,4,0,none,4,car_or_other,44,0,none,own,2,skilled,2,1,1,0
481,0_to_200,12,critical_or_other_credits,radio_tv,3.573,lt_100,1_to_4y,1,1,none,1,real_estate,23,1,none,own,1,unskilled_resident,1,0,1,0
482,0_to_200,24,existing_paid,car_new,1.201,lt_100,lt_1y,4,0,none,1,savings_or_insurance,26,0,none,own,1,skilled,1,0,1,0
483,lt_0,30,existing_paid,furniture,3.622,ge_1000,ge_7y,4,1,none,4,savings_or_insurance,57,0,none,rent,2,skilled,1,1,1,0
484,none,15,past_delay,furniture,0.96,ge_1000,4_to_7y,3,1,none,2,savings_or_insurance,30,0,none,own,2,skilled,1,0,1,0
485,none,12,critical_or_other_credits,car_new,1.163,500_to_1000,1_to_4y,4,0,none,4,real_estate,44,0,none,own,1,skilled,1,1,1,0
486,0_to_200,6,past_delay,car_new,1.209,lt_100,unemployed,4,0,none,4,savings_or_insurance,47,0,none,own,1,management,1,1,1,1
487,none,12,existing_paid,radio_tv,3.077,lt_100,1_to_4y,2,0,none,4,car_or_other,52,0,none,own,1,skilled,1,1,1,0
488,none,24,existing_paid,car_new,3.757,lt_100,ge_7y,4,1,co_applicant,4,unknown,62,0,none,free,1,skilled,1,1,1,0
489,none,10,existing_paid,car_new,1.418,100_to_500,1_to_4y,3,0,none,2,real_estate,35,0,none,rent,1,unskilled_resident,1,0,0,0
490,none,6,existing_paid,car_new,3.518,lt_100,1_to_4y,2,0,guarantor,3,savings_or_insurance,26,0,none,rent,1,skilled,1,0,1,0
491,none,12,critical_or_other_credits,radio_tv,1.934,lt_100,ge_7y,2,0,none,2,unknown,26,0,none,own,2,skilled,1,0,1,0
492,0_to_200,27,no_credits_or_all_paid,business,8.318,lt_100,ge_7y,2,1,none,4,unknown,42,0,none,free,2,management,1,1,1,1
493,none,6,critical_or_other_credits,radio_tv,1.237,100_to_500,1_to_4y,1,1,none,1,savings_or_insurance,27,0,none,own,2,skilled,1,0,1,0
494,0_to_200,6,existing_paid,radio_tv,0.368,unknown,ge_7y,4,0,none,4,savings_or_insurance,38,0,none,own,1,skilled,1,0,1,0
495,lt_0,12,critical_or_other_credits,car_new,2.122,lt_100,1_to_4y,3,0,none,2,real_estate,39,0,none,rent,2,unskilled_resident,2,0,0,0
496,lt_0,24,existing_paid,furniture,2.996,unknown,1_to_4y,2,0,none,4,car_or_other,20,1,none,own,1,skilled,1,0,1,1
497,0_to_200,36,existing_paid,furniture,9.034,100_to_500,lt_1y,4,0,co_applicant,1,unknown,29,0,none,rent,1,management,1,1,1,1
498,none,24,critical_or_other_credits,furniture,1.585,lt_100,4_to_7y,4,0,none,3,savings_or_insurance,40,0,none,own,2,skilled,1,0,1,0
499,0_to_200,18,existing_paid,radio_tv,1.301,lt_100,ge_7y,4,0,guarantor,2,real_estate,32,0,none,own,1,unskilled_resident,1,0,1,0
500,ge_200,6,critical_or_other_credits,car_new,1.323,100_to_500,ge_7y,2,0,none,4,car_or_other,28,0,none,own,2,skilled,2,1,1,0
501,lt_0,24,existing_paid,car_new,3.123,lt_100,lt_1y,4,1,none,1,savings_or_insurance,27,0,none,own,1,skilled,1,0,1,1
502,lt_0,36,existing_paid,car_used,5.493,lt_100,ge_7y,2,0,none,4,unknown,42,0,none,free,1,skilled,2,0,1,0
503,ge_200,9,existing_paid,radio_tv,1.126,100_to_500,ge_7y,2,0,none,4,real_estate,49,0,none,own,1,skilled,1,0,1,0
504,0_to_200,24,critical_or_other_credits,radio_tv,1.216,100_to_500,lt_1y,4,0,none,4,unknown,38,0,bank,own,2,skilled,2,0,1,1
505,lt_0,24,existing_paid,car_new,1.207,lt_100,lt_1y,4,1,none,4,savings_or_insurance,24,1,none,rent,1,skilled,1,0,1,1
506,none,10,existing_paid,car_new,1.309,unknown,1_to_4y,4,0,guarantor,4,savings_or_insurance,27,0,none,own,1,unskilled_resident,1,0,1,1
507,ge_200,15,critical_or_other_credits,car_used,2.36,500_to_1000,1_to_4y,2,0,none,2,car_or_other,36,0,none,own,1,skilled,1,1,1,0
508,0_to_200,15,all_paid_this_bank,car_new,6.85,100_to_500,unemployed,1,0,none,2,savings_or_insurance,34,0,none,own,1,management,2,1,1,1
509,none,24,existing_paid,radio_tv,1.413,lt_100,1_to_4y,4,0,none,2,savings_or_insurance,28,0,none,own,1,skilled,1,0,1,0
510,none,39,existing_paid,car_used,8.588,100_to_500,ge_7y,4,0,none,2,car_or_other,45,0,none,own,1,management,1,1,1,0
511,lt_0,12,existing_paid,car_new,0.759,lt_100,4_to_7y,4,0,none,2,real_estate,26,0,none,own,1,skilled,1,0,1,1
512,none,36,existing_paid,car_used,4.686,lt_100,1_to_4y,2,0,none,2,unknown,32,0,none,free,1,management,1,1,1,0
513,ge_200,15,existing_paid,business,2.687,lt_100,4_to_7y,2,0,none,4,savings_or_insurance,26,0,none,rent,1,skilled,1,1,1,0
514,0_to_200,12,past_delay,radio_tv,0.585,lt_100,1_to_4y,4,0,co_applicant,4,real_estate,20,1,none,rent,2,skilled,1,0,1,0
515,none,24,existing_paid,car_new,2.255,unknown,lt_1y,4,0,none,1,savings_or_insurance,54,0,none,own,1,skilled,1,0,1,0
516,lt_0,6,critical_or_other_credits,car_new,0.609,lt_100,4_to_7y,4,1,none,3,savings_or_insurance,37,0,none,own,2,skilled,1,0,0,0
517,lt_0,6,critical_or_other_credits,car_new,1.361,lt_100,lt_1y,2,0,none,4,real_estate,40,0,none,own,1,unskilled_resident,2,0,0,0
518,none,36,critical_or_other_credits,furniture,7.127,lt_100,lt_1y,2,1,none,4,savings_or_insurance,23,1,none,rent,2,skilled,1,1,1,1
519,lt_0,6,existing_paid,car_new,1.203,100_to_500,ge_7y,3,0,none,2,savings_or_insurance,43,0,none,own,1,skilled,1,1,1,0
520,none,6,critical_or_other_credits,radio_tv,0.7,unknown,ge_7y,4,0,none,4,unknown,36,0,none,free,2,skilled,1,0,1,0
521,none,24,critical_or_other_credits,other,5.507,lt_100,ge_7y,3,0,none,4,unknown,44,0,none,free,2,skilled,1,0,1,0
522,lt_0,18,existing_paid,radio_tv,3.19,lt_100,1_to_4y,2,1,none,2,real_estate,24,1,none,own,1,skilled,1,0,1,1
523,lt_0,48,no_credits_or_all_paid,furniture,7.119,lt_100,1_to_4y,3,0,none,4,unknown,53,0,none,free,2,skilled,2,0,1,1
524,none,24,existing_paid,car_used,3.488,100_to_500,4_to_7y,3,1,none,4,car_or_other,23,1,none,own,1,skilled,1,0,1,0
525,0_to_200,18,existing_paid,radio_tv,1.113,lt_100,1_to_4y,4,1,guarantor,4,real_estate,26,0,none,own,1,unskilled_resident,2,0,1,0
526,0_to_200,26,existing_paid,car_used,7.966,lt_100,lt_1y,2,0,none,3,car_or_other,30,0,none,own,2,skilled,1,0,1,0
527,none,15,critical_or_other_credits,education,1.532,100_to_500,1_to_4y,4,1,none,3,car_or_other,31,0,none,own,1,skilled,1,0,1,0
528,none,4,critical_or_other_credits,radio_tv,1.503,lt_100,4_to_7y,2,0,none,1,real_estate,42,0,none,own,2,unskilled_resident,2,0,1,0
529,lt_0,36,existing_paid,radio_tv,2.302,lt_100,1_to_4y,4,0,none,4,car_or_other,31,0,none,rent,1,skilled,1,0,1,1
530,lt_0,6,existing_paid,car_new,0.662,lt_100,lt_1y,3,0,none,4,real_estate,41,0,none,own,1,unskilled_resident,2,1,1,0
531,0_to_200,36,existing_paid,education,2.273,lt_100,4_to_7y,3,0,none,1,car_or_other,32,0,none,own,2,skilled,2,0,1,0
532,0_to_200,15,existing_paid,car_new,2.631,100_to_500,1_to_4y,2,1,none,4,car_or_other,28,0,none,rent,2,skilled,1,1,1,1
533,none,12,past_delay,car_used,1.503,lt_100,1_to_4y,4,0,none,4,real_estate,41,0,none,rent,1,skilled,1,0,1,0
534,none,24,existing_paid,radio_tv,1.311,100_to_500,4_to_7y,4,0,none,3,savings_or_insurance,26,0,none,own,1,skilled,1,1,1,0
535,none,24,existing_paid,radio_tv,3.105,unknown,lt_1y,4,0,none,2,car_or_other,25,0,none,own,2,skilled,1,0,1,0
536,ge_200,21,critical_or_other_credits,education,2.319,lt_100,lt_1y,2,0,none,1,car_or_other,33,0,none,rent,1,skilled,1,0,1,1
537,lt_0,6,existing_paid,car_new,1.374,unknown,unemployed,4,1,none,3,savings_or_insurance,75,0,none,own,1,management,1,1,1,0
538,0_to_200,18,critical_or_other_credits,furniture,3.612,lt_100,ge_7y,3,1,none,4,savings_or_insurance,37,0,none,own,1,skilled,1,1,1,0
539,lt_0,48,existing_paid,car_new,7.763,lt_100,ge_7y,4,0,none,4,unknown,42,0,bank,free,1,management,1,0,1,1
540,ge_200,18,existing_paid,furniture,3.049,lt_100,lt_1y,1,1,none,1,savings_or_insurance,45,0,stores,own,1,unskilled_resident,1,0,1,0
541,0_to_200,12,existing_paid,radio_tv,1.534,lt_100,lt_1y,1,0,none,1,real_estate,23,1,none,rent,1,skilled,1,0,1,1
542,none,24,past_delay,car_new,2.032,lt_100,ge_7y,4,0,none,4,unknown,60,0,none,free,2,skilled,1,1,1,0
543,lt_0,30,existing_paid,furniture,6.35,unknown,ge_7y,4,0,none,4,savings_or_insurance,31,0,none,own,1,skilled,1,0,1,1
544,ge_200,18,existing_paid,furniture,2.864,lt_100,1_to_4y,2,0,none,1,real_estate,34,0,none,own,1,unskilled_resident,2,0,1,1
545,none,12,critical_or_other_credits,car_new,1.255,lt_100,ge_7y,4,0,none,4,real_estate,61,0,none,own,2,unskilled_resident,1,0,1,0
546,lt_0,24,past_delay,car_new,1.333,lt_100,unemployed,4,0,none,2,real_estate,43,0,none,free,2,skilled,2,0,1,1
547,none,24,critical_or_other_credits,car_new,2.022,lt_100,1_to_4y,4,1,none,4,car_or_other,37,0,none,own,1,skilled,1,1,1,0
548,none,24,existing_paid,radio_tv,1.552,lt_100,4_to_7y,3,0,none,1,car_or_other,32,0,bank,own,1,skilled,2,0,1,0
549,lt_0,12,all_paid_this_bank,radio_tv,0.626,lt_100,1_to_4y,4,1,none,4,real_estate,24,1,bank,own,1,unskilled_resident,1,0,1,1
550,none,48,critical_or_other_credits,car_used,8.858,unknown,4_to_7y,2,0,none,1,unknown,35,0,none,free,2,skilled,1,1,1,0
551,none,12,critical_or_other_credits,other,0.996,unknown,4_to_7y,4,1,none,4,real_estate,23,1,none,own,2,skilled,1,0,1,0
552,none,6,all_paid_this_bank,radio_tv,1.75,500_to_1000,ge_7y,2,0,none,4,savings_or_insurance,45,0,bank,own,1,unskilled_resident,2,0,1,0
553,lt_0,48,existing_paid,radio_tv,6.999,lt_100,4_to_7y,1,0,guarantor,1,real_estate,34,0,none,own,2,skilled,1,1,1,1
554,0_to_200,12,critical_or_other_credits,car_new,1.995,100_to_500,lt_1y,4,0,none,1,car_or_other,27,0,none,own,1,skilled,1,0,1,0
555,0_to_200,9,existing_paid,education,1.199,lt_100,4_to_7y,4,1,none,4,savings_or_insurance,67,0,none,own,2,management,1,1,1,0
556,0_to_200,12,existing_paid,radio_tv,1.331,lt_100,lt_1y,2,0,none,1,car_or_other,22,1,stores,own,1,skilled,1,0,1,1
557,0_to_200,18,no_credits_or_all_paid,car_new,2.278,100_to_500,lt_1y,3,1,none,3,car_or_other,28,0,none,own,2,skilled,1,0,1,1
558,none,21,no_credits_or_all_paid,car_new,5.003,unknown,1_to_4y,1,1,none,4,savings_or_insurance,29,0,bank,own,2,skilled,1,1,1,1
559,lt_0,24,all_paid_this_bank,furniture,3.552,lt_100,4_to_7y,3,0,none,4,car_or_other,27,0,bank,own,1,skilled,1,0,1,1
560,0_to_200,18,critical_or_other_credits,furniture,1.928,lt_100,lt_1y,2,0,none,2,real_estate,31,0,none,own,2,unskilled_resident,1,0,1,1
561,lt_0,24,existing_paid,car_used,2.964,unknown,ge_7y,4,0,none,4,unknown,49,0,bank,free,1,skilled,2,1,1,0
562,lt_0,24,all_paid_this_bank,radio_tv,1.546,lt_100,4_to_7y,4,0,guarantor,4,car_or_other,24,1,bank,rent,1,unskilled_resident,1,0,1,1
563,ge_200,6,past_delay,radio_tv,0.683,lt_100,lt_1y,2,1,none,1,savings_or_insurance,29,0,bank,own,1,skilled,1,0,1,0
564,0_to_200,36,existing_paid,car_new,12.389,unknown,1_to_4y,1,0,none,4,unknown,37,0,none,free,1,skilled,1,1,1,1
565,0_to_200,24,past_delay,business,4.712,unknown,1_to_4y,4,0,none,2,savings_or_insurance,37,0,bank,own,2,management,1,1,1,0
566,0_to_200,24,past_delay,radio_tv,1.553,100_to_500,4_to_7y,3,1,none,2,savings_or_insurance,23,1,none,rent,2,skilled,1,1,1,0
567,lt_0,12,existing_paid,car_new,1.372,lt_100,4_to_7y,2,0,none,3,car_or_other,36,0,none,own,1,skilled,1,0,1,1
568,none,24,critical_or_other_credits,radio_tv,2.578,ge_1000,ge_7y,2,0,none,2,car_or_other,34,0,none,own,1,skilled,1,0,1,0
569,0_to_200,48,existing_paid,radio_tv,3.979,unknown,4_to_7y,4,0,none,1,car_or_other,41,0,none,own,2,skilled,2,1,1,0
570,lt_0,48,existing_paid,radio_tv,6.758,lt_100,1_to_4y,3,1,none,2,car_or_other,31,0,none,own,1,skilled,1,1,1,1
571,lt_0,24,existing_paid,furniture,3.234,lt_100,lt_1y,4,1,none,4,real_estate,23,1,none,rent,1,unskilled_resident,1,1,1,1
572,none,30,critical_or_other_credits,radio_tv,5.954,lt_100,4_to_7y,3,0,co_applicant,2,car_or_other,38,0,none,own,1,skilled,1,0,1,0
573,none,24,existing_paid,car_used,5.433,unknown,unemployed,2,1,none,4,savings_or_insurance,26,0,none,rent,1,management,1,1,1,0
574,lt_0,15,existing_paid,business,0.806,lt_100,1_to_4y,4,1,none,4,savings_or_insurance,22,1,none,own,1,unskilled_resident,1,0,1,0
575,0_to_200,9,existing_paid,radio_tv,1.082,lt_100,ge_7y,4,0,none,4,car_or_other,27,0,none,own,2,unskilled_resident,1,0,1,0
576,none,15,critical_or_other_credits,furniture,2.788,lt_100,4_to_7y,2,1,co_applicant,3,car_or_other,24,1,bank,own,2,skilled,1,0,1,0
577,0_to_200,12,existing_paid,radio_tv,2.93,lt_100,4_to_7y,2,1,none,1,real_estate,27,0,none,own,1,skilled,1,0,1,0
578,none,24,critical_or_other_credits,education,1.927,unknown,1_to_4y,3,1,none,2,car_or_other,33,0,none,own,2,skilled,1,1,1,0
579,0_to_200,36,critical_or_other_credits,car_new,2.82,lt_100,lt_1y,4,0,none,4,car_or_other,27,0,none,own,2,skilled,1,0,1,1
580,none,24,existing_paid,other,0.937,lt_100,lt_1y,4,0,none,3,car_or_other,27,0,none,own,2,unskilled_resident,1,0,1,0
581,0_to_200,18,critical_or_other_credits,car_new,1.056,lt_100,ge_7y,3,0,guarantor,3,real_estate,30,0,bank,own,2,skilled,1,0,1,1
582,0_to_200,12,critical_or_other_credits,car_new,3.124,lt_100,lt_1y,1,0,none,3,real_estate,49,0,bank,own,2,unskilled_resident,2,0,1,0
583,none,9,existing_paid,furniture,1.388,lt_100,1_to_4y,4,1,none,2,real_estate,26,0,none,rent,1,skilled,1,0,1,0
584,0_to_200,36,existing_paid,other,2.384,lt_100,lt_1y,4,0,none,1,unknown,33,0,none,rent,1,unskilled_resident,1,0,1,1
585,none,12,existing_paid,car_new,2.133,unknown,ge_7y,4,1,none,4,unknown,52,0,none,free,1,management,1,1,1,0
586,lt_0,18,existing_paid,furniture,2.039,lt_100,1_to_4y,1,1,none,4,real_estate,20,1,bank,rent,1,skilled,1,0,1,1
587,lt_0,9,critical_or_other_credits,car_new,2.799,lt_100,1_to_4y,2,0,none,2,real_estate,36,0,none,rent,2,skilled,2,0,1,0
588,lt_0,12,existing_paid,furniture,1.289,lt_100,1_to_4y,4,0,guarantor,1,savings_or_insurance,21,1,none,own,1,unskilled_resident,1,0,1,0
589,lt_0,18,existing_paid,other,1.217,lt_100,1_to_4y,4,0,none,3,real_estate,47,0,none,own,1,unskilled_resident,1,1,1,1
590,lt_0,12,critical_or_other_credits,furniture,2.246,lt_100,ge_7y,3,0,none,3,savings_or_insurance,60,0,none,own,2,skilled,1,0,1,1
591,lt_0,12,critical_or_other_credits,radio_tv,0.385,lt_100,4_to_7y,4,1,none,3,real_estate,58,0,none,own,4,unskilled_resident,1,1,1,0
592,0_to_200,24,past_delay,car_new,1.965,unknown,1_to_4y,4,1,none,4,car_or_other,42,0,none,rent,2,skilled,1,1,1,0
593,none,21,existing_paid,business,1.572,ge_1000,ge_7y,4,1,none,4,real_estate,36,0,bank,own,1,unskilled_resident,1,0,1,0
594,0_to_200,24,existing_paid,car_new,2.718,lt_100,1_to_4y,3,1,none,4,savings_or_insurance,20,1,none,rent,1,unskilled_resident,1,1,1,1
595,lt_0,24,all_paid_this_bank,other,1.358,unknown,ge_7y,4,0,none,3,car_or_other,40,0,stores,own,1,management,1,1,1,1
596,0_to_200,6,all_paid_this_bank,car_new,0.931,100_to_500,lt_1y,1,1,none,1,savings_or_insurance,32,0,stores,own,1,unskilled_resident,1,0,1,1
597,lt_0,24,existing_paid,car_new,1.442,lt_100,4_to_7y,4,1,none,4,car_or_other,23,1,none,rent,2,skilled,1,0,1,1
598,0_to_200,24,no_credits_or_all_paid,business,4.241,lt_100,1_to_4y,1,0,none,4,real_estate,36,0,none,own,3,unskilled_resident,1,1,1,1
599,none,18,critical_or_other_credits,car_new,2.775,lt_100,4_to_7y,2,0,none,2,savings_or_insurance,31,0,bank,own,2,skilled,1,0,1,1
600,none,24,past_delay,business,3.863,lt_100,1_to_4y,1,0,none,2,unknown,32,0,none,free,1,skilled,1,0,1,0
601,0_to_200,7,existing_paid,radio_tv,2.329,lt_100,lt_1y,1,1,guarantor,1,real_estate,45,0,none,own,1,skilled,1,0,1,0
602,0_to_200,9,existing_paid,furniture,0.918,lt_100,1_to_4y,4,1,none,1,savings_or_insurance,30,0,none,own,1,skilled,1,0,1,1
603,0_to_200,24,all_paid_this_bank,education,1.837,lt_100,4_to_7y,4,1,none,4,unknown,34,0,bank,free,1,unskilled_resident,1,0,1,1
604,none,36,existing_paid,furniture,3.349,lt_100,1_to_4y,4,1,none,2,car_or_other,28,0,none,own,1,management,1,1,1,1
605,ge_200,10,existing_paid,furniture,1.275,lt_100,lt_1y,4,1,none,2,savings_or_insurance,23,1,none,own,1,skilled,1,0,1,0
606,lt_0,24,all_paid_this_bank,furniture,2.828,500_to_1000,1_to_4y,4,0,none,4,real_estate,22,1,stores,own,1,skilled,1,1,1,0
607,none,24,critical_or_other_credits,business,4.526,lt_100,1_to_4y,3,0,none,2,real_estate,74,0,none,own,1,management,1,1,1,0
608,0_to_200,36,existing_paid,radio_tv,2.671,100_to_500,1_to_4y,4,1,co_applicant,4,unknown,50,0,none,free,1,skilled,1,0,1,1
609,none,18,existing_paid,radio_tv,2.051,lt_100,lt_1y,4,0,none,1,real_estate,33,0,none,own,1,skilled,1,0,1,0
610,none,15,existing_paid,car_used,1.3,unknown,ge_7y,4,0,none,4,unknown,45,0,bank,free,1,skilled,2,0,1,0
611,lt_0,12,existing_paid,other,0.741,100_to_500,unemployed,4,1,none,3,savings_or_insurance,22,1,none,own,1,skilled,1,0,1,1
612,ge_200,10,existing_paid,car_new,1.24,100_to_500,ge_7y,1,1,none,4,unknown,48,0,none,free,1,unskilled_resident,2,0,1,1
613,lt_0,21,existing_paid,radio_tv,3.357,ge_1000,lt_1y,4,1,none,2,car_or_other,29,0,bank,own,1,skilled,1,0,1,0
614,lt_0,24,all_paid_this_bank,car_used,3.632,lt_100,1_to_4y,1,1,guarantor,4,car_or_other,22,1,bank,rent,1,skilled,1,0,0,0
615,none,18,past_delay,furniture,1.808,lt_100,4_to_7y,4,1,none,1,real_estate,22,1,none,own,1,skilled,1,0,1,1
616,0_to_200,48,no_credits_or_all_paid,business,12.204,unknown,1_to_4y,2,0,none,2,car_or_other,48,0,bank,own,1,management,1,1,1,0
617,0_to_200,60,past_delay,radio_tv,9.157,unknown,1_to_4y,2,0,none,2,unknown,27,0,none,free,1,management,1,0,1,0
618,lt_0,6,critical_or_other_credits,car_new,3.676,lt_100,1_to_4y,1,0,none,3,real_estate,37,0,none,rent,3,skilled,2,0,1,0
619,0_to_200,30,existing_paid,furniture,3.441,100_to_500,1_to_4y,2,1,co_applicant,4,car_or_other,21,1,none,rent,1,skilled,1,0,1,1
620,none,12,existing_paid,car_new,0.64,lt_100,1_to_4y,4,0,none,2,real_estate,49,0,none,own,1,unskilled_resident,1,0,1,0
621,0_to_200,21,critical_or_other_credits,business,3.652,lt_100,4_to_7y,2,0,none,3,savings_or_insurance,27,0,none,own,2,skilled,1,0,1,0
622,none,18,critical_or_other_credits,car_new,1.53,lt_100,1_to_4y,3,0,none,2,savings_or_insurance,32,0,bank,own,2,skilled,1,0,1,1
623,none,48,existing_paid,business,3.914,unknown,1_to_4y,4,0,none,2,real_estate,38,0,bank,own,1,skilled,1,0,1,1
624,lt_0,12,existing_paid,furniture,1.858,lt_100,lt_1y,4,1,none,1,car_or_other,22,1,none,rent,1,skilled,1,0,1,0
625,lt_0,18,existing_paid,radio_tv,2.6,lt_100,1_to_4y,4,0,none,4,unknown,65,0,none,free,2,skilled,1,0,1,1
626,none,15,existing_paid,radio_tv,1.979,unknown,ge_7y,4,0,none,2,car_or_other,35,0,none,own,1,skilled,1,0,1,0
627,ge_200,6,existing_paid,furniture,2.116,lt_100,1_to_4y,2,0,none,2,real_estate,41,0,none,own,1,skilled,1,1,1,0
628,0_to_200,9,all_paid_this_bank,car_new,1.437,100_to_500,4_to_7y,2,0,none,3,unknown,29,0,none,own,1,skilled,1,0,1,1
629,none,42,critical_or_other_credits,furniture,4.042,500_to_1000,1_to_4y,4,0,none,4,real_estate,36,0,none,own,2,skilled,1,1,1,0
630,none,9,existing_paid,education,3.832,unknown,ge_7y,1,0,none,4,real_estate,64,0,none,own,1,unskilled_resident,1,0,1,0
631,lt_0,24,existing_paid,radio_tv,3.66,lt_100,1_to_4y,2,1,none,4,car_or_other,28,0,none,own,1,skilled,1,0,1,0
632,lt_0,18,all_paid_this_bank,furniture,1.553,lt_100,1_to_4y,4,0,none,3,car_or_other,44,0,bank,own,1,skilled,1,0,1,1
633,0_to_200,15,existing_paid,radio_tv,1.444,unknown,lt_1y,4,0,none,1,savings_or_insurance,23,1,none,own,1,skilled,1,0,1,0
634,none,9,existing_paid,furniture,1.98,lt_100,lt_1y,2,1,co_applicant,2,car_or_other,19,1,none,rent,2,skilled,1,0,1,1
635,0_to_200,24,existing_paid,car_new,1.355,lt_100,lt_1y,3,1,none,4,car_or_other,25,0,none,own,1,unskilled_resident,1,1,1,1
636,none,12,existing_paid,education,1.393,lt_100,ge_7y,4,0,none,4,savings_or_insurance,47,0,bank,own,3,skilled,2,1,1,0
637,none,24,existing_paid,radio_tv,1.376,500_to_1000,4_to_7y,4,1,none,1,car_or_other,28,0,none,own,1,skilled,1,0,1,0
638,none,60,past_delay,radio_tv,15.653,lt_100,4_to_7y,2,0,none,4,car_or_other,21,1,none,own,2,skilled,1,1,1,0
639,none,12,existing_paid,radio_tv,1.493,lt_100,lt_1y,4,1,none,3,car_or_other,34,0,none,own,1,skilled,2,0,1,0
640,lt_0,42,past_delay,radio_tv,4.37,lt_100,4_to_7y,3,0,none,2,savings_or_insurance,26,0,bank,own,2,skilled,2,1,1,1
641,lt_0,18,existing_paid,education,0.75,lt_100,unemployed,4,1,none,1,real_estate,27,0,none,own,1,unskilled_nonresident,1,0,1,1
642,0_to_200,15,existing_paid,other,1.308,lt_100,ge_7y,4,0,none,4,car_or_other,38,0,none,own,2,unskilled_resident,1,0,1,0
643,none,15,existing_paid,education,4.623,100_to_500,1_to_4y,3,0,none,2,savings_or_insurance,40,0,none,own,1,management,1,1,1,1
644,none,24,critical_or_other_credits,radio_tv,1.851,lt_100,4_to_7y,4,0,guarantor,2,car_or_other,33,0,none,own,2,skilled,1,1,1,0
645,lt_0,18,critical_or_other_credits,radio_tv,1.88,lt_100,4_to_7y,4,0,none,1,savings_or_insurance,32,0,none,own,2,management,1,1,1,0
646,none,36,past_delay,business,7.98,unknown,lt_1y,4,0,none,4,car_or_other,27,0,none,rent,2,skilled,1,1,1,1
647,lt_0,30,no_credits_or_all_paid,furniture,4.583,lt_100,1_to_4y,2,0,guarantor,2,real_estate,32,0,none,own,2,skilled,1,0,1,0
648,none,12,existing_paid,car_new,1.386,500_to_1000,1_to_4y,2,1,none,2,savings_or_insurance,26,0,none,own,1,skilled,1,0,1,1
649,ge_200,24,existing_paid,car_new,0.947,lt_100,4_to_7y,4,0,none,3,unknown,38,0,bank,free,1,skilled,2,0,1,1
650,lt_0,12,existing_paid,education,0.684,lt_100,1_to_4y,4,0,none,4,car_or_other,40,0,none,rent,1,unskilled_resident,2,0,1,1
651,lt_0,48,existing_paid,education,7.476,lt_100,4_to_7y,4,0,none,1,unknown,50,0,none,free,1,management,1,1,1,0
652,0_to_200,12,existing_paid,furniture,1.922,lt_100,1_to_4y,4,0,none,2,savings_or_insurance,37,0,none,own,1,unskilled_resident,1,0,1,1
653,lt_0,24,existing_paid,car_new,2.303,lt_100,ge_7y,4,0,co_applicant,1,real_estate,45,0,none,own,1,skilled,1,0,1,1
654,0_to_200,36,past_delay,car_new,8.086,100_to_500,ge_7y,2,0,none,4,car_or_other,42,0,none,own,4,management,1,1,1,1
655,none,24,critical_or_other_credits,car_used,2.346,lt_100,4_to_7y,4,0,none,3,car_or_other,35,0,none,own,2,skilled,1,1,1,0
656,lt_0,14,existing_paid,car_new,3.973,lt_100,unemployed,1,0,none,4,unknown,22,1,none,free,1,skilled,1,0,1,0
657,0_to_200,12,existing_paid,car_new,0.888,lt_100,ge_7y,4,0,none,4,car_or_other,41,0,bank,own,1,unskilled_resident,2,0,1,1
658,none,48,existing_paid,radio_tv,10.222,unknown,4_to_7y,4,0,none,3,car_or_other,37,0,stores,own,1,skilled,1,1,1,0
659,0_to_200,30,no_credits_or_all_paid,business,4.221,lt_100,1_to_4y,2,1,none,1,car_or_other,28,0,none,own,2,skilled,1,0,1,0
660,0_to_200,18,critical_or_other_credits,furniture,6.361,lt_100,ge_7y,2,0,none,1,unknown,41,0,none,own,1,skilled,1,1,1,0
661,ge_200,12,existing_paid,radio_tv,1.297,lt_100,1_to_4y,3,0,none,4,real_estate,23,1,none,rent,1,skilled,1,0,1,0
662,lt_0,12,existing_paid,car_new,0.9,unknown,1_to_4y,4,0,none,2,car_or_other,23,1,none,own,1,skilled,1,0,1,1
663,none,21,existing_paid,furniture,2.241,lt_100,ge_7y,4,0,none,2,real_estate,50,0,none,own,2,skilled,1,0,1,0
664,0_to_200,6,past_delay,furniture,1.05,lt_100,unemployed,4,0,none,1,savings_or_insurance,35,0,stores,own,2,management,1,1,1,0
665,ge_200,6,critical_or_other_credits,education,1.047,lt_100,1_to_4y,2,1,none,4,savings_or_insurance,50,0,none,own,1,unskilled_resident,1,0,1,0
666,none,24,critical_or_other_credits,other,6.314,lt_100,unemployed,4,0,co_applicant,2,unknown,27,0,bank,own,2,management,1,1,1,0
667,0_to_200,30,all_paid_this_bank,furniture,3.496,ge_1000,1_to_4y,4,0,none,2,car_or_other,34,0,stores,own,1,skilled,2,1,1,0
668,none,48,all_paid_this_bank,business,3.609,lt_100,1_to_4y,1,1,none,1,real_estate,27,0,stores,own,1,skilled,1,0,1,0
669,lt_0,12,critical_or_other_credits,car_new,4.843,lt_100,ge_7y,3,0,co_applicant,4,savings_or_insurance,43,0,none,rent,2,skilled,1,1,1,1
670,ge_200,30,critical_or_other_credits,radio_tv,3.017,lt_100,ge_7y,4,0,none,4,savings_or_insurance,47,0,none,own,1,skilled,1,0,1,0
671,none,24,critical_or_other_credits,business,4.139,100_to_500,1_to_4y,3,0,none,3,savings_or_insurance,27,0,none,own,2,unskilled_resident,1,1,1,0
672,none,36,existing_paid,business,5.742,100_to_500,4_to_7y,2,0,none,2,car_or_other,31,0,none,own,2,skilled,1,1,1,0
673,none,60,existing_paid,car_new,10.366,lt_100,ge_7y,2,0,none,4,savings_or_insurance,42,0,none,own,1,management,1,1,1,0
674,none,6,critical_or_other_credits,car_new,2.08,500_to_1000,1_to_4y,1,0,none,2,car_or_other,24,1,none,own,1,skilled,1,0,1,0
675,none,21,past_delay,business,2.58,500_to_1000,lt_1y,4,0,none,2,real_estate,41,0,bank,own,1,unskilled_resident,2,0,1,1
676,none,30,critical_or_other_credits,radio_tv,4.53,lt_100,4_to_7y,4,1,none,4,car_or_other,26,0,none,rent,1,management,1,1,1,0
677,none,24,critical_or_other_credits,furniture,5.15,lt_100,ge_7y,4,0,none,4,car_or_other,33,0,none,own,1,skilled,1,1,1,0
678,0_to_200,72,existing_paid,radio_tv,5.595,100_to_500,1_to_4y,2,0,none,2,car_or_other,24,1,none,own,1,skilled,1,0,1,1
679,lt_0,24,existing_paid,radio_tv,2.384,lt_100,ge_7y,4,0,none,4,real_estate,64,0,bank,rent,1,unskilled_resident,1,0,1,0
680,none,18,existing_paid,radio_tv,1.453,lt_100,lt_1y,3,1,none,1,real_estate,26,0,none,own,1,skilled,1,0,1,0
681,none,6,existing_paid,education,1.538,lt_100,lt_1y,1,1,none,2,unknown,56,0,none,own,1,skilled,1,0,1,0
682,none,12,existing_paid,radio_tv,2.279,unknown,1_to_4y,4,0,none,4,unknown,37,0,none,free,1,skilled,1,1,1,0
683,none,15,past_delay,radio_tv,1.478,lt_100,1_to_4y,4,0,none,3,real_estate,33,0,bank,own,2,skilled,1,0,1,0
684,none,24,critical_or_other_credits,radio_tv,5.103,lt_100,lt_1y,3,0,none,3,unknown,47,0,none,free,3,skilled,1,1,1,0
685,0_to_200,36,past_delay,business,9.857,100_to_500,4_to_7y,1,0,none,3,savings_or_insurance,31,0,none,own,2,unskilled_resident,2,1,1,0
686,none,60,existing_paid,car_new,6.527,unknown,1_to_4y,4,0,none,4,unknown,34,0,none,free,1,skilled,2,1,1,0
687,ge_200,10,critical_or_other_credits,radio_tv,1.347,unknown,4_to_7y,4,0,none,2,savings_or_insurance,27,0,none,own,2,skilled,1,1,1,0
688,0_to_200,36,past_delay,car_new,2.862,100_to_500,ge_7y,4,0,none,3,unknown,30,0,none,free,1,skilled,1,0,1,0
689,none,9,existing_paid,radio_tv,2.753,100_to_500,ge_7y,3,0,co_applicant,4,car_or_other,35,0,none,own,1,skilled,1,1,1,0
690,lt_0,12,existing_paid,car_new,3.651,ge_1000,1_to_4y,1,0,none,3,savings_or_insurance,31,0,none,own,1,skilled,2,0,1,0
691,lt_0,15,critical_or_other_credits,furniture,0.975,lt_100,1_to_4y,2,0,none,3,savings_or_insurance,25,0,none,own,2,skilled,1,0,1,0
692,0_to_200,15,existing_paid,other,2.631,100_to_500,1_to_4y,3,1,none,2,real_estate,25,0,none,own,1,unskilled_resident,1,0,1,0
693,0_to_200,24,existing_paid,radio_tv,2.896,100_to_500,lt_1y,2,0,none,1,car_or_other,29,0,none,own,1,skilled,1,0,1,0
694,lt_0,6,critical_or_other_credits,car_new,4.716,unknown,lt_1y,1,0,none,3,real_estate,44,0,none,own,2,unskilled_resident,2,0,1,0
695,none,24,existing_paid,radio_tv,2.284,lt_100,4_to_7y,4,0,none,2,car_or_other,28,0,none,own,1,skilled,1,1,1,0
696,none,6,existing_paid,car_used,1.236,500_to_1000,1_to_4y,2,0,none,4,savings_or_insurance,50,0,none,rent,1,skilled,1,0,1,0
697,0_to_200,12,existing_paid,radio_tv,1.103,lt_100,4_to_7y,4,0,guarantor,3,real_estate,29,0,none,own,2,skilled,1,0,0,0
698,none,12,critical_or_other_credits,car_new,0.926,lt_100,unemployed,1,1,none,2,savings_or_insurance,38,0,none,own,1,unskilled_nonresident,1,0,1,0
699,none,18,critical_or_other_credits,radio_tv,1.8,lt_100,1_to_4y,4,0,none,2,car_or_other,24,1,none,own,2,skilled,1,0,1,0
700,ge_200,15,existing_paid,education,1.905,lt_100,ge_7y,4,0,none,4,car_or_other,40,0,none,rent,1,management,1,1,1,0
701,none,12,existing_paid,furniture,1.123,500_to_1000,1_to_4y,4,1,none,4,car_or_other,29,0,none,rent,1,unskilled_resident,1,0,1,1
702,lt_0,48,critical_or_other_credits,car_used,6.331,lt_100,ge_7y,4,0,none,4,unknown,46,0,none,free,2,skilled,1,1,1,1
703,ge_200,24,existing_paid,radio_tv,1.377,100_to_500,ge_7y,4,1,none,2,unknown,47,0,none,free,1,skilled,1,1,1,0
704,0_to_200,30,past_delay,business,2.503,100_to_500,ge_7y,4,0,none,2,savings_or_insurance,41,0,stores,own,2,skilled,1,0,1,0
705,0_to_200,27,existing_paid,business,2.528,lt_100,lt_1y,4,1,none,1,savings_or_insurance,32,0,none,own,1,skilled,2,1,1,0
706,none,15,existing_paid,car_new,5.324,500_to_1000,ge_7y,1,1,none,4,unknown,35,0,none,free,1,skilled,1,0,1,0
707,0_to_200,48,existing_paid,car_new,6.56,100_to_500,4_to_7y,3,0,none,2,savings_or_insurance,24,1,none,own,1,skilled,1,0,1,1
708,0_to_200,12,no_credits_or_all_paid,furniture,2.969,lt_100,lt_1y,4,1,none,3,savings_or_insurance,25,0,none,rent,2,skilled,1,0,1,1
709,0_to_200,9,existing_paid,radio_tv,1.206,lt_100,ge_7y,4,1,none,4,real_estate,25,0,none,own,1,skilled,1,0,1,0
710,0_to_200,9,existing_paid,radio_tv,2.118,lt_100,1_to_4y,2,0,none,2,real_estate,37,0,none,own,1,unskilled_resident,2,0,1,0
711,none,18,critical_or_other_credits,radio_tv,0.629,500_to_1000,ge_7y,4,0,none,3,savings_or_insurance,32,0,bank,own,2,management,1,1,1,0
712,lt_0,6,all_paid_this_bank,education,1.198,lt_100,ge_7y,4,1,none,4,unknown,35,0,none,free,1,skilled,1,0,1,1
713,none,21,existing_paid,car_used,2.476,unknown,ge_7y,4,0,none,4,real_estate,46,0,none,own,1,management,1,1,1,0
714,lt_0,9,critical_or_other_credits,radio_tv,1.138,lt_100,1_to_4y,4,0,none,4,real_estate,25,0,none,own,2,unskilled_resident,1,0,1,0
715,0_to_200,60,existing_paid,car_new,14.027,lt_100,4_to_7y,4,0,none,2,unknown,27,0,none,own,1,management,1,1,1,1
716,none,30,critical_or_other_credits,car_used,7.596,unknown,ge_7y,1,0,none,4,car_or_other,63,0,none,own,2,skilled,1,0,1,0
717,none,30,critical_or_other_credits,radio_tv,3.077,unknown,ge_7y,3,0,none,2,car_or_other,40,0,none,own,2,skilled,2,1,1,0
718,none,18,existing_paid,radio_tv,1.505,lt_100,1_to_4y,4,0,none,2,unknown,32,0,none,free,1,management,1,1,1,0
719,ge_200,24,critical_or_other_credits,radio_tv,3.148,unknown,1_to_4y,3,0,none,2,car_or_other,31,0,none,own,2,skilled,1,1,1,0
720,0_to_200,20,no_credits_or_all_paid,car_used,6.148,100_to_500,ge_7y,3,0,none,4,car_or_other,31,0,bank,own,2,skilled,1,1,1,0
721,ge_200,9,no_credits_or_all_paid,radio_tv,1.337,lt_100,lt_1y,4,0,none,2,car_or_other,34,0,none,own,2,management,1,1,1,1
722,0_to_200,6,all_paid_this_bank,education,0.433,ge_1000,lt_1y,4,1,none,2,savings_or_insurance,24,1,bank,rent,1,skilled,2,0,1,1
723,lt_0,12,existing_paid,car_new,1.228,lt_100,1_to_4y,4,1,none,2,real_estate,24,1,none,own,1,unskilled_resident,1,0,1,1
724,0_to_200,9,existing_paid,radio_tv,0.79,500_to_1000,1_to_4y,4,1,none,3,real_estate,66,0,none,own,1,unskilled_resident,1,0,1,0
725,none,27,existing_paid,car_new,2.57,lt_100,1_to_4y,3,1,none,3,real_estate,21,1,none,rent,1,skilled,1,0,1,1
726,none,6,critical_or_other_credits,car_new,0.25,ge_1000,1_to_4y,2,1,none,2,real_estate,41,0,bank,own,2,unskilled_resident,1,0,1,0
727,none,15,critical_or_other_credits,radio_tv,1.316,500_to_1000,1_to_4y,2,0,none,2,savings_or_insurance,47,0,none,own,2,unskilled_resident,1,0,1,0
728,lt_0,18,existing_paid,radio_tv,1.882,lt_100,1_to_4y,4,1,none,4,car_or_other,25,0,bank,rent,2,skilled,1,0,1,1
729,0_to_200,48,all_paid_this_bank,business,6.416,lt_100,ge_7y,4,1,none,3,unknown,59,0,none,rent,1,skilled,1,0,1,1
730,ge_200,24,critical_or_other_credits,business,1.275,ge_1000,1_to_4y,2,0,none,4,real_estate,36,0,none,own,2,skilled,1,1,1,0
731,0_to_200,24,past_delay,radio_tv,6.403,lt_100,lt_1y,1,0,none,2,car_or_other,33,0,none,own,1,skilled,1,0,1,0
732,lt_0,24,existing_paid,radio_tv,1.987,lt_100,1_to_4y,2,0,none,4,real_estate,21,1,none,rent,1,unskilled_resident,2,0,1,1
733,0_to_200,8,existing_paid,radio_tv,0.76,lt_100,4_to_7y,4,1,guarantor,2,real_estate,44,0,none,own,1,unskilled_resident,1,0,1,0
734,none,24,existing_paid,car_used,2.603,ge_1000,1_to_4y,2,1,none,4,car_or_other,28,0,none,rent,1,skilled,1,1,1,0
735,none,4,critical_or_other_credits,car_new,3.38,lt_100,4_to_7y,1,1,none,1,real_estate,37,0,none,own,1,skilled,2,0,1,0
736,0_to_200,36,all_paid_this_bank,other,3.99,unknown,lt_1y,3,1,none,2,unknown,29,0,bank,own,1,unskilled_nonresident,1,0,1,0
737,0_to_200,24,existing_paid,car_used,11.56,lt_100,1_to_4y,1,1,none,4,car_or_other,23,1,none,rent,2,management,1,0,1,1
738,lt_0,18,existing_paid,car_new,4.38,100_to_500,1_to_4y,3,0,none,4,car_or_other,35,0,none,own,1,unskilled_resident,2,1,1,0
739,none,6,critical_or_other_credits,car_new,6.761,lt_100,4_to_7y,1,0,none,3,unknown,45,0,none,own,2,management,2,1,1,0
740,0_to_200,30,no_credits_or_all_paid,business,4.28,100_to_500,1_to_4y,4,1,none,4,car_or_other,26,0,none,rent,2,unskilled_resident,1,0,1,1
741,lt_0,24,all_paid_this_bank,car_new,2.325,100_to_500,4_to_7y,2,0,none,3,car_or_other,32,0,bank,own,1,skilled,1,0,1,0
742,0_to_200,10,all_paid_this_bank,radio_tv,1.048,lt_100,1_to_4y,4,0,none,4,real_estate,23,1,stores,own,1,unskilled_resident,1,0,1,0
743,none,21,existing_paid,radio_tv,3.16,unknown,ge_7y,4,0,none,3,savings_or_insurance,41,0,none,own,1,skilled,1,1,1,0
744,lt_0,24,all_paid_this_bank,furniture,2.483,500_to_1000,1_to_4y,4,0,none,4,real_estate,22,1,stores,own,1,skilled,1,1,1,0
745,lt_0,39,critical_or_other_credits,furniture,14.179,unknown,4_to_7y,4,0,none,4,savings_or_insurance,30,0,none,own,2,management,1,1,1,0
746,lt_0,13,critical_or_other_credits,business,1.797,lt_100,lt_1y,3,0,none,1,savings_or_insurance,28,0,bank,own,2,unskilled_resident,1,0,1,0
747,lt_0,15,existing_paid,car_new,2.511,lt_100,unemployed,1,1,none,4,car_or_other,23,1,none,rent,1,skilled,1,0,1,0
748,lt_0,12,existing_paid,car_new,1.274,lt_100,lt_1y,3,1,none,1,real_estate,37,0,none,own,1,unskilled_resident,1,0,1,1
749,none,21,existing_paid,car_used,5.248,unknown,1_to_4y,1,0,none,3,car_or_other,26,0,none,own,1,skilled,1,0,1,0
750,none,15,existing_paid,car_used,3.029,lt_100,4_to_7y,2,0,none,2,car_or_other,33,0,none,own,1,skilled,1,0,1,0
751,lt_0,6,existing_paid,furniture,0.428,lt_100,ge_7y,2,1,none,1,savings_or_insurance,49,0,bank,own,1,skilled,1,1,1,0
752,lt_0,18,existing_paid,car_new,0.976,lt_100,lt_1y,1,1,none,2,car_or_other,23,1,none,own,1,unskilled_resident,1,0,1,1
753,0_to_200,12,existing_paid,business,0.841,100_to_500,4_to_7y,2,1,none,4,real_estate,23,1,none,rent,1,unskilled_resident,1,0,1,0
754,none,30,critical_or_other_credits,radio_tv,5.771,lt_100,4_to_7y,4,1,none,2,car_or_other,25,0,none,own,2,skilled,1,0,1,0
755,none,12,past_delay,other,1.555,ge_1000,ge_7y,4,0,none,4,unknown,55,0,none,free,2,skilled,2,0,1,1
756,lt_0,24,existing_paid,car_new,1.285,unknown,4_to_7y,4,1,none,4,unknown,32,0,none,rent,1,skilled,1,0,1,1
757,ge_200,6,critical_or_other_credits,car_new,1.299,lt_100,1_to_4y,1,0,none,1,real_estate,74,0,none,own,3,unskilled_nonresident,2,0,0,0
758,ge_200,15,critical_or_other_credits,radio_tv,1.271,unknown,1_to_4y,3,0,none,4,unknown,39,0,none,free,2,skilled,1,1,1,1
759,none,24,existing_paid,car_new,1.393,lt_100,1_to_4y,2,0,guarantor,2,real_estate,31,0,none,own,1,skilled,1,1,1,0
760,lt_0,12,critical_or_other_credits,car_new,0.691,lt_100,ge_7y,4,0,none,3,savings_or_insurance,35,0,none,own,2,skilled,1,0,1,1
761,none,15,critical_or_other_credits,car_new,5.045,unknown,ge_7y,1,1,none,4,car_or_other,59,0,none,own,1,skilled,1,1,1,0
762,lt_0,18,critical_or_other_credits,furniture,2.124,lt_100,1_to_4y,4,1,none,4,real_estate,24,1,none,rent,2,skilled,1,0,1,1
763,lt_0,12,existing_paid,radio_tv,2.214,lt_100,1_to_4y,4,0,none,3,savings_or_insurance,24,1,none,own,1,unskilled_resident,1,0,1,0
764,none,21,critical_or_other_credits,car_new,12.68,unknown,ge_7y,4,0,none,4,unknown,30,0,none,free,1,management,1,1,1,1
765,none,24,critical_or_other_credits,car_new,2.463,100_to_500,4_to_7y,4,0,none,3,savings_or_insurance,27,0,none,own,2,skilled,1,1,1,0
766,0_to_200,12,existing_paid,radio_tv,1.155,lt_100,ge_7y,3,0,guarantor,3,real_estate,40,0,bank,own,2,unskilled_resident,1,0,1,0
767,lt_0,30,existing_paid,furniture,3.108,lt_100,lt_1y,2,0,none,4,savings_or_insurance,31,0,none,own,1,unskilled_resident,1,0,1,1
768,none,10,existing_paid,car_used,2.901,unknown,lt_1y,1,1,none,4,real_estate,31,0,none,rent,1,skilled,1,0,1,0
769,0_to_200,12,critical_or_other_credits,furniture,3.617,lt_100,ge_7y,1,0,none,4,car_or_other,28,0,none,rent,3,skilled,1,1,1,0
770,none,12,critical_or_other_credits,radio_tv,1.655,lt_100,ge_7y,2,0,none,4,real_estate,63,0,none,own,2,unskilled_resident,1,1,1,0
771,lt_0,24,existing_paid,car_used,2.812,unknown,ge_7y,2,1,none,4,real_estate,26,0,none,rent,1,skilled,1,0,1,0
772,lt_0,36,critical_or_other_credits,education,8.065,lt_100,1_to_4y,3,1,none,2,unknown,25,0,none,own,2,management,1,1,1,1
773,none,21,critical_or_other_credits,car_used,3.275,lt_100,ge_7y,1,0,none,4,car_or_other,36,0,none,own,1,management,1,1,1,0
774,none,24,critical_or_other_credits,radio_tv,2.223,100_to_500,ge_7y,4,0,none,4,savings_or_insurance,52,0,bank,own,2,skilled,1,0,1,0
775,ge_200,12,critical_or_other_credits,car_new,1.48,500_to_1000,unemployed,2,0,none,4,unknown,66,0,bank,free,3,unskilled_nonresident,1,0,1,0
776,lt_0,24,existing_paid,car_new,1.371,unknown,1_to_4y,4,1,none,4,real_estate,25,0,none,rent,1,skilled,1,0,1,1
777,none,36,critical_or_other_credits,car_new,3.535,lt_100,4_to_7y,4,0,none,4,car_or_other,37,0,none,own,2,skilled,1,1,1,0
778,lt_0,18,existing_paid,radio_tv,3.509,lt_100,4_to_7y,4,1,guarantor,1,real_estate,25,0,none,own,1,skilled,1,0,1,0
779,none,36,critical_or_other_credits,car_used,5.711,ge_1000,ge_7y,4,0,none,2,car_or_other,38,0,none,own,2,management,1,1,1,0
780,0_to_200,18,existing_paid,other,3.872,lt_100,unemployed,2,1,none,4,car_or_other,67,0,none,own,1,skilled,1,1,1,0
781,0_to_200,39,critical_or_other_credits,radio_tv,4.933,lt_100,4_to_7y,2,0,guarantor,2,real_estate,25,0,none,own,2,skilled,1,0,1,1
782,none,24,critical_or_other_credits,car_new,1.94,ge_1000,ge_7y,4,0,none,4,real_estate,60,0,none,own,1,skilled,1,1,1,0
783,0_to_200,12,no_credits_or_all_paid,other,1.41,lt_100,1_to_4y,2,0,none,2,real_estate,31,0,none,own,1,unskilled_resident,1,1,1,0
784,0_to_200,12,existing_paid,car_new,0.836,100_to_500,lt_1y,4,1,none,2,savings_or_insurance,23,1,bank,own,1,unskilled_resident,1,0,1,1
785,0_to_200,20,existing_paid,car_used,6.468,unknown,unemployed,1,0,none,4,real_estate,60,0,none,own,1,management,1,1,1,0
786,0_to_200,18,existing_paid,business,1.941,ge_1000,1_to_4y,4,0,none,2,savings_or_insurance,35,0,none,own,1,unskilled_resident,1,1,1,0
787,none,22,existing_paid,radio_tv,2.675,500_to_1000,ge_7y,3,0,none,4,car_or_other,40,0,none,own,1,skilled,1,0,1,0
788,none,48,critical_or_other_credits,car_used,2.751,unknown,ge_7y,4,0,none,3,car_or_other,38,0,none,own,2,skilled,2,1,1,0
789,0_to_200,48,past_delay,education,6.224,lt_100,ge_7y,4,0,none,4,unknown,50,0,none,free,1,skilled,1,0,1,1
790,lt_0,40,critical_or_other_credits,education,5.998,lt_100,1_to_4y,4,0,none,3,unknown,27,0,bank,own,1,skilled,1,1,1,1
791,0_to_200,21,existing_paid,business,1.188,lt_100,ge_7y,2,1,none,4,savings_or_insurance,39,0,none,own,1,skilled,2,0,1,1
792,none,24,existing_paid,car_used,6.313,unknown,ge_7y,3,0,none,4,car_or_other,41,0,none,own,1,management,2,1,1,0
793,none,6,critical_or_other_credits,furniture,1.221,unknown,1_to_4y,1,0,none,2,savings_or_insurance,27,0,none,own,2,skilled,1,0,1,0
794,ge_200,24,existing_paid,furniture,2.892,lt_100,ge_7y,3,0,none,4,unknown,51,0,none,free,1,skilled,1,0,1,0
795,none,24,existing_paid,furniture,3.062,500_to_1000,ge_7y,4,0,none,3,unknown,32,0,none,rent,1,skilled,1,1,1,0
796,none,9,existing_paid,furniture,2.301,100_to_500,lt_1y,2,1,none,4,savings_or_insurance,22,1,none,rent,1,skilled,1,0,1,0
797,lt_0,18,existing_paid,car_used,7.511,unknown,ge_7y,1,0,none,4,savings_or_insurance,51,0,none,free,1,skilled,2,1,1,1
798,none,12,critical_or_other_credits,furniture,1.258,lt_100,lt_1y,2,1,none,4,savings_or_insurance,22,1,none,rent,2,unskilled_resident,1,0,1,0
799,none,24,past_delay,car_new,0.717,unknown,ge_7y,4,0,none,4,car_or_other,54,0,none,own,2,skilled,1,1,1,0
800,0_to_200,9,existing_paid,car_new,1.549,unknown,lt_1y,4,0,none,2,real_estate,35,0,none,own,1,unskilled_nonresident,1,0,1,0
801,none,24,critical_or_other_credits,education,1.597,lt_100,ge_7y,4,0,none,4,unknown,54,0,none,free,2,skilled,2,0,1,0
802,0_to_200,18,critical_or_other_credits,radio_tv,1.795,lt_100,ge_7y,3,1,guarantor,4,real_estate,48,0,bank,rent,2,unskilled_resident,1,1,1,0
803,lt_0,20,critical_or_other_credits,furniture,4.272,lt_100,ge_7y,1,1,none,4,savings_or_insurance,24,1,none,own,2,skilled,1,0,1,0
804,none,12,critical_or_other_credits,radio_tv,0.976,unknown,ge_7y,4,0,none,4,car_or_other,35,0,none,own,2,skilled,1,0,1,0
805,0_to_200,12,existing_paid,car_new,7.472,unknown,unemployed,1,1,none,2,real_estate,24,1,none,rent,1,unskilled_nonresident,1,0,1,0
806,lt_0,36,existing_paid,car_new,9.271,lt_100,4_to_7y,2,0,none,1,car_or_other,24,1,none,own,1,skilled,1,1,1,1
807,0_to_200,6,existing_paid,radio_tv,0.59,lt_100,lt_1y,3,0,none,3,real_estate,26,0,none,own,1,unskilled_resident,1,0,0,0
808,none,12,critical_or_other_credits,radio_tv,0.93,unknown,ge_7y,4,0,none,4,real_estate,65,0,none,own,4,skilled,1,0,1,0
809,0_to_200,42,all_paid_this_bank,car_used,9.283,lt_100,unemployed,1,0,none,2,unknown,55,0,bank,free,1,management,1,1,1,0
810,0_to_200,15,no_credits_or_all_paid,car_new,1.778,lt_100,lt_1y,2,1,none,1,real_estate,26,0,none,rent,2,unskilled_nonresident,1,0,1,1
811,0_to_200,8,existing_paid,business,0.907,lt_100,lt_1y,3,0,none,2,real_estate,26,0,none,own,1,skilled,1,1,1,0
812,0_to_200,6,existing_paid,radio_tv,0.484,lt_100,4_to_7y,3,0,guarantor,3,real_estate,28,0,bank,own,1,unskilled_resident,1,0,1,0
813,lt_0,36,critical_or_other_credits,car_used,9.629,lt_100,4_to_7y,4,0,none,4,car_or_other,24,1,none,own,2,skilled,1,1,1,1
814,lt_0,48,existing_paid,other,3.051,lt_100,1_to_4y,3,0,none,4,car_or_other,54,0,none,own,1,skilled,1,0,1,1
815,lt_0,48,existing_paid,car_new,3.931,lt_100,4_to_7y,4,0,none,4,unknown,46,0,none,free,1,skilled,2,0,1,1
816,0_to_200,36,past_delay,car_new,7.432,lt_100,1_to_4y,2,1,none,2,savings_or_insurance,54,0,none,rent,1,skilled,1,0,1,0
817,none,6,existing_paid,other,1.338,500_to_1000,1_to_4y,1,0,none,4,real_estate,62,0,none,own,1,skilled,1,0,1,0
818,none,6,critical_or_other_credits,radio_tv,1.554,lt_100,4_to_7y,1,1,none,2,car_or_other,24,1,none,rent,2,skilled,1,1,1,0
819,lt_0,36,existing_paid,other,15.857,lt_100,unemployed,2,0,co_applicant,3,car_or_other,43,0,none,own,1,management,1,0,1,0
820,lt_0,18,existing_paid,radio_tv,1.345,lt_100,1_to_4y,4,0,none,3,real_estate,26,0,bank,own,1,skilled,1,0,1,1
821,none,12,existing_paid,car_new,1.101,lt_100,1_to_4y,3,0,none,2,real_estate,27,0,none,own,2,skilled,1,1,1,0
822,ge_200,12,existing_paid,radio_tv,3.016,lt_100,1_to_4y,3,0,none,1,car_or_other,24,1,none,own,1,skilled,1,0,1,0
823,lt_0,36,existing_paid,furniture,2.712,lt_100,ge_7y,2,0,none,2,savings_or_insurance,41,0,bank,own,1,skilled,2,0,1,1
824,lt_0,8,critical_or_other_credits,car_new,0.731,lt_100,ge_7y,4,0,none,4,real_estate,47,0,none,own,2,unskilled_resident,1,0,1,0
825,none,18,critical_or_other_credits,furniture,3.78,lt_100,lt_1y,3,0,none,2,car_or_other,35,0,none,own,2,management,1,1,1,0
826,lt_0,21,critical_or_other_credits,car_new,1.602,lt_100,ge_7y,4,0,none,3,car_or_other,30,0,none,own,2,skilled,1,1,1,0
827,lt_0,18,critical_or_other_credits,car_new,3.966,lt_100,ge_7y,1,1,none,4,real_estate,33,0,bank,rent,3,skilled,1,1,1,1
828,none,18,no_credits_or_all_paid,business,4.165,lt_100,1_to_4y,2,0,none,2,car_or_other,36,0,stores,own,2,skilled,2,0,1,1
829,lt_0,36,existing_paid,car_used,8.335,unknown,ge_7y,3,0,none,4,unknown,47,0,none,free,1,skilled,1,0,1,1
830,0_to_200,48,past_delay,business,6.681,unknown,1_to_4y,4,0,none,4,unknown,38,0,none,free,1,skilled,2,1,1,0
831,none,24,past_delay,business,2.375,500_to_1000,1_to_4y,4,0,none,2,car_or_other,44,0,none,own,2,skilled,2,1,1,0
832,lt_0,18,existing_paid,car_new,1.216,lt_100,lt_1y,4,1,none,3,car_or_other,23,1,none,rent,1,skilled,1,1,1,1
833,lt_0,45,no_credits_or_all_paid,business,11.816,lt_100,ge_7y,2,0,none,4,car_or_other,29,0,none,rent,2,skilled,1,0,1,1
834,0_to_200,24,existing_paid,radio_tv,5.084,unknown,ge_7y,2,1,none,4,car_or_other,42,0,none,own,1,skilled,1,1,1,0
835,ge_200,15,existing_paid,radio_tv,2.327,lt_100,lt_1y,2,1,none,3,real_estate,25,0,none,own,1,unskilled_resident,1,0,1,1
836,lt_0,12,no_credits_or_all_paid,car_new,1.082,lt_100,1_to_4y,4,0,none,4,car_or_other,48,0,bank,own,2,skilled,1,0,1,1
837,none,12,existing_paid,radio_tv,0.886,unknown,1_to_4y,4,1,none,2,car_or_other,21,1,none,own,1,skilled,1,0,1,0
838,none,4,existing_paid,furniture,0.601,lt_100,lt_1y,1,1,none,3,real_estate,23,1,none,rent,1,unskilled_resident,2,0,1,0
839,lt_0,24,critical_or_other_credits,car_used,2.957,lt_100,ge_7y,4,0,none,4,savings_or_insurance,63,0,none,own,2,skilled,1,1,1,0
840,none,24,critical_or_other_credits,radio_tv,2.611,lt_100,ge_7y,4,0,co_applicant,3,real_estate,46,0,none,own,2,skilled,1,0,1,0
841,lt_0,36,existing_paid,furniture,5.179,lt_100,4_to_7y,4,0,none,2,savings_or_insurance,29,0,none,own,1,skilled,1,0,1,1
842,none,21,past_delay,car_used,2.993,lt_100,1_to_4y,3,0,none,2,real_estate,28,0,stores,own,2,unskilled_resident,1,0,1,0
843,none,18,existing_paid,other,1.943,lt_100,lt_1y,4,1,none,4,real_estate,23,1,none,own,1,skilled,1,0,1,1
844,none,24,all_paid_this_bank,business,1.559,lt_100,4_to_7y,4,0,none,4,car_or_other,50,0,bank,own,1,skilled,1,1,1,0
845,none,18,existing_paid,furniture,3.422,lt_100,ge_7y,4,0,none,4,savings_or_insurance,47,0,bank,own,3,skilled,2,1,1,0
846,0_to_200,21,existing_paid,furniture,3.976,unknown,4_to_7y,2,0,none,3,car_or_other,35,0,none,own,1,skilled,1,1,1,0
847,none,18,existing_paid,car_new,6.761,unknown,1_to_4y,2,0,none,4,car_or_other,68,0,none,rent,2,skilled,1,0,1,1
848,none,24,existing_paid,car_new,1.249,lt_100,lt_1y,4,0,none,2,real_estate,28,0,none,own,1,skilled,1,0,1,0
849,lt_0,9,existing_paid,radio_tv,1.364,lt_100,4_to_7y,3,0,none,4,real_estate,59,0,none,own,1,skilled,1,0,1,0
850,lt_0,12,existing_paid,radio_tv,0.709,lt_100,ge_7y,4,0,none,4,real_estate,57,0,stores,own,1,unskilled_resident,1,0,1,1
851,lt_0,20,critical_or_other_credits,car_new,2.235,lt_100,1_to_4y,4,0,guarantor,2,savings_or_insurance,33,0,bank,rent,2,skilled,1,0,0,1
852,none,24,critical_or_other_credits,car_used,4.042,unknown,4_to_7y,3,0,none,4,savings_or_insurance,43,0,none,own,2,skilled,1,1,1,0
853,none,15,critical_or_other_credits,radio_tv,1.471,lt_100,1_to_4y,4,0,none,4,unknown,35,0,none,free,2,skilled,1,1,1,0
854,lt_0,18,all_paid_this_bank,car_new,1.442,lt_100,4_to_7y,4,0,none,4,unknown,32,0,none,free,2,unskilled_resident,2,0,1,1
855,none,36,past_delay,car_new,10.875,lt_100,ge_7y,2,0,none,2,car_or_other,45,0,none,own,2,skilled,2,1,1,0
856,none,24,existing_paid,car_new,1.474,100_to_500,lt_1y,4,0,none,3,real_estate,33,0,none,own,1,skilled,1,1,1,0
857,none,10,existing_paid,other,0.894,unknown,4_to_7y,4,1,none,3,savings_or_insurance,40,0,none,own,1,skilled,1,1,1,0
858,none,15,critical_or_other_credits,furniture,3.343,lt_100,1_to_4y,4,0,none,2,unknown,28,0,none,free,1,skilled,1,1,1,0
859,lt_0,15,existing_paid,car_new,3.959,lt_100,1_to_4y,3,1,none,2,savings_or_insurance,29,0,none,own,1,skilled,1,1,1,1
860,none,9,existing_paid,car_new,3.577,100_to_500,1_to_4y,1,0,guarantor,2,real_estate,26,0,none,rent,1,skilled,2,0,0,0
861,none,24,critical_or_other_credits,car_used,5.804,ge_1000,1_to_4y,4,0,none,2,real_estate,27,0,none,own,2,skilled,1,0,1,0
862,none,18,past_delay,business,2.169,lt_100,1_to_4y,4,0,none,2,car_or_other,28,0,none,own,1,skilled,1,1,1,1
863,lt_0,24,existing_paid,radio_tv,2.439,lt_100,lt_1y,4,1,none,4,real_estate,35,0,none,own,1,skilled,1,1,1,1
864,none,27,critical_or_other_credits,furniture,4.526,ge_1000,lt_1y,4,0,none,2,real_estate,32,0,stores,own,2,unskilled_resident,2,1,1,0
865,none,10,existing_paid,furniture,2.21,lt_100,1_to_4y,2,0,none,2,real_estate,25,0,bank,rent,1,unskilled_resident,1,0,1,1
866,none,15,existing_paid,furniture,2.221,500_to_1000,1_to_4y,2,1,none,4,car_or_other,20,1,none,rent,1,skilled,1,0,1,0
867,lt_0,18,existing_paid,radio_tv,2.389,lt_100,lt_1y,4,1,none,1,car_or_other,27,0,stores,own,1,skilled,1,0,1,0
868,none,12,critical_or_other_credits,furniture,3.331,lt_100,ge_7y,2,0,none,4,savings_or_insurance,42,0,stores,own,1,skilled,1,0,1,0
869,none,36,existing_paid,business,7.409,unknown,ge_7y,3,0,none,2,savings_or_insurance,37,0,none,own,2,skilled,1,0,1,0
870,lt_0,12,existing_paid,furniture,0.652,lt_100,ge_7y,4,1,none,4,savings_or_insurance,24,1,none,rent,1,skilled,1,0,1,0
871,none,36,past_delay,furniture,7.678,500_to_1000,4_to_7y,2,1,none,4,car_or_other,40,0,none,own,2,skilled,1,1,1,0
872,ge_200,6,critical_or_other_credits,car_new,1.343,lt_100,ge_7y,1,0,none,4,real_estate,46,0,none,own,2,skilled,2,0,0,0
873,lt_0,24,critical_or_other_credits,business,1.382,100_to_500,4_to_7y,4,0,none,1,real_estate,26,0,none,own,2,skilled,1,1,1,0
874,none,15,existing_paid,other,0.874,unknown,lt_1y,4,1,none,1,real_estate,24,1,none,own,1,skilled,1,0,1,0
875,lt_0,12,existing_paid,furniture,3.59,lt_100,1_to_4y,2,0,co_applicant,2,savings_or_insurance,29,0,none,own,1,unskilled_resident,2,0,1,0
876,0_to_200,11,critical_or_other_credits,car_new,1.322,ge_1000,1_to_4y,4,1,none,4,car_or_other,40,0,none,own,2,skilled,1,0,1,0
877,lt_0,18,all_paid_this_bank,radio_tv,1.94,lt_100,lt_1y,3,0,co_applicant,4,unknown,36,0,bank,free,1,management,1,1,1,0
878,none,36,existing_paid,radio_tv,3.595,lt_100,ge_7y,4,0,none,2,car_or_other,28,0,none,own,1,skilled,1,0,1,0
879,lt_0,9,existing_paid,car_new,1.422,lt_100,lt_1y,3,0,none,2,unknown,27,0,none,free,1,management,1,1,1,1
880,none,30,critical_or_other_credits,radio_tv,6.742,unknown,4_to_7y,2,0,none,3,savings_or_insurance,36,0,none,own,2,skilled,1,0,1,0
881,none,24,existing_paid,car_used,7.814,lt_100,4_to_7y,3,0,none,3,car_or_other,38,0,none,own,1,management,1,1,1,0
882,none,24,existing_paid,car_used,9.277,unknown,1_to_4y,2,0,none,4,unknown,48,0,none,free,1,skilled,1,1,1,0
883,0_to_200,30,critical_or_other_credits,car_new,2.181,unknown,ge_7y,4,0,none,4,real_estate,36,0,none,own,2,skilled,1,0,1,0
884,none,18,critical_or_other_credits,radio_tv,1.098,lt_100,unemployed,4,1,none,4,car_or_other,65,0,none,own,2,unskilled_nonresident,1,0,1,0
885,0_to_200,24,existing_paid,furniture,4.057,lt_100,4_to_7y,3,0,none,3,car_or_other,43,0,none,own,1,skilled,1,1,1,1
886,lt_0,12,existing_paid,education,0.795,lt_100,lt_1y,4,1,none,4,savings_or_insurance,53,0,none,own,1,skilled,1,0,1,1
887,0_to_200,24,critical_or_other_credits,business,2.825,unknown,4_to_7y,4,0,none,3,unknown,34,0,none,own,2,skilled,2,1,1,0
888,0_to_200,48,existing_paid,business,15.672,lt_100,1_to_4y,2,0,none,2,car_or_other,23,1,none,own,1,skilled,1,1,1,1
889,none,36,critical_or_other_credits,car_new,6.614,lt_100,ge_7y,4,0,none,4,car_or_other,34,0,none,own,2,management,1,1,1,0
890,none,28,all_paid_this_bank,car_used,7.824,unknown,lt_1y,3,0,guarantor,4,real_estate,40,0,bank,rent,2,skilled,2,1,1,0
891,lt_0,27,critical_or_other_credits,business,2.442,lt_100,ge_7y,4,0,none,4,car_or_other,43,0,stores,own,4,management,2,1,1,0
892,none,15,critical_or_other_credits,radio_tv,1.829,lt_100,ge_7y,4,0,none,4,car_or_other,46,0,none,own,2,skilled,1,1,1,0
893,lt_0,12,critical_or_other_credits,car_new,2.171,lt_100,1_to_4y,4,0,none,4,savings_or_insurance,38,0,bank,own,2,unskilled_resident,1,0,0,0
894,0_to_200,36,critical_or_other_credits,car_used,5.8,lt_100,1_to_4y,3,0,none,4,car_or_other,34,0,none,own,2,skilled,1,1,1,0
895,none,18,critical_or_other_credits,radio_tv,1.169,unknown,1_to_4y,4,0,none,3,savings_or_insurance,29,0,none,own,2,skilled,1,1,1,0
896,none,36,past_delay,car_used,8.947,unknown,4_to_7y,3,0,none,2,car_or_other,31,0,stores,own,1,management,2,1,1,0
897,lt_0,21,existing_paid,radio_tv,2.606,lt_100,lt_1y,4,1,none,4,savings_or_insurance,28,0,none,rent,1,management,1,1,1,0
898,none,12,critical_or_other_credits,furniture,1.592,ge_1000,4_to_7y,3,1,none,2,savings_or_insurance,35,0,none,own,1,skilled,1,0,0,0
899,none,15,existing_paid,furniture,2.186,unknown,4_to_7y,1,1,none,4,real_estate,33,0,bank,rent,1,unskilled_resident,1,0,1,0
900,lt_0,18,existing_paid,furniture,4.153,lt_100,1_to_4y,2,0,co_applicant,3,car_or_other,42,0,none,own,1,skilled,1,0,1,1
901,lt_0,16,critical_or_other_credits,car_new,2.625,lt_100,ge_7y,2,0,guarantor,4,savings_or_insurance,43,0,bank,rent,1,skilled,1,1,1,1
902,none,20,critical_or_other_credits,car_new,3.485,unknown,lt_1y,2,0,none,4,real_estate,44,0,none,own,2,skilled,1,1,1,0
903,none,36,critical_or_other_credits,car_used,10.477,unknown,ge_7y,2,0,none,4,unknown,42,0,none,free,2,skilled,1,0,1,0
904,none,15,existing_paid,radio_tv,1.386,unknown,1_to_4y,4,0,none,2,real_estate,40,0,none,rent,1,skilled,1,1,1,0
905,none,24,existing_paid,radio_tv,1.278,lt_100,ge_7y,4,0,none,1,real_estate,36,0,none,own,1,management,1,1,1,0
906,lt_0,12,existing_paid,radio_tv,1.107,lt_100,1_to_4y,2,0,none,2,real_estate,20,1,none,rent,1,management,2,1,1,0
907,lt_0,21,existing_paid,car_new,3.763,unknown,4_to_7y,2,0,co_applicant,2,real_estate,24,1,none,own,1,unskilled_resident,1,0,0,0
908,0_to_200,36,existing_paid,education,3.711,unknown,1_to_4y,2,0,none,2,car_or_other,27,0,none,own,1,skilled,1,0,1,0
909,none,15,past_delay,car_used,3.594,lt_100,lt_1y,1,1,none,2,savings_or_insurance,46,0,none,own,2,unskilled_resident,1,0,1,0
910,0_to_200,9,existing_paid,car_new,3.195,unknown,1_to_4y,1,1,none,2,real_estate,33,0,none,own,1,unskilled_resident,1,0,1,0
911,none,36,past_delay,radio_tv,4.454,lt_100,1_to_4y,4,1,none,4,real_estate,34,0,none,own,2,skilled,1,0,1,0
912,0_to_200,24,critical_or_other_credits,furniture,4.736,lt_100,lt_1y,2,1,none,4,car_or_other,25,0,bank,own,1,unskilled_resident,1,0,1,1
913,0_to_200,30,existing_paid,radio_tv,2.991,unknown,ge_7y,2,1,none,4,car_or_other,25,0,none,own,1,skilled,1,0,1,0
914,none,11,existing_paid,business,2.142,ge_1000,ge_7y,1,0,none,2,real_estate,28,0,none,own,1,skilled,1,1,1,0
915,lt_0,24,all_paid_this_bank,business,3.161,lt_100,1_to_4y,4,0,none,2,savings_or_insurance,31,0,none,rent,1,skilled,1,1,1,1
916,0_to_200,48,no_credits_or_all_paid,other,18.424,lt_100,1_to_4y,1,1,none,2,savings_or_insurance,32,0,bank,own,1,management,1,1,0,1
917,none,10,existing_paid,car_used,2.848,100_to_500,1_to_4y,1,0,co_applicant,2,real_estate,32,0,none,own,1,skilled,2,0,1,0
918,lt_0,6,existing_paid,car_new,14.896,lt_100,ge_7y,1,0,none,4,unknown,68,0,bank,own,1,management,1,1,1,1
919,lt_0,24,existing_paid,furniture,2.359,100_to_500,unemployed,1,0,none,1,savings_or_insurance,33,0,none,own,1,skilled,1,0,1,1
920,lt_0,24,existing_paid,furniture,3.345,lt_100,ge_7y,4,0,none,2,savings_or_insurance,39,0,none,rent,1,management,1,1,1,1
921,none,18,critical_or_other_credits,furniture,1.817,lt_100,1_to_4y,4,1,none,2,unknown,28,0,none,own,2,skilled,1,0,1,0
922,none,48,past_delay,radio_tv,12.749,500_to_1000,4_to_7y,4,0,none,1,car_or_other,37,0,none,own,1,management,1,1,1,0
923,lt_0,9,existing_paid,radio_tv,1.366,lt_100,lt_1y,3,1,none,4,savings_or_insurance,22,1,none,rent,1,skilled,1,0,1,1
924,0_to_200,12,existing_paid,car_new,2.002,lt_100,4_to_7y,3,0,none,4,savings_or_insurance,30,0,none,rent,1,skilled,2,1,1,0
925,lt_0,24,all_paid_this_bank,furniture,6.872,lt_100,lt_1y,2,0,none,1,savings_or_insurance,55,0,bank,own,1,skilled,1,1,1,1
926,lt_0,12,all_paid_this_bank,car_new,0.697,lt_100,lt_1y,4,0,none,2,car_or_other,46,0,bank,own,2,skilled,1,1,1,1
927,lt_0,18,critical_or_other_credits,furniture,1.049,lt_100,lt_1y,4,1,none,4,savings_or_insurance,21,1,none,rent,1,skilled,1,0,1,0
928,lt_0,48,existing_paid,car_used,10.297,lt_100,4_to_7y,4,0,none,4,unknown,39,0,stores,free,3,skilled,2,1,1,1
929,none,30,existing_paid,radio_tv,1.867,unknown,ge_7y,4,0,none,4,car_or_other,58,0,none,own,1,skilled,1,1,1,0
930,lt_0,12,past_delay,car_new,1.344,lt_100,1_to_4y,4,0,none,2,real_estate,43,0,none,own,2,unskilled_resident,2,0,1,0
931,lt_0,24,existing_paid,furniture,1.747,lt_100,lt_1y,4,0,co_applicant,1,savings_or_insurance,24,1,none,own,1,unskilled_resident,1,0,0,0
932,0_to_200,9,existing_paid,radio_tv,1.67,lt_100,lt_1y,4,1,none,2,car_or_other,22,1,none,own,1,skilled,1,1,1,1
933,none,9,critical_or_other_credits,car_new,1.224,lt_100,1_to_4y,3,0,none,1,real_estate,30,0,none,own,2,skilled,1,0,1,0
934,none,12,critical_or_other_credits,radio_tv,0.522,500_to_1000,ge_7y,4,0,none,4,savings_or_insurance,42,0,none,own,2,skilled,2,1,1,0
935,lt_0,12,existing_paid,radio_tv,1.498,lt_100,1_to_4y,4,1,none,1,car_or_other,23,1,bank,own,1,skilled,1,0,1,0
936,0_to_200,30,past_delay,radio_tv,1.919,100_to_500,lt_1y,4,0,none,3,unknown,30,0,stores,own,2,management,1,0,1,1
937,ge_200,9,existing_paid,radio_tv,0.745,lt_100,1_to_4y,3,1,none,2,real_estate,28,0,none,own,1,unskilled_resident,1,0,1,1
938,0_to_200,6,existing_paid,radio_tv,2.063,lt_100,lt_1y,4,0,none,3,car_or_other,30,0,none,rent,1,management,1,1,1,0
939,0_to_200,60,existing_paid,education,6.288,lt_100,1_to_4y,4,0,none,4,unknown,42,0,none,free,1,skilled,1,0,1,1
940,none,24,critical_or_other_credits,car_used,6.842,unknown,1_to_4y,2,0,none,4,savings_or_insurance,46,0,none,own,2,management,2,1,1,0
941,none,12,existing_paid,car_new,3.527,unknown,lt_1y,2,0,none,3,savings_or_insurance,45,0,none,own,1,management,2,1,1,0
942,none,10,existing_paid,car_new,1.546,lt_100,1_to_4y,3,0,none,2,real_estate,31,0,none,own,1,unskilled_resident,2,0,0,0
943,none,24,existing_paid,furniture,0.929,unknown,4_to_7y,4,0,none,2,car_or_other,31,0,stores,own,1,skilled,1,1,1,0
944,none,4,critical_or_other_credits,car_new,1.455,lt_100,4_to_7y,2,0,none,1,real_estate,42,0,none,own,3,unskilled_resident,2,0,1,0
945,lt_0,15,existing_paid,furniture,1.845,lt_100,lt_1y,4,1,guarantor,1,savings_or_insurance,46,0,none,rent,1,skilled,1,0,1,0
946,0_to_200,48,no_credits_or_all_paid,car_new,8.358,500_to_1000,lt_1y,1,1,none,1,car_or_other,30,0,none,own,2,skilled,1,0,1,0
947,lt_0,24,all_paid_this_bank,furniture,3.349,500_to_1000,lt_1y,4,0,none,4,unknown,30,0,none,free,1,skilled,2,1,1,1
948,none,12,existing_paid,car_new,2.859,unknown,unemployed,4,0,none,4,unknown,38,0,none,own,1,management,1,1,1,0
949,none,18,existing_paid,furniture,1.533,lt_100,lt_1y,4,0,co_applicant,1,savings_or_insurance,43,0,none,own,1,unskilled_resident,2,0,1,1
950,none,24,existing_paid,radio_tv,3.621,100_to_500,ge_7y,2,0,none,4,car_or_other,31,0,none,own,2,skilled,1,0,1,1
951,0_to_200,18,critical_or_other_credits,business,3.59,lt_100,unemployed,3,0,none,3,car_or_other,40,0,none,own,3,unskilled_nonresident,2,1,1,0
952,lt_0,36,past_delay,business,2.145,lt_100,4_to_7y,2,0,none,1,car_or_other,24,1,none,own,2,skilled,1,1,1,1
953,0_to_200,24,existing_paid,car_used,4.113,500_to_1000,lt_1y,3,1,none,4,car_or_other,28,0,none,rent,1,skilled,1,0,1,1
954,none,36,existing_paid,furniture,10.974,lt_100,unemployed,4,1,none,2,car_or_other,26,0,none,own,2,management,1,1,1,1
955,lt_0,12,existing_paid,car_new,1.893,lt_100,1_to_4y,4,1,guarantor,4,savings_or_insurance,29,0,none,own,1,skilled,1,1,1,0
956,lt_0,24,critical_or_other_credits,radio_tv,1.231,ge_1000,ge_7y,4,1,none,4,savings_or_insurance,57,0,none,rent,2,management,1,1,1,0
957,ge_200,30,critical_or_other_credits,radio_tv,3.656,unknown,ge_7y,4,0,none,4,savings_or_insurance,49,0,stores,own,2,unskilled_resident,1,0,1,0
958,0_to_200,9,critical_or_other_credits,radio_tv,1.154,lt_100,ge_7y,2,0,none,4,real_estate,37,0,none,own,3,unskilled_resident,1,0,1,0
959,lt_0,28,existing_paid,car_new,4.006,lt_100,1_to_4y,3,0,none,2,car_or_other,45,0,none,own,1,unskilled_resident,1,0,1,1
960,0_to_200,24,existing_paid,furniture,3.069,100_to_500,ge_7y,4,0,none,4,unknown,30,0,none,free,1,skilled,1,0,1,0
961,none,6,critical_or_other_credits,radio_tv,1.74,lt_100,ge_7y,2,0,none,2,real_estate,30,0,none,rent,2,skilled,1,0,1,0
962,0_to_200,21,past_delay,car_new,2.353,lt_100,1_to_4y,1,0,none,4,savings_or_insurance,47,0,none,own,2,skilled,1,0,1,0
963,none,15,existing_paid,car_new,3.556,unknown,1_to_4y,3,0,none,2,unknown,29,0,none,own,1,skilled,1,0,1,0
964,none,24,existing_paid,radio_tv,2.397,500_to_1000,ge_7y,3,0,none,2,car_or_other,35,0,bank,own,2,skilled,1,1,1,1
965,0_to_200,6,existing_paid,other,0.454,lt_100,lt_1y,3,0,none,1,savings_or_insurance,22,1,none,own,1,unskilled_resident,1,0,1,0
966,0_to_200,30,existing_paid,radio_tv,1.715,unknown,1_to_4y,4,1,none,1,car_or_other,26,0,none,own,1,skilled,1,0,1,0
967,0_to_200,27,critical_or_other_credits,radio_tv,2.52,500_to_1000,1_to_4y,4,0,none,2,savings_or_insurance,23,1,none,own,2,unskilled_resident,1,0,1,1
968,none,15,existing_paid,radio_tv,3.568,lt_100,ge_7y,4,1,none,2,car_or_other,54,0,bank,rent,1,management,1,1,1,0
969,none,42,existing_paid,radio_tv,7.166,unknown,4_to_7y,2,0,none,4,savings_or_insurance,29,0,none,rent,1,skilled,1,1,1,0
970,lt_0,11,critical_or_other_credits,car_new,3.939,lt_100,1_to_4y,1,0,none,2,real_estate,40,0,none,own,2,unskilled_resident,2,0,1,0
971,0_to_200,15,existing_paid,other,1.514,100_to_500,1_to_4y,4,0,guarantor,2,real_estate,22,1,none,own,1,skilled,1,0,1,0
972,none,24,existing_paid,car_new,7.393,lt_100,1_to_4y,1,0,none,4,savings_or_insurance,43,0,none,own,1,unskilled_resident,2,0,1,0
973,lt_0,24,all_paid_this_bank,car_new,1.193,lt_100,unemployed,1,1,co_applicant,4,unknown,29,0,none,rent,2,unskilled_nonresident,1,0,1,1
974,lt_0,60,existing_paid,business,7.297,lt_100,ge_7y,4,0,co_applicant,4,unknown,36,0,none,rent,1,skilled,1,0,1,1
975,none,30,critical_or_other_credits,radio_tv,2.831,lt_100,1_to_4y,4,1,none,2,car_or_other,33,0,none,own,1,skilled,1,1,1,0
976,ge_200,24,existing_paid,radio_tv,1.258,500_to_1000,1_to_4y,3,1,none,3,car_or_other,57,0,none,own,1,unskilled_resident,1,0,1,0
977,0_to_200,6,existing_paid,radio_tv,0.753,lt_100,1_to_4y,2,1,guarantor,3,real_estate,64,0,none,own,1,skilled,1,0,1,0
978,0_to_200,18,past_delay,business,2.427,unknown,ge_7y,4,0,none,2,savings_or_insurance,42,0,none,own,2,skilled,1,0,1,0
979,none,24,past_delay,car_new,2.538,lt_100,ge_7y,4,0,none,4,car_or_other,47,0,none,own,2,unskilled_resident,2,0,1,1
980,0_to_200,15,all_paid_this_bank,car_new,1.264,100_to_500,1_to_4y,2,0,none,2,savings_or_insurance,25,0,none,rent,1,skilled,1,0,1,1
981,0_to_200,30,critical_or_other_credits,furniture,8.386,lt_100,4_to_7y,2,0,none,2,savings_or_insurance,49,0,none,own,1,skilled,1,0,1,1
982,none,48,existing_paid,business,4.844,lt_100,unemployed,3,0,none,2,car_or_other,33,0,bank,rent,1,management,1,1,1,1
983,ge_200,21,existing_paid,car_new,2.923,100_to_500,1_to_4y,1,1,none,1,car_or_other,28,0,bank,own,1,management,1,1,1,0
984,lt_0,36,existing_paid,car_used,8.229,lt_100,1_to_4y,2,0,none,2,savings_or_insurance,26,0,none,own,1,skilled,2,0,1,1
985,none,24,critical_or_other_credits,furniture,2.028,lt_100,4_to_7y,2,0,none,2,savings_or_insurance,30,0,none,own,2,unskilled_resident,1,0,1,0
986,lt_0,15,critical_or_other_credits,furniture,1.433,lt_100,1_to_4y,4,1,none,3,savings_or_insurance,25,0,none,rent,2,skilled,1,0,1,0
987,ge_200,42,no_credits_or_all_paid,business,6.289,lt_100,lt_1y,2,0,none,1,savings_or_insurance,33,0,none,own,2,skilled,1,0,1,0
988,none,13,existing_paid,radio_tv,1.409,100_to_500,unemployed,2,1,none,4,real_estate,64,0,none,own,1,skilled,1,0,1,0
989,lt_0,24,existing_paid,car_used,6.579,lt_100,unemployed,4,0,none,2,unknown,29,0,none,free,1,management,1,1,1,0
990,0_to_200,24,critical_or_other_credits,radio_tv,1.743,lt_100,ge_7y,4,0,none,2,savings_or_insurance,48,0,none,own,2,unskilled_resident,1,0,1,0
991,none,12,critical_or_other_credits,education,3.565,unknown,lt_1y,2,0,none,1,savings_or_insurance,37,0,none,own,2,unskilled_resident,2,0,1,0
992,none,15,all_paid_this_bank,radio_tv,1.569,100_to_500,ge_7y,4,0,none,4,car_or_other,34,0,bank,own,1,unskilled_resident,2,0,1,0
993,lt_0,18,existing_paid,radio_tv,1.936,unknown,4_to_7y,2,0,none,4,car_or_other,23,1,none,rent,2,unskilled_resident,1,0,1,0
994,lt_0,36,existing_paid,furniture,3.959,lt_100,unemployed,4,0,none,3,savings_or_insurance,30,0,none,own,1,management,1,1,1,0
995,none,12,existing_paid,car_new,2.39,unknown,ge_7y,4,0,none,3,car_or_other,50,0,none,own,1,skilled,1,1,1,0
996,none,12,existing_paid,furniture,1.736,lt_100,4_to_7y,3,1,none,4,real_estate,31,0,none,own,1,unskilled_resident,1,0,1,0
997,lt_0,30,existing_paid,car_used,3.857,lt_100,1_to_4y,4,0,none,4,savings_or_insurance,40,0,none,own,1,management,1,1,1,0
998,none,12,existing_paid,radio_tv,0.804,lt_100,ge_7y,4,0,none,4,car_or_other,38,0,none,own,1,skilled,1,0,1,0
999,lt_0,45,existing_paid,radio_tv,1.845,lt_100,1_to_4y,4,0,none,4,unknown,23,1,none,free,1,skilled,1,1,1,1
1000,0_to_200,45,critical_or_other_credits,car_used,4.576,100_to_500,unemployed,3,0,none,4,car_or_other,27,0,none,own,1,skilled,1,0,1,0
