employee_id,treat,male,age50,age37_49,white,sickleave_0815_0716,gym_0815_0716,prod_index_yr0,terminated_0119
1,1,0,0,0,1,13.52875,0,-0.1698526,1
2,0,0,0,1,1,3.0,0,0.2096789,0
3,1,1,1,0,1,0.0,0,-0.9611047,0
4,0,1,1,0,1,3.5,0,-0.4665977,0
5,1,0,0,0,1,0.0,6,0.7052464,0
6,1,1,0,0,1,4.0,0,-0.3663422,0
7,1,0,0,1,1,0.0,10,-0.2694981,0
8,1,1,1,0,1,0.0,0,-0.1538424,0
9,1,0,0,0,0,10.94431,0,-0.36668,1
10,1,0,0,0,1,0.0,0,-0.0707679,0
11,1,0,1,0,1,10.6875,0,-1.148118,0
12,1,1,0,1,1,6.9375,0,-0.7603962,0
13,1,1,0,0,1,0.0,0,0.5141546,0
14,0,1,0,1,1,1.0,0,1.674186,0
15,0,0,0,1,1,3.75,0,-0.4669705,0
16,1,0,1,0,1,5.6875,0,0.2003345,0
17,1,0,0,0,1,5.0,21,-0.6349601,1
18,1,0,0,1,1,7.5,0,-2.636181,0
19,1,0,0,1,1,3.0,0,1.170265,0
20,0,1,0,1,1,13.5,102,0.0400489,0
21,1,1,0,1,1,8.0,0,-0.9839795,0
22,1,0,1,0,1,8.70625,0,0.970964,0
23,0,0,0,0,1,0.0,0,1.347917,0
24,0,1,0,0,1,11.5,0,-0.9953088,0
25,1,1,0,0,1,15.5,2,-3.06682,0
26,1,0,1,0,1,0.0,0,2.608331,0
27,1,0,0,0,1,1.0,0,0.6391344,0
28,1,1,0,0,1,2.0,0,-0.4622349,1
29,1,1,1,0,1,2.0,0,-0.0761711,1
30,0,0,1,0,1,1.5,0,-0.131331,0
31,0,0,0,0,1,5.336257,1,0.1865944,0
32,0,1,1,0,1,0.0,0,3.164485,0
33,0,0,0,0,1,11.5,0,-0.7279856,0
34,1,1,0,0,0,17.0,0,-3.119696,0
35,0,1,0,0,1,9.2125,0,0.6495189,0
36,1,1,0,1,0,0.0,0,1.413044,0
37,0,0,0,1,1,1.75,99,0.4655522,0
38,1,0,1,0,0,7.1875,0,-0.7847783,0
39,0,0,0,1,1,4.125,0,-0.6425504,0
40,1,1,0,1,0,9.5,0,-0.4362265,0
41,1,1,0,1,1,8.55,0,0.0070457,0
42,1,0,0,0,1,0.0,3,,0
43,1,0,1,0,1,10.0,0,0.8023605,0
44,0,0,1,0,1,5.25,0,0.1369446,0
45,0,0,0,0,1,0.0,23,,1
46,1,0,0,1,1,13.275,0,-0.9561619,0
47,1,0,0,0,1,9.9125,235,-2.047511,0
48,1,0,0,0,1,12.46875,0,-1.125451,0
49,1,0,0,0,1,0.5,0,1.448258,0
50,1,1,0,0,0,0.0,10,1.553801,0
51,1,1,1,0,1,0.0,0,0.3647986,0
52,1,0,0,1,1,9.625,0,-0.7762989,0
53,1,1,0,0,1,0.0,0,-0.839971,0
54,1,0,1,0,1,8.3375,0,-1.178149,0
55,0,0,1,0,1,1.0,0,0.7138507,1
56,0,0,0,1,1,0.35,99,0.568634,0
57,1,0,0,0,0,10.0,43,-1.031275,1
58,1,0,0,1,1,12.5,0,-1.57647,0
59,1,0,0,0,1,2.0,0,-0.3055392,0
60,1,1,1,0,1,12.4375,0,-0.214332,0
61,0,1,0,1,1,0.0,0,1.257124,0
62,1,1,0,1,1,7.2625,0,-0.779695,0
63,1,0,0,1,1,11.25,0,-1.047711,0
64,1,0,0,1,1,3.5,0,1.427237,0
65,1,0,1,0,1,0.99,0,0.3908814,1
66,1,1,0,0,1,12.65625,0,-0.3410457,1
67,1,0,0,1,1,12.5,0,-1.383149,1
68,1,0,1,0,1,9.9375,0,0.0615337,0
69,1,1,0,1,1,0.0,0,1.652898,0
70,0,0,1,0,1,4.057993,16,0.1885607,0
71,1,0,0,1,1,14.4375,0,-1.146469,0
72,0,0,0,1,1,10.5625,0,-1.042664,1
73,0,0,0,1,1,7.0,0,-0.2448456,0
74,1,0,1,0,1,8.21875,0,-1.733715,0
75,1,0,0,1,1,10.86125,0,-0.1992158,0
76,1,0,1,0,1,9.7,0,0.0390978,0
77,0,0,0,1,1,17.5,29,-2.342331,0
78,1,0,1,0,1,4.21875,0,1.386454,0
79,1,0,1,0,1,0.0,0,0.9247172,0
80,0,0,1,0,1,9.1875,0,-1.029857,1
81,1,0,0,1,0,9.2125,0,-1.928892,0
82,0,1,0,0,1,0.8732057,0,0.7575355,0
83,1,0,0,0,1,2.0,1,-0.5218329,1
84,0,1,0,0,1,0.0875,0,0.3178212,0
85,1,1,1,0,1,0.0,0,2.423456,0
86,0,1,0,1,1,0.0,0,2.539878,0
87,0,0,1,0,1,6.0,0,0.1706948,1
88,1,1,1,0,1,0.0,0,2.994827,0
89,1,0,0,1,1,0.0,0,2.391218,0
90,1,0,0,0,1,2.5,0,-1.565809,0
91,1,1,0,1,1,13.0,0,-1.839031,0
92,1,0,0,0,1,9.3,0,-1.771802,0
93,1,0,0,0,1,1.5,0,0.4897156,0
94,1,0,1,0,0,13.5,0,1.205806,0
95,0,0,0,1,1,13.40625,0,-1.090503,0
96,1,1,0,0,1,2.5,193,-0.4377453,1
97,1,0,1,0,1,0.5,0,0.3397081,1
98,0,0,0,1,1,6.5,0,-1.717435,1
99,0,0,0,0,1,0.0,10,1.511212,1
100,0,0,1,0,1,10.5,24,-3.032511,0
101,1,1,0,1,1,20.5,0,-1.972286,0
102,1,0,0,0,0,11.7625,0,-1.099806,0
103,0,1,0,0,1,10.0,0,-2.773651,0
104,1,0,1,0,1,11.1125,0,-2.122053,0
105,1,1,0,1,1,18.25,0,-1.438785,0
106,1,1,0,0,1,4.0,0,-1.801426,0
107,1,1,0,0,1,6.0,110,1.744896,0
108,0,0,0,1,1,6.49891,0,0.0383833,0
109,0,1,0,0,1,0.0,0,,0
110,1,0,1,0,1,2.25,166,-0.6532036,1
111,1,1,0,0,1,13.5,3,-1.571182,0
112,0,1,0,0,1,7.5,1,-2.703681,1
113,1,0,0,0,1,11.25,0,-0.8359593,0
114,1,0,0,0,1,6.9375,0,-0.9119281,0
115,0,0,0,0,1,0.0,0,,0
116,0,1,1,0,1,0.0,22,2.494421,0
117,0,0,1,0,0,11.8125,0,-0.1540793,0
118,0,1,0,0,0,0.0,0,-0.1715959,1
119,1,0,1,0,0,15.0,0,-2.24264,0
120,1,0,1,0,1,2.0,0,0.8680001,0
121,1,1,0,1,1,10.0,19,-1.434141,0
122,0,1,0,1,0,5.225,0,1.064849,0
123,1,0,0,1,1,4.5,0,-0.2331609,0
124,1,0,0,1,1,11.3125,0,-1.075453,0
125,1,0,0,0,0,11.85,0,0.5406334,0
126,1,0,0,1,1,18.0,0,-0.4041417,0
127,1,0,0,0,1,0.0,0,0.331404,1
128,1,0,0,0,1,2.9,0,-0.4383259,0
129,0,0,0,0,1,0.0,0,0.6292802,0
130,0,0,1,0,1,0.5,257,1.789593,0
131,0,0,1,0,1,12.0,0,-0.9719895,0
132,1,0,0,1,1,5.8,0,-1.563968,0
133,1,0,0,1,0,7.5,0,-0.5341846,0
134,0,0,0,0,1,6.0,0,0.1120458,0
135,0,1,0,0,1,2.81,0,,0
136,1,1,0,1,0,0.0,0,1.882031,0
137,1,0,0,1,0,0.46875,0,-0.6644122,0
138,1,1,1,0,1,0.0,0,1.636851,0
139,0,0,0,1,1,1.5,0,1.040869,0
140,1,0,0,0,0,1.0,0,-1.172913,0
141,1,0,0,0,1,0.0,0,-0.5295624,1
142,0,1,0,1,1,1.5,47,0.6798779,0
143,0,1,0,1,1,0.0,139,-0.0218073,0
144,1,0,1,0,1,0.0,0,-0.6684356,0
145,0,1,1,0,1,7.0,0,-0.6490703,0
146,0,1,0,1,1,4.0,51,0.4604168,1
147,1,1,0,0,0,0.0,75,1.031505,1
148,0,0,0,1,0,0.0,0,-0.1194706,0
149,0,0,0,0,0,0.0,0,1.326245,0
150,0,1,0,1,1,3.5,0,0.9297872,0
151,1,1,0,0,1,11.8375,0,-2.89223,0
152,0,0,0,0,1,5.5,0,-0.6471978,1
153,0,0,0,1,1,0.5,0,0.5693848,0
154,1,1,1,0,1,1.0,0,0.8527261,1
155,1,0,1,0,1,0.0,0,2.044141,0
156,0,1,0,1,0,0.0,0,2.721716,0
157,1,1,1,0,1,16.40625,0,-0.0729247,1
158,1,0,0,1,1,12.0,0,-0.8455237,0
159,1,0,0,0,0,0.0,0,-0.6645967,0
160,0,1,0,1,1,3.0,11,-0.2743381,0
161,1,1,0,0,0,0.0,0,0.1408293,1
162,0,0,0,0,1,5.6,0,-2.5797,1
163,1,1,0,1,1,9.6,0,-0.9193718,0
164,1,0,1,0,1,32.505,0,-3.724425,1
165,1,1,1,0,1,0.0,0,2.394676,0
166,0,0,1,0,0,10.0,0,-1.980199,0
167,1,0,1,0,1,10.6,0,-0.9051972,0
168,1,1,0,0,1,2.0,33,-0.9587332,0
169,1,0,0,1,1,1.0,0,1.637748,0
170,1,1,0,1,0,6.5625,0,1.022996,0
171,0,0,1,0,1,22.78125,37,-1.441688,0
172,1,0,1,0,1,0.5,37,-0.768181,0
173,1,0,0,1,1,9.84375,0,-0.9865256,0
174,0,1,1,0,1,15.0,16,-1.894516,0
175,0,0,0,1,1,4.0,0,0.6806384,1
176,1,1,0,1,1,3.0,0,1.527362,0
177,1,0,0,0,1,1.4375,0,1.212334,0
178,0,1,0,0,0,0.0,0,1.694669,0
179,1,0,1,0,0,8.625,0,-1.803537,0
180,0,0,1,0,1,0.0,0,1.26004,0
181,1,0,1,0,1,0.0,1,0.5018016,1
182,1,1,0,0,1,0.0,0,0.7337325,0
183,1,1,0,0,0,0.0,0,1.738013,0
184,1,0,0,1,0,13.0,0,-1.003096,0
185,1,0,0,0,1,3.0,0,-0.1369375,1
186,0,0,0,0,1,7.88125,0,0.8121813,0
187,0,0,0,1,1,3.5,0,1.299591,0
188,1,1,0,0,0,0.0,0,1.710111,0
189,1,0,0,1,1,7.0625,0,-0.166003,0
190,1,1,1,0,0,11.5,0,0.5118941,0
191,0,0,0,1,1,2.870786,0,1.269092,0
192,1,0,1,0,1,6.125,0,1.078481,0
193,1,0,0,0,1,4.0,0,1.436567,0
194,0,1,1,0,0,4.0,0,2.115832,0
195,1,0,1,0,1,15.7625,0,-3.1253,1
196,1,1,1,0,0,25.5,0,-3.371309,1
197,0,1,0,0,1,2.085714,0,0.8305086,0
198,1,1,1,0,1,6.3125,0,0.0535607,0
199,1,1,0,1,0,0.0,0,2.11554,0
200,1,0,1,0,1,10.14875,0,-0.53521,0
201,0,0,1,0,0,1.5,37,-1.468086,0
202,0,0,0,0,1,1.0,2,0.4183091,0
203,1,1,0,0,1,3.90625,0,1.436671,0
204,1,0,0,0,0,2.664234,0,1.204351,1
205,1,0,0,0,1,0.0,0,1.69196,0
206,1,0,1,0,1,5.75,0,-2.532107,1
207,0,0,0,0,1,0.0,0,0.7701484,1
208,1,0,0,0,1,8.311881,0,0.7236419,1
209,1,0,0,1,1,4.0,0,1.607494,0
210,1,1,0,1,1,0.0,0,0.0286035,0
211,0,0,0,0,1,10.0,0,-1.859856,0
212,1,0,1,0,1,0.0,0,-1.406124,0
213,0,1,1,0,1,0.0,0,-0.095069,0
214,1,0,1,0,1,3.8375,0,-1.693352,0
215,1,1,0,1,1,0.0,0,3.077574,0
216,0,1,0,1,1,0.0,47,2.210693,0
217,1,0,1,0,0,11.5,0,-1.829628,0
218,0,0,0,1,1,28.0,0,-1.643137,0
219,0,1,0,1,0,0.0,0,2.310269,0
220,1,0,1,0,1,4.21875,0,-0.4271289,0
221,1,0,0,1,1,0.0,7,1.898939,0
222,1,0,0,1,0,28.1625,0,-1.955397,0
223,1,0,0,1,1,4.0,0,0.4442286,0
224,1,0,0,1,1,11.575,0,-1.053131,0
225,1,0,0,1,1,0.0,0,-0.024623,0
226,0,0,1,0,1,9.375,0,0.0520576,0
227,1,1,0,0,1,1.0,0,0.669423,0
228,1,0,0,1,1,4.6875,0,0.9129334,0
229,0,1,0,1,1,0.0,0,0.7750413,0
230,1,0,1,0,1,14.5375,0,0.5746194,1
231,1,0,0,0,0,0.0,7,1.21378,0
232,1,0,0,0,1,0.0,0,0.331404,1
233,1,0,1,0,1,2.5,0,-0.2156071,0
234,0,0,0,1,1,0.0,7,,1
235,0,1,0,0,1,5.0,0,0.4523417,1
236,0,1,0,1,1,3.0,0,0.5908455,0
237,0,0,1,0,1,24.0,0,-1.48959,0
238,1,1,1,0,1,0.0,8,0.8639833,0
239,1,1,1,0,1,10.375,77,0.8279209,0
240,1,1,1,0,1,0.0,0,0.8243701,0
241,0,1,0,1,1,11.90625,0,-0.953529,0
242,1,0,1,0,1,0.0,107,2.991295,0
243,0,1,1,0,1,9.8125,0,0.1532228,0
244,0,0,0,1,1,9.325,0,-2.774336,0
245,0,0,1,0,1,12.5,0,-1.800851,1
246,0,0,0,0,1,9.87625,0,-0.9728382,0
247,0,0,0,1,1,15.0,0,0.0340009,0
248,1,0,1,0,1,8.0,0,0.0653538,1
249,1,1,0,1,1,0.0,0,0.6221222,0
250,0,0,1,0,1,3.375,0,0.5630012,0
251,1,1,0,1,1,0.125,0,-0.1063456,0
252,1,1,0,0,1,9.0,73,-0.0224388,0
253,1,0,1,0,1,7.3,0,0.9265688,1
254,0,1,0,1,0,4.0,0,1.060016,1
255,1,0,0,0,1,0.0,0,,0
256,1,0,1,0,1,10.835,0,-1.795696,0
257,1,1,0,0,0,7.0,3,-0.4429238,0
258,1,1,0,0,1,27.9675,0,-0.3443675,0
259,1,0,0,0,1,60.0,0,-3.914518,0
260,1,0,0,0,1,2.0,0,-0.4784889,1
261,1,0,1,0,1,0.0,0,2.244749,1
262,1,1,0,1,0,1.0,4,-0.011572,0
263,0,1,1,0,0,0.0,0,0.8098029,0
264,1,1,0,0,1,14.0,0,-0.2165009,0
265,1,0,0,1,0,9.56193,0,-0.9557058,1
266,1,0,0,1,1,0.0,120,0.99537,0
267,0,1,0,0,1,0.0,0,-0.6916867,1
268,1,0,1,0,1,13.85,0,-1.148349,0
269,1,0,0,1,1,6.0,0,-2.43593,0
270,0,1,0,1,1,6.0,0,-0.48869,0
271,1,0,0,1,1,9.25,0,0.8433846,0
272,0,0,1,0,0,11.53125,0,-0.9488967,1
273,1,1,1,0,1,1.0,0,1.589856,0
274,1,0,1,0,1,0.0,0,1.237832,0
275,1,1,1,0,1,5.125,0,0.8539526,0
276,1,0,1,0,1,14.75,0,-1.021117,0
277,1,1,1,0,1,4.125,0,-1.243102,1
278,1,0,1,0,1,4.0,0,-0.5249408,0
279,1,1,0,1,0,0.0,0,1.375236,1
280,0,0,1,0,1,9.5,0,1.287493,0
281,1,0,1,0,1,22.0,8,-1.367682,0
282,1,0,1,0,1,0.0,0,0.6220152,0
283,1,0,0,0,0,29.0,0,-1.897566,0
284,0,1,0,0,1,0.0,0,1.850177,1
285,0,1,0,0,1,8.90625,0,-1.400495,0
286,1,0,0,0,1,10.5,0,-1.854949,0
287,1,0,0,0,1,7.0,0,-0.4884173,0
288,1,0,0,0,1,0.0,0,0.9679056,0
289,0,0,1,0,0,0.5,110,1.846786,0
290,1,0,1,0,1,5.0625,0,-0.6573256,0
291,1,0,0,0,1,6.83125,0,-1.908505,0
292,1,0,0,0,1,0.0,0,,0
293,1,1,1,0,1,0.0,7,2.479477,0
294,1,0,0,0,0,11.0,30,-1.012919,0
295,0,0,0,0,1,0.0,0,2.193569,0
296,1,0,0,0,1,9.755,0,-0.8484923,0
297,0,0,0,0,1,4.0,7,-0.4672189,0
298,1,0,0,1,1,0.0,0,0.9085268,0
299,1,0,1,0,1,14.5,0,-2.317904,0
300,1,1,0,1,1,18.9875,0,-2.707707,0
301,1,1,0,0,1,0.0,3,0.6980996,1
302,0,1,0,0,1,0.5,0,-1.114933,0
303,0,0,0,0,1,19.21875,0,-3.335636,0
304,1,0,0,0,1,6.125,0,0.0711247,0
305,1,0,0,0,1,2.5,43,-0.9965022,0
306,1,1,1,0,1,1.0,73,0.9613835,0
307,1,1,1,0,1,15.4375,0,-2.005781,1
308,0,0,0,0,1,11.525,0,-0.1970035,0
309,0,1,0,1,1,5.5,0,-0.4659083,0
310,0,0,1,0,1,4.96875,0,1.157973,0
311,1,0,0,1,1,0.0,0,1.694669,0
312,1,0,0,0,1,0.0,24,0.0644601,1
313,0,1,1,0,1,10.0,0,0.1469366,0
314,1,0,1,0,1,4.25,0,0.3735445,0
315,1,0,0,1,1,10.5,0,-1.550161,0
316,0,0,0,0,1,0.0,0,1.618817,0
317,1,0,0,0,1,0.0,1,0.6009914,0
318,1,0,1,0,1,1.5,20,0.8027603,0
319,1,1,0,0,1,0.0,0,0.5340375,0
320,1,0,1,0,1,7.96875,0,-0.3154155,0
321,1,0,1,0,1,41.0,0,-2.581154,0
322,1,0,1,0,1,0.75,0,1.167356,0
323,1,0,1,0,1,14.0,0,0.7766458,0
324,1,0,0,0,1,1.0,0,0.5741183,0
325,1,1,0,1,1,3.53125,0,1.358866,0
326,1,1,0,0,1,0.0,0,0.7960396,0
327,0,0,0,1,1,11.23375,0,-0.2096714,0
328,1,0,0,1,1,0.0,0,0.3746382,0
329,1,1,0,1,1,1.0,97,-1.224258,1
330,1,1,0,1,1,5.5,8,0.5148807,0
331,0,1,0,0,1,0.0,1,1.388552,0
332,0,1,0,0,1,0.0,1,1.207209,0
333,1,1,0,1,1,5.03125,0,0.1429612,0
334,1,0,0,1,1,14.5,0,-0.1988632,1
335,1,1,1,0,1,0.0,243,,0
336,1,1,0,1,1,1.5,0,1.609016,0
337,1,0,0,0,1,0.0,0,0.2013189,1
338,1,0,0,1,1,8.0,0,0.1505166,0
339,1,1,0,0,1,3.28125,0,0.0481061,0
340,1,0,0,0,1,4.371257,1,-0.5759526,1
341,0,0,1,0,1,0.9375,0,-1.176747,0
342,1,1,1,0,0,2.5375,0,1.340793,0
343,1,0,0,0,1,4.75,41,-0.5628242,0
344,1,0,0,0,0,6.0,0,-1.412978,0
345,1,0,0,0,0,2.0,0,1.212901,0
346,0,0,0,1,0,1.0,0,0.5784527,0
347,0,0,0,1,1,1.5,0,0.7284112,1
348,1,1,1,0,1,5.0,0,0.8179819,1
349,1,0,0,0,1,28.0,0,-1.914037,1
350,1,0,0,1,1,9.8375,0,0.7758893,0
351,1,0,1,0,1,0.0,0,-1.104365,0
352,0,0,1,0,1,0.4375,0,1.185413,1
353,1,1,0,0,1,11.4,0,-2.95287,0
354,1,1,0,1,1,3.0,1,0.7036513,0
355,1,1,0,0,1,0.0,3,1.623381,0
356,0,0,0,0,0,12.8125,1,-1.962333,0
357,0,0,1,0,1,3.0,0,0.4174301,0
358,1,1,0,1,1,32.5,0,-3.304767,1
359,1,0,0,1,1,0.0,0,-0.5016622,0
360,1,1,1,0,1,14.0625,0,-0.3202926,0
361,0,1,1,0,0,0.0,0,2.143475,0
362,1,1,0,1,1,1.5,0,-1.158274,0
363,0,0,0,1,1,8.6875,0,-0.8185521,0
364,0,1,0,0,1,0.0,0,0.6334994,0
365,0,1,1,0,1,0.0,0,0.1671265,0
366,1,0,0,1,1,17.375,0,-2.099696,0
367,1,0,1,0,0,0.0,0,1.516859,0
368,1,1,0,0,1,4.022038,95,0.3946663,0
369,1,0,1,0,0,0.0,0,,1
370,0,0,0,1,1,25.0,1,-1.017673,0
371,1,0,1,0,1,9.5,0,-1.942408,0
372,1,1,0,0,1,1.0,0,-0.7518057,0
373,1,1,1,0,1,3.0,1,0.7780976,0
374,1,0,1,0,1,13.8025,0,-0.9447222,1
375,1,0,1,0,1,3.0,32,1.012654,0
376,1,1,1,0,1,0.0,0,1.205078,1
377,0,1,0,0,1,1.0,0,0.9491596,0
378,1,1,0,0,1,3.0,0,-0.9012437,1
379,1,1,0,1,1,5.5,0,-2.261707,1
380,1,0,0,1,1,4.59375,0,1.075135,0
381,1,0,0,1,1,2.5,0,0.8850579,0
382,1,1,0,1,1,11.125,1,-0.4134937,0
383,0,1,0,1,1,0.0,0,1.947701,0
384,0,0,0,0,1,1.013889,0,0.6991066,0
385,0,0,0,1,0,6.033058,0,-1.198221,0
386,0,0,0,1,1,2.5,0,1.575621,1
387,0,0,0,0,0,0.0,213,0.5484928,1
388,1,0,0,1,1,3.95,0,-0.7713304,1
389,1,0,0,1,1,2.0,55,-0.1036303,0
390,0,1,0,1,1,5.6,0,1.487781,0
391,1,0,1,0,1,5.5,0,-0.1601627,1
392,0,0,0,0,1,6.5,0,-0.7240317,0
393,1,0,0,0,0,7.0,25,-0.5608413,0
394,1,1,0,1,1,1.0,0,0.9671425,1
395,0,0,1,0,1,4.0,0,1.687421,0
396,1,0,0,1,1,7.694963,0,-0.9050732,1
397,1,1,1,0,1,0.0,0,0.5215706,0
398,1,0,0,1,1,5.0,0,-0.9986687,0
399,1,0,1,0,1,12.125,0,-0.2306027,0
400,0,1,0,0,1,24.0,1,-1.659011,0
401,1,0,1,0,1,7.0,0,-1.272724,0
402,1,1,1,0,0,0.0,0,-0.050771,0
403,1,0,0,0,1,8.5,0,0.1851507,0
404,0,0,0,0,1,0.8295454,0,,0
405,1,1,0,1,1,3.125,0,1.533549,0
406,1,1,0,1,0,0.0,0,-0.5145072,1
407,0,0,0,0,1,0.0,0,,0
408,0,1,1,0,1,0.0,0,2.214151,0
409,0,1,1,0,1,0.0,0,1.431106,0
410,1,1,0,1,1,12.0,1,0.8629,0
411,1,1,1,0,1,2.782012,0,0.1963328,0
412,1,0,0,0,1,12.0625,0,-2.18747,0
413,1,0,0,1,1,5.4125,0,-0.5906299,0
414,1,1,0,1,0,4.0,0,0.2876149,1
415,1,1,0,0,1,13.8,0,-1.150812,0
416,0,1,0,1,1,7.5,0,-0.3161987,0
417,0,0,0,0,0,10.75,21,-0.2168249,0
418,1,1,0,1,1,0.0,0,2.18721,0
419,1,1,0,0,1,0.0,0,-1.311986,0
420,0,0,0,0,1,0.0,0,2.391218,0
421,1,0,0,0,1,2.5,1,0.3821045,0
422,1,1,0,0,1,12.5,55,-2.810657,1
423,1,0,0,0,1,0.0,0,1.770521,0
424,1,0,0,1,0,7.0,0,-0.4069699,0
425,0,0,0,0,0,28.0,0,-0.3816661,0
426,1,1,0,1,1,9.625,0,-0.1961181,0
427,1,1,0,0,1,0.0,0,1.261229,1
428,1,1,0,1,1,1.0,19,0.9804166,0
429,1,0,0,1,1,14.6125,0,-0.1972553,0
430,1,0,0,0,1,3.0,0,-0.521355,0
431,0,0,1,0,1,6.5,0,-2.283061,1
432,0,0,0,0,1,3.0,3,-0.4728539,0
433,1,0,0,0,1,0.0,0,0.4457371,0
434,1,0,1,0,1,17.375,0,-0.9072519,0
435,0,0,0,1,1,0.5,0,0.2192299,0
436,0,1,0,0,1,0.0,0,0.4878809,0
437,0,0,0,1,0,10.875,0,0.6969546,0
438,1,0,0,1,1,0.0,0,1.799909,0
439,1,0,1,0,1,8.5,0,-0.8011423,0
440,1,0,1,0,1,0.0,0,0.8910734,0
441,1,1,0,1,1,9.5,0,-0.8046509,0
442,0,0,0,1,1,11.0375,0,-0.1758887,0
443,1,1,0,1,1,3.0,0,1.616418,1
444,0,0,1,0,1,4.21875,0,-0.3718321,0
445,0,1,0,0,1,2.0,143,0.6947303,0
446,1,1,0,0,1,7.0,0,-1.819583,0
447,1,0,1,0,1,6.0,0,-0.2593295,1
448,1,0,1,0,1,0.0,5,0.0491822,1
449,1,0,0,1,1,2.0,0,1.337515,0
450,1,1,0,0,0,0.0,2,-1.356143,1
451,1,0,0,0,1,30.005,0,-0.4591692,0
452,0,1,0,0,1,2.5,0,0.6475869,0
453,1,1,1,0,1,0.0,0,2.960381,0
454,1,0,1,0,1,0.0,0,-0.631214,0
455,0,0,0,1,1,16.075,0,-2.021628,0
456,0,0,0,1,1,10.0625,0,-2.557794,0
457,0,1,0,1,1,13.8125,0,0.9498519,0
458,1,1,1,0,1,3.425,0,-0.0246802,0
459,1,0,0,0,0,0.0,0,2.519907,0
460,1,1,0,1,0,0.0,0,2.716298,0
461,1,0,1,0,0,0.0,0,-0.1213344,0
462,0,0,0,1,1,10.375,0,-2.107571,0
463,0,0,0,1,1,0.0,0,1.272643,0
464,1,1,0,0,0,2.5,4,1.199464,1
465,0,0,0,0,0,0.0,59,1.347917,0
466,0,0,1,0,1,13.41875,0,-1.16346,0
467,1,0,0,1,0,9.049587,0,0.1709822,1
468,1,1,1,0,0,0.7406656,0,1.239851,0
469,1,1,1,0,1,0.0,0,2.067363,0
470,0,0,0,0,1,4.836828,0,-0.8281806,1
471,1,1,0,1,1,11.75,0,-0.9130981,0
472,1,1,0,1,1,9.875,0,-0.1061081,0
473,1,0,0,0,0,29.5,0,-1.861042,1
474,1,0,1,0,1,3.0,0,-1.3073,0
475,1,1,1,0,1,0.0,56,2.092112,0
476,1,1,1,0,1,8.5,75,0.41508,0
477,0,1,0,1,1,10.875,4,-1.771763,0
478,1,1,0,1,0,0.0,0,0.6766948,0
479,0,0,0,0,1,7.934783,0,0.2844472,0
480,1,1,1,0,1,0.5,119,0.1479746,0
481,0,0,0,0,0,2.5,0,-0.3348032,1
482,0,1,0,1,0,5.0,0,,0
483,1,0,0,1,1,4.5,0,-1.004529,0
484,1,0,0,1,1,2.0,10,0.1868519,0
485,1,0,1,0,1,2.0,0,2.290047,0
486,1,1,0,0,1,0.0,155,-0.0063574,1
487,1,0,1,0,1,3.375,0,-1.655252,0
488,1,0,0,0,1,7.1875,0,0.0744939,0
489,1,0,1,0,1,2.625,0,-0.5604202,0
490,0,0,0,1,1,5.96875,0,0.3874286,0
491,0,0,0,1,1,10.39921,0,-2.157203,0
492,1,0,1,0,1,4.0,0,-1.513596,0
493,1,0,0,1,1,8.0625,0,-1.598733,0
494,1,1,0,1,1,0.0,45,-0.1675431,0
495,1,1,0,1,0,0.0,0,0.0845067,1
496,0,1,1,0,1,10.5,0,0.3336196,0
497,0,0,1,0,1,8.4375,5,-0.6447592,0
498,1,1,1,0,1,0.0,0,3.162472,0
499,1,1,0,0,1,10.3125,0,0.2444554,0
500,1,1,1,0,1,0.0,25,2.998035,0
501,1,1,0,0,0,0.0,0,0.4305428,1
502,1,0,0,0,1,30.5,0,-0.4523705,1
503,1,1,0,1,0,0.0,0,1.524564,0
504,1,1,0,0,1,2.0,0,0.384705,0
505,1,0,0,1,1,5.4375,0,0.9683492,0
506,1,1,0,0,1,0.0,0,2.076974,0
507,1,0,0,1,0,6.0,0,-0.5215411,0
508,1,0,0,0,1,0.0,0,1.970152,1
509,1,0,1,0,1,29.5,0,-1.214246,0
510,1,1,0,1,1,0.0,0,0.3714544,1
511,1,0,0,1,1,1.0,0,1.465772,0
512,1,1,0,0,1,0.0,0,-0.3272187,1
513,1,0,1,0,1,5.625,0,0.2975996,0
514,0,0,0,1,1,11.0,0,-0.5497152,0
515,1,1,0,1,0,0.0,16,-1.225894,0
516,1,1,0,0,1,0.0,0,0.4083832,1
517,1,0,0,0,1,6.5,0,-0.7009782,0
518,1,1,0,0,1,0.0,0,-0.4929421,1
519,1,0,0,0,1,16.725,0,-0.5780928,0
520,1,0,0,0,1,3.0,0,1.198402,0
521,1,0,0,1,1,15.0,0,-0.1997856,0
522,1,0,0,1,1,6.0,12,-0.5079618,0
523,1,0,0,1,1,17.46875,0,-3.158803,0
524,1,0,0,1,1,4.5,0,0.7189897,0
525,1,1,0,1,1,9.40625,0,-0.1057391,0
526,1,1,0,1,1,0.0,4,0.1428757,0
527,1,0,0,0,1,32.0,0,-1.245023,0
528,1,0,0,0,1,14.0,3,-0.2392744,1
529,0,0,1,0,1,5.0,0,-1.650823,0
530,1,1,0,1,0,0.0,28,1.672997,0
531,1,1,0,0,0,14.3125,92,-3.091488,0
532,1,1,0,1,1,0.0,2,3.135443,1
533,1,1,0,0,1,0.0,0,1.12112,0
534,0,1,0,1,1,3.5,0,0.492177,0
535,1,0,0,0,1,3.525,0,-0.7194327,0
536,1,1,1,0,0,0.0,1,2.168473,0
537,0,1,1,0,1,1.0,0,0.02146,0
538,0,0,0,1,1,3.0,0,0.623401,0
539,1,0,0,1,0,5.5,0,-0.5981681,0
540,0,1,1,0,1,8.0,0,0.5391738,0
541,0,0,0,1,1,10.7375,0,-3.022604,0
542,0,0,0,1,1,17.6125,0,-1.285951,0
543,0,1,0,0,0,0.0,0,-0.3124262,0
544,1,1,0,0,0,7.0,0,0.1636517,1
545,1,1,0,0,0,13.1875,0,-1.027387,0
546,0,1,0,0,1,0.0,0,0.5468113,1
547,1,0,0,1,1,4.5,36,-0.4860734,1
548,0,0,1,0,1,3.5,0,0.1399056,0
549,0,0,0,1,1,10.6125,0,-0.7310261,0
550,0,0,0,1,1,2.25,29,0.5269819,0
551,1,1,1,0,1,0.0,0,2.394905,0
552,1,0,1,0,1,8.225,0,-0.0415877,0
553,1,1,1,0,1,7.6875,0,0.0401611,1
554,1,1,0,1,1,0.6875,0,0.5602856,0
555,1,0,1,0,1,7.5,0,-0.0838265,1
556,1,1,1,0,1,11.5,0,-0.473871,0
557,0,1,1,0,1,32.0,0,-2.92775,0
558,0,1,1,0,1,6.0,0,1.316711,0
559,1,0,0,0,1,17.0,0,-1.212597,0
560,1,0,1,0,1,1.0,0,1.213455,0
561,1,1,0,1,1,10.6,2,-0.9892758,0
562,1,0,0,0,1,6.0,0,-0.6726692,0
563,1,0,0,1,1,2.0,2,1.738447,0
564,0,1,1,0,1,9.55,0,-0.9155293,0
565,1,0,0,1,1,4.59375,0,0.2770962,0
566,1,0,0,0,1,36.0,19,-4.078248,0
567,0,0,1,0,1,3.0,0,-0.414827,1
568,1,1,1,0,1,0.0,0,0.7564142,1
569,0,0,0,0,1,2.0,0,-1.207961,0
570,1,0,1,0,0,13.9125,0,-3.213253,1
571,1,0,1,0,1,1.03125,0,0.4261269,0
572,1,1,1,0,1,9.0,0,0.0266248,1
573,0,1,0,1,1,6.0,0,1.424594,0
574,1,1,1,0,0,0.0,0,1.654283,0
575,0,0,0,0,0,0.0,0,0.4522149,1
576,1,0,1,0,1,16.5,0,-2.25838,1
577,1,1,1,0,0,0.0,0,7.646684,1
578,1,0,1,0,0,1.0,0,-0.3629642,0
579,0,1,1,0,1,3.5,0,-0.7264363,0
580,1,1,0,1,0,8.55,0,0.4494127,0
581,1,1,0,0,1,6.5,0,2.718909,0
582,1,0,0,1,1,15.5,0,-0.1852657,0
583,1,0,0,1,1,7.5,0,0.0797811,0
584,0,0,0,0,1,3.0,0,-2.280128,0
585,0,0,1,0,1,11.1125,0,-0.0818644,0
586,1,0,1,0,1,8.0,6,-0.5976231,0
587,1,1,0,1,1,0.0,0,1.636384,1
588,1,1,0,1,1,6.0,0,-0.4842309,0
589,1,0,0,0,1,4.0,0,1.144634,0
590,0,1,1,0,1,12.4875,0,0.822977,0
591,1,0,0,0,1,0.0,0,1.488785,0
592,0,0,0,0,0,14.0,0,-3.031928,0
593,1,0,0,0,1,2.0,0,1.239991,1
594,1,1,0,1,1,7.5,0,-1.617062,0
595,1,1,0,0,0,0.0,0,-0.3109646,1
596,0,0,0,0,1,10.0,1,-1.815674,1
597,0,1,0,1,1,10.16875,0,-0.8160406,0
598,0,0,0,1,1,32.34375,0,-1.309982,0
599,1,0,0,0,1,1.0,0,0.4115781,0
600,1,1,0,1,1,4.5,0,1.124805,0
601,1,0,1,0,1,4.0,0,-0.7906955,0
602,1,0,0,1,1,0.9375,0,0.5119347,0
603,1,1,0,0,1,0.0,0,2.499578,0
604,1,0,1,0,1,13.5875,0,-0.3853187,0
605,1,0,0,1,1,8.5625,0,-0.1273451,0
606,0,1,0,1,0,0.0,7,0.0142079,0
607,0,0,1,0,1,7.375,0,-2.134494,0
608,1,0,0,0,1,13.5,0,-1.040735,0
609,0,0,0,0,1,6.875,0,0.1015048,0
610,1,1,0,0,0,0.0,0,2.282858,1
611,1,1,1,0,1,7.75,16,1.259813,0
612,1,0,1,0,1,3.75,0,-1.468183,1
613,1,1,1,0,1,2.5,0,0.4769973,0
614,1,1,1,0,1,75.0,0,-3.87734,1
615,0,1,0,1,1,0.0,0,-1.663918,0
616,0,0,1,0,1,4.0,0,1.46538,0
617,1,0,1,0,1,28.15625,0,-2.624675,0
618,1,0,0,0,1,5.0,0,-0.55369,1
619,1,1,0,1,1,6.5,0,1.883001,0
620,0,0,0,1,1,4.21875,0,-0.5746986,0
621,0,0,1,0,1,0.0,0,2.757833,1
622,1,1,1,0,1,5.65,0,1.416519,0
623,0,1,0,0,0,8.4375,12,0.9688751,0
624,1,1,0,1,1,3.0,0,0.7075121,0
625,1,1,0,1,1,15.0,0,-1.642756,0
626,0,0,0,0,1,10.2875,0,-1.100712,1
627,1,0,1,0,1,0.0,1,-0.3832762,0
628,1,0,0,1,1,6.5,0,-0.8659835,0
629,1,0,0,1,0,7.826106,0,-1.907554,0
630,1,1,0,0,1,2.0,0,0.4434382,1
631,0,0,1,0,1,0.0,5,-1.321449,0
632,1,0,1,0,1,5.625,0,0.3082622,0
633,1,0,1,0,1,13.5,0,0.0119925,0
634,1,0,0,1,1,21.275,0,-0.5973253,0
635,1,0,0,0,1,7.0,0,0.1421932,0
636,0,1,0,1,1,13.5,0,-0.1563646,1
637,1,0,1,0,1,3.0,0,1.26888,0
638,1,1,1,0,1,0.0,0,1.899827,0
639,1,0,1,0,1,5.625,0,0.3600587,0
640,1,1,0,1,0,0.0,0,1.831969,0
641,1,0,0,0,1,0.0,0,,1
642,1,1,0,1,0,0.0,96,0.3655703,0
643,0,0,0,0,1,1.0,1,-1.508065,0
644,1,1,0,1,1,8.8625,0,-0.0326002,0
645,0,0,0,1,1,11.875,1,1.306774,0
646,1,0,1,0,1,19.5,0,-0.5396674,0
647,1,0,1,0,1,6.0,0,0.6022933,0
648,1,0,0,0,1,0.0,0,,0
649,1,1,0,0,1,11.0,0,-0.5402232,0
650,1,0,1,0,1,6.160337,0,0.2460198,0
651,1,1,0,0,1,6.09375,0,0.1849578,0
652,1,0,0,0,1,18.0,0,0.5758231,0
653,1,0,1,0,1,1.8125,0,0.3345211,0
654,1,0,0,0,1,13.1875,0,-1.885331,1
655,0,1,0,1,1,0.0,0,1.093391,0
656,0,1,0,0,0,2.5,10,-1.020932,0
657,0,1,1,0,1,4.5,0,0.6797714,0
658,1,1,0,1,1,15.8375,0,0.879867,0
659,1,0,0,1,1,1.5,0,0.940159,0
660,1,0,0,1,0,0.0,157,-0.4302262,0
661,0,1,0,1,1,0.0,0,0.5288796,0
662,0,1,0,1,1,4.0,0,1.157707,0
663,0,1,1,0,1,13.125,0,0.7274219,0
664,1,0,0,1,1,36.975,0,-0.0733807,0
665,0,0,0,0,1,3.0625,0,-0.5484946,0
666,0,0,0,1,1,7.5,14,-1.110188,0
667,1,0,1,0,1,12.5,162,-0.9776924,0
668,1,1,0,0,1,6.0,52,0.390991,0
669,0,0,0,0,1,1.5,0,0.5311014,0
670,0,1,1,0,1,0.0,106,3.100977,1
671,1,1,0,0,1,13.0,101,-2.673473,0
672,0,1,1,0,1,2.0,0,1.332722,1
673,0,0,1,0,1,12.0,0,-0.2060458,0
674,1,0,0,0,0,8.06375,0,-0.8378675,0
675,1,1,0,0,1,5.1875,0,0.8678178,1
676,1,1,0,0,1,17.9125,0,-1.359363,0
677,1,0,0,0,1,0.0,0,0.4073267,0
678,0,0,0,0,1,4.692857,0,0.5715527,0
679,1,1,0,0,1,4.0,0,-2.448867,1
680,1,0,1,0,1,11.125,0,-1.744074,0
681,0,0,0,0,1,3.0,0,-1.422123,0
682,1,0,1,0,1,30.0,0,-0.2084196,0
683,1,1,0,1,0,0.0,0,2.733094,0
684,1,1,0,0,0,0.0,0,0.0567724,0
685,1,1,1,0,1,14.7375,0,-1.217047,1
686,1,1,0,1,0,0.0,1,1.759685,1
687,1,1,0,0,1,10.0,187,-2.060337,0
688,1,1,0,0,1,2.0,5,-0.1605406,0
689,1,0,1,0,0,8.0,0,-1.77701,0
690,1,1,1,0,1,5.0,0,-1.363982,0
691,1,1,1,0,1,0.0,0,1.146588,1
692,1,0,1,0,1,9.72,0,0.759474,0
693,0,1,0,1,1,0.0,0,0.9545004,0
694,1,0,0,0,0,5.0,1,-1.425583,1
695,1,1,1,0,1,3.5,0,1.928403,0
696,1,0,0,0,1,0.0,0,1.655995,1
697,1,1,1,0,1,10.4375,0,-1.382141,0
698,0,0,0,0,1,0.0,168,,1
699,0,1,0,0,1,5.0,1,-1.256073,1
700,1,0,0,1,1,3.825,0,0.3662735,0
701,1,1,0,0,0,0.5,0,0.4543059,0
702,0,0,1,0,1,4.0,23,0.7716379,1
703,0,0,0,1,1,14.875,0,-0.2495776,0
704,1,0,0,0,1,26.8975,0,-2.138167,1
705,1,0,0,1,1,13.96125,0,-1.186139,1
706,0,0,0,0,1,3.3125,0,-0.5002805,0
707,0,1,0,1,0,1.0,0,0.6424088,0
708,1,1,1,0,1,8.0,200,-0.4393122,0
709,0,0,1,0,1,0.0,0,0.9517117,0
710,1,0,1,0,0,21.0,0,-0.8858361,0
711,0,0,0,0,1,6.0,11,1.302516,1
712,1,1,1,0,1,0.0,0,1.872651,0
713,1,0,0,1,1,0.0,0,1.09911,0
714,1,0,0,0,1,0.0,0,,1
715,0,0,0,0,1,0.0,0,0.6292802,0
716,1,0,0,0,1,1.0,3,-1.027737,0
717,1,1,0,0,1,10.0,0,-0.9081477,0
718,1,1,1,0,1,0.0,119,2.353295,1
719,0,0,0,1,0,7.765146,0,-0.1055452,0
720,1,1,0,0,1,8.90625,0,0.106094,0
721,0,0,0,0,1,7.076274,0,-0.0107572,1
722,0,1,0,1,1,3.0,0,0.6234142,0
723,1,1,0,0,1,2.0,60,-1.075942,0
724,0,0,1,0,1,1.96875,0,0.1364694,0
725,1,0,0,1,1,0.0,0,0.5574987,1
726,0,0,0,1,0,10.625,6,0.1651155,0
727,1,0,0,0,1,0.9375,0,1.053273,1
728,1,0,0,1,1,8.15,0,-1.895339,0
729,0,0,1,0,1,5.0,0,-1.880711,0
730,1,0,0,1,1,3.0,0,-0.2239886,0
731,1,0,1,0,1,5.6125,0,0.8763891,0
732,1,1,0,0,1,0.0,0,1.326245,1
733,1,0,1,0,1,5.5,0,0.3578228,0
734,1,0,0,0,1,10.49,0,0.9143187,0
735,0,1,1,0,1,8.875,1,-2.684223,0
736,1,0,1,0,1,11.0,0,0.7072157,1
737,1,0,1,0,1,10.875,0,-1.686926,0
738,0,1,0,0,1,0.0,0,0.9723435,0
739,1,0,0,0,1,12.125,0,-0.6373021,0
740,1,0,1,0,0,4.5,2,0.0333688,0
741,0,0,0,0,1,0.0,6,1.926116,0
742,1,0,0,0,1,0.0,0,-0.4030707,1
743,0,1,0,1,1,5.126404,0,0.4916281,1
744,0,0,0,0,1,19.0,0,-0.4626648,0
745,1,0,0,0,1,11.5,0,-0.2487545,1
746,0,1,0,1,0,0.4375,0,1.226327,0
747,1,0,0,0,1,1.0,0,1.823954,0
748,0,0,0,0,1,2.0,23,0.5014109,0
749,1,0,1,0,1,13.8125,0,-0.3744642,0
750,0,0,0,0,1,0.0,0,0.7053615,0
751,1,1,0,1,1,10.0,0,0.0014823,0
752,1,0,1,0,1,0.0,0,3.643698,0
753,1,1,1,0,1,0.0,0,-0.1857512,0
754,1,1,0,0,0,4.0,0,-1.301095,0
755,1,0,0,1,0,0.0,0,1.745908,0
756,1,0,1,0,1,9.0625,0,-0.0853269,0
757,1,0,0,1,1,11.4375,0,-2.937494,0
758,1,0,1,0,1,6.75,0,-0.7448193,0
759,0,0,0,0,1,4.0,0,-0.5307396,0
760,1,0,0,1,1,5.0,0,1.202716,0
761,0,0,0,1,1,3.5,0,-0.1352036,0
762,0,0,0,0,1,4.5,0,2.161929,0
763,1,0,0,0,1,7.34375,0,-0.0745482,0
764,1,1,0,1,1,5.5,0,-1.885632,0
765,1,0,1,0,1,0.0,0,0.8117695,0
766,0,1,0,1,1,2.5,41,1.210968,0
767,1,1,0,1,1,9.5,0,-0.4896716,1
768,1,0,0,0,1,2.0,0,0.7021545,0
769,1,0,0,1,1,24.0,0,-2.636369,0
770,1,0,0,1,1,12.1875,1,-0.8088443,0
771,0,0,0,0,0,1.0,0,1.354906,1
772,0,0,0,1,1,3.0,0,0.4006665,0
773,1,0,0,0,1,10.47847,0,0.7148579,1
774,1,1,0,1,0,3.75,0,0.2349538,0
775,0,0,0,1,1,9.725,0,0.6603524,0
776,1,0,1,0,1,5.65625,0,-0.5926529,0
777,1,1,1,0,1,0.6875,0,0.4620317,1
778,1,1,0,1,1,12.0625,0,-2.536178,0
779,0,0,0,1,1,1.0,0,,0
780,1,1,1,0,1,2.5,0,1.286887,0
781,1,1,1,0,1,13.0,0,-1.827427,0
782,1,1,0,0,1,11.0,0,-2.666986,0
783,0,0,0,0,1,0.9407216,0,-0.8034509,0
784,0,1,0,0,0,0.0,0,1.424852,0
785,1,1,1,0,1,2.125,103,0.4276679,0
786,1,1,0,0,1,0.0,0,-0.9765759,0
787,1,0,0,0,1,8.5,1,0.2791118,0
788,1,1,0,1,1,3.5,0,0.8591061,0
789,0,1,1,0,1,6.5,0,0.3829724,0
790,1,0,0,0,1,8.0,0,-2.193439,1
791,0,1,0,0,1,3.5,42,1.243652,0
792,0,0,0,0,1,23.0,0,-1.667737,0
793,1,0,0,1,1,11.0,0,-0.1467971,0
794,1,1,0,1,1,8.375,0,-0.6624251,0
795,1,0,0,0,1,15.5,0,-1.214305,0
796,1,0,0,1,1,3.9375,0,1.120828,0
797,1,1,0,1,1,11.0,0,0.3661847,0
798,0,1,0,0,0,1.0,14,1.28056,1
799,1,0,0,0,1,4.802631,1,1.192763,1
800,1,0,0,0,0,0.0,0,,1
801,1,1,0,0,1,11.675,0,-1.25875,1
802,0,0,1,0,1,16.0,0,-0.3889471,0
803,1,0,0,0,1,8.0,0,0.3927379,0
804,0,1,1,0,1,1.875,0,-1.57119,0
805,1,0,0,0,1,6.5625,0,-1.687432,0
806,1,0,0,0,1,8.5,0,-0.8330069,0
807,0,1,1,0,1,1.0,143,0.5735863,0
808,1,0,0,1,0,0.0,0,-0.0440736,0
809,0,1,1,0,1,5.625,2,-0.4759909,0
810,1,0,0,0,1,33.5,0,-0.1754012,0
811,0,0,0,1,1,5.0,0,0.9000666,0
812,0,1,0,1,1,6.0,4,0.309305,0
813,1,0,0,0,1,0.0,0,-0.3218006,1
814,0,0,0,0,0,25.0,12,-1.791808,1
815,1,1,1,0,1,2.0,0,0.4349817,0
816,1,0,0,1,1,7.048806,0,0.0301295,0
817,1,0,0,0,1,0.0,0,0.8569506,0
818,1,1,1,0,1,0.0,0,1.456277,0
819,1,1,1,0,1,34.0,0,-1.157902,0
820,0,1,1,0,1,3.0,3,0.5075659,0
821,1,0,1,0,1,7.0,0,-0.5138001,1
822,0,0,1,0,1,3.0,0,0.8887966,0
823,1,0,0,1,1,13.225,0,-0.3571808,1
824,1,1,1,0,1,4.75,0,0.401961,0
825,1,0,0,1,1,8.4375,0,-0.8419559,0
826,1,0,0,0,1,1.5,0,-0.7562577,1
827,1,0,0,1,1,10.0875,0,-1.669258,0
828,1,0,1,0,1,4.0,0,0.7118903,0
829,1,1,0,1,0,20.775,0,-1.450647,0
830,1,1,0,0,0,12.75,171,-0.254823,0
831,0,0,0,0,1,14.84,0,-0.3859491,0
832,1,1,0,0,1,11.0,0,-0.9912467,0
833,1,0,1,0,1,3.9375,0,0.2587261,0
834,1,0,0,0,1,27.0,0,-1.844863,0
835,1,1,1,0,1,8.75,0,-0.4986118,1
836,0,0,1,0,1,6.25,0,-0.5368939,0
837,1,1,1,0,1,0.5,0,-0.3502959,0
838,1,0,0,1,1,6.1875,0,-1.046402,0
839,1,1,0,1,1,1.5,87,1.551418,0
840,1,0,0,0,1,8.5,0,-0.8315245,0
841,1,0,0,0,0,13.0875,0,-0.3718307,0
842,1,0,0,0,1,5.0,35,0.2636695,0
843,0,1,0,0,0,0.0,88,0.9191602,0
844,1,0,1,0,1,29.5,0,-3.002095,0
845,0,1,0,1,0,0.0,15,0.1493669,0
846,0,1,0,0,1,0.0,0,2.73797,0
847,0,0,0,0,1,4.132075,0,0.193084,0
848,0,1,0,1,1,0.0,0,0.9589292,0
849,1,0,1,0,1,0.0,0,2.296698,0
850,1,0,0,0,0,12.1,0,0.4302196,0
851,1,1,1,0,1,1.0,0,0.6814339,0
852,1,0,0,1,1,0.0,5,1.929821,0
853,1,1,0,0,1,2.0,0,-2.216413,1
854,1,0,0,1,1,58.5,0,-2.714055,0
855,1,1,0,0,1,11.5,0,-0.6091687,0
856,1,0,1,0,1,5.15625,0,-0.5346511,0
857,0,0,1,0,1,4.6875,0,0.2664665,0
858,1,1,0,1,0,0.0,0,-0.1893018,0
859,1,1,0,0,1,5.0,12,0.2971035,0
860,0,1,0,1,1,6.5,0,1.55792,0
861,1,1,0,0,1,6.5,0,-0.6243405,0
862,1,1,0,1,1,5.0,20,-0.2687029,0
863,0,0,1,0,0,6.4125,0,-2.585414,0
864,1,0,1,0,1,4.71875,0,-1.830794,0
865,1,0,1,0,1,1.0,0,0.5905162,0
866,1,0,0,1,1,3.875,0,-1.597018,0
867,1,0,1,0,1,4.2625,0,1.146283,0
868,0,0,1,0,1,5.0,0,0.0513979,0
869,1,0,1,0,1,5.0,0,-0.4476922,0
870,0,0,0,0,1,12.65625,0,-1.05659,0
871,1,0,1,0,1,5.5,0,0.1810699,0
872,1,0,0,1,0,19.0625,0,-1.37236,0
873,1,0,0,0,1,7.5,0,-1.823173,1
874,1,0,0,0,1,6.375,0,-0.8202266,1
875,1,0,1,0,1,6.3125,0,0.945141,0
876,0,0,0,1,0,11.84375,0,-2.065054,0
877,1,1,1,0,1,0.0,0,3.111166,0
878,1,1,0,1,1,16.0,0,-0.7214584,0
879,0,0,0,1,1,7.0,0,-0.6516325,0
880,1,1,0,0,0,5.0,0,0.352848,0
881,0,1,0,0,1,36.0,13,-1.522964,0
882,1,0,0,1,1,9.0,0,-0.6563702,0
883,1,1,0,0,1,3.908769,0,0.5123044,0
884,0,0,0,1,1,0.0,0,,0
885,1,0,0,1,1,12.0,0,-2.923038,0
886,1,0,0,1,1,7.75,0,-1.448512,0
887,0,0,0,1,0,19.5,0,-1.281376,0
888,0,1,0,0,1,4.55,0,-0.5810403,0
889,1,1,0,0,0,0.0,0,2.258986,1
890,1,0,1,0,1,0.0,0,-1.245916,1
891,1,0,1,0,1,12.0,0,0.1869721,0
892,1,1,1,0,1,3.5,0,1.487792,0
893,0,0,1,0,0,7.5,0,-0.4598894,1
894,0,1,0,1,1,6.0625,0,1.360019,0
895,1,1,1,0,1,3.0,0,1.373959,0
896,1,1,0,0,1,3.0,0,1.093921,0
897,0,0,1,0,1,21.5625,0,-2.254769,0
898,1,1,0,1,1,0.5,0,0.9020179,0
899,1,0,1,0,1,6.75,0,-0.1287138,0
900,1,0,0,0,0,0.0,0,1.245164,0
901,1,1,1,0,1,9.8125,0,-0.0358332,0
902,1,0,0,0,1,0.0,0,0.6904947,0
903,0,0,0,1,1,1.0,0,0.7149864,0
904,0,0,0,0,1,10.5,0,-0.996289,0
905,1,0,0,1,1,6.5,0,-0.4390446,0
906,1,0,1,0,0,3.375,0,-0.5211987,0
907,0,0,0,0,1,11.5,0,0.043499,0
908,0,0,1,0,0,0.0,0,-0.258662,1
909,1,0,0,1,1,0.0,53,1.621299,0
910,1,1,0,1,1,1.0,0,-0.4617462,1
911,1,0,0,0,1,9.16875,0,-1.725447,0
912,0,1,0,0,1,6.5,0,0.1727538,0
913,1,1,0,1,1,3.75,0,1.199475,0
914,0,1,0,0,0,0.0,0,1.575317,0
915,0,1,1,0,1,6.25,0,0.0862691,0
916,1,1,0,0,1,17.5,0,-1.871663,0
917,0,0,0,0,1,4.5,12,0.3879565,0
918,0,1,1,0,1,0.0,0,-0.3253146,0
919,0,0,1,0,1,16.375,0,-0.5049487,0
920,1,1,1,0,1,0.0,0,2.219815,1
921,0,0,0,1,1,0.0,0,1.464015,0
922,0,0,0,0,1,0.0,0,-0.6812665,0
923,0,0,1,0,1,3.0,20,0.7180861,0
924,1,1,1,0,1,0.0,0,-1.638839,0
925,1,0,1,0,1,11.9375,0,-0.1090009,0
926,1,0,0,0,1,2.0,19,1.111866,1
927,0,0,1,0,1,5.5,0,-0.1922547,0
928,1,1,0,1,0,0.0,0,1.86409,0
929,1,0,0,1,0,2.8125,0,0.272162,0
930,1,0,0,1,0,8.5,0,0.1423051,0
931,1,0,0,1,1,8.0,0,0.0202176,0
932,1,0,1,0,1,6.625,0,0.0347345,0
933,1,0,0,0,1,0.5,0,-0.2593851,1
934,0,1,0,0,0,5.0,79,-1.028516,0
935,1,0,0,1,1,2.0,0,-0.6709458,0
936,0,1,0,1,1,0.0,0,-0.0683936,0
937,1,0,1,0,1,1.25,0,1.151065,0
938,1,1,1,0,1,8.7875,0,-0.6556809,0
939,1,0,0,0,0,0.0,0,2.017375,1
940,1,0,0,0,1,0.0,0,1.672997,0
941,0,1,1,0,1,7.7,0,-0.2280021,0
942,0,1,0,0,1,1.0,0,-0.4476591,0
943,0,0,1,0,1,10.38625,0,-0.7818046,1
944,0,0,0,1,0,0.0,0,1.174226,0
945,0,1,0,1,1,11.0,0,-0.914311,0
946,0,0,0,0,1,0.0,2,0.1781779,0
947,0,0,0,0,1,21.0,0,-1.4814,0
948,0,0,1,0,1,7.0,0,0.3890408,0
949,1,0,1,0,0,12.6125,0,-1.597179,1
950,1,0,1,0,1,10.125,0,0.4758648,0
951,1,0,1,0,0,39.0,0,-3.471539,1
952,1,1,1,0,1,8.5,0,0.6437441,0
953,1,0,1,0,1,0.0,0,3.74572,0
954,1,0,1,0,1,11.25,0,-2.207724,0
955,1,0,0,1,1,0.0,0,0.519197,0
956,1,1,0,0,1,5.0,0,1.395499,0
957,1,0,0,1,1,6.5,0,-2.359691,0
958,0,1,1,0,1,3.5,0,0.4161425,0
959,0,1,0,1,0,2.5,0,0.8751042,0
960,0,0,0,0,1,9.5,0,-0.1227415,0
961,1,0,1,0,1,5.5,0,-1.310299,0
962,0,1,0,1,0,0.0,0,0.9273545,1
963,1,0,0,0,1,4.5,8,0.2037443,0
964,1,0,1,0,1,11.5,0,0.1304027,0
965,1,1,0,0,1,0.0,107,0.5427063,1
966,0,1,0,1,1,1.5,0,0.8491581,0
967,1,1,1,0,1,17.5,0,-2.931412,1
968,1,0,1,0,0,9.96875,0,-0.88542,0
969,1,1,0,0,1,0.0,0,0.5427063,0
970,1,0,0,0,0,18.25,0,-0.6488711,0
971,1,0,0,1,1,6.5,13,1.251261,0
972,1,1,0,0,1,0.0,0,2.499578,1
973,0,0,0,0,1,6.625,0,-1.780117,0
974,1,0,1,0,0,7.8125,150,-0.0611123,0
975,1,1,0,0,1,0.0,54,0.6334994,0
976,1,1,0,1,1,10.1625,0,0.9659966,0
977,0,1,0,1,1,1.19281,0,0.4483666,0
978,1,1,1,0,0,0.0,0,4.937681,0
979,1,1,0,0,1,0.0,0,1.057406,1
980,0,0,0,0,1,5.35,0,0.1894301,0
981,1,0,0,1,1,1.5,0,0.0445052,0
982,1,1,0,1,1,0.0,0,0.0345022,0
983,1,1,1,0,1,8.5,1,0.2804643,0
984,1,1,0,0,1,2.870447,0,0.2041894,0
985,1,1,1,0,1,5.0,11,-0.4084925,0
986,1,1,1,0,1,0.5,0,0.9984905,0
987,0,0,0,1,1,17.49379,0,-0.5407509,0
988,0,0,0,1,1,1.857695,0,-0.5584499,0
989,1,0,0,1,1,0.0,3,1.973751,0
990,1,1,0,1,1,28.0,0,-0.2755147,0
991,0,0,1,0,1,0.9375,0,-1.559059,0
992,1,1,0,1,1,9.0,0,-0.2884095,1
993,1,0,0,0,0,0.0,0,,0
994,1,1,1,0,1,8.4375,0,-0.8695102,0
995,1,1,0,1,1,0.0,27,0.8094885,0
996,1,0,0,0,0,13.0,0,-1.407684,1
997,1,0,0,1,1,10.0,0,0.1606184,0
998,1,0,0,0,1,0.46875,0,-0.2575294,0
999,0,0,1,0,1,0.0,140,0.7448389,0
1000,0,1,0,1,1,2.5,0,0.4319502,0
1001,1,1,1,0,1,0.0,0,3.543758,0
1002,1,0,1,0,1,5.5,0,1.641194,0
1003,1,0,0,1,1,8.8125,0,-2.73209,0
1004,1,0,1,0,1,3.5,0,0.6530376,0
1005,1,1,0,0,1,0.0,0,0.4955589,0
1006,0,0,0,1,1,13.4375,0,0.4191277,0
1007,0,1,1,0,1,6.5625,0,-0.355643,0
1008,1,0,1,0,1,20.24125,0,-1.443185,0
1009,1,0,0,1,1,12.7875,0,-1.196973,0
1010,1,0,1,0,1,9.15,0,-0.8690092,0
1011,0,1,0,1,1,17.4375,0,-0.6114969,0
1012,1,0,1,0,1,10.0,0,-1.876655,0
1013,0,1,0,0,1,8.868595,0,-0.1643542,0
1014,1,0,1,0,1,3.0,0,0.7682637,0
1015,0,0,0,0,1,4.0,0,0.4501551,0
1016,0,0,0,0,1,4.6875,0,0.9059604,1
1017,1,1,0,0,0,6.5,1,0.1716702,0
1018,1,0,0,1,1,7.0,0,1.848769,0
1019,1,1,1,0,1,1.508264,0,0.7416943,0
1020,1,0,1,0,0,9.5,0,-0.9477491,1
1021,1,1,1,0,1,5.5,18,-0.1270692,0
1022,1,0,0,1,1,1.5,86,-0.2645861,0
1023,0,0,0,1,1,5.1875,0,-1.054899,1
1024,1,0,1,0,1,20.955,0,-1.627937,0
1025,0,0,0,0,1,12.5,0,-0.7785354,0
1026,1,0,0,0,1,0.0,44,0.593083,0
1027,1,1,0,1,1,2.0,0,1.637875,0
1028,1,0,0,1,1,4.0,1,1.352241,0
1029,1,1,0,0,1,5.5,0,2.04502,0
1030,1,0,1,0,1,2.5,0,1.929811,0
1031,1,0,0,0,0,4.825,6,-1.086887,0
1032,1,1,0,0,1,0.0,0,-0.1871827,1
1033,0,1,1,0,1,23.275,0,-0.8673409,1
1034,0,1,0,0,1,1.0,1,0.4874302,0
1035,1,0,1,0,1,0.96875,0,-0.6673434,1
1036,1,1,0,0,0,0.0,1,1.486585,0
1037,1,0,0,1,1,56.505,0,-4.328156,0
1038,1,1,0,1,1,0.0,0,0.7229782,0
1039,0,0,1,0,1,32.625,0,-2.196922,0
1040,1,0,0,1,1,4.537293,0,0.982877,0
1041,1,0,0,1,1,0.0,66,1.742348,0
1042,1,0,0,1,1,10.0,0,-0.9860457,0
1043,1,0,0,0,1,6.5,5,-0.4077115,0
1044,0,0,0,0,1,1.0,0,0.5154963,0
1045,0,0,1,0,1,1.0,0,1.710447,0
1046,1,0,0,0,0,0.0,0,1.207568,0
1047,0,1,0,1,1,0.0,2,-0.4983966,1
1048,1,0,0,1,1,10.625,0,-0.151394,0
1049,1,0,1,0,1,0.0,0,1.536908,0
1050,0,0,1,0,1,4.6875,0,0.2456237,0
1051,1,0,1,0,1,0.0,0,-1.540123,0
1052,1,0,1,0,1,9.15,0,-2.686247,0
1053,0,0,0,0,1,0.0,45,0.3345574,1
1054,1,0,1,0,1,12.5625,0,-2.116304,0
1055,1,1,1,0,1,1.75,0,-0.5198834,0
1056,1,1,1,0,1,2.5,0,0.8390935,0
1057,1,1,0,0,0,0.0,118,1.171343,0
1058,1,0,0,1,1,5.25,0,-0.8320075,1
1059,1,1,0,0,1,8.5,0,-1.149662,1
1060,1,1,1,0,1,2.086509,0,-0.442151,0
1061,1,0,0,0,1,21.19625,0,0.0169354,0
1062,1,1,0,1,0,0.0,0,-0.5213987,1
1063,1,0,1,0,1,0.0,7,2.119576,0
1064,0,0,0,1,1,3.0,0,0.6937484,0
1065,1,0,1,0,1,8.3125,0,-1.952916,1
1066,1,1,0,1,1,0.0,0,0.7801199,0
1067,1,0,0,0,1,4.875,0,-0.791145,0
1068,1,0,0,0,1,2.0,0,0.5884221,0
1069,1,1,1,0,1,0.0,0,1.888775,0
1070,1,0,0,1,0,3.5,0,-0.2947019,1
1071,1,0,0,1,1,8.5,0,0.3888244,0
1072,1,1,0,1,1,5.6875,0,-0.6761401,0
1073,0,0,0,1,1,5.75,0,0.1865497,0
1074,0,1,0,1,1,8.1875,0,-2.731089,0
1075,1,1,0,0,1,0.0,0,0.529519,0
1076,1,1,0,1,1,0.0,0,2.912146,0
1077,0,0,0,1,1,9.375,0,-0.2467307,1
1078,1,1,1,0,1,3.0,0,-2.160425,1
1079,1,1,1,0,1,0.0,1,0.0153146,0
1080,0,0,0,1,0,9.84375,0,0.0766311,0
1081,1,0,0,1,1,5.367647,0,1.303884,1
1082,1,1,1,0,1,0.0,0,-1.997883,0
1083,1,0,0,0,0,2.75,0,0.3618413,0
1084,1,0,0,0,1,20.5,6,-1.311278,0
1085,0,0,0,1,1,8.0,0,-1.032424,1
1086,1,0,1,0,1,6.0625,0,0.1829382,0
1087,1,0,0,0,1,15.0,0,-0.2825407,0
1088,1,0,1,0,1,3.4375,0,1.1472,0
1089,1,0,0,0,1,0.0,0,1.030496,0
1090,0,1,0,0,1,20.95,0,-0.3476962,0
1091,1,1,1,0,1,2.5,0,-0.3239672,0
1092,1,0,0,0,1,6.5,0,-1.198858,0
1093,1,0,0,1,1,10.12625,0,-2.82855,0
1094,0,0,0,0,1,2.0,16,-1.20147,0
1095,1,0,1,0,1,0.375,0,2.283097,0
1096,0,0,0,0,1,1.0,0,-0.3703457,1
1097,1,0,1,0,0,10.6375,0,0.7087085,0
1098,0,0,1,0,1,19.125,0,-2.271864,0
1099,1,0,1,0,0,0.0,0,1.039588,0
1100,1,0,0,0,1,5.5,2,-0.5359012,0
1101,0,1,1,0,1,0.0,0,-0.0879634,0
1102,1,0,0,0,1,8.0,0,0.1339545,0
1103,0,0,1,0,1,6.5,0,-1.595843,1
1104,1,0,0,0,1,7.0,30,0.2984788,0
1105,1,1,0,1,0,11.25,0,-0.9787456,0
1106,1,1,0,1,1,0.0,0,0.7274496,0
1107,1,1,1,0,1,6.0,0,-0.7279415,0
1108,1,1,1,0,1,9.5,0,0.3383869,0
1109,0,0,0,0,1,12.5,0,-0.9502861,0
1110,1,0,1,0,1,0.0,0,-0.2474251,1
1111,1,1,0,0,1,0.0,61,,1
1112,1,0,1,0,1,1.341912,0,1.474117,0
1113,1,1,0,0,1,0.0,0,-0.2938979,0
1114,1,1,0,1,1,2.5,0,0.6099317,0
1115,1,1,0,0,1,0.5214286,0,0.8189285,0
1116,0,0,0,1,1,2.28125,0,-0.918957,0
1117,0,1,0,0,1,12.1875,0,-0.8450415,1
1118,1,0,0,1,1,0.9375,0,0.4085295,0
1119,1,1,1,0,1,1.0,0,2.227164,1
1120,1,1,0,0,1,8.136943,0,1.271087,0
1121,1,0,1,0,1,0.0,0,1.458986,1
1122,1,0,0,0,1,0.0,0,,0
1123,0,0,1,0,1,0.0,0,-1.275387,0
1124,1,1,0,0,1,2.0,0,0.7718014,0
1125,0,0,0,1,1,11.0,0,0.0344874,0
1126,0,1,0,1,1,11.5625,0,-1.570339,1
1127,1,1,1,0,1,9.59375,0,-1.652428,0
1128,1,0,1,0,0,17.5,0,-2.061351,0
1129,1,1,0,1,1,10.5,0,-1.954881,0
1130,1,1,1,0,1,14.0,10,-2.81717,1
1131,0,0,0,1,1,2.5,0,-0.0996075,0
1132,1,0,0,1,1,9.625,0,-0.0016461,0
1133,1,1,0,1,1,0.0,0,-0.9985548,1
1134,1,0,0,1,1,0.0,0,1.705627,0
1135,0,0,0,0,0,10.61533,1,-1.088329,1
1136,1,0,0,1,1,2.0,0,0.8860893,0
1137,1,1,0,1,1,0.0,0,1.889717,0
1138,1,1,0,1,1,1.40625,16,1.3911,0
1139,0,0,1,0,1,11.0,0,-2.037624,0
1140,1,0,1,0,1,13.9375,0,-1.8947,0
1141,0,1,1,0,1,0.0,1,2.021018,0
1142,0,0,1,0,1,1.0,141,-0.486676,0
1143,1,0,0,0,0,11.3125,0,-1.082128,0
1144,1,0,0,0,1,6.5,0,0.2258503,1
1145,1,0,1,0,1,4.0,0,0.2483376,0
1146,1,0,0,0,1,8.0,0,-1.387621,0
1147,0,1,0,0,0,0.0,0,0.5793193,0
1148,0,1,0,0,0,0.0,0,2.179374,1
1149,1,1,0,0,1,8.6125,0,-1.021534,0
1150,1,0,0,1,1,3.6875,0,0.2881315,0
1151,1,0,1,0,1,11.75,0,-0.2826718,1
1152,1,1,0,1,0,9.5625,0,-0.3293472,0
1153,0,1,0,1,1,0.0,0,0.657663,0
1154,1,0,0,1,0,0.0,0,1.306442,1
1155,1,1,0,1,1,7.0,0,-0.8502218,0
1156,0,1,0,0,1,2.7625,1,0.3994964,0
1157,0,0,0,1,1,11.59,0,-0.9647142,0
1158,0,1,0,1,1,0.0,0,0.2601122,0
1159,0,0,1,0,1,5.0,1,0.1769814,0
1160,1,1,0,1,1,0.0,0,5.862123,0
1161,0,1,1,0,1,0.0,0,1.477949,0
1162,1,0,0,0,0,0.0,0,2.25022,1
1163,0,1,0,0,1,0.0,81,0.5247295,1
1164,1,0,0,1,1,2.8125,0,1.416901,0
1165,1,0,1,0,1,0.0,0,2.282316,0
1166,1,0,0,1,1,0.0,0,1.727177,0
1167,1,1,0,1,1,5.5,0,0.6103117,0
1168,0,0,1,0,1,0.0,26,1.173512,0
1169,1,0,0,1,1,0.0,0,1.024672,1
1170,1,0,0,1,0,1.25,0,0.3602738,0
1171,1,0,0,1,0,0.0,10,0.3235333,0
1172,1,0,0,0,1,0.0,0,2.34679,0
1173,0,0,0,0,1,5.625,0,0.1270364,0
1174,1,1,1,0,1,8.875,0,-0.1028596,1
1175,0,0,1,0,1,5.5,0,1.371876,0
1176,1,1,0,1,1,4.0,8,-0.0009525,0
1177,0,1,1,0,0,0.0,0,0.8827277,0
1178,1,1,0,0,1,7.5,0,0.3969078,1
1179,1,1,0,1,0,0.0,0,-1.341506,0
1180,1,1,0,0,1,7.5,0,0.871015,0
1181,1,0,1,0,1,0.0,0,2.06552,0
1182,1,0,0,0,1,3.0,0,0.4997748,1
1183,1,0,1,0,1,45.375,0,-3.465884,0
1184,0,1,0,1,1,6.125,0,-0.2372003,0
1185,1,1,0,1,1,0.0,0,1.633281,0
1186,0,0,0,1,0,13.7125,0,-1.182191,0
1187,1,1,0,0,1,3.5,0,-1.531239,0
1188,0,0,0,0,1,8.1625,0,-0.0389611,0
1189,1,1,0,0,1,11.0,0,0.7370806,0
1190,1,1,1,0,1,9.09375,0,-0.8041553,1
1191,1,1,0,0,1,0.0,21,-0.7908255,0
1192,1,0,0,1,1,12.84375,0,0.5033031,0
1193,1,0,1,0,1,4.8125,0,1.029888,0
1194,1,0,0,1,1,5.025,0,0.9993041,0
1195,1,0,1,0,1,2.0,0,0.5679314,0
1196,1,0,0,0,1,6.0,27,-0.6401612,0
1197,1,1,0,0,1,14.3875,0,-1.968759,0
1198,1,1,0,0,0,3.5,24,1.107943,0
1199,1,1,0,1,1,0.9375,0,1.371112,0
1200,1,1,0,0,0,0.0,60,1.365428,1
1201,1,1,0,1,1,0.0,25,0.9831795,0
1202,0,0,0,1,1,2.65,0,-0.3103875,0
1203,1,1,0,1,1,0.0,69,1.477727,0
1204,0,1,0,0,1,9.605263,0,0.8544815,0
1205,1,0,0,1,1,18.06875,0,-0.6877446,0
1206,1,1,1,0,1,3.0,0,0.8483803,0
1207,1,0,1,0,1,2.5,0,-1.282458,0
1208,0,0,0,1,0,8.5,0,-0.9070768,0
1209,0,0,0,1,1,11.03125,0,-0.9539952,0
1210,1,1,0,1,1,17.5,0,-0.3310984,0
1211,1,0,0,0,1,0.0,0,-1.056691,0
1212,0,1,1,0,1,0.0,0,2.551732,0
1213,0,0,1,0,1,6.75,0,0.2643507,1
1214,1,0,1,0,1,9.5625,0,-0.8319902,0
1215,1,0,1,0,1,7.75,0,-0.0447825,0
1216,1,0,1,0,1,0.0,0,0.5630996,1
1217,1,1,1,0,1,4.5,0,-0.5008066,0
1218,1,1,1,0,1,0.0,0,0.8369692,0
1219,1,0,1,0,0,14.775,0,-0.512557,0
1220,1,1,1,0,1,0.0,0,0.5328467,0
1221,0,0,0,0,0,18.1875,0,-2.257694,0
1222,0,0,1,0,1,3.5875,0,-1.696659,1
1223,0,1,1,0,1,16.0,0,0.2577756,0
1224,1,0,1,0,0,2.75,0,1.246916,0
1225,1,0,0,1,0,6.5625,0,-0.4428453,0
1226,0,1,0,0,1,1.0,0,0.5967675,0
1227,1,0,0,1,0,9.8625,0,-1.016192,1
1228,1,0,0,1,1,5.0,0,1.175183,0
1229,1,0,0,1,1,1.0,0,-0.0160342,0
1230,0,1,1,0,1,0.0,0,2.256269,0
1231,0,0,0,1,0,2.9375,12,-2.375932,1
1232,0,1,1,0,1,0.0,62,3.366459,0
1233,1,0,1,0,1,20.5,0,-2.574656,0
1234,1,0,0,1,1,7.7125,0,-0.8794482,0
1235,1,0,0,0,1,1.0,0,-0.4841239,0
1236,1,0,1,0,1,7.5,0,-0.3850144,1
1237,1,0,1,0,1,1.5,0,-0.7238755,1
1238,1,0,0,0,1,2.0,0,0.4605571,0
1239,1,0,0,0,1,2.75,0,-2.407337,0
1240,1,1,0,0,1,9.0,103,-1.963071,1
1241,1,0,0,1,1,12.28125,0,-2.973359,0
1242,0,1,0,1,1,1.0,0,-0.3865997,0
1243,0,1,0,0,0,0.0,0,-0.0500157,1
1244,1,0,0,1,1,0.0,67,1.51426,1
1245,1,0,1,0,0,9.84375,0,-0.830613,0
1246,0,0,0,1,0,5.5,0,0.1743809,1
1247,1,0,1,0,1,0.0,0,-0.6929989,1
1248,1,1,0,0,1,0.0,0,,1
1249,1,1,0,1,1,3.75,0,1.067515,1
1250,1,0,1,0,1,4.6875,0,-0.5423502,0
1251,0,1,0,1,1,12.35,36,0.2237646,0
1252,0,0,1,0,1,3.125,0,1.026006,0
1253,1,1,0,0,1,0.0,0,0.077403,0
1254,1,0,0,0,1,11.5,0,-0.0356195,0
1255,1,1,0,1,1,2.0,0,-0.3514977,0
1256,1,1,0,1,1,15.875,0,-0.9863887,0
1257,0,1,0,0,0,0.0,0,2.277852,1
1258,0,0,0,0,1,0.0,0,-1.011895,0
1259,1,1,0,1,1,0.0,0,1.49429,0
1260,1,0,0,1,1,8.0,0,-0.5544695,0
1261,1,0,0,0,1,12.0,0,-0.1332538,1
1262,0,0,1,0,1,1.0,0,-0.2553687,0
1263,0,0,1,0,1,1.92,0,0.201765,1
1264,1,0,0,0,1,0.0,0,-0.2474611,0
1265,1,0,0,1,1,1.0,5,0.4611222,0
1266,1,0,0,0,1,2.5,0,0.2932696,0
1267,0,1,0,1,0,1.0,0,3.001503,0
1268,1,1,1,0,1,5.661496,0,1.607712,1
1269,1,1,0,0,1,5.5,0,0.4648209,0
1270,1,0,0,1,1,16.875,0,-0.2030438,0
1271,1,0,0,1,1,8.0,0,0.3385994,0
1272,1,0,0,0,1,0.0,0,0.5172309,1
1273,0,1,1,0,0,10.66375,0,-0.4708504,0
1274,1,0,0,1,1,4.0,0,1.18214,0
1275,1,1,0,0,1,25.0,0,-1.660042,1
1276,1,0,1,0,1,3.3125,0,0.033925,0
1277,0,1,0,0,1,0.0,0,-1.504044,1
1278,0,1,0,1,0,0.0,0,2.582799,0
1279,1,1,1,0,1,8.0,0,0.8624829,0
1280,1,0,0,0,1,0.4502467,0,-0.743645,0
1281,1,0,0,0,1,11.5,0,-1.177401,0
1282,1,1,0,0,1,4.0,0,-0.4112314,0
1283,1,1,0,1,1,5.0,0,0.4120795,0
1284,1,0,0,0,1,5.0,0,-0.2350908,0
1285,1,1,1,0,0,14.9375,0,-2.694727,0
1286,1,0,1,0,1,8.0625,0,-0.0891251,0
1287,1,0,1,0,1,5.1875,0,0.1853449,0
1288,0,0,1,0,1,34.5,0,-3.180059,1
1289,1,0,0,0,1,11.4375,0,-0.2510371,0
1290,1,0,1,0,1,0.0,42,0.6381784,0
1291,1,0,1,0,1,11.3375,0,-0.9890672,0
1292,0,0,1,0,1,12.0,0,-0.710377,1
1293,1,1,0,0,1,5.0,0,-1.136876,0
1294,0,0,1,0,1,4.34375,0,1.024862,0
1295,0,0,0,0,0,3.0,1,-1.244045,1
1296,0,1,0,0,1,0.0,0,1.51426,1
1297,1,0,0,0,1,1.5,0,-1.027412,0
1298,1,0,1,0,1,18.625,0,-1.435086,0
1299,1,1,0,1,0,5.0,0,-0.156428,0
1300,1,0,1,0,1,8.0,0,-1.718613,0
1301,0,1,0,1,1,2.9625,0,-0.3246617,0
1302,1,0,1,0,0,4.4375,0,-1.875562,0
1303,1,1,0,1,1,2.0,0,-2.308877,0
1304,0,1,0,0,1,8.248588,0,0.0274208,0
1305,1,0,0,0,1,1.5,0,2.34549,0
1306,1,1,1,0,1,5.25,0,0.9762165,0
1307,1,0,1,0,1,11.0,0,-0.2198175,1
1308,1,1,1,0,1,2.5,0,0.6316254,1
1309,1,0,0,0,1,0.0,0,-1.195369,0
1310,1,0,0,1,1,3.9375,0,1.004021,0
1311,0,0,0,0,1,5.2875,0,-0.0258873,0
1312,1,0,1,0,1,0.0,0,3.93673,0
1313,1,0,1,0,1,8.4375,0,-1.570289,0
1314,0,1,0,1,0,0.0,10,3.277154,0
1315,1,1,1,0,1,7.5,0,-1.496846,1
1316,1,0,0,0,1,6.9625,0,0.1507212,0
1317,0,0,1,0,1,0.0,0,2.490847,0
1318,1,1,1,0,1,0.0,2,4.850993,0
1319,1,1,0,1,0,0.0,64,4.054368,0
1320,1,1,0,0,1,0.0,0,1.024909,0
1321,0,0,0,0,1,3.5,0,-1.069477,0
1322,1,0,0,0,1,15.0,55,-1.188117,0
1323,1,0,0,0,1,2.5,0,0.5037169,0
1324,0,0,0,0,1,12.5625,0,-2.212201,1
1325,1,1,0,0,1,10.5,12,-0.9052852,0
1326,1,0,0,1,1,7.26,0,-1.584803,1
1327,1,1,0,0,1,0.0,0,1.893521,0
1328,1,0,0,1,1,22.5,0,0.1847308,0
1329,1,0,1,0,1,0.0,0,1.53005,1
1330,1,0,1,0,1,5.3125,0,-0.6688009,0
1331,0,1,0,1,1,9.0,0,0.7550837,0
1332,1,1,0,1,1,0.0,16,1.008807,0
1333,1,0,0,1,1,4.771242,0,-0.4046559,0
1334,1,0,0,0,1,16.0,0,-0.1722104,0
1335,0,1,1,0,1,5.5,0,-0.1779148,0
1336,0,1,0,1,1,7.5,0,0.4186252,0
1337,1,1,0,1,1,5.5,0,0.8671186,0
1338,1,0,1,0,1,26.0,0,-0.8181057,0
1339,1,1,0,1,1,0.0,7,-0.5567749,1
1340,0,0,0,0,1,9.195737,0,-0.8949436,1
1341,1,0,1,0,1,0.0,0,0.7049941,0
1342,0,0,0,0,1,4.0,1,1.923093,0
1343,1,0,1,0,1,12.5,0,0.1806239,0
1344,1,0,1,0,1,11.975,0,-1.737643,0
1345,1,1,0,0,1,6.0,0,-0.2897196,0
1346,1,1,0,1,1,1.0,0,1.785222,0
1347,0,0,0,0,1,4.431205,0,0.166399,0
1348,0,0,0,1,0,13.5,0,-0.8967867,0
1349,1,1,0,0,1,1.0,0,0.6431457,0
1350,1,1,0,1,1,6.0,0,-0.8299952,0
1351,0,0,1,0,1,1.125,0,0.6385083,0
1352,0,0,0,1,1,15.5,0,-1.069572,0
1353,1,1,0,0,1,0.0,0,1.139927,0
1354,1,0,0,0,1,2.614613,0,-0.4608052,0
1355,0,0,0,0,1,11.0,0,-0.1063807,0
1356,0,0,1,0,1,1.0,0,1.363257,1
1357,1,1,0,1,1,7.45,0,1.327664,0
1358,1,1,0,0,1,0.9375,47,1.292247,0
1359,0,1,0,0,1,4.0,0,1.201211,0
1360,0,0,1,0,1,0.0,0,,0
1361,0,0,1,0,1,7.0,0,0.2091862,0
1362,0,0,1,0,1,4.0,0,0.9897422,0
1363,1,1,0,0,1,0.0,0,-1.062271,0
1364,1,0,0,1,1,4.0,0,-1.556761,0
1365,1,0,0,1,1,3.25,0,-0.536236,0
1366,0,1,0,0,1,6.625,0,-2.662626,0
1367,1,1,1,0,1,0.0,0,0.7544312,0
1368,0,0,0,1,0,21.5,0,-3.27594,0
1369,1,1,0,0,1,0.0,2,0.5063949,1
1370,1,0,1,0,1,1.0,0,0.599009,0
1371,0,0,0,0,1,3.0625,70,0.0999585,0
1372,1,0,0,1,1,2.0,68,-0.1750805,0
1373,1,0,1,0,1,9.65,0,-0.9803841,0
1374,1,1,0,0,1,1.0,0,-0.0982466,0
1375,0,0,1,0,1,16.5,0,-1.166139,0
1376,0,0,0,0,0,16.0,0,-1.179792,1
1377,0,0,0,1,1,12.0,1,-0.0143759,0
1378,1,1,1,0,1,0.0,0,-0.0713725,0
1379,0,1,0,0,1,4.71875,18,0.3410177,0
1380,1,1,0,0,1,1.0,0,1.852008,0
1381,0,0,1,0,1,7.975,0,0.0046063,1
1382,0,0,1,0,1,11.05,0,-0.0724859,0
1383,0,1,1,0,1,4.0625,0,0.3685762,0
1384,1,1,0,0,1,12.04315,0,-0.1220522,0
1385,1,0,0,1,1,4.0,46,-0.4308668,0
1386,1,0,0,1,1,1.5,0,2.104094,0
1387,0,1,0,1,1,7.175,0,-1.682158,0
1388,0,0,0,0,1,0.0,20,1.477949,1
1389,0,0,0,1,1,20.5,0,-0.2016248,0
1390,0,1,0,1,0,6.5625,0,0.0701202,0
1391,0,0,1,0,1,4.367975,0,0.1423709,0
1392,0,0,0,0,1,5.5,0,0.3026842,0
1393,1,0,0,0,1,1.042857,0,-0.3241286,1
1394,0,0,1,0,1,9.157784,0,-0.1287432,0
1395,1,1,0,1,1,0.0,0,1.489442,0
1396,0,0,0,1,1,7.8125,0,0.076759,0
1397,1,0,1,0,1,0.0,0,-0.0126315,0
1398,0,0,1,0,1,6.09375,0,0.3384607,1
1399,1,0,1,0,1,0.0,0,0.7918204,0
1400,1,1,1,0,1,2.0,0,-0.2848492,0
1401,0,1,1,0,1,8.5,0,-0.4310254,0
1402,1,1,0,0,1,0.1375,0,1.317717,0
1403,1,1,0,0,0,0.0,176,1.455074,1
1404,1,1,0,1,1,23.625,0,-2.469955,0
1405,1,1,0,0,1,1.0,0,-1.307164,0
1406,0,0,0,0,0,0.0,79,0.2527789,0
1407,1,0,1,0,1,0.0,0,2.960272,1
1408,0,1,0,1,1,7.0,0,2.181976,0
1409,0,0,0,1,1,4.5,0,-1.107186,0
1410,1,1,0,0,1,0.0,0,1.943898,0
1411,1,0,0,0,0,35.5,0,-3.034688,0
1412,0,1,0,0,1,5.502512,0,0.1983941,0
1413,1,1,0,0,0,0.0,0,1.26796,1
1414,0,1,1,0,1,1.0,0,-0.1659448,0
1415,1,1,1,0,1,0.0,0,-0.0644809,1
1416,1,0,0,0,1,2.5,0,-2.354464,0
1417,1,1,1,0,1,1.0,0,-0.1529446,0
1418,1,0,0,0,1,7.275,0,-0.7918336,0
1419,1,0,0,0,1,0.0,0,,1
1420,1,1,0,0,1,0.625,0,1.146635,0
1421,1,0,0,1,1,17.3,0,-2.180989,0
1422,1,0,0,1,1,10.875,0,-2.904092,0
1423,0,1,1,0,1,13.3125,0,0.1567648,0
1424,1,0,0,1,1,10.9625,0,0.6670787,0
1425,1,0,0,1,1,11.825,0,-2.991185,0
1426,1,1,1,0,0,36.5,0,-0.2123226,0
1427,1,0,0,0,1,7.7875,0,-0.9032374,0
1428,1,0,0,1,1,5.5,38,-0.112014,0
1429,1,0,1,0,1,13.5,0,-0.1537534,0
1430,1,1,1,0,1,17.0,0,-0.213439,0
1431,0,0,0,0,1,4.5,0,0.113103,0
1432,0,1,1,0,1,0.0,3,0.1106932,1
1433,0,0,1,0,1,5.5,0,0.3994971,0
1434,1,0,0,1,1,17.0,0,-2.415583,1
1435,1,0,0,0,1,3.0,0,-2.329974,0
1436,0,0,1,0,1,21.5125,0,-0.7395306,0
1437,0,0,0,0,1,3.509615,0,1.911913,0
1438,1,1,1,0,1,0.0,0,3.660017,0
1439,1,0,1,0,1,3.1875,0,-1.451822,0
1440,1,0,0,1,0,0.0,3,0.428814,1
1441,0,1,0,1,1,8.381866,0,-0.0519872,0
1442,1,1,0,1,1,10.0,0,0.7108269,0
1443,0,1,1,0,1,0.0,0,0.6906898,0
1444,0,1,0,1,1,2.375,0,-0.4205488,0
1445,0,0,0,1,1,4.0,0,0.5078027,0
1446,1,0,0,1,1,6.5,0,0.4199686,0
1447,1,1,1,0,1,3.5,0,0.8007069,0
1448,1,0,0,0,1,4.9375,0,-0.7348663,0
1449,1,1,1,0,1,0.0,0,1.999922,0
1450,0,0,0,0,1,3.9375,0,-1.804181,0
1451,0,1,1,0,1,15.0,0,-0.6983241,0
1452,1,0,0,0,0,8.375,0,-0.8892919,0
1453,0,0,0,1,1,6.0,0,-1.412105,0
1454,1,1,0,1,1,9.1875,0,-1.563435,0
1455,1,1,1,0,1,0.0,0,2.919139,1
1456,1,0,0,1,1,25.0,0,-1.640212,0
1457,1,0,0,0,1,3.5,0,0.6561496,1
1458,0,1,0,0,0,0.0,166,,1
1459,1,1,0,1,1,0.5,117,0.3538139,0
1460,1,1,0,1,1,2.335751,0,0.5567449,0
1461,1,1,0,0,1,2.138672,0,0.3871164,0
1462,0,0,1,0,1,4.5,0,0.404235,1
1463,1,1,0,1,1,3.016529,0,-1.019096,0
1464,1,0,0,0,1,0.0,18,1.1596,1
1465,0,0,0,1,1,13.625,0,-1.178497,0
1466,1,0,0,0,1,4.0,0,-1.263751,0
1467,1,1,1,0,1,0.9375,0,-0.1172204,0
1468,1,0,0,0,0,1.042857,0,0.9737047,0
1469,0,1,0,1,1,0.0,0,0.8117738,0
1470,1,0,0,1,1,0.5,24,0.6392553,0
1471,1,1,0,0,1,2.614613,0,0.5806021,0
1472,0,0,0,1,1,0.0,0,1.577434,0
1473,1,0,0,1,1,27.64142,0,-0.8995184,1
1474,0,1,0,1,0,0.0,0,0.1751565,0
1475,0,0,0,0,1,6.5,0,-0.5533952,0
1476,1,1,1,0,1,0.0,0,2.096165,0
1477,1,0,0,0,1,11.075,0,-1.054159,1
1478,1,1,0,0,0,2.0,0,1.11669,0
1479,0,0,0,0,1,4.9375,0,-1.427282,1
1480,0,1,0,1,1,0.0,0,-0.0125842,0
1481,1,1,1,0,1,0.0,0,0.9682592,1
1482,1,1,1,0,1,1.0,0,2.624569,0
1483,1,1,0,0,0,0.0,0,0.3470605,0
1484,1,1,0,1,1,9.375,0,-1.299604,0
1485,1,1,0,0,1,0.0,0,0.1348942,0
1486,1,1,0,1,0,20.5,0,-2.28484,0
1487,0,0,0,0,1,9.641509,1,-2.783865,0
1488,0,1,0,0,1,0.0,0,2.662118,0
1489,1,1,1,0,1,11.0,0,0.2536673,1
1490,0,0,0,0,1,2.0,0,-0.9658127,0
1491,0,1,0,0,1,4.0,0,0.2937806,0
1492,1,0,0,1,1,3.5,0,0.8664941,1
1493,1,1,1,0,1,0.0,0,2.858337,0
1494,1,1,0,0,1,0.0,0,0.0615233,0
1495,1,1,1,0,1,9.9625,0,1.285078,0
1496,0,0,0,0,1,7.0,144,1.749468,1
1497,1,0,0,0,1,15.5,1,-2.048351,0
1498,0,0,0,1,1,0.0,0,1.785161,0
1499,1,1,0,1,0,3.5,0,-0.3345871,1
1500,0,0,0,1,0,6.0,0,0.1688527,1
1501,1,0,0,0,1,0.7375,0,-1.297117,1
1502,1,1,0,1,1,8.125,0,1.287582,0
1503,1,0,0,1,1,9.6,0,-0.1100374,0
1504,1,1,1,0,0,0.0,0,2.036543,1
1505,0,0,0,0,1,13.125,0,-0.9982353,0
1506,0,0,1,0,1,9.0,0,0.1433696,0
1507,1,1,1,0,1,0.0,0,3.379176,0
1508,1,1,1,0,1,0.0,0,0.4946498,0
1509,0,1,0,1,0,0.0,0,0.4632254,0
1510,1,1,0,0,0,0.0,0,2.120318,1
1511,1,1,0,1,1,0.5,15,2.347232,0
1512,1,0,1,0,1,7.9375,0,0.0982295,0
1513,1,0,0,0,1,15.2994,0,-1.08401,0
1514,0,0,0,0,1,2.0,0,1.130103,0
1515,1,0,1,0,1,11.225,0,-2.70544,0
1516,1,0,0,0,1,5.0,5,1.137699,0
1517,0,0,1,0,0,11.8125,0,-1.054556,0
1518,0,1,0,0,1,0.0,0,1.059708,0
1519,0,1,0,0,1,0.0,16,2.662118,1
1520,0,0,1,0,1,0.0,0,1.107441,0
1521,1,1,1,0,1,17.75,0,-0.8042857,0
1522,1,0,1,0,1,5.5,58,0.1933548,0
1523,0,0,0,1,1,4.5,0,-0.4137972,0
1524,1,1,0,0,1,0.0,0,,0
1525,1,1,0,0,0,19.5,0,-1.116726,0
1526,1,0,1,0,1,9.525,0,-0.0994939,0
1527,0,0,0,1,1,9.3025,0,-1.630865,0
1528,1,1,0,0,0,6.625,0,-0.7662651,1
1529,1,1,1,0,1,2.8375,0,0.3954654,0
1530,0,0,0,1,1,12.75625,0,-1.115978,0
1531,1,0,1,0,0,10.975,0,-0.1481807,0
1532,1,0,0,0,1,6.5,0,0.2258503,1
1533,1,0,1,0,1,13.025,0,-1.176423,0
1534,1,0,1,0,1,9.3625,0,0.1449174,0
1535,1,0,0,1,1,0.0,0,0.0578982,0
1536,0,1,0,1,1,3.875,0,-0.4251954,0
1537,1,1,1,0,1,1.0,0,1.563062,1
1538,0,1,1,0,1,5.625,0,-2.395714,0
1539,1,0,0,1,1,8.90625,0,0.0717151,0
1540,1,0,0,0,1,0.0,0,2.0484,0
1541,1,1,0,1,0,3.0,0,-0.5265831,0
1542,1,0,1,0,1,3.0,0,-0.2046626,0
1543,1,0,1,0,1,3.75,0,-0.5922774,0
1544,1,0,0,1,1,11.625,0,-1.010036,0
1545,1,1,0,0,1,0.0,0,1.278796,0
1546,0,0,1,0,1,10.1875,0,-0.6584084,0
1547,1,0,0,1,1,2.0,0,0.7383319,0
1548,1,1,0,0,1,4.5,4,-0.4969094,0
1549,1,0,0,0,1,0.0,15,-0.1755145,1
1550,1,0,1,0,1,17.975,0,-1.448003,0
1551,0,1,0,0,1,0.0,0,0.6768435,0
1552,1,1,0,0,1,1.0,0,-0.9938673,0
1553,1,1,0,1,1,0.0,0,0.7657007,0
1554,1,1,1,0,1,2.0,0,3.400756,0
1555,1,1,0,1,1,7.375,0,-1.486555,0
1556,0,1,1,0,1,12.6875,0,-1.101838,0
1557,1,1,0,1,0,4.0,4,1.722627,1
1558,1,1,0,0,0,0.0,0,0.5063949,1
1559,1,1,0,1,1,0.0,0,3.041379,0
1560,1,0,0,0,1,0.5,0,0.6537697,1
1561,0,0,0,1,1,8.6875,0,0.9605941,0
1562,1,1,0,0,0,3.0,0,-0.0285774,1
1563,1,1,0,0,1,26.0,0,-1.567062,0
1564,0,1,1,0,0,5.0,0,1.043715,0
1565,1,0,0,1,1,0.0,3,0.2399432,0
1566,1,1,1,0,1,17.13125,0,-1.101992,0
1567,1,1,1,0,1,0.5,0,0.9678469,0
1568,1,0,0,0,1,3.016529,0,1.995373,1
1569,0,1,0,0,1,14.125,0,-1.133434,0
1570,0,0,0,0,1,1.5,0,-0.5439914,0
1571,0,1,1,0,1,13.0,0,-1.534918,0
1572,1,0,0,1,1,13.125,0,-1.629035,0
1573,1,1,1,0,1,15.4875,8,-2.52477,1
1574,0,0,1,0,0,0.0,0,0.1383045,1
1575,1,1,0,1,1,0.0,0,1.178996,0
1576,1,1,0,1,1,7.0,0,-0.4286419,1
1577,1,1,1,0,1,10.13875,0,-0.9012847,0
1578,1,1,1,0,1,7.96875,0,0.1911909,0
1579,1,1,0,0,1,12.5,0,-0.5710257,0
1580,1,0,1,0,0,12.875,0,0.5814887,0
1581,0,1,0,0,0,0.0,0,2.68814,1
1582,0,0,0,1,1,16.675,0,-2.003845,0
1583,0,0,0,0,1,0.0,28,0.6521696,1
1584,1,0,0,1,1,0.0,0,2.705289,0
1585,1,0,0,0,1,5.5,0,0.4723713,0
1586,0,0,1,0,0,5.1425,0,0.2175684,1
1587,1,1,1,0,1,1.0,1,0.2877578,0
1588,0,0,1,0,1,1.0,1,1.099298,0
1589,1,0,1,0,1,0.0,0,1.337532,0
1590,1,0,1,0,1,3.375,0,1.043888,0
1591,1,1,0,1,1,12.875,0,-1.165867,0
1592,1,1,1,0,1,2.0,0,-0.0233763,0
1593,0,1,0,0,1,16.0,16,-2.30744,1
1594,0,0,0,0,1,21.75,28,-3.492131,1
1595,0,1,1,0,1,7.5125,0,-1.513177,0
1596,1,1,0,1,1,1.0,0,-0.4963606,0
1597,1,0,1,0,1,15.025,0,-0.3774103,1
1598,0,1,0,0,1,13.5625,0,-0.1213349,0
1599,0,0,1,0,1,0.0,59,1.981294,1
1600,1,1,1,0,1,11.66875,0,-1.009253,0
1601,0,1,0,0,0,8.0,0,-0.8997915,1
1602,1,0,0,1,1,0.0,19,2.577056,0
1603,1,1,1,0,1,12.1875,0,-0.6907886,1
1604,0,0,0,1,1,5.625,0,0.9583286,0
1605,1,0,1,0,1,5.0,0,-1.768956,0
1606,0,0,1,0,1,14.21875,0,-1.272685,0
1607,1,0,1,0,1,6.625,0,0.0414341,0
1608,0,1,0,1,1,0.0,0,-1.012589,0
1609,1,1,0,1,1,0.0,0,1.411081,0
1610,1,0,0,0,0,0.0,0,-0.2838746,1
1611,1,0,0,1,1,1.0,0,1.594068,0
1612,0,0,0,1,1,14.53125,0,-1.919427,0
1613,0,0,1,0,1,1.0,0,-0.081424,0
1614,1,0,0,1,1,14.5,30,-0.6874858,0
1615,1,0,1,0,1,0.0,0,2.190037,0
1616,1,0,0,0,1,5.5,0,-0.5959476,1
1617,1,0,0,1,1,3.0,0,0.4128538,0
1618,1,1,1,0,0,0.0,0,2.598426,0
1619,1,1,1,0,0,2.5,0,0.3803737,0
1620,1,1,0,1,1,6.0,0,-0.1032527,0
1621,0,0,0,1,1,0.0,1,0.7014432,1
1622,1,1,0,0,0,0.0,0,0.6660075,0
1623,1,1,1,0,0,18.6875,0,0.2281561,0
1624,1,1,1,0,1,0.0,194,3.115349,1
1625,1,0,1,0,1,9.5,0,0.4334257,0
1626,1,0,0,1,1,10.0625,0,-1.04566,0
1627,1,0,0,1,1,2.0,8,-1.137402,0
1628,1,0,0,0,1,10.0551,45,-0.7617611,0
1629,1,0,0,0,1,0.4375,0,-0.4291984,1
1630,1,0,0,1,1,10.45,0,-0.0471491,0
1631,0,0,0,0,0,5.375,0,0.1149087,1
1632,1,0,0,1,1,4.0,0,0.4226208,0
1633,1,1,1,0,1,6.25,0,-2.651044,1
1634,1,0,1,0,1,12.8375,0,-0.9402676,0
1635,1,1,0,1,0,0.0,77,0.4795877,0
1636,1,1,0,1,1,8.325,102,-0.1995158,0
1637,1,1,0,0,1,0.0,0,,0
1638,1,0,1,0,1,13.65,0,-2.208539,1
1639,0,1,0,0,1,22.0,0,-1.041458,1
1640,1,1,1,0,1,0.0,0,3.478494,0
1641,0,0,0,0,1,10.59375,0,-1.064128,0
1642,1,1,0,0,0,2.625899,0,0.4371543,1
1643,0,0,0,1,1,10.2875,0,-0.16314,0
1644,1,1,0,0,0,0.0,23,1.35172,0
1645,1,0,1,0,1,0.0,0,0.5902017,0
1646,1,0,1,0,1,1.5,27,1.649701,0
1647,0,0,0,1,1,21.5,0,-1.227675,1
1648,1,1,0,1,1,1.0,0,1.856233,0
1649,0,0,0,1,1,0.0,0,0.5585901,0
1650,1,0,0,0,1,18.63556,0,-1.282115,0
1651,0,0,1,0,1,10.5875,0,-0.0485523,0
1652,1,0,0,0,1,0.0,0,1.165018,1
1653,0,1,0,0,0,5.625,0,0.1259799,0
1654,0,0,1,0,1,15.125,0,-2.124588,0
1655,0,0,1,0,1,3.5,0,-0.6480901,0
1656,1,1,1,0,1,0.0,0,1.597061,0
1657,0,0,1,0,1,11.5,0,-0.0594267,0
1658,1,0,1,0,0,0.0,0,1.192245,1
1659,1,0,1,0,1,0.5,0,1.421168,0
1660,0,1,0,0,1,9.0,0,0.0179837,0
1661,1,0,0,0,1,13.3075,0,-1.238352,1
1662,1,0,1,0,1,10.78125,0,0.1343676,1
1663,1,0,1,0,1,9.25,0,-0.089254,0
1664,1,1,0,0,1,9.5,0,0.1096085,0
1665,1,1,0,1,1,12.0,0,-0.8515702,0
1666,0,0,0,0,1,0.0,1,1.458661,0
1667,0,1,1,0,1,0.0,0,0.8894587,0
1668,1,0,1,0,1,1.6875,0,0.4090533,0
1669,1,1,0,1,1,0.0,0,1.822653,0
1670,1,0,0,1,1,11.925,0,-1.764552,0
1671,0,0,1,0,1,16.90625,0,-0.4298718,0
1672,1,0,1,0,1,6.1875,0,-0.6370926,1
1673,1,1,0,1,1,10.6875,0,-0.8918209,0
1674,0,1,0,0,0,6.0,0,-0.7047265,0
1675,0,0,0,0,0,7.468615,0,-0.9451567,1
1676,1,1,1,0,0,8.6875,0,1.304442,0
1677,1,1,0,1,1,8.15,0,-1.485669,0
1678,1,1,0,0,1,8.5,0,0.1208518,0
1679,1,0,0,1,1,5.0,0,-0.504928,0
1680,1,1,0,0,1,1.0,0,-0.7572607,0
1681,1,1,0,0,1,0.0,163,0.8676725,0
1682,0,0,0,0,1,10.0,0,-0.9412799,0
1683,0,1,1,0,1,2.0,0,2.150402,0
1684,1,1,1,0,1,0.0,0,0.5089788,0
1685,0,0,1,0,1,17.8125,0,-0.2898597,0
1686,1,1,0,0,1,7.5,0,-0.816013,0
1687,1,1,0,1,1,0.0,0,0.778106,0
1688,0,1,0,1,0,4.0,0,0.2916743,0
1689,0,1,0,0,1,0.0,30,1.387915,0
1690,1,1,1,0,0,11.0,0,1.122642,1
1691,1,1,1,0,1,0.0,0,3.095819,0
1692,1,1,0,0,1,5.6875,185,0.1063633,0
1693,1,1,0,0,1,0.0,14,-0.2794653,0
1694,1,1,0,1,0,0.0,0,0.593083,1
1695,1,0,0,0,1,3.0,0,-2.064492,0
1696,0,0,1,0,1,1.875,0,-1.114056,0
1697,1,0,0,1,1,10.625,0,0.8599848,1
1698,0,0,1,0,1,4.6625,26,1.094842,0
1699,0,0,0,1,1,9.0,17,0.3382421,0
1700,1,0,0,0,0,4.639831,0,0.1139195,1
1701,1,1,1,0,1,12.0,0,1.420084,0
1702,1,0,0,0,0,2.212121,0,-1.079689,1
1703,1,0,0,0,0,25.0,0,-1.778425,0
1704,1,0,1,0,1,4.6875,103,0.5200617,0
1705,0,0,1,0,1,1.40625,0,0.7016989,1
1706,0,1,0,0,1,1.0,0,0.5813004,0
1707,1,1,0,1,0,9.06125,0,-0.9108545,1
1708,0,1,0,1,1,0.0,0,-0.2187422,0
1709,1,1,0,1,1,7.5,0,-0.4959903,0
1710,0,1,0,0,1,6.5,0,-2.384478,0
1711,0,1,0,1,1,11.5,5,-0.447114,0
1712,1,0,0,0,1,1.875,0,0.3343975,0
1713,1,1,0,0,1,17.0,0,-1.078801,0
1714,1,0,0,0,1,10.175,0,-0.1761107,1
1715,0,0,0,0,0,3.5,0,-1.202605,0
1716,1,0,0,0,1,4.0,95,0.3298753,0
1717,1,0,1,0,1,9.5,0,0.7003796,0
1718,1,0,1,0,1,0.0,1,1.75558,1
1719,1,0,0,0,1,9.05,0,-0.9406181,1
1720,1,0,1,0,1,12.1875,0,-1.141066,0
1721,1,0,1,0,1,6.5625,0,-0.5441748,0
1722,1,0,1,0,0,0.0,0,0.4839965,0
1723,1,1,1,0,0,0.0,0,-0.4028893,0
1724,1,0,0,0,1,11.5,0,-1.452517,1
1725,1,1,1,0,1,0.0,0,0.3967616,1
1726,1,1,0,0,1,2.5,0,0.3875225,0
1727,1,1,0,1,1,21.5,0,-0.9734729,0
1728,1,1,0,0,1,0.0,0,1.138573,0
1729,0,0,0,0,1,0.0,0,-0.0911695,0
1730,1,1,0,0,1,9.1625,0,-2.754544,0
1731,1,0,0,0,1,1.505155,0,1.205443,1
1732,1,0,1,0,1,9.84375,0,0.1727394,0
1733,1,0,0,1,1,4.0,0,-1.018218,0
1734,1,0,0,1,1,6.09375,0,-0.3229726,0
1735,1,1,0,1,1,9.875,0,0.3707328,0
1736,0,1,0,0,1,0.0,0,-0.112088,0
1737,1,1,0,0,1,28.0,0,-1.083351,0
1738,0,1,0,0,1,2.0,34,-0.2984958,0
1739,1,0,0,0,1,0.0,52,0.4847229,1
1740,1,1,0,0,1,15.0625,5,0.4431039,0
1741,1,1,0,1,1,0.0,3,-0.6552777,0
1742,0,0,0,1,1,2.0,17,-0.39354,1
1743,1,1,0,0,1,2.0,0,0.479181,0
1744,1,1,0,1,1,1.0,0,0.9807141,0
1745,0,1,0,0,1,9.375,0,0.886378,0
1746,0,0,1,0,1,11.42,0,-0.1922701,0
1747,1,0,1,0,1,0.0,0,1.431397,0
1748,0,1,0,0,0,0.0,113,0.4842502,1
1749,0,0,1,0,1,16.5,0,-3.197308,0
1750,1,0,0,1,1,1.5625,0,-1.245085,0
1751,0,1,0,0,1,0.0,0,0.0911667,0
1752,0,0,0,0,1,8.0,0,-0.6505632,0
1753,1,0,0,1,1,9.4375,0,0.7996417,0
1754,1,1,0,1,1,5.0,0,-1.353597,0
1755,0,0,0,0,0,0.75,0,1.280896,0
1756,0,0,1,0,1,6.5625,0,0.1022114,0
1757,1,0,1,0,1,0.0,0,1.624762,0
1758,0,1,0,1,1,0.0,88,0.7014432,0
1759,1,0,0,0,1,28.03125,0,-2.099628,0
1760,1,1,1,0,0,2.05,0,1.227784,0
1761,1,1,1,0,1,0.0,0,1.392574,1
1762,1,1,1,0,1,0.0,0,1.459718,0
1763,0,0,0,1,1,10.94625,0,-0.9384298,0
1764,0,0,0,0,1,0.0,23,-0.6154566,1
1765,1,0,0,1,1,7.5,0,0.0225592,0
1766,1,0,0,1,0,0.0,0,1.488785,0
1767,1,0,0,0,1,11.725,0,-1.117715,0
1768,0,1,1,0,1,1.0,0,1.485656,0
1769,1,0,0,0,1,8.5625,0,-2.766773,0
1770,1,0,0,0,1,38.5,0,-3.218249,0
1771,1,0,0,1,1,3.0,0,1.332314,0
1772,1,0,0,1,1,0.0,0,0.9628127,0
1773,1,0,0,1,0,0.0,0,-1.529107,0
1774,1,0,0,0,1,4.0,0,-1.544353,1
1775,1,1,0,0,1,0.0,107,1.391261,0
1776,0,0,1,0,1,1.5,48,0.8695081,0
1777,1,0,0,1,1,11.25,0,0.942298,0
1778,1,0,0,0,0,0.9707447,0,0.7088153,0
1779,0,0,0,0,1,3.405,0,0.6436579,0
1780,0,1,0,1,1,0.0,50,0.2126555,0
1781,1,1,0,0,1,2.1875,0,-0.6296566,1
1782,1,0,0,1,1,1.5,0,-0.0608691,0
1783,0,1,1,0,1,12.475,0,-0.2664415,0
1784,1,1,0,0,1,0.0,0,,1
1785,1,0,0,0,1,3.0,0,1.479913,0
1786,1,0,1,0,1,7.5,0,-0.0759595,1
1787,1,1,1,0,1,10.25,0,-1.591451,1
1788,1,0,0,1,1,14.0,0,-0.8876536,0
1789,1,0,0,0,1,42.5,145,-0.8940433,0
1790,1,0,1,0,1,7.025,0,-0.599981,1
1791,1,0,0,1,1,2.8125,0,1.289809,0
1792,1,1,0,0,0,0.0,5,-0.9057907,1
1793,1,0,1,0,1,11.4675,0,-0.1163595,1
1794,1,1,0,1,1,16.09375,0,-0.4059892,0
1795,1,1,0,1,1,23.0,0,-0.490603,1
1796,1,1,1,0,1,18.5,0,-1.052291,0
1797,0,1,1,0,1,0.0,0,1.317746,0
1798,0,0,1,0,1,3.0,0,0.3337858,0
1799,1,1,1,0,1,1.0,0,0.551742,0
1800,1,0,1,0,0,4.6875,0,1.199832,0
1801,1,1,0,0,1,0.0,12,1.29754,0
1802,1,1,0,1,1,0.0,0,0.2780879,0
1803,0,1,1,0,1,2.5,0,1.022131,0
1804,1,0,0,1,1,5.5,0,-0.7228063,0
1805,1,0,0,1,1,13.2625,0,-1.889785,0
1806,1,0,0,1,1,10.725,0,-0.8758109,0
1807,1,1,0,1,1,1.5,0,0.5323416,0
1808,0,1,0,0,1,1.5,202,-2.082808,0
1809,1,0,1,0,0,10.0,78,0.0613605,0
1810,0,0,0,0,1,2.5,0,1.419988,1
1811,1,0,1,0,1,10.6875,0,-0.0990329,0
1812,0,1,0,1,1,0.0,0,0.6988003,0
1813,1,1,0,0,0,10.0,0,0.1697206,0
1814,1,0,1,0,1,9.3375,0,0.1267638,0
1815,0,1,0,1,1,0.0,0,3.236427,0
1816,1,0,0,1,0,4.0,5,0.5542133,0
1817,1,0,1,0,1,10.69125,0,0.1188506,0
1818,1,0,0,1,1,15.0,0,-0.3954501,0
1819,1,0,0,0,1,11.6175,0,-0.2072942,0
1820,0,1,1,0,1,1.0,0,-0.0789483,0
1821,0,1,1,0,1,5.0,0,0.522172,0
1822,1,0,0,0,1,4.0,0,1.190048,0
1823,1,1,0,1,0,7.5,0,-1.702218,1
1824,1,0,0,1,1,1.5,0,-0.6364703,0
1825,1,0,1,0,1,6.075,0,-1.670651,0
1826,0,0,1,0,1,8.4375,0,-1.083344,0
1827,1,0,0,1,0,7.5,0,0.3506814,0
1828,1,0,0,0,1,2.0,0,0.4201408,0
1829,1,0,1,0,1,6.885773,0,0.0061713,0
1830,1,0,0,0,1,0.0,0,-0.2080225,0
1831,1,1,0,0,1,2.632211,0,0.4230157,0
1832,1,0,0,0,1,2.5,0,-0.5081794,1
1833,0,0,0,0,1,10.0,0,-1.606345,0
1834,1,0,1,0,1,1.0,0,0.9103814,0
1835,1,1,0,0,0,0.0,215,1.325932,1
1836,1,0,0,1,1,5.5625,0,0.6539322,0
1837,1,0,1,0,1,1.5,0,-0.7683988,1
1838,0,0,1,0,1,0.0,0,-1.211946,0
1839,1,1,0,0,0,6.0,0,1.014603,0
1840,0,1,1,0,1,1.875,0,0.646774,0
1841,1,1,1,0,1,1.5,0,0.752157,0
1842,1,0,0,0,1,9.64375,0,-1.671921,0
1843,1,0,0,1,1,2.664234,0,1.644824,1
1844,1,1,0,0,0,0.0,0,1.349201,1
1845,0,0,0,0,1,0.0,0,-0.7345117,1
1846,1,1,0,0,1,20.0,0,-3.213972,1
1847,1,0,1,0,0,4.0,0,0.3851423,0
1848,1,0,0,1,1,0.0,0,0.8718917,0
1849,1,0,0,0,1,0.0,0,0.8639833,0
1850,1,0,1,0,1,7.0,0,0.1210555,0
1851,1,0,0,0,1,12.575,117,-0.3556032,0
1852,1,1,0,1,1,5.0,2,-1.413146,0
1853,0,0,1,0,1,4.275,0,0.4640937,1
1854,1,1,0,0,1,14.0,0,-2.866137,0
1855,1,0,0,1,1,8.5,68,0.732326,0
1856,1,0,1,0,0,10.8125,0,-0.9215768,0
1857,1,0,0,0,1,0.0,0,0.9939811,0
1858,1,0,0,1,1,10.875,0,-0.9099278,0
1859,1,1,0,1,0,12.5,0,0.118792,0
1860,0,0,0,0,1,4.375,0,0.1167419,1
1861,1,0,0,1,1,1.0,0,-0.0790301,0
1862,1,1,0,1,1,2.0,0,0.3868073,0
1863,0,1,0,0,1,20.0,0,-1.287284,0
1864,1,0,0,1,1,2.8125,0,0.3378502,0
1865,0,1,1,0,1,0.5,8,0.4185089,0
1866,1,1,0,1,1,5.0,0,-0.3482121,0
1867,1,0,0,0,1,11.375,0,-1.074506,1
1868,1,0,0,1,0,15.5,0,0.2292755,1
1869,0,1,0,1,0,0.0,0,1.314985,0
1870,1,0,0,1,1,17.0,4,-0.4043695,0
1871,1,1,0,0,1,7.0,0,-2.378274,1
1872,1,0,1,0,1,0.0,0,-0.4967318,1
1873,0,0,0,0,1,1.754808,0,1.427927,0
1874,1,0,0,1,1,4.5,1,1.119305,0
1875,1,1,1,0,1,3.432602,22,-0.3685101,0
1876,1,0,0,1,1,5.5,0,0.6861638,0
1877,0,0,0,1,1,0.0,0,1.443503,0
1878,1,0,0,0,1,3.375,0,-1.334499,1
1879,1,1,0,1,1,0.0,0,2.711964,0
1880,0,1,0,1,1,27.0,0,-1.829463,0
1881,0,0,0,0,1,4.5,0,0.3755946,0
1882,1,0,0,1,1,12.645,0,-0.2759574,0
1883,0,0,0,0,0,0.0,26,-0.2282494,0
1884,0,1,0,0,0,0.0,0,1.066524,0
1885,0,0,1,0,1,25.0,0,-1.687344,0
1886,1,0,1,0,1,2.34375,0,2.078805,0
1887,1,0,0,1,1,0.0,0,0.6689831,0
1888,1,1,1,0,0,8.034085,0,-1.522928,0
1889,1,1,0,0,1,4.125,0,-0.3465029,0
1890,0,1,0,0,0,10.3125,0,-1.060505,0
1891,1,1,1,0,1,0.0,0,2.1552,0
1892,1,0,0,0,1,0.0,0,0.2716706,0
1893,0,1,0,0,1,11.125,0,-0.6448146,0
1894,0,1,0,1,1,11.0,146,0.0281926,0
1895,1,1,1,0,1,0.0,135,2.346434,0
1896,1,1,0,1,1,4.0,27,-0.3841564,0
1897,0,1,0,0,1,2.0,7,-1.541554,0
1898,1,0,1,0,1,12.0,0,-0.424848,0
1899,1,0,0,1,1,6.4375,0,-0.7040665,0
1900,1,0,0,1,1,2.0,0,-0.4331245,0
1901,1,0,0,1,1,12.1875,0,-0.7824038,0
1902,1,0,1,0,1,0.0,0,0.6808636,0
1903,1,1,0,1,1,10.5375,0,-0.8898867,0
1904,1,0,1,0,1,3.5,42,0.4829014,0
1905,0,0,0,0,1,4.5,0,0.2298862,1
1906,1,0,0,0,1,0.0,0,1.456277,1
1907,1,0,0,1,1,1.0625,0,-0.1258071,0
1908,1,1,0,0,1,1.0,0,-0.3099879,0
1909,1,1,0,0,0,1.0,1,1.436135,0
1910,1,0,0,1,1,0.0,0,0.2293045,0
1911,0,1,0,1,1,4.5,79,-2.291932,0
1912,0,1,0,0,1,7.5,151,-0.5096459,0
1913,1,1,0,0,1,5.0,0,0.350139,0
1914,1,1,0,1,0,0.0,0,0.9303824,0
1915,0,0,0,1,0,2.0,0,-0.3267847,0
1916,0,0,0,1,1,10.5,0,-1.928773,0
1917,0,0,0,0,1,1.5,0,0.3764696,0
1918,1,0,0,0,1,16.0,0,-0.7296591,0
1919,1,0,1,0,1,8.45,0,-1.572022,0
1920,0,0,0,1,0,0.0,0,0.1170579,0
1921,1,0,0,1,1,0.0,6,1.129954,0
1922,1,0,0,1,1,5.5,0,0.6219082,0
1923,0,1,1,0,1,3.5,0,-2.38326,0
1924,1,1,0,0,1,3.5,0,0.201037,1
1925,1,1,0,1,0,0.0,0,1.513784,0
1926,1,1,1,0,1,6.0,0,0.5467377,0
1927,1,0,0,0,1,6.09375,0,-1.821352,0
1928,1,0,0,0,1,33.8125,0,0.4128589,0
1929,1,0,1,0,1,4.0,0,-0.7719198,0
1930,1,1,0,1,1,1.0,0,-2.14657,0
1931,1,1,1,0,1,0.0,0,1.493621,0
1932,1,0,1,0,1,1.0,0,-0.0025931,0
1933,1,0,0,1,1,7.9375,0,0.1189263,0
1934,1,0,0,1,1,5.3125,0,0.1126721,0
1935,1,0,0,1,1,10.4375,0,-2.655128,0
1936,1,0,0,1,1,9.64875,0,-1.934132,0
1937,1,0,0,1,1,10.65625,0,-0.176162,0
1938,1,1,0,1,1,10.1875,0,0.3423308,0
1939,0,0,1,0,1,1.5,0,-1.249083,1
1940,0,0,0,1,0,10.75,0,-0.1331295,0
1941,1,1,0,0,1,2.5,0,-0.3239672,0
1942,1,1,1,0,1,10.5,0,-1.083778,0
1943,1,0,0,0,0,4.0,0,-0.3847499,0
1944,1,1,1,0,1,12.9,0,-2.182921,0
1945,0,0,0,0,0,7.125,0,-1.511325,1
1946,1,0,0,0,1,8.4875,0,-1.657693,0
1947,1,1,0,0,0,0.0,1,1.278796,0
1948,1,0,1,0,1,12.5,2,-0.0574184,0
1949,1,0,1,0,1,0.0,0,0.3423123,0
1950,0,1,1,0,1,17.0,14,-1.084522,0
1951,1,1,1,0,1,1.0,0,1.839764,1
1952,0,1,0,1,0,11.5,0,-1.938982,0
1953,1,0,1,0,1,0.375,15,1.324922,0
1954,1,1,0,0,1,0.0,0,1.532129,0
1955,1,0,0,1,0,8.25,0,-2.745259,0
1956,1,1,0,1,1,0.0,29,1.473844,0
1957,1,1,0,1,0,2.0,0,-0.2351445,0
1958,1,1,0,0,1,0.0,0,0.7447872,0
1959,1,1,1,0,1,1.0,0,1.67097,0
1960,0,0,0,1,1,0.0,125,0.9388583,0
1961,1,1,0,0,1,14.5,0,-0.798148,0
1962,0,0,1,0,1,9.75,0,-1.97272,0
1963,1,0,1,0,1,2.842679,0,0.1647808,1
1964,0,0,0,1,0,7.0,0,-1.589072,0
1965,0,0,1,0,1,25.73375,0,-1.884765,0
1966,1,1,0,1,1,24.5,0,-0.5939043,0
1967,1,1,1,0,1,0.0,0,3.528999,0
1968,1,0,0,0,1,0.0,0,-0.2824484,1
1969,1,1,0,0,0,2.5,0,0.3089477,0
1970,0,1,0,1,1,3.004115,0,-0.0613298,0
1971,1,1,1,0,1,7.5,0,-0.5292144,0
1972,1,0,1,0,1,3.5,0,0.2265123,0
1973,0,0,1,0,1,13.0,2,-0.3217178,0
1974,0,0,0,1,0,0.0,0,1.852823,0
1975,1,0,0,0,1,10.825,0,0.6298333,0
1976,0,0,1,0,1,3.0,0,0.5799702,0
1977,1,0,0,0,1,0.5,4,1.264046,0
1978,0,1,0,0,1,0.0,0,0.1248176,0
1979,1,0,0,0,1,0.0,0,-0.0822095,1
1980,1,0,0,1,1,5.0,0,-1.236134,0
1981,0,1,0,1,1,1.0,0,0.8041864,0
1982,1,1,0,1,1,1.5,0,0.7408807,0
1983,0,1,0,1,0,25.0,0,-2.344532,0
1984,1,0,1,0,1,11.28125,0,-0.0128998,0
1985,1,1,0,1,1,4.6875,0,-0.167891,1
1986,1,0,1,0,1,9.85,0,-1.680872,0
1987,1,0,0,0,0,0.0,89,0.3851399,0
1988,1,1,0,1,1,4.0,0,-2.080529,0
1989,1,1,1,0,1,2.5,0,0.9865474,0
1990,0,1,0,1,1,0.0,0,-1.402994,1
1991,0,0,1,0,1,9.84375,0,0.0345501,0
1992,1,0,0,1,1,4.0,0,-1.455981,0
1993,1,0,0,1,1,2.5,0,-0.0656317,0
1994,0,0,0,1,1,14.625,17,-1.812886,0
1995,1,1,0,0,1,2.5,254,-0.4323273,0
1996,0,1,0,0,1,8.5,0,0.3174227,0
1997,1,1,1,0,1,2.0,0,1.463442,0
1998,1,0,0,1,1,6.5,0,-2.554528,0
1999,1,1,0,1,0,10.975,0,-0.1397862,0
2000,0,0,0,0,1,0.0,0,,1
2001,1,1,0,1,0,6.0,23,0.8392118,0
2002,1,0,1,0,1,7.53125,0,0.4053889,1
2003,1,1,0,0,1,11.9375,0,-0.9563274,0
2004,1,0,0,0,1,0.0,0,1.401681,1
2005,0,0,1,0,1,2.0,0,-0.566556,0
2006,0,0,0,0,1,0.0,0,2.499578,0
2007,1,0,0,0,1,25.5,0,-2.718007,0
2008,1,0,1,0,0,1.875,0,1.13127,0
2009,0,0,0,0,1,1.200658,0,-1.634298,1
2010,1,0,0,0,1,2.5,0,0.3983586,0
2011,1,0,1,0,1,10.7,50,-0.1439302,0
2012,1,0,0,0,1,15.0,49,-1.202855,1
2013,0,1,1,0,1,6.5,0,-0.1303604,0
2014,1,1,0,0,1,0.0,87,-1.287335,1
2015,1,0,0,1,1,9.5,0,-0.6220843,0
2016,1,0,0,0,0,6.0,0,-0.5426371,1
2017,0,0,0,0,0,28.07692,0,,1
2018,1,1,0,1,1,21.0,33,-0.6083812,0
2019,1,0,0,1,1,12.0,0,-0.8451594,1
2020,0,1,1,0,1,9.5,0,1.198324,0
2021,1,0,0,0,1,12.0,0,-0.8989236,0
2022,1,0,0,0,1,3.625,0,1.202964,0
2023,0,1,0,0,0,0.0,0,1.387156,1
2024,0,0,0,1,1,8.9575,0,-2.790229,1
2025,1,1,0,1,1,2.34375,0,2.330914,1
2026,1,0,0,1,1,2.875,0,-1.287226,0
2027,1,0,0,0,1,9.0,0,-0.9376027,0
2028,1,0,0,0,1,5.625,0,-0.5480009,0
2029,0,1,0,1,1,0.0,0,-0.3163826,0
2030,0,1,0,1,1,1.0,0,1.484988,0
2031,0,1,0,1,1,21.0,0,-0.4900126,1
2032,1,1,0,1,0,3.0,0,-1.529799,0
2033,1,0,0,0,1,0.0,0,,1
2034,1,0,0,0,1,1.0,0,0.8348613,0
2035,1,0,0,0,1,8.0,0,-0.7491709,0
2036,1,0,0,1,1,5.5,0,0.5778037,0
2037,1,0,0,1,0,0.25,0,1.24997,0
2038,1,1,0,0,1,5.5,80,-1.07251,1
2039,1,0,0,1,1,0.9375,0,1.192664,0
2040,1,0,0,1,1,0.0,0,-0.243043,0
2041,1,0,0,1,1,5.1,0,0.0967697,0
2042,1,1,0,1,0,2.8125,1,0.3222158,0
2043,1,0,1,0,1,3.75,0,0.2996476,0
2044,0,1,0,1,1,2.1875,0,-0.3615962,0
2045,0,1,1,0,1,5.25,0,1.231485,0
2046,1,1,0,0,1,8.0,0,-1.837809,1
2047,1,1,0,0,0,0.0,0,3.135859,0
2048,1,1,0,1,1,2.0,0,0.2539222,0
2049,1,0,0,1,1,3.5,1,1.373057,0
2050,1,1,1,0,1,1.5,131,-0.8881106,0
2051,1,1,0,0,0,0.0,41,0.6563703,1
2052,1,1,0,0,1,1.16242,0,-0.4883506,0
2053,1,0,0,0,1,4.0,0,-0.4758877,0
2054,0,1,0,1,1,0.0,8,-1.227411,0
2055,1,0,1,0,1,0.0,0,2.485282,0
2056,1,0,0,1,1,12.0,0,-1.085361,0
2057,1,0,0,1,1,5.625,0,0.1436715,0
2058,0,1,0,1,0,0.0,0,-1.492792,0
2059,1,1,1,0,1,4.2125,0,-0.3463822,1
2060,1,0,0,1,1,8.0,0,-0.4789158,0
2061,0,0,0,1,1,7.96875,0,-1.856984,0
2062,1,0,0,0,1,10.54625,68,-2.116405,0
2063,0,1,1,0,1,0.0,0,1.456277,0
2064,1,1,0,1,0,0.0,0,1.617525,0
2065,1,0,0,1,1,0.0,0,0.6151087,0
2066,1,0,0,1,0,2.3125,0,-1.534937,0
2067,1,0,0,0,1,0.0,0,0.549739,1
2068,1,1,1,0,1,10.8875,0,-0.9949515,0
2069,0,0,0,1,1,1.8125,0,0.4763712,1
2070,1,0,0,1,1,5.5,0,0.7714669,0
2071,1,1,1,0,1,0.0,0,1.636384,0
2072,0,0,1,0,1,3.0,0,-0.852828,0
2073,1,1,1,0,1,3.03125,0,0.2257491,0
2074,1,0,1,0,1,13.21875,0,0.6849593,0
2075,1,0,0,0,1,4.0,9,-0.4130388,1
2076,0,1,0,0,0,0.0,0,0.5063949,1
2077,0,0,0,0,1,12.625,0,-2.422981,0
2078,1,1,1,0,1,3.0,0,2.220112,0
2079,0,1,0,1,1,3.4375,1,1.276644,0
2080,1,0,1,0,1,2.0,0,5.012236,0
2081,1,0,1,0,1,4.5,0,1.405782,0
2082,0,0,1,0,0,0.0,0,1.646135,0
2083,1,0,1,0,1,6.5,0,-1.290314,0
2084,1,1,1,0,1,0.0,73,3.949619,0
2085,0,0,0,1,0,12.16,0,-1.757714,0
2086,1,1,0,0,1,0.5,0,1.30739,0
2087,0,0,0,0,1,9.0,0,0.148796,0
2088,1,0,0,1,0,3.016529,0,-1.012182,0
2089,0,0,1,0,1,0.0,0,1.791643,1
2090,1,1,0,1,1,8.0,31,1.120873,0
2091,0,1,1,0,1,1.125,0,0.5775317,0
2092,1,0,1,0,1,17.2125,0,-0.4281328,0
2093,0,0,0,1,1,0.0,0,0.551884,0
2094,0,1,0,1,1,0.0,0,1.137199,0
2095,1,0,0,1,1,0.15,0,-0.2222038,0
2096,1,1,1,0,0,5.5,25,1.621105,0
2097,0,0,1,0,1,1.0625,0,1.385165,0
2098,1,0,0,0,1,2.5,0,-1.010096,0
2099,1,0,1,0,1,9.375,0,-0.0011906,0
2100,1,0,0,0,1,0.0,0,1.947701,0
2101,1,0,0,1,1,9.9625,0,0.5432805,0
2102,1,1,1,0,1,5.0,0,1.08948,0
2103,1,0,0,1,1,10.4675,0,-0.9440917,0
2104,0,1,0,0,1,3.35,13,0.3158274,0
2105,1,1,0,1,1,8.5,0,-1.34471,0
2106,0,0,0,1,1,8.125,0,-0.0028837,0
2107,0,0,0,1,1,11.0625,0,-0.2205706,0
2108,1,0,0,0,1,0.0,23,0.3127534,0
2109,0,1,0,0,1,3.875,0,0.74963,0
2110,0,0,0,0,1,0.0,0,0.6985823,0
2111,0,1,0,1,1,5.5,0,0.6422307,0
2112,0,0,0,1,1,2.8125,25,0.5344338,0
2113,1,1,0,0,1,4.6875,0,-1.22668,1
2114,1,0,1,0,1,8.0,1,-0.5958955,1
2115,1,0,0,0,1,0.0,0,1.270521,0
2116,1,0,1,0,1,12.1875,0,-2.891214,0
2117,1,1,0,0,1,0.0,3,2.46512,1
2118,1,0,0,1,1,9.84375,0,0.9102122,0
2119,1,0,1,0,0,11.87,0,,0
2120,1,0,0,0,0,2.0,12,-0.7887769,0
2121,1,1,1,0,1,12.0,35,-2.041091,1
2122,0,0,0,1,1,15.47375,0,-1.901643,0
2123,0,0,0,1,1,0.0,0,2.12152,0
2124,1,0,0,0,1,0.0,0,,0
2125,0,1,0,0,1,4.0,0,1.868497,0
2126,1,1,0,0,1,12.65625,0,-0.9758185,0
2127,1,0,0,0,1,1.0,0,0.434119,0
2128,1,0,0,0,1,13.025,0,-0.2448937,0
2129,1,0,1,0,1,0.475,0,-0.4205552,1
2130,1,1,1,0,1,4.175,0,-0.5866972,0
2131,0,1,0,1,1,6.5,0,-1.431852,0
2132,1,0,0,0,1,0.0,0,-1.137961,1
2133,1,0,0,1,1,15.9375,0,-1.185952,0
2134,0,0,0,0,1,10.5,0,-2.049923,0
2135,0,1,0,0,1,7.401928,0,-0.1368717,0
2136,0,1,1,0,1,3.5,0,0.274583,1
2137,1,0,0,0,1,7.5,0,1.061982,0
2138,0,0,0,1,1,5.15625,0,1.186405,0
2139,0,0,1,0,1,22.0,0,-1.552333,0
2140,1,0,0,0,1,5.5,0,0.3759524,0
2141,1,0,0,0,1,0.0,0,0.4847229,1
2142,1,1,0,1,1,12.5,0,-2.715257,0
2143,0,0,0,1,1,7.0,0,-0.5212898,1
2144,1,0,0,1,1,3.0,0,0.809416,0
2145,1,0,1,0,1,14.3875,0,-0.2669091,0
2146,0,0,0,1,0,5.0625,0,1.709618,0
2147,1,0,0,0,0,0.0,0,1.402097,1
2148,0,1,1,0,1,3.0,0,2.912225,0
2149,1,0,1,0,1,0.0,0,0.6228082,0
2150,1,0,1,0,1,1.0,0,0.5188562,0
2151,1,0,1,0,1,5.0,0,-0.504928,0
2152,1,0,0,0,1,10.4375,0,-0.1983485,1
2153,1,1,0,0,0,0.0,27,1.21463,1
2154,1,0,0,1,0,28.56875,0,-2.587716,0
2155,1,1,0,0,1,5.0,0,0.6248333,0
2156,1,0,0,1,1,1.0,0,-1.103243,0
2157,1,0,0,1,1,8.0,0,0.4571822,0
2158,0,1,0,0,0,7.0,0,0.1036473,0
2159,1,1,0,0,1,3.5,0,0.3227234,0
2160,1,1,0,0,1,28.5,0,-1.839995,0
2161,1,1,1,0,1,6.6875,0,-0.6073008,0
2162,1,0,1,0,1,11.75,0,-0.0839209,0
2163,0,0,0,1,0,11.71875,0,-0.1320339,0
2164,1,1,0,1,0,3.0,0,0.7100024,0
2165,1,0,0,1,1,8.90625,0,-0.6144393,0
2166,1,0,0,0,1,3.0,0,-0.9530982,0
2167,1,0,0,0,1,0.0,0,,0
2168,1,1,0,1,1,0.0,0,1.318324,0
2169,1,0,1,0,1,6.0625,0,0.2872652,0
2170,1,0,0,0,1,1.832329,0,0.3062503,0
2171,1,1,0,0,0,6.9375,25,-1.180169,0
2172,1,1,1,0,1,10.375,0,-0.006267,0
2173,1,1,0,1,1,0.0,15,1.949044,0
2174,0,1,1,0,1,6.5,0,-1.802451,0
2175,0,1,1,0,0,18.0,0,0.6438248,0
2176,1,0,0,1,0,1.0,43,-0.271073,0
2177,1,1,1,0,1,0.0,174,1.15297,0
2178,1,1,0,0,0,15.275,102,1.268249,0
2179,1,0,0,1,1,6.0,0,-0.3309014,0
2180,0,0,1,0,1,7.2125,0,-1.893763,0
2181,1,0,0,0,1,0.0,0,0.4189657,1
2182,1,0,0,0,1,11.725,0,-1.044683,0
2183,1,0,0,0,1,2.288401,0,-0.2614413,0
2184,1,1,0,1,1,1.881443,0,1.691307,1
2185,1,0,0,1,1,11.2,0,-0.1039178,0
2186,0,0,0,1,1,13.0,0,-1.341025,1
2187,0,0,1,0,1,3.28125,0,0.593888,0
2188,0,0,1,0,1,0.0,1,1.541869,0
2189,1,0,1,0,1,9.625,0,-1.633427,1
2190,1,1,1,0,1,6.5,0,0.0019811,1
2191,1,0,0,1,0,3.9375,0,-0.6368837,0
2192,1,0,0,1,1,7.5,0,-0.6639248,0
2193,0,0,1,0,1,1.5,26,1.603394,1
2194,1,0,0,1,1,4.5,0,-0.4218701,0
2195,0,1,0,0,1,16.6125,0,-3.175774,0
2196,0,1,0,1,1,0.0,107,0.7418595,0
2197,1,0,0,0,1,10.41291,0,-0.1010992,0
2198,1,0,1,0,1,4.6875,0,-0.4963852,1
2199,1,0,1,0,1,0.0,0,3.611602,0
2200,0,1,0,1,1,9.0,0,-0.3248847,0
2201,1,0,0,0,0,8.5,1,0.8485956,1
2202,1,1,0,1,0,2.5,0,0.6334081,1
2203,1,1,1,0,1,18.1875,0,-0.2024349,0
2204,1,0,0,0,1,7.125,0,-0.5820513,0
2205,1,1,1,0,1,0.0,0,0.4415478,0
2206,1,0,0,1,1,9.84375,0,-0.883984,0
2207,1,1,0,1,0,0.0,0,-0.5611387,0
2208,1,1,1,0,1,4.0,0,-0.4073849,1
2209,1,0,0,1,0,7.5,0,0.0899193,0
2210,0,1,0,0,1,0.0,0,1.397286,0
2211,1,0,0,1,1,4.5,0,1.154939,0
2212,0,0,0,0,1,3.679435,0,0.2292541,0
2213,1,1,1,0,1,0.0,7,1.018174,0
2214,1,1,0,1,1,3.0,0,1.05191,0
2215,0,0,0,1,0,0.5,0,0.589592,0
2216,0,0,0,0,1,0.0,82,1.382592,0
2217,0,1,0,1,1,4.0,0,-0.233757,0
2218,1,1,1,0,1,3.28125,0,-0.0980189,0
2219,1,1,1,0,1,3.0,0,0.0483204,0
2220,0,0,0,1,1,14.5,0,-2.386475,0
2221,1,1,0,1,1,3.75,0,-0.2632276,0
2222,0,0,0,0,1,12.5,0,-1.582235,0
2223,1,1,0,1,1,2.0,0,0.8728891,0
2224,1,0,0,1,1,10.8625,0,-0.7551463,0
2225,1,1,0,1,1,0.0,0,0.7435498,0
2226,1,1,1,0,1,0.0,116,1.807734,0
2227,0,1,0,0,1,4.625,0,-1.261025,1
2228,1,0,0,0,1,3.0,0,-0.5161979,1
2229,0,0,1,0,1,0.0,0,-0.0444991,0
2230,1,1,1,0,1,4.0,0,,0
2231,0,0,0,0,1,3.5,0,0.5084979,0
2232,0,1,1,0,1,24.78125,0,-1.249216,1
2233,1,0,0,1,1,10.03125,0,-2.858928,1
2234,0,1,0,0,1,9.5,0,0.042289,0
2235,1,0,0,0,1,4.5625,0,-0.7117334,0
2236,0,0,1,0,1,4.21875,0,-0.3935117,1
2237,1,0,1,0,1,10.0625,0,-0.2359905,0
2238,1,0,1,0,1,4.6875,0,0.3099102,0
2239,1,1,1,0,1,0.0,0,1.105312,0
2240,0,0,0,0,1,7.9875,0,-0.1120338,1
2241,1,1,0,0,0,2.067989,7,2.225075,1
2242,1,0,0,0,1,7.3125,0,0.8036093,1
2243,1,1,1,0,1,3.2,113,-0.4627438,0
2244,0,0,0,1,1,2.0,0,0.7435523,0
2245,0,0,1,0,0,0.0,0,2.332282,0
2246,1,0,0,1,1,4.5,0,1.531709,0
2247,1,1,0,0,1,17.5,0,-0.082048,1
2248,1,1,0,1,1,3.5,0,0.7450132,0
2249,1,1,1,0,1,2.5,0,0.4850467,0
2250,1,1,0,1,1,14.0,0,0.9387179,0
2251,1,0,0,0,1,3.0,27,0.4717642,0
2252,1,0,0,1,1,9.34375,0,-0.82614,0
2253,1,0,0,1,1,5.15625,0,1.164732,0
2254,0,0,1,0,1,5.625,0,1.044266,0
2255,1,1,1,0,0,0.0,0,2.976363,0
2256,1,0,0,0,1,7.0,0,-0.6453622,0
2257,0,0,0,1,1,30.125,0,-1.847801,0
2258,1,1,0,1,0,12.0,106,0.6249585,0
2259,1,0,1,0,1,13.15625,10,-1.052581,0
2260,1,0,0,0,0,4.0,1,-0.4672189,0
2261,1,1,0,0,1,0.0,0,2.499578,1
2262,1,0,1,0,1,3.0,0,-0.8123485,0
2263,0,0,0,0,1,10.5,0,0.1641538,0
2264,0,0,1,0,1,4.0,0,-0.1746466,1
2265,1,0,0,0,1,4.875,0,-0.5980303,0
2266,1,0,0,0,1,12.68125,31,-0.1318043,0
2267,1,0,1,0,0,6.09375,0,,0
2268,1,0,0,0,1,14.11602,0,-1.024575,0
2269,1,1,0,0,0,0.0,3,1.326245,1
2270,1,0,1,0,1,12.6625,0,-0.3719981,0
2271,1,0,1,0,1,10.1,0,-0.8015733,0
2272,1,0,0,0,0,0.0,0,,0
2273,0,0,0,1,1,3.613861,0,-0.4256939,0
2274,1,0,1,0,0,1.0,0,-0.0742079,0
2275,0,0,0,0,0,0.0,0,0.6960211,1
2276,1,1,0,1,1,0.0,0,2.024961,1
2277,1,0,1,0,1,3.0,0,-0.2819512,0
2278,1,1,1,0,1,0.0,112,0.4269639,0
2279,1,1,1,0,1,2.0,0,-0.9731312,0
2280,1,0,0,1,0,0.0,0,2.088569,0
2281,0,1,0,0,1,26.0,0,-1.707503,0
2282,0,0,0,1,1,11.25,0,-0.9952559,0
2283,0,0,1,0,1,17.875,0,-1.966642,1
2284,1,0,0,0,1,10.0,0,-1.650502,0
2285,1,0,0,1,0,17.83,0,-2.715682,1
2286,1,0,0,0,0,10.0,0,1.091775,0
2287,0,1,0,1,1,4.4375,1,-2.414944,0
2288,1,0,0,1,0,3.421875,43,1.383114,0
2289,0,1,1,0,1,0.0,0,2.037317,0
2290,1,1,1,0,0,0.0,0,1.114696,0
2291,1,0,0,0,1,16.0,0,-0.5350415,1
2292,0,1,0,1,1,3.0,0,0.8212951,0
2293,0,0,0,0,0,8.0,0,0.050692,0
2294,0,0,0,0,1,0.0,0,0.9326886,0
2295,0,0,0,0,1,0.0,16,-2.016381,1
2296,1,0,0,0,1,13.0,0,-1.828645,0
2297,1,0,1,0,1,17.5,81,0.3042237,0
2298,0,1,1,0,1,9.0625,0,0.020048,0
2299,0,1,1,0,1,2.0,0,1.439265,0
2300,1,0,0,1,0,7.5,63,-0.997347,0
2301,1,0,1,0,1,10.5,0,-1.522106,0
2302,1,1,0,0,1,2.0,0,,0
2303,1,0,0,0,0,10.0,22,0.2056364,0
2304,1,1,0,0,0,11.0,0,1.669369,0
2305,1,0,1,0,1,0.0,0,0.944284,0
2306,1,0,1,0,1,8.03125,0,-0.0220544,0
2307,1,1,0,1,1,4.0,0,0.164959,0
2308,1,1,1,0,1,2.0,0,-0.4672021,0
2309,1,1,1,0,1,12.25,0,-2.433941,0
2310,0,0,0,0,0,4.35,0,-0.7580683,1
2311,0,0,1,0,1,6.3125,0,-0.605391,0
2312,0,0,0,0,1,0.0,51,1.279148,0
2313,1,0,1,0,1,9.0,0,-1.809256,0
2314,1,0,1,0,1,5.0,0,0.6833463,0
2315,1,0,1,0,1,12.325,0,-2.156145,0
2316,1,0,0,1,1,8.3125,0,-0.8376671,0
2317,0,0,1,0,1,10.89,0,,1
2318,1,1,0,1,1,23.28125,0,-2.728918,0
2319,1,1,0,0,0,7.0,124,-0.5351903,0
2320,1,1,1,0,1,2.0,0,0.6135401,1
2321,0,0,0,0,0,8.0,0,0.0638542,1
2322,1,1,0,1,1,9.0,0,0.4479912,0
2323,1,1,0,1,0,0.0,0,0.7161801,0
2324,0,0,1,0,1,21.125,0,-1.436572,0
2325,1,1,1,0,1,7.1875,0,-0.5675555,0
2326,1,1,0,1,1,13.125,0,-0.8461044,0
2327,1,1,0,0,1,3.5,1,1.644077,0
2328,1,0,0,1,1,17.0,0,0.1391232,1
2329,0,0,0,0,1,2.3125,0,0.3318921,0
2330,1,0,1,0,1,11.0,0,0.788278,0
2331,1,0,0,0,1,11.5,0,-2.01512,0
2332,0,0,0,0,1,1.0,0,-2.184122,1
2333,1,1,0,1,0,2.5,0,1.098594,0
2334,1,1,0,0,0,0.0,0,2.347874,1
2335,0,0,0,0,1,0.0,0,1.261229,1
2336,1,0,0,0,1,6.5,17,0.0933278,0
2337,0,1,1,0,1,0.0,0,2.065772,0
2338,1,0,0,1,1,6.9375,0,0.1342338,0
2339,1,0,0,0,1,1.0,54,2.232351,0
2340,0,0,0,1,1,0.0,0,0.415056,1
2341,0,0,1,0,1,3.625,0,-1.337112,0
2342,0,0,0,1,1,8.3225,0,0.0593487,0
2343,1,1,1,0,1,5.0,0,0.395043,0
2344,1,0,0,0,1,18.1875,0,-1.495445,1
2345,1,1,0,1,1,5.0,0,0.4565071,0
2346,1,0,0,0,1,1.006434,0,0.3475635,0
2347,1,0,0,0,0,1.0,0,0.6962422,0
2348,0,0,0,1,1,19.5,0,-1.374574,0
2349,1,0,0,0,0,0.0,41,1.449774,0
2350,1,0,0,1,1,6.5,0,1.340117,0
2351,1,0,0,1,1,6.5,2,0.6674395,0
2352,1,1,0,1,1,11.0,0,0.2157758,0
2353,1,1,0,1,1,18.825,0,-0.5643013,0
2354,1,1,1,0,1,10.625,0,-1.698001,1
2355,1,0,0,1,1,10.0,0,-1.62883,1
2356,1,1,0,0,1,0.7040895,0,0.6813056,0
2357,0,1,0,1,1,0.0,0,1.478829,0
2358,0,0,0,0,1,1.0,0,1.443762,0
2359,1,1,1,0,1,0.0,0,4.634273,0
2360,0,1,0,1,1,0.0,0,-0.6560522,0
2361,1,0,0,1,1,6.5,0,-0.734417,0
2362,1,0,0,0,1,2.34375,0,1.12934,0
2363,1,1,1,0,1,0.0,0,0.4727946,0
2364,1,0,0,1,1,13.125,0,-1.207737,0
2365,0,1,0,1,1,6.0,0,0.379069,0
2366,1,0,0,0,0,0.0,0,,0
2367,1,1,0,1,1,5.5,0,-0.3763365,0
2368,0,0,1,0,1,0.0,26,0.9069116,0
2369,1,0,0,0,1,0.0,0,0.4955589,0
2370,1,0,0,0,1,0.0,0,1.245164,1
2371,1,0,0,0,1,2.0,73,1.433164,0
2372,1,0,0,0,1,4.5,0,-0.6052696,0
2373,1,0,1,0,1,0.0,0,1.1001,0
2374,1,0,0,0,1,4.5,0,-0.2788514,0
2375,1,1,0,0,1,1.0,0,-0.2391147,1
2376,1,1,0,0,1,0.0,18,0.3926168,0
2377,0,1,0,1,0,2.0,0,2.529476,0
2378,1,0,0,1,1,3.0,0,3.047448,0
2379,1,1,0,0,1,1.0,0,0.4833667,0
2380,0,0,0,0,1,3.0,0,0.4553561,0
2381,1,0,0,0,1,0.0,48,0.4599746,0
2382,0,1,0,1,1,19.375,0,-0.6357546,0
2383,1,0,0,0,1,0.0,0,0.5753901,0
2384,1,1,0,1,1,0.0,0,0.2941233,0
2385,1,0,1,0,1,12.78125,0,-1.051607,0
2386,1,0,0,1,1,8.5,0,0.103753,0
2387,0,1,0,1,1,2.0,0,1.124482,0
2388,1,1,0,1,1,11.5,0,0.2643931,0
2389,1,0,0,0,1,0.926396,0,-0.2485855,0
2390,0,1,0,1,1,9.0,17,-0.8183044,0
2391,1,0,1,0,1,5.5,0,0.3700123,0
2392,0,0,1,0,1,4.03125,0,0.2259011,0
2393,1,1,1,0,1,1.0,1,1.16214,0
2394,0,0,0,1,1,6.5,0,0.7833864,0
2395,1,1,0,1,1,5.5,0,0.7841647,0
2396,0,0,1,0,0,1.75,0,1.202384,0
2397,1,0,0,1,1,9.92875,0,-0.127722,0
2398,0,0,0,1,1,0.0,43,1.077865,0
2399,0,1,0,1,0,12.4375,0,-0.2429934,0
2400,1,1,0,0,1,2.5,1,-0.7317271,0
2401,1,1,0,0,1,1.822486,0,-1.574448,1
2402,0,0,1,0,1,11.8,0,1.003092,1
2403,0,0,0,1,0,6.5,0,-1.695099,0
2404,0,1,1,0,1,0.0,0,1.542427,0
2405,1,0,1,0,0,0.0,0,0.1053021,0
2406,1,0,1,0,1,1.0,0,3.060288,1
2407,1,0,1,0,1,13.75,0,0.531008,0
2408,1,0,1,0,1,2.5,116,2.523586,0
2409,1,0,0,0,1,17.0,0,-2.031603,0
2410,1,0,1,0,1,2.0,0,0.583405,0
2411,1,1,1,0,1,17.1875,0,-1.069623,0
2412,1,0,1,0,1,4.3125,0,0.3695208,0
2413,1,0,1,0,1,5.5,0,-0.0316054,0
2414,1,0,1,0,1,4.5,0,-1.196726,0
2415,0,0,0,0,1,8.5,0,-2.030188,1
2416,1,1,0,0,1,2.880759,0,-0.5865135,1
2417,0,0,0,1,0,1.0,0,0.7190084,0
2418,1,1,1,0,1,0.0,0,-1.200636,1
2419,1,0,0,0,1,3.0,0,1.119397,0
2420,1,0,1,0,0,8.0625,0,-1.789984,0
2421,1,0,0,1,0,8.3125,0,-0.7532194,0
2422,1,0,0,0,1,12.0,0,-1.093972,1
2423,1,0,1,0,1,6.6325,0,0.0478772,1
2424,1,1,0,1,0,0.0,0,2.926788,0
2425,1,0,1,0,1,10.375,0,-0.791596,0
2426,1,0,1,0,1,1.5,0,-1.23115,1
2427,1,0,1,0,1,7.3625,0,0.2722956,0
2428,0,1,0,0,1,4.0,3,0.5651321,0
2429,1,0,0,1,1,5.0,0,0.5293991,0
2430,0,0,0,1,0,0.0,39,0.6066281,0
2431,0,0,0,1,1,0.0,0,1.929878,0
2432,1,1,0,0,1,8.5,0,-0.8297821,0
2433,0,1,1,0,1,0.5,0,0.7990758,0
2434,1,0,0,1,1,0.0,0,1.553801,0
2435,1,1,0,0,1,1.042857,0,2.143349,0
2436,0,0,0,1,1,0.0,2,-0.7784281,0
2437,1,0,1,0,0,0.0,0,2.596916,0
2438,1,1,0,1,1,1.0,0,-0.3173203,0
2439,1,1,1,0,1,18.0,0,-0.2501728,1
2440,1,1,0,1,1,10.0,0,-0.5965687,0
2441,1,0,0,1,1,3.525,0,-1.565203,0
2442,0,0,1,0,1,6.0,0,-1.791296,0
2443,1,0,1,0,1,6.09375,0,-0.585779,1
2444,1,0,0,0,1,1.225,0,-0.3726414,0
2445,1,0,0,1,1,12.09375,0,-1.087738,0
2446,1,0,0,1,1,0.0,0,-0.2640976,0
2447,1,1,0,1,1,1.0,0,1.075503,0
2448,1,1,0,1,1,0.0,30,1.797304,1
2449,1,1,1,0,1,0.0,0,2.919139,0
2450,1,0,0,0,1,3.75,0,-0.6062853,0
2451,1,1,0,0,1,2.0,0,1.201764,0
2452,1,1,0,1,1,0.46875,6,1.374262,0
2453,0,1,1,0,1,0.0,5,0.9639146,0
2454,1,0,1,0,1,3.0,0,0.7673141,0
2455,1,0,1,0,1,8.32125,0,0.0056283,0
2456,1,1,0,0,0,3.198014,0,0.1847381,0
2457,1,1,1,0,1,0.0,1,1.596091,1
2458,1,1,0,0,1,0.0,0,1.871849,0
2459,1,0,0,1,1,8.8125,0,-1.933045,0
2460,0,0,0,1,0,1.144201,0,-0.1676063,0
2461,1,0,0,1,1,0.0,0,0.9766976,0
2462,0,0,0,1,1,5.2375,0,-0.6916367,0
2463,1,1,1,0,1,0.0,0,2.759754,0
2464,1,0,0,1,1,5.5,0,0.1985433,0
2465,0,0,1,0,1,8.5,0,-2.451072,0
2466,0,0,0,1,1,3.6,0,0.2887634,0
2467,1,0,0,1,0,20.0,0,-2.316314,1
2468,0,0,0,0,1,0.0,0,1.365484,0
2469,0,1,0,1,1,0.0,0,-0.0129743,1
2470,1,1,0,1,1,13.5,0,-1.23662,0
2471,0,1,0,0,1,14.125,0,-0.2861385,0
2472,1,0,0,1,1,6.5,28,0.2518242,0
2473,1,1,1,0,1,6.0625,0,1.455133,0
2474,1,0,0,1,1,9.125,0,-0.8832419,0
2475,0,0,0,1,1,6.5,0,-1.517306,0
2476,0,0,0,0,0,9.625,0,-0.9565974,1
2477,0,0,1,0,1,0.0,16,0.7111905,0
2478,1,0,0,1,0,0.0,44,0.5063949,0
2479,1,1,1,0,1,0.0,0,2.487662,0
2480,1,0,0,0,1,21.0,0,-2.634144,0
2481,1,0,1,0,1,18.21875,0,-1.199707,0
2482,1,1,0,0,1,11.875,0,-1.839754,0
2483,0,1,0,0,1,15.0,0,-2.15579,1
2484,0,1,0,1,0,14.875,0,0.3446988,1
2485,1,1,0,1,0,7.0,0,0.2380444,1
2486,0,0,1,0,1,5.0,56,1.432068,0
2487,0,1,0,1,1,1.75,0,1.233615,0
2488,1,1,0,0,1,12.5,0,-0.9151558,1
2489,1,1,0,0,1,0.0,118,-1.052735,1
2490,1,1,0,0,1,0.0,22,2.532086,0
2491,1,1,0,0,1,5.625,0,1.257708,0
2492,1,1,1,0,1,0.0,0,1.524087,1
2493,1,1,1,0,1,0.0,0,0.8674725,0
2494,1,0,0,1,1,3.5,0,-0.7812156,0
2495,0,0,0,0,1,2.385621,0,-1.580273,0
2496,1,0,0,0,1,4.0,0,1.28366,0
2497,1,1,0,1,1,9.9375,0,0.9743988,0
2498,1,1,0,1,1,3.75,0,0.4344068,0
2499,1,0,0,0,0,23.0,0,-1.593292,1
2500,1,1,1,0,1,20.375,0,-2.143897,1
2501,0,1,0,0,1,0.0,0,0.4955589,0
2502,1,1,0,1,1,13.6875,0,-0.352804,0
2503,1,0,0,0,1,5.0,0,0.0955432,0
2504,1,1,1,0,1,0.0,32,2.944506,0
2505,1,0,0,0,1,10.5,0,0.064178,0
2506,1,1,1,0,1,0.0,0,1.619158,0
2507,0,0,1,0,1,0.9375,0,0.6538191,0
2508,0,0,0,1,1,0.0,92,1.192477,1
2509,0,0,1,0,1,11.6875,0,0.7867498,0
2510,1,0,0,1,1,6.5625,0,0.2315338,0
2511,0,1,1,0,1,0.0,0,0.538903,1
2512,1,0,0,1,1,10.69875,0,-0.1895663,0
2513,0,0,0,1,1,3.5,0,-1.318469,0
2514,1,0,0,1,1,7.75,0,0.0017781,1
2515,1,0,0,1,1,8.90625,0,-1.575938,0
2516,1,0,1,0,1,4.5,0,0.2880613,0
2517,0,1,0,0,0,0.0,0,1.528336,1
2518,1,0,0,1,1,0.0,14,0.6472631,0
2519,1,1,0,0,1,2.0,0,0.3017041,0
2520,1,0,0,0,1,0.5,87,-1.432339,0
2521,0,1,0,1,1,10.5,0,-1.280616,0
2522,1,0,0,0,1,3.0,0,0.5962243,0
2523,1,1,1,0,1,0.0,0,2.932042,0
2524,1,1,0,0,1,0.0,0,3.352579,0
2525,0,0,0,1,1,0.0,9,1.008655,0
2526,1,0,0,1,1,8.0,0,0.004539,0
2527,1,0,0,1,0,10.40625,0,-1.157208,0
2528,1,0,0,1,1,0.0,0,0.9699771,1
2529,1,1,0,1,1,0.9375,0,-1.000044,1
2530,1,1,0,1,1,3.3125,0,-0.1221408,0
2531,1,0,0,1,1,0.0,0,3.058812,0
2532,0,0,1,0,1,21.5625,0,-2.881724,0
2533,1,0,0,0,1,14.9375,3,-2.36085,1
2534,1,0,0,0,1,0.0,12,0.236254,0
2535,1,1,0,1,1,0.0,0,2.241758,0
2536,0,0,1,0,1,0.0,0,0.6680357,0
2537,1,0,0,0,0,4.932433,0,0.97562,0
2538,1,0,0,0,1,18.0125,0,-1.476156,0
2539,1,1,0,0,1,5.5,0,-0.7866629,0
2540,1,0,0,1,0,6.09375,0,0.9860633,0
2541,1,1,0,0,1,10.0,0,-1.66014,0
2542,1,1,0,0,1,3.0,0,1.356508,0
2543,1,0,1,0,1,19.5,6,1.06067,0
2544,0,0,0,1,1,0.7203948,0,0.2693092,1
2545,1,0,1,0,1,13.0,0,-2.123878,0
2546,1,0,0,1,0,18.0,0,-2.017191,0
2547,1,0,0,0,1,6.95,0,0.8774956,0
2548,1,0,0,0,1,9.6875,0,-0.9927112,1
2549,1,0,1,0,1,10.5,0,-0.6488032,0
2550,1,1,0,1,1,4.8125,0,-2.564275,0
2551,0,1,0,0,1,13.5,0,0.7593414,0
2552,1,0,0,1,1,12.31875,0,-0.2786866,1
2553,1,0,0,0,1,13.0,0,-1.53569,1
2554,1,0,1,0,1,2.875,0,0.2437253,0
2555,1,1,1,0,1,4.775,0,0.2804146,1
2556,1,1,1,0,1,0.0,0,1.707485,0
2557,0,0,0,0,1,5.0,48,-1.321089,1
2558,0,1,0,1,1,3.5,0,-1.018373,1
2559,1,0,0,1,1,12.0875,0,0.6155615,0
2560,1,0,0,1,0,3.0,0,0.7075121,0
2561,1,1,0,0,1,14.8125,0,-0.3648284,0
2562,1,0,0,1,1,0.5,0,0.1781569,0
2563,1,0,1,0,1,8.625,0,-1.961984,0
2564,0,0,0,0,1,14.0,0,-3.109666,1
2565,0,0,0,1,1,11.45,0,-1.06705,0
2566,0,0,0,0,1,8.5,1,-1.62249,0
2567,1,0,0,0,0,6.5,0,-2.429448,0
2568,1,0,0,1,1,1.0,0,0.2359573,0
2569,1,0,1,0,1,0.0,17,1.961465,1
2570,1,0,0,0,1,6.0,0,0.0022075,0
2571,1,0,0,1,1,2.0,0,-1.303491,0
2572,1,0,0,0,0,7.0,0,-0.6020181,0
2573,1,0,0,1,1,1.0,0,0.5520703,0
2574,1,0,1,0,1,1.9375,0,1.43242,0
2575,0,0,0,1,0,4.3125,0,0.3651412,1
2576,0,1,0,0,0,0.0,0,0.5793193,1
2577,1,0,1,0,1,3.375,0,-2.33992,0
2578,1,1,0,0,1,8.5,0,-0.8315232,0
2579,0,1,1,0,1,0.5,0,-0.0770041,0
2580,1,1,0,0,1,1.875,0,1.126494,0
2581,1,1,0,0,1,12.8875,0,-1.179772,0
2582,1,1,0,0,1,0.0,3,3.171314,0
2583,1,0,0,1,1,16.0,0,-0.3592443,0
2584,0,0,0,0,1,5.775,0,-0.6599296,0
2585,1,0,0,1,0,2.0,0,-1.860558,0
2586,1,0,0,1,1,1.881443,0,-0.421488,1
2587,1,1,0,0,1,4.0,1,0.4019673,1
2588,1,1,1,0,1,14.0,0,-1.903712,0
2589,1,1,1,0,1,1.875,0,-0.1837869,0
2590,1,1,0,1,0,3.5,0,0.5882058,0
2591,0,0,1,0,1,5.0,0,0.6201724,0
2592,1,1,0,1,1,9.0,0,0.8419857,0
2593,1,1,0,1,1,12.0,0,-0.0524431,0
2594,1,0,0,1,1,0.0,0,1.34585,0
2595,0,0,0,1,1,24.0,0,-0.7740798,0
2596,1,1,0,1,1,9.375,0,1.040454,0
2597,1,0,0,0,1,3.28125,0,-1.285306,0
2598,0,1,0,0,1,5.0625,0,0.1908082,0
2599,0,0,1,0,1,12.6875,0,-0.187192,0
2600,0,1,0,0,1,15.0,0,-0.8495106,0
2601,1,0,1,0,1,7.6875,0,-0.0879875,0
2602,0,0,0,1,1,10.0625,0,-0.1854893,0
2603,1,0,1,0,1,8.98125,0,0.1891195,0
2604,0,0,0,0,1,1.9125,0,0.3478496,0
2605,1,1,0,1,1,9.5,34,-1.276768,0
2606,1,0,0,1,1,11.25,0,0.7719857,0
2607,1,0,0,1,1,2.5,0,0.0116832,0
2608,0,0,1,0,1,0.0,77,-0.2482804,0
2609,1,1,1,0,1,6.5,0,-0.482172,0
2610,1,0,0,0,1,4.0,0,-1.676136,1
2611,1,1,1,0,1,1.35,0,-0.3910207,0
2612,1,0,0,0,0,3.0,0,-1.681772,0
2613,0,1,0,1,1,9.5,0,-1.883536,0
2614,1,0,0,0,1,35.0,0,-0.9787927,0
2615,1,1,1,0,1,0.0,0,0.7358607,1
2616,1,0,1,0,1,11.5,0,0.6116439,1
2617,1,0,0,1,1,0.0,0,2.203333,0
2618,1,0,0,1,1,9.1875,0,-0.8293665,0
2619,1,0,1,0,1,10.5,0,0.053342,0
2620,0,0,0,1,1,7.0,0,-0.5252883,0
2621,0,1,0,0,1,0.0,0,0.8022181,0
2622,1,1,0,1,1,5.0,0,0.5208061,0
2623,0,0,0,0,1,1.140625,0,1.229808,1
2624,1,0,0,0,0,8.8125,0,0.7595028,0
2625,1,1,0,1,1,12.2625,0,-1.022836,0
2626,1,1,1,0,1,12.4375,0,1.031501,0
2627,1,0,0,1,1,1.0,0,1.589788,0
2628,1,0,0,0,0,0.0,0,,1
2629,1,0,0,1,0,9.0,0,1.139001,0
2630,1,0,0,0,0,13.0,0,-0.322954,0
2631,1,1,0,1,1,0.0,60,1.41727,0
2632,1,1,1,0,1,16.8875,0,-1.413281,0
2633,1,0,1,0,1,7.0,0,0.3456967,0
2634,0,0,0,1,1,5.0,0,0.9409281,1
2635,0,1,1,0,1,0.9375,0,0.6398136,0
2636,0,1,0,1,1,7.5,0,-0.7476443,0
2637,1,1,0,1,1,5.25,0,-0.6376714,1
2638,1,1,0,0,1,0.0,0,1.32214,1
2639,1,1,0,0,1,22.875,0,0.1484563,0
2640,0,0,0,0,0,0.0,109,0.8028574,0
2641,1,1,1,0,1,0.0,0,0.684342,0
2642,1,0,1,0,1,1.5,114,3.017305,0
2643,1,0,0,1,1,12.25,0,-0.2119093,0
2644,1,0,0,0,1,0.0,0,0.9001806,0
2645,1,1,0,1,1,1.0,0,0.9769861,0
2646,0,1,0,0,0,0.0,0,1.293737,0
2647,0,0,0,0,0,0.0,0,1.986826,0
2648,1,0,1,0,1,1.0,0,-0.2167167,0
2649,0,1,0,0,1,5.9375,0,0.8035568,0
2650,1,1,0,0,1,1.285211,0,0.4950938,0
2651,0,0,1,0,1,0.0,164,0.9723435,0
2652,1,0,1,0,1,10.5,0,-0.7547636,0
2653,0,0,0,0,1,12.0,0,-2.042825,0
2654,1,0,0,1,1,15.3125,0,-0.1898424,0
2655,1,0,0,0,1,5.0,0,-0.5685896,1
2656,0,1,0,1,0,0.0,0,0.4343354,1
2657,1,0,1,0,0,10.8125,0,-0.0430226,0
2658,0,0,0,0,1,0.0,0,-0.5558456,1
2659,0,1,1,0,1,11.1875,0,0.2927951,0
2660,1,1,0,0,1,5.0,1,-0.4766391,1
2661,1,0,0,0,0,6.228669,0,-0.5562156,1
2662,1,1,1,0,1,23.375,0,-3.310929,1
2663,1,0,0,1,1,3.876634,13,0.1517716,0
2664,0,1,0,1,1,0.0,0,,0
2665,1,0,0,1,1,11.625,0,-0.9377793,0
2666,1,1,1,0,1,0.0,0,2.300067,0
2667,1,1,0,0,1,12.8375,1,-0.8819747,0
2668,1,1,0,0,1,7.5,0,0.2320271,0
2669,1,0,0,1,0,11.5,0,-0.4669809,0
2670,1,1,0,1,1,0.0,8,1.429487,0
2671,1,1,0,0,1,0.0,0,0.9080868,0
2672,1,1,0,1,1,3.5,0,-0.4375284,0
2673,1,0,0,1,1,2.0,9,1.315843,0
2674,1,1,0,0,1,3.0,17,0.6504043,0
2675,1,1,0,0,0,0.0,0,0.4530818,1
2676,0,1,0,0,1,7.0,0,-2.347202,0
2677,0,0,0,0,1,14.25,0,0.6273569,0
2678,1,1,0,0,0,0.0,130,1.394597,1
2679,0,0,0,0,1,9.0,0,-0.1271031,1
2680,0,0,1,0,1,4.113729,0,-0.3890815,0
2681,0,1,0,0,1,11.25,0,1.206042,0
2682,1,0,1,0,1,16.0,0,-2.226586,0
2683,1,0,1,0,1,27.75625,0,-1.814896,1
2684,1,0,0,1,0,7.5,0,1.10959,0
2685,0,0,0,0,0,18.52239,10,-0.1412999,0
2686,1,0,0,0,0,2.0,0,-1.475948,1
2687,1,0,0,1,1,5.0,73,1.311433,0
2688,1,0,0,0,1,13.5,0,-1.002526,0
2689,0,0,0,0,1,1.5,55,-1.101552,1
2690,0,0,0,0,0,17.24625,0,-1.48927,1
2691,0,0,1,0,1,1.0,118,2.516721,0
2692,1,1,1,0,1,4.5,0,1.336727,0
2693,1,1,0,0,1,0.0,0,0.6472631,0
2694,0,0,1,0,0,8.0,0,-2.328889,1
2695,1,0,0,1,0,1.5,42,1.196457,0
2696,1,1,1,0,0,0.0,0,1.69792,0
2697,0,1,0,0,1,7.0,0,-0.773769,1
2698,1,1,0,1,1,8.225,0,0.6040167,0
2699,1,0,0,1,1,5.15625,0,-0.4397574,0
2700,1,1,0,0,0,1.0,8,-0.4565511,1
2701,0,0,1,0,1,9.7,0,-1.256077,1
2702,0,0,0,0,1,0.9375,0,-0.5966342,1
2703,1,0,0,0,1,11.77419,0,0.1402192,0
2704,1,1,0,0,1,0.0,0,0.6173134,1
2705,1,0,1,0,1,6.5625,0,-1.014012,1
2706,0,1,0,1,1,0.0,0,1.719452,0
2707,1,1,0,0,1,11.5,1,-0.5025318,1
2708,1,0,0,0,0,7.675234,0,-0.9449592,0
2709,0,1,0,0,0,0.0,0,1.343812,0
2710,0,0,1,0,1,16.5375,0,-1.385188,0
2711,1,0,0,1,1,6.0,0,0.4253671,0
2712,1,1,0,1,1,6.0,0,0.8690885,0
2713,0,0,1,0,1,18.0,0,-2.270141,1
2714,0,0,0,0,1,6.25,1,,1
2715,0,0,0,1,1,9.0,0,0.9688754,0
2716,0,0,1,0,1,0.0,0,1.760998,0
2717,1,1,0,1,1,0.0,0,0.5468113,0
2718,1,0,0,1,0,10.795,1,-2.798235,0
2719,0,0,0,1,0,11.0,262,-0.0485559,1
2720,0,0,0,0,1,7.0875,0,-0.7775301,0
2721,1,1,0,1,1,11.0,13,-1.694787,0
2722,1,0,0,0,0,0.0,0,-0.3292775,1
2723,1,1,1,0,1,1.5,0,0.2705935,0
2724,0,0,0,0,1,11.425,0,-0.2610232,1
2725,1,1,0,0,1,3.5,0,-1.527358,0
2726,0,1,1,0,1,0.0,0,1.15288,0
2727,0,1,0,1,0,0.0,179,3.991806,0
2728,1,0,0,0,1,0.0,0,0.6172454,0
2729,1,1,0,0,0,18.5,1,-2.368005,0
2730,0,1,1,0,1,0.0,0,2.485264,0
2731,1,0,0,0,1,0.0,0,1.452172,0
2732,1,0,0,0,1,1.0,0,1.239774,0
2733,1,0,1,0,0,3.5,1,1.235992,0
2734,1,0,1,0,1,1.40625,103,0.7557775,1
2735,1,0,1,0,1,8.0625,0,-0.8385962,0
2736,0,1,1,0,1,1.0,0,1.030371,0
2737,1,1,0,0,1,0.0,0,2.120318,0
2738,1,0,0,1,1,8.5,0,0.1287601,0
2739,1,0,0,0,1,0.0,0,0.6876795,1
2740,1,0,0,0,0,0.0,0,-1.134711,1
2741,1,0,0,0,1,2.050562,0,0.2932914,1
2742,1,1,1,0,1,18.0,0,-0.4832543,0
2743,1,1,0,0,1,0.0,0,,1
2744,0,1,0,0,1,4.0,5,1.312172,1
2745,1,1,0,1,0,4.0,0,-0.1258525,1
2746,1,0,0,1,1,6.0,0,0.3489599,0
2747,1,1,0,1,0,0.0,0,2.661598,0
2748,1,0,0,1,1,19.4375,0,-2.430292,1
2749,0,1,0,0,1,0.0,0,2.770478,0
2750,1,0,0,1,1,5.0,1,1.975678,0
2751,1,1,1,0,1,0.0,0,1.943482,1
2752,0,0,1,0,1,10.8125,0,-0.0271749,0
2753,1,1,0,1,1,8.0625,0,1.336371,0
2754,0,0,0,0,1,0.0,0,,0
2755,1,1,1,0,1,1.0,0,3.658653,0
2756,1,1,1,0,1,9.1875,0,0.2411631,0
2757,0,0,1,0,1,0.0,0,-0.1194273,1
2758,1,1,0,0,1,1.5,0,-1.534706,0
2759,0,0,1,0,1,0.0,0,-1.232678,0
2760,1,0,1,0,1,8.4,18,-0.7629596,0
2761,0,1,0,1,1,1.0,0,1.324534,0
2762,0,0,1,0,1,11.3625,0,-0.187185,0
2763,0,1,0,0,1,3.5,26,0.465048,0
2764,1,1,0,1,1,17.0,0,-2.820739,0
2765,0,1,1,0,0,29.875,0,-1.813941,1
2766,1,0,0,0,1,29.0,0,-0.13269,0
2767,1,0,0,0,1,0.0,0,2.228678,1
2768,1,0,0,1,1,0.0,0,-0.0690654,1
2769,1,0,0,0,1,5.84375,0,0.1325794,0
2770,1,0,0,1,1,4.5,0,0.1659185,0
2771,1,0,0,0,1,0.0,0,-1.425457,1
2772,1,1,1,0,0,2.5,0,0.5246415,0
2773,1,1,0,1,1,5.025,0,-1.719651,1
2774,0,1,1,0,1,1.042857,0,-0.035016,0
2775,0,0,1,0,1,2.0,0,-0.0374903,0
2776,0,1,1,0,1,0.0,0,3.82699,0
2777,1,0,0,0,1,0.0,0,-0.5074745,1
2778,0,0,0,1,1,14.6875,0,-2.38477,0
2779,1,0,0,0,1,7.0,0,0.1311436,1
2780,1,1,0,1,0,4.0625,0,-0.5896755,0
2781,1,0,0,1,0,22.0,0,-1.493818,0
2782,1,0,0,0,1,6.5,0,-1.212424,0
2783,0,1,1,0,1,0.0,0,3.583819,0
2784,1,0,0,0,1,6.0,0,0.4939331,0
2785,0,1,0,0,1,3.0,0,-0.1057839,0
2786,0,0,0,0,1,4.0,0,0.5752696,0
2787,0,0,0,1,1,4.625,0,0.1559488,0
2788,1,1,0,1,1,6.0,0,-2.046575,0
2789,1,0,1,0,1,7.5,0,1.229878,0
2790,1,1,0,1,1,9.5,0,-1.087526,0
2791,0,1,0,1,1,5.0,0,1.43958,0
2792,0,1,0,1,1,0.0,0,1.782929,0
2793,0,1,0,1,1,1.0,141,0.8364561,0
2794,1,0,0,1,1,3.0,0,1.440674,0
2795,1,1,0,0,0,0.0,13,0.7418595,0
2796,1,1,0,1,1,1.0,0,-0.524116,0
2797,0,0,1,0,1,9.125,0,-0.1001301,0
2798,1,0,1,0,1,10.7375,0,-0.9310692,1
2799,1,1,1,0,1,8.342857,0,-0.7792826,1
2800,1,0,0,0,1,15.96875,0,-1.094282,1
2801,1,0,1,0,1,6.75,44,0.1982159,0
2802,1,0,0,0,1,0.8852612,0,-0.4680187,0
2803,1,0,0,1,1,11.59375,0,-0.2606265,0
2804,0,0,0,1,1,9.0,0,0.3960769,0
2805,1,1,0,0,1,10.1875,0,-0.8524105,0
2806,1,0,1,0,1,3.9375,0,0.1621033,0
2807,1,1,0,1,1,0.0,0,0.8509908,0
2808,0,1,1,0,1,1.0,0,-1.371368,1
2809,1,0,0,1,0,21.0,0,-1.428928,1
2810,0,0,0,1,1,6.5625,0,-0.440139,0
2811,1,0,0,0,1,0.0,0,0.8290129,0
2812,1,1,0,0,1,0.0,2,1.147126,0
2813,0,1,0,1,1,7.0,0,-0.7499297,0
2814,1,0,0,1,1,2.0,0,0.4589151,0
2815,1,1,0,0,1,17.3125,0,-0.3997568,0
2816,1,1,0,1,1,2.5,0,0.056106,0
2817,0,0,0,0,1,4.5,0,-0.4969094,1
2818,1,1,1,0,1,0.5,0,1.018794,0
2819,0,0,0,0,1,6.18644,0,0.3011616,1
2820,1,1,0,1,1,0.0,101,1.128165,0
2821,1,1,0,1,1,10.0625,0,-0.5634769,0
2822,0,0,0,1,1,7.0,0,-0.5262527,0
2823,1,0,0,1,1,6.0,0,-0.9222648,0
2824,0,0,1,0,1,30.5125,0,-1.18631,0
2825,0,1,0,0,1,10.0625,0,-0.2444426,0
2826,1,1,0,0,1,6.1625,0,0.1014807,0
2827,1,0,0,1,1,5.5,0,-0.3331058,0
2828,1,1,1,0,1,11.5,0,-0.3036184,0
2829,0,0,0,1,1,12.80625,0,-0.2808628,0
2830,1,1,0,1,1,0.0,0,0.5849597,0
2831,0,1,0,1,1,0.0,41,0.4480764,0
2832,1,0,1,0,1,16.5,0,-1.955014,0
2833,1,1,1,0,1,0.125,0,0.466915,0
2834,1,1,0,0,1,9.5,0,0.077246,0
2835,1,1,0,1,0,12.5,5,0.0050139,0
2836,1,1,0,1,0,0.0,0,-0.4892622,0
2837,0,0,1,0,0,0.0,0,1.854747,0
2838,0,1,0,0,1,0.0,0,1.278796,0
2839,0,0,0,1,1,15.34375,0,-1.317683,1
2840,1,1,1,0,1,1.0,2,-1.805403,0
2841,0,1,1,0,1,0.0,0,1.491778,0
2842,1,1,1,0,1,3.675,0,0.4263765,0
2843,0,0,0,1,1,8.5,0,0.8431776,0
2844,1,0,1,0,1,10.8125,0,-1.06353,0
2845,1,0,1,0,1,4.9375,0,-1.453503,0
2846,1,1,0,1,1,2.0,0,0.8181456,0
2847,1,0,0,1,1,11.25,0,-0.9286996,1
2848,0,0,1,0,1,4.2875,0,1.191178,1
2849,0,1,1,0,1,2.0,0,0.7736706,0
2850,1,1,1,0,1,32.025,0,-0.8642483,1
2851,1,1,0,1,1,1.5,0,-0.3122241,0
2852,1,1,0,1,1,0.0,0,0.7322224,0
2853,1,0,0,0,1,4.25,0,0.2004447,0
2854,1,0,1,0,1,2.9375,0,-0.48954,1
2855,1,0,0,0,1,9.5,0,-0.869667,0
2856,0,1,0,0,1,0.0,0,1.386137,1
2857,1,0,0,0,1,1.5,22,-0.1858408,0
2858,1,1,0,1,0,0.0,30,-0.8053902,1
2859,1,1,1,0,1,5.0,0,0.8429521,0
2860,0,1,1,0,1,2.0,0,0.9324551,0
2861,0,1,1,0,1,0.0,3,2.960813,0
2862,1,0,0,0,0,2.0,0,1.171411,0
2863,0,0,1,0,1,11.4375,0,-1.718066,0
2864,1,0,0,1,1,2.75,0,-0.6531273,0
2865,0,0,0,1,1,7.0,17,0.1647353,1
2866,1,0,0,1,1,8.5,0,0.2006657,1
2867,1,1,0,0,0,12.5,0,-0.6244347,0
2868,1,1,0,0,1,0.37875,0,1.1588,0
2869,1,1,0,0,0,0.0,0,-0.5729064,0
2870,1,0,1,0,1,3.0,0,0.364563,0
2871,1,1,0,0,0,3.1875,7,1.024614,0
2872,0,0,0,1,1,0.0,0,1.423769,0
2873,0,1,0,1,1,8.5,0,-1.139294,0
2874,0,1,0,1,1,4.101563,0,-0.6271615,0
2875,1,0,1,0,1,4.5,0,0.1929083,0
2876,0,1,0,1,1,0.0,2,0.6906071,0
2877,1,1,0,0,1,16.0,0,-1.016304,0
2878,1,0,0,1,1,0.0,0,1.945481,0
2879,1,0,0,0,1,1.096096,0,0.5984297,0
2880,1,1,0,0,1,12.4375,0,-1.005458,0
2881,0,1,0,0,0,1.5,0,-0.1387731,0
2882,1,0,0,1,1,8.5,12,-0.00101,0
2883,1,0,0,1,1,0.0,0,,0
2884,1,0,0,0,0,0.0,119,1.293737,0
2885,0,0,0,1,1,3.75,0,0.4528869,0
2886,1,0,0,1,1,1.125,0,0.6152159,0
2887,1,1,0,1,0,2.3125,0,1.200213,0
2888,1,0,1,0,1,0.0,0,1.953921,0
2889,1,1,0,1,0,0.0,14,-0.9647356,0
2890,1,0,0,0,1,18.5,10,-0.4298968,0
2891,1,1,0,1,1,7.4375,0,-1.479795,0
2892,1,1,1,0,1,5.5,0,0.875262,0
2893,1,1,0,1,1,7.0,0,-2.327876,1
2894,0,0,0,0,1,10.03125,0,-0.0421187,0
2895,1,1,0,0,0,0.0,16,0.4955589,1
2896,1,0,1,0,1,0.0,0,1.575143,0
2897,1,0,0,0,0,0.0,56,0.614755,1
2898,0,1,0,0,1,0.0,0,0.9272273,0
2899,1,0,1,0,1,6.5,0,-1.427134,0
2900,1,0,0,1,1,0.0,0,1.839341,0
2901,1,0,0,1,0,1.875,0,-1.292103,0
2902,1,1,0,1,1,0.0,0,-0.6894048,0
2903,0,1,0,0,1,0.0,54,2.690701,0
2904,1,1,0,0,1,18.0,0,-2.862872,0
2905,0,1,0,1,1,9.0,0,-0.522045,0
2906,1,1,0,1,1,0.0,77,1.312594,0
2907,1,0,1,0,1,4.625,0,0.2112244,0
2908,0,0,0,0,1,21.5,0,-1.343848,1
2909,0,0,1,0,1,18.8125,0,-2.170392,0
2910,1,0,1,0,1,4.0,0,-0.1387902,0
2911,1,0,0,0,1,11.34375,0,0.5642293,0
2912,1,0,0,1,1,0.0,0,1.879325,0
2913,1,0,0,1,1,1.0,0,0.8991987,0
2914,1,0,1,0,1,0.0,0,1.939303,0
2915,1,0,0,1,1,10.5,0,0.064178,0
2916,1,0,0,0,1,12.0,8,-1.307271,1
2917,0,1,0,0,1,13.5,0,0.7576295,0
2918,1,0,1,0,1,0.0,0,0.7297306,0
2919,1,0,0,1,1,6.0,0,1.21552,0
2920,1,1,1,0,1,1.825,0,-2.297677,0
2921,0,1,0,1,1,19.5,0,-1.176416,0
2922,1,1,0,1,0,1.0,0,0.5143228,0
2923,0,1,1,0,1,0.0,0,0.4145684,0
2924,1,0,0,1,1,15.5,6,0.424888,1
2925,1,0,0,0,1,5.5,0,-1.7327,1
2926,1,0,0,0,0,7.0,0,-1.751338,1
2927,1,1,0,1,1,3.0,0,1.685329,0
2928,0,1,0,1,1,6.6875,0,-2.678097,0
2929,1,0,0,1,1,0.0,13,1.459964,0
2930,1,0,1,0,1,1.0,0,1.552752,1
2931,0,1,0,0,1,0.0,1,1.411849,1
2932,1,0,1,0,1,13.45,0,-0.1975047,0
2933,0,1,1,0,1,39.7375,0,-1.630332,1
2934,0,1,0,0,0,6.0,0,-0.9171817,0
2935,1,0,0,0,1,2.0,0,0.4201408,1
2936,1,0,0,1,1,1.0,0,1.49442,0
2937,0,1,0,1,1,16.5,0,-0.4761704,0
2938,0,0,0,0,1,10.375,0,-2.853196,0
2939,1,1,0,0,1,0.0,0,2.742305,0
2940,1,0,1,0,1,5.9625,0,0.2808125,0
2941,1,0,1,0,1,3.0,23,0.8265437,1
2942,1,0,1,0,1,0.0,0,2.001882,0
2943,1,0,0,0,1,8.75,0,0.6652142,0
2944,0,0,1,0,1,0.0,4,0.8242986,1
2945,0,0,1,0,1,1.0,0,0.9231522,0
2946,1,1,1,0,1,11.0,0,-0.6029955,0
2947,1,1,1,0,1,4.1875,0,-0.5020404,0
2948,0,0,1,0,0,20.7125,0,-0.1129025,1
2949,0,0,1,0,0,3.25,0,-0.9710708,0
2950,1,0,0,0,1,5.0,33,1.181044,1
2951,1,1,1,0,1,11.0,0,-0.0324154,1
2952,0,1,0,0,1,8.3125,0,-0.8064337,0
2953,0,1,1,0,1,0.8125,0,1.769874,0
2954,1,0,0,1,0,8.285,0,-0.0245557,0
2955,1,1,0,0,1,3.0,0,1.223954,0
2956,1,0,0,1,0,14.5,0,-2.984683,0
2957,1,1,0,0,1,10.6875,0,-2.095191,1
2958,1,0,0,1,1,13.0,0,-0.9908127,0
2959,1,0,1,0,1,12.5,0,0.6881416,0
2960,0,1,0,1,1,5.75,4,-0.1333956,0
2961,1,1,0,1,0,7.98,0,-1.176748,0
2962,1,0,0,0,1,0.4703608,0,0.387124,1
2963,0,0,1,0,1,2.0,0,-0.9587332,0
2964,1,0,1,0,1,13.0,0,-0.439621,0
2965,1,1,1,0,1,8.6375,0,-1.129879,0
2966,1,1,1,0,1,0.0,0,1.523156,1
2967,1,0,0,0,1,6.125,0,0.0784401,0
2968,1,0,0,1,0,7.03125,0,0.275499,0
2969,1,1,1,0,1,0.0,0,1.632993,0
2970,1,1,1,0,1,0.0,0,3.186841,0
2971,0,1,0,0,1,0.0,0,1.256894,0
2972,1,0,1,0,1,0.0,0,1.518281,0
2973,1,0,1,0,1,7.4625,0,0.0520548,0
2974,1,0,0,0,1,3.0,10,0.5203722,0
2975,0,1,1,0,1,6.5,0,2.862296,0
2976,1,0,1,0,1,6.09375,0,-1.36449,0
2977,1,0,1,0,1,0.0,0,0.7966334,0
2978,1,1,0,1,1,14.625,0,0.0788272,0
2979,1,0,1,0,1,2.8125,0,-0.4535442,0
2980,1,0,0,0,1,10.5,0,-2.587869,0
2981,0,1,1,0,1,11.25,0,1.147094,0
2982,1,1,0,1,1,6.0,43,1.095885,1
2983,1,0,1,0,1,4.5,0,-2.344927,0
2984,0,1,0,1,1,5.625,0,0.2362797,0
2985,1,0,1,0,1,12.1875,0,-0.9008105,0
2986,1,0,0,0,1,10.41625,0,0.5689285,0
2987,0,0,1,0,1,12.36125,0,-0.1787484,0
2988,1,0,1,0,1,5.5,0,0.4348303,0
2989,0,1,0,1,0,2.0,0,1.662595,0
2990,1,0,0,0,1,3.0,0,-1.08313,0
2991,1,1,0,0,0,0.0,27,1.414658,0
2992,1,1,0,0,0,0.0,0,2.25022,1
2993,1,1,0,1,0,4.264019,0,-0.5690362,1
2994,1,0,1,0,1,0.0,0,2.497424,0
2995,1,1,0,1,1,0.0,7,0.7593413,0
2996,1,1,0,0,1,15.5,0,-1.814558,1
2997,0,0,1,0,1,0.0,0,1.135985,1
2998,1,0,0,1,1,9.9625,0,-1.001964,0
2999,0,1,1,0,1,4.0,0,0.4437756,0
3000,0,1,0,1,0,2.0,0,0.8624432,0
3001,1,0,1,0,1,2.8125,0,-1.666571,0
3002,1,1,0,1,1,25.5,0,-2.504806,0
3003,1,1,1,0,1,0.0,1,1.714674,0
3004,1,0,0,0,1,13.0,4,0.825191,0
3005,1,0,1,0,1,0.0,259,-0.0754002,1
3006,1,0,1,0,1,1.0,0,1.786711,0
3007,1,0,0,1,0,9.0,0,0.0014802,1
3008,0,1,0,1,1,3.0,0,0.8270314,0
3009,1,1,1,0,1,8.0,0,-0.8234886,0
3010,1,0,0,1,1,1.0,0,0.5185747,0
3011,0,0,0,1,1,2.5,0,-1.123887,0
3012,1,0,0,1,1,0.0,0,-0.2618159,1
3013,0,0,0,1,1,8.5,0,0.466101,0
3014,0,1,0,1,0,0.0,20,-0.0525653,0
3015,1,0,1,0,0,0.0,0,1.19031,0
3016,0,1,0,0,1,12.5,0,-1.721759,0
3017,0,0,0,0,1,8.3125,0,-0.8967782,0
3018,1,0,1,0,1,1.5,0,1.626175,0
3019,0,0,0,1,1,9.98125,0,0.925258,0
3020,0,1,0,0,1,2.0,0,2.326636,0
3021,0,1,0,1,1,8.0,0,-1.505776,0
3022,1,0,1,0,1,1.5,6,0.6365339,0
3023,1,1,1,0,1,5.625,10,-0.6834769,0
3024,1,0,0,0,1,1.75,0,0.3291162,0
3025,0,1,0,0,1,1.0,0,0.3720634,1
3026,1,0,0,1,1,1.0,5,0.0597356,1
3027,1,0,1,0,1,0.0,0,3.093122,0
3028,1,1,0,0,1,1.5,1,0.4173233,0
3029,1,0,1,0,0,3.875,0,0.1097998,0
3030,1,1,0,1,1,0.0,0,1.851791,0
3031,1,0,0,1,1,12.1875,0,-0.1240377,0
3032,1,0,0,1,1,0.0,2,1.926946,0
3033,1,1,0,1,0,0.0,0,0.5616586,0
3034,0,1,0,1,1,25.0,0,-0.5664214,0
3035,1,0,0,1,1,13.0,0,-0.049557,0
3036,1,1,0,0,1,5.5,0,0.4044275,1
3037,1,1,0,0,1,0.0,0,1.008541,0
3038,1,1,1,0,1,11.71875,0,-0.9248117,0
3039,1,1,0,0,0,0.0,60,1.239557,0
3040,1,0,0,1,1,2.0,0,-1.330392,0
3041,1,1,0,1,1,4.778618,0,0.1646174,0
3042,1,1,0,1,0,0.0,0,0.8825916,0
3043,1,1,0,0,1,0.0,0,0.587856,1
3044,0,0,0,1,1,5.0,0,0.5202643,0
3045,0,1,1,0,1,6.5625,0,0.2270964,0
3046,1,0,0,0,1,16.875,0,-0.3954279,0
3047,1,0,0,0,0,0.0,0,-0.1799681,1
3048,0,0,0,1,0,4.0,0,-0.5224115,0
3049,0,1,1,0,1,6.25,0,0.1042721,0
3050,0,1,0,1,1,4.5,73,0.772635,0
3051,1,1,0,0,1,9.0,58,0.0232175,0
3052,1,0,1,0,1,9.8125,0,-0.915206,0
3053,0,0,0,0,1,1.382576,0,0.3563523,0
3054,1,1,0,0,1,4.5,0,-0.5197192,1
3055,0,0,0,1,1,12.9375,0,-0.28352,0
3056,1,0,0,1,0,6.0,0,-1.0134,0
3057,1,0,0,1,1,10.5,0,-1.634667,0
3058,1,1,0,0,1,0.0,0,-0.0996624,0
3059,1,1,0,0,1,0.0,0,0.0590421,1
3060,1,0,0,0,1,0.0,0,1.184309,1
3061,0,0,0,0,1,12.06875,0,-1.753544,0
3062,1,0,0,0,1,7.3875,0,-0.8259742,0
3063,0,1,0,0,0,0.0,0,0.5073247,0
3064,1,0,0,1,1,0.0,0,2.49416,0
3065,1,1,0,0,1,0.0,0,0.9615075,1
3066,1,0,0,1,1,5.625,0,-0.561546,0
3067,0,1,0,1,1,9.0,89,0.2511657,0
3068,1,1,1,0,0,17.69375,2,-1.399114,0
3069,1,0,0,0,1,9.5,0,0.0068986,1
3070,0,1,0,0,1,16.0,0,-2.280765,1
3071,0,1,0,0,1,8.0,0,-0.6055816,1
3072,1,1,0,0,0,0.0,51,1.97945,1
3073,1,0,0,1,1,4.5,0,0.9963228,0
3074,1,0,1,0,1,4.6875,0,0.2688277,0
3075,1,0,1,0,1,11.0,0,-0.4348174,0
3076,0,0,1,0,1,13.9375,0,-0.4423107,1
3077,1,0,1,0,1,0.0,0,2.135998,0
3078,0,1,0,0,0,0.0,0,-0.5040546,0
3079,1,1,0,0,1,0.0,0,-1.40652,1
3080,1,0,0,1,1,0.5,0,0.5306285,0
3081,0,1,0,1,0,8.5,0,0.419978,0
3082,1,0,0,0,1,10.0625,0,-1.039194,0
3083,1,1,0,0,0,0.0,32,2.258986,1
3084,0,1,0,0,1,3.0,22,1.169774,0
3085,1,0,0,1,1,11.75,0,-1.074722,0
3086,1,0,1,0,1,11.0,0,0.0886675,0
3087,0,0,0,1,1,4.0,0,-0.8574398,0
3088,1,0,1,0,1,17.25,0,-2.434372,0
3089,0,0,1,0,1,10.125,0,-1.049371,1
3090,1,0,1,0,1,12.84375,0,-1.207476,0
3091,0,0,1,0,1,2.7875,0,-1.294541,0
3092,0,0,0,1,1,7.9375,0,-0.9653928,0
3093,0,1,0,1,1,3.0,0,0.5637162,0
3094,0,1,0,1,1,12.375,0,0.2170961,1
3095,1,1,0,0,0,0.0,1,2.22456,1
3096,1,1,0,0,1,18.04379,0,-3.261216,0
3097,1,1,1,0,1,0.0,0,1.951295,0
3098,1,0,0,1,1,9.0,0,0.2760217,0
3099,1,0,0,0,1,1.875,0,0.3616334,1
3100,1,1,0,1,1,15.9375,1,-0.8623044,0
3101,1,0,0,0,1,0.0,3,-0.5815752,1
3102,0,0,1,0,1,4.5,0,-0.466665,0
3103,1,0,0,0,0,0.0,0,,0
3104,1,1,1,0,1,0.0,0,3.771079,0
3105,0,0,1,0,1,0.0,0,-0.7446455,0
3106,1,1,0,1,1,0.0,0,1.59825,0
3107,1,1,1,0,1,0.0,0,0.7973604,0
3108,1,0,0,1,0,2.0,0,0.0006973,0
3109,0,0,1,0,1,2.5,0,-0.1778387,0
3110,0,0,0,1,1,3.0,0,-0.1044294,0
3111,0,0,0,1,1,8.294804,0,-0.0884243,0
3112,1,1,0,1,1,0.0,0,1.553801,0
3113,0,1,0,1,1,0.0,0,2.39979,0
3114,0,0,1,0,1,12.0,0,-0.460284,0
3115,1,0,0,1,1,2.55,0,0.2783606,0
3116,0,0,1,0,1,0.0,0,1.147089,1
3117,0,1,0,0,1,8.5625,0,-0.8248332,0
3118,1,0,0,0,0,7.5,0,-0.9190243,1
3119,0,0,1,0,1,18.525,0,-1.548173,0
3120,0,0,0,0,1,10.0,0,-2.631354,0
3121,1,1,0,0,1,5.0,0,0.2933691,0
3122,0,1,1,0,1,1.800987,0,1.264014,0
3123,1,1,0,1,1,8.5,0,0.6467884,0
3124,0,0,0,1,1,8.0,0,0.8503301,0
3125,1,1,1,0,1,9.0,0,-1.371849,0
3126,1,1,0,0,0,0.0,24,2.124359,1
3127,1,0,1,0,1,0.0,0,2.580298,1
3128,1,1,0,1,1,10.5875,0,-2.435518,0
3129,0,1,0,0,1,5.5,1,-1.75383,0
3130,1,1,0,0,1,0.0,0,1.379029,1
3131,0,0,0,1,1,6.875,0,0.0334773,0
3132,1,1,0,1,1,22.5,0,-1.36449,0
3133,1,0,1,0,0,12.19375,0,-0.218861,0
3134,1,0,0,0,1,4.9375,0,-0.7268593,1
3135,0,0,0,1,1,13.5,0,-2.784011,1
3136,1,0,0,0,1,6.09375,0,-0.5983104,0
3137,1,1,0,1,1,0.0,18,0.8779057,0
3138,1,0,0,1,1,0.0,0,0.6368667,0
3139,1,0,0,0,1,1.0,0,-0.3293043,0
3140,1,0,1,0,1,0.0,0,-0.9184836,0
3141,0,1,1,0,1,0.0,6,-0.203692,0
3142,1,0,1,0,1,7.3125,0,-1.709498,0
3143,1,1,1,0,0,0.0,0,1.701227,0
3144,1,1,0,1,1,3.0,0,0.8377287,0
3145,0,0,0,0,1,25.0,22,-0.8155922,0
3146,1,0,0,0,1,1.1875,0,-0.3299983,0
3147,1,0,0,1,1,6.0,0,-1.543388,0
3148,1,0,0,0,1,2.5,0,-0.8576504,1
3149,1,0,0,1,1,13.0625,24,-2.229882,0
3150,0,1,1,0,1,1.0,0,0.6783734,1
3151,0,0,0,1,1,7.6875,0,-0.7100461,0
3152,0,0,1,0,0,17.125,0,-0.5233056,0
3153,1,1,1,0,1,0.0,0,1.893405,0
3154,1,0,0,0,1,0.0,11,-0.6375066,0
3155,1,1,0,1,0,0.0,0,0.048268,0
3156,1,1,1,0,1,2.5,0,-0.3924484,0
3157,1,0,1,0,1,40.54375,0,-1.996133,0
3158,1,0,0,1,1,28.5,0,-0.7916023,0
3159,1,0,0,1,1,3.967391,0,0.4737635,0
3160,1,0,0,1,1,5.7625,0,0.2223674,0
3161,1,0,0,1,1,0.0,0,1.532129,1
3162,0,0,1,0,1,6.0,0,1.543877,1
3163,1,0,0,0,1,19.25,0,-3.350592,0
3164,1,0,1,0,1,11.4,0,-1.902019,0
3165,0,0,1,0,1,6.9375,0,-0.9136186,0
3166,1,0,0,0,1,2.0,0,0.4526488,0
3167,1,0,0,0,1,5.404614,0,-0.7617391,0
3168,1,1,0,1,1,13.125,0,0.8367743,0
3169,0,0,1,0,1,25.0,0,-2.461974,0
3170,1,0,0,1,1,12.7125,0,-1.111168,0
3171,0,0,0,0,1,0.0,0,2.174498,1
3172,0,0,0,0,1,13.5125,0,-1.250525,1
3173,1,0,0,1,1,19.625,0,-0.7006419,0
3174,0,1,0,1,0,0.0,0,0.8515326,0
3175,1,1,0,1,1,7.96875,0,-1.663003,0
3176,1,1,0,1,1,0.0,0,1.698787,0
3177,0,0,1,0,1,7.6875,0,-1.694752,0
3178,1,0,0,1,1,8.5,0,-1.186157,0
3179,1,0,0,1,1,0.0,0,0.0455944,0
3180,0,1,0,1,1,1.5,0,-0.3607557,0
3181,1,0,0,1,1,3.5,0,-0.4794594,0
3182,1,0,0,0,1,2.732036,0,1.148519,0
3183,0,0,1,0,1,3.75,0,1.360495,0
3184,1,1,0,1,1,5.0,174,-2.213857,0
3185,0,0,0,1,0,0.0,0,1.222348,0
3186,1,0,0,0,1,1.5,0,0.4010693,0
3187,0,1,0,1,1,9.6875,0,0.7711238,0
3188,1,1,0,0,1,2.0,23,0.5147372,1
3189,0,1,0,0,1,0.0,0,0.5684833,0
3190,0,1,1,0,1,12.3625,84,0.3484103,0
3191,1,0,0,1,1,20.0,0,-0.3374022,0
3192,1,0,0,0,1,12.5,0,0.9953338,1
3193,1,1,1,0,1,0.0,0,2.836488,0
3194,0,0,1,0,1,1.0,0,-1.177425,0
3195,0,0,0,0,1,0.0,0,1.181098,1
3196,0,0,0,0,0,0.0,0,0.5296146,1
3197,0,1,0,0,1,0.0,0,-0.3380547,0
3198,1,1,0,1,1,7.5,9,1.89168,0
3199,1,1,0,0,1,4.0,2,1.276736,1
3200,1,1,0,1,1,4.5,158,-0.0874354,0
3201,1,1,0,0,1,0.0,42,-0.1931629,0
3202,0,1,0,0,1,2.3875,0,-2.331078,1
3203,0,1,0,1,1,0.0,87,3.421289,0
3204,1,0,0,0,1,0.0,1,-0.2296945,1
3205,1,1,0,0,1,0.0,0,0.236254,0
3206,1,1,0,0,1,13.99125,0,-0.1511549,0
3207,1,1,0,1,1,2.0,0,0.7735167,0
3208,1,1,1,0,1,8.5,0,-1.470875,1
3209,0,0,1,0,1,20.625,0,-2.681613,1
3210,0,1,0,1,1,0.0,0,1.027818,0
3211,0,0,1,0,1,12.5375,0,-1.77092,0
3212,1,1,0,0,1,1.564286,84,-0.1058633,0
3213,1,0,1,0,0,3.0,0,1.178442,0
3214,1,1,1,0,1,4.90625,0,-2.395653,0
3215,1,0,0,0,1,7.934783,0,-1.195371,0
3216,1,0,0,0,1,5.0,9,1.267325,0
3217,1,0,0,1,1,0.0,20,0.593083,0
3218,1,0,0,0,1,8.1875,0,-0.9343206,0
3219,1,0,0,1,1,13.8,0,0.5180725,0
3220,1,1,0,1,1,0.0,161,1.381738,1
3221,1,0,0,0,1,3.154076,0,0.1412141,0
3222,1,0,1,0,1,0.0,0,2.106022,0
3223,1,1,0,1,1,9.15,0,-0.8074955,0
3224,1,0,0,0,1,2.0,0,0.5340578,0
3225,1,0,0,0,1,12.4375,0,-0.2928152,0
3226,1,0,0,1,1,12.075,0,-1.012283,0
3227,1,1,0,0,1,2.0,1,1.337515,0
3228,0,0,0,1,0,7.5,0,0.310265,0
3229,1,1,0,0,1,0.0,0,-0.3380547,1
3230,0,0,0,1,1,20.0,0,-0.4132543,0
3231,0,1,0,0,1,10.0,0,-0.3954829,0
3232,0,1,0,0,1,11.40625,0,-0.7949609,1
3233,0,1,0,0,1,0.0,0,0.9970455,0
3234,1,1,1,0,1,16.0,0,0.792532,0
3235,0,1,0,0,1,2.5,0,-2.079987,0
3236,0,1,0,1,1,14.0,16,-0.602103,0
3237,0,1,0,1,1,10.625,0,0.3955886,0
3238,1,0,1,0,1,12.5,0,-0.6284245,0
3239,1,1,0,0,0,0.0,0,0.6295432,0
3240,1,0,0,1,1,4.0,0,-0.9366272,0
3241,0,0,0,1,1,37.0,0,-3.479945,1
3242,1,1,1,0,1,5.5,0,0.7519493,0
3243,1,0,1,0,1,0.9375,0,0.4222741,0
3244,1,1,0,0,0,3.25,0,,0
3245,0,0,0,1,1,11.5,37,-0.7500369,0
3246,1,1,0,0,1,5.0,96,0.8783946,0
3247,1,0,0,1,1,8.5,0,-0.1553504,0
3248,1,1,1,0,1,0.0,0,0.1182567,0
3249,0,1,1,0,1,0.59375,0,1.750563,1
3250,1,1,1,0,1,14.75,0,-1.051615,0
3251,1,1,0,1,1,8.0,0,-0.7481779,0
3252,0,1,0,0,1,22.0,0,-0.7262672,0
3253,1,0,0,0,0,1.0,20,2.12968,1
3254,1,0,1,0,1,13.0,0,-0.6266963,0
3255,1,0,0,0,1,4.5,12,0.2800173,0
3256,1,0,1,0,1,5.25,0,0.5386747,1
3257,1,0,0,1,1,25.005,0,-0.9524682,0
3258,1,1,1,0,0,0.0,0,-0.2558622,0
3259,0,1,0,1,1,0.0,0,-0.4534396,0
3260,1,0,1,0,1,20.5,0,-0.1175285,0
3261,1,1,0,1,1,3.0,0,-0.3470409,1
3262,0,0,0,0,0,0.0,0,0.0412058,1
3263,1,1,0,0,1,1.5,2,0.0063142,0
3264,1,1,0,0,1,7.0,0,-0.5937178,0
3265,1,0,1,0,1,3.8125,0,-0.5912205,0
3266,1,1,1,0,1,0.0,217,3.206563,0
3267,0,0,1,0,1,0.5,0,1.917894,0
3268,1,0,0,1,0,0.9375,0,-0.2623663,0
3269,1,1,1,0,1,0.0,0,1.607981,0
3270,1,0,0,0,1,0.0,8,0.3991291,1
3271,0,1,0,0,1,0.0,0,1.282537,0
3272,1,0,0,0,1,3.75,0,-0.3877679,0
3273,1,0,1,0,1,6.5625,0,0.4913922,0
3274,1,0,0,0,1,9.63125,0,-1.725653,0
3275,1,1,1,0,1,1.0,0,1.194077,0
3276,0,0,1,0,1,10.9075,0,-0.2623195,0
3277,1,0,1,0,1,1.75,0,1.333955,1
3278,1,1,0,1,1,2.0,0,-0.5461303,0
3279,1,0,0,1,1,0.0,0,-0.1500538,0
3280,0,0,0,1,1,3.5,0,0.6456056,0
3281,0,1,0,0,1,4.6875,0,-1.134672,0
3282,1,0,0,0,1,6.0,0,-0.6865681,0
3283,0,1,0,1,1,0.0,107,0.1061711,0
3284,1,0,1,0,1,2.875,0,1.280128,0
3285,1,1,0,1,1,11.0375,0,-0.1628797,0
3286,1,1,0,1,1,9.0,7,0.3916419,0
3287,1,0,0,1,1,1.0,0,0.0225789,0
3288,1,0,0,0,1,5.0,31,-1.730975,0
3289,0,0,1,0,1,15.125,0,-1.301358,0
3290,0,0,0,1,0,8.5,0,0.9804698,0
3291,1,0,0,0,1,0.0,0,0.3980348,1
3292,0,1,1,0,1,20.7375,0,-3.511328,1
3293,1,1,0,1,1,16.625,0,-0.039935,0
3294,1,1,1,0,1,0.0,0,1.889717,0
3295,1,1,0,0,0,0.0,0,1.280746,1
3296,1,0,0,0,1,10.3125,0,-1.861154,0
3297,1,0,1,0,1,0.0,0,0.0712326,1
3298,1,0,0,0,1,7.35,0,-0.8072946,0
3299,0,1,1,0,1,24.96743,0,-0.6540454,0
3300,1,0,1,0,1,7.625,0,0.0444257,0
3301,0,0,0,0,1,6.0,0,-1.708211,1
3302,1,0,1,0,1,6.0,0,0.6066015,0
3303,1,0,0,0,1,10.5,0,-1.051862,0
3304,1,0,0,1,1,0.0,0,1.891657,0
3305,1,0,1,0,1,3.5,19,0.3191845,0
3306,0,1,0,1,1,0.6003289,101,-0.0486225,0
3307,0,1,0,1,1,2.8125,12,-0.3175559,0
3308,1,0,0,1,1,0.0,0,-1.329634,0
3309,1,0,0,1,1,8.4375,0,0.1905773,0
3310,1,0,0,1,0,11.71875,0,-0.745418,0
3311,0,0,0,0,1,0.0,19,0.1255752,1
3312,1,0,1,0,1,0.9375,0,1.368186,0
3313,0,0,1,0,1,6.7375,0,0.1467637,0
3314,1,0,0,1,1,0.0,0,1.440871,1
3315,1,0,0,0,1,2.5,0,-0.1861753,0
3316,1,1,0,1,1,36.0,0,-2.477573,0
3317,0,0,0,1,1,3.0,0,0.7593753,0
3318,1,0,1,0,1,7.0,157,-0.59958,0
3319,1,1,1,0,1,3.1875,0,0.4911315,0
3320,1,0,0,0,0,0.7490672,0,1.238296,0
3321,0,0,0,0,0,2.0,0,-1.416922,1
3322,0,0,0,0,1,2.8125,0,0.2787278,1
3323,1,0,0,1,1,15.0,15,-0.2434533,0
3324,0,0,1,0,0,6.033058,0,-1.191307,1
3325,0,1,0,1,1,8.90625,0,0.2092778,0
3326,1,0,1,0,1,1.3125,0,-2.299601,0
3327,1,0,0,1,1,12.0,0,-1.660904,0
3328,1,0,0,0,1,10.77375,0,-0.9401783,0
3329,0,0,0,0,1,6.5,0,-1.759989,0
3330,0,1,0,1,1,0.0,0,0.6310091,0
3331,1,1,0,0,0,0.0,11,1.286864,0
3332,0,1,1,0,1,4.0,0,0.7841386,0
3333,1,1,1,0,1,0.0,0,0.830115,0
3334,0,1,0,0,1,11.71875,132,-2.197018,1
3335,1,1,0,1,1,6.26125,0,-0.2353449,0
3336,0,1,1,0,1,0.0,0,1.687325,0
3337,1,1,0,0,1,10.1875,0,-0.07902,0
3338,1,0,0,1,1,10.9375,0,-1.136563,0
3339,1,0,0,1,0,0.0,0,1.365484,0
3340,1,0,0,0,1,0.0,0,-1.356143,0
3341,1,0,0,0,1,3.0,56,-1.234835,1
3342,1,1,1,0,0,1.0,0,0.0693866,0
3343,1,0,1,0,1,1.5625,0,1.175732,1
3344,0,0,0,1,1,3.0,0,1.267298,0
3345,1,0,1,0,1,7.25,0,-0.6538832,1
3346,1,0,0,0,0,2.827996,0,-0.5962895,0
3347,1,0,1,0,1,0.0,0,-0.1525204,0
3348,1,0,0,0,1,7.0,0,1.03673,0
3349,1,0,1,0,1,5.0,0,-0.5266,0
3350,1,1,0,0,1,0.0,0,-0.23699,0
3351,0,0,1,0,1,1.875,0,1.248351,1
3352,1,0,1,0,1,6.625,0,0.0079062,0
3353,1,1,1,0,1,11.0,0,-1.402661,0
3354,1,1,1,0,1,5.34375,0,-0.5181165,0
3355,1,0,0,0,1,5.5,0,-0.2708651,0
3356,1,0,0,0,0,1.5,0,0.3597821,1
3357,1,1,1,0,1,11.875,0,-0.5708069,1
3358,1,1,0,1,1,4.5,1,0.7575574,0
3359,1,1,0,0,1,21.0,0,-3.250492,0
3360,1,0,1,0,1,1.1,0,1.199181,0
3361,0,1,0,1,1,10.0,0,-2.120504,0
3362,1,0,1,0,1,10.8125,0,-2.098937,0
3363,1,1,1,0,1,0.25,0,0.5041195,0
3364,1,0,0,1,1,6.5,0,-0.4918872,0
3365,1,1,0,1,1,4.0,0,-0.35019,0
3366,0,0,0,1,1,0.0,6,2.024704,0
3367,1,1,1,0,1,0.0,0,1.651087,0
3368,1,1,0,1,0,0.0,0,-0.6213652,0
3369,0,1,1,0,0,2.8125,0,0.3838492,0
3370,1,0,0,1,1,0.0,58,1.371408,0
3371,1,0,1,0,1,13.6875,0,-2.269657,0
3372,1,0,1,0,1,6.09375,0,-0.3490078,1
3373,0,1,1,0,1,1.0,0,1.44546,0
3374,0,1,0,1,1,0.0,75,1.96557,0
3375,0,1,1,0,1,15.125,0,0.0713785,0
3376,1,0,0,1,1,7.0,0,-1.466464,0
3377,1,0,0,1,1,8.25,0,0.3538563,0
3378,1,1,0,0,1,0.5,0,-1.403287,0
3379,0,1,0,0,0,0.0,0,2.258986,0
3380,1,0,0,1,1,0.0,0,-0.064933,0
3381,1,0,0,0,1,5.328467,0,-0.5461047,1
3382,0,1,1,0,1,0.0,111,0.229055,0
3383,0,1,0,0,1,1.0,1,-0.4585509,0
3384,1,0,1,0,1,0.0,74,2.177935,0
3385,1,0,1,0,1,0.0,0,0.1982431,0
3386,1,0,0,0,1,1.0,11,1.396896,0
3387,1,1,0,0,1,9.5,0,-1.775592,0
3388,1,1,1,0,1,10.9625,0,0.3460497,0
3389,1,0,0,0,0,1.0,124,-0.4516158,1
3390,1,0,1,0,1,0.0,0,3.259984,0
3391,0,0,1,0,1,13.4125,0,-1.854059,0
3392,0,0,0,1,0,2.8875,0,0.3325782,1
3393,1,1,1,0,1,0.0,0,3.958214,0
3394,1,1,0,1,1,9.5,0,1.049279,0
3395,0,0,0,0,1,4.875,0,0.1593167,1
3396,0,0,0,0,1,5.840594,0,0.0813133,0
3397,0,1,0,0,1,4.5,0,-1.336231,0
3398,1,1,1,0,1,0.0,0,-0.654873,1
3399,1,0,1,0,1,0.0,0,-2.154515,1
3400,0,1,0,0,1,0.0,75,1.618817,1
3401,1,0,1,0,1,5.5,0,1.152112,0
3402,1,0,0,0,1,7.5,0,-0.7513207,0
3403,1,0,0,0,1,0.0,103,-0.2014057,1
3404,1,0,0,1,0,11.9925,0,-1.197849,0
3405,0,1,1,0,1,6.8125,0,0.3371871,0
3406,1,0,0,1,1,4.544322,0,0.1452092,0
3407,1,0,1,0,1,11.9375,0,-0.1098263,1
3408,1,1,0,1,0,0.0,11,0.8827277,0
3409,0,0,0,0,1,11.1875,0,-0.9988392,0
3410,1,0,1,0,1,0.0,0,-1.857145,0
3411,1,1,0,0,1,0.0,0,-0.2080225,1
3412,1,1,1,0,0,2.8,0,-0.4010997,1
3413,0,0,1,0,1,3.28125,0,0.5130072,0
3414,0,1,0,0,0,13.5375,2,-3.083784,0
3415,0,0,0,0,0,8.0,0,-0.7805954,1
3416,1,1,1,0,1,9.3375,0,-0.3159864,0
3417,1,0,0,0,1,2.5,0,-1.109787,1
3418,0,1,0,0,1,0.0,0,2.174498,0
3419,0,1,1,0,1,0.0,0,0.672243,1
3420,0,1,0,1,1,3.625,0,0.2810656,0
3421,1,1,0,1,1,0.0,0,0.361276,0
3422,1,0,0,0,1,1.0,0,0.1954202,1
3423,1,1,0,1,1,11.0,0,-0.7388976,0
3424,1,0,1,0,1,5.0,0,-1.320547,0
3425,0,1,1,0,0,0.0,0,0.7704801,0
3426,1,1,0,1,1,0.0,104,0.8884903,0
3427,1,1,0,0,1,1.0,0,1.721976,1
3428,1,1,0,0,0,2.664234,0,1.254728,1
3429,1,0,1,0,1,4.0,0,2.058359,0
3430,0,0,0,1,0,51.3125,0,-1.651928,0
3431,1,1,1,0,1,7.5,0,-1.578687,0
3432,0,0,0,0,1,4.5,0,-0.0568521,0
3433,1,1,0,0,0,0.0,0,1.035786,0
3434,1,1,0,0,1,3.5,0,-0.4408767,0
3435,0,0,0,0,0,0.0,0,1.369589,1
3436,1,0,0,0,1,26.375,0,-2.876783,1
3437,0,0,0,1,1,4.5,0,-0.2570474,0
3438,0,1,0,0,0,5.0,11,1.076487,0
3439,0,1,0,0,1,16.0,0,-0.3411908,0
3440,1,0,1,0,1,9.9,0,-0.7858937,0
3441,1,1,0,1,1,0.5,0,-0.1992658,0
3442,0,1,1,0,1,1.0,0,0.2545563,0
3443,1,1,1,0,1,0.0,0,-0.9134921,0
3444,1,1,1,0,1,0.9375,0,0.597163,0
3445,1,0,0,1,1,0.0,0,1.441336,0
3446,1,1,0,0,0,5.5,0,0.288159,1
3447,1,1,0,1,0,7.5,0,0.2272668,0
3448,0,0,0,0,1,7.0,117,0.1759086,0
3449,1,0,0,0,1,8.396784,0,-0.1455306,0
3450,1,1,0,0,1,0.0,60,2.163662,0
3451,1,0,0,0,1,1.5,50,0.5444278,1
3452,1,0,0,0,1,0.0,18,-0.9903207,0
3453,1,1,1,0,1,0.0,184,2.489502,0
3454,1,0,0,0,0,7.0,132,0.0988055,1
3455,0,0,0,0,1,4.0,0,-0.4888909,1
3456,0,0,1,0,1,7.0,0,-1.228549,0
3457,0,1,1,0,1,5.6875,0,1.084083,0
3458,0,1,1,0,1,4.0,3,0.3165888,0
3459,1,1,0,0,1,4.806004,0,-0.7335237,0
3460,1,0,0,1,1,11.10375,0,-0.7755256,0
3461,0,0,0,1,1,8.0,0,-1.843227,0
3462,0,1,1,0,1,6.0,0,1.026707,0
3463,1,1,1,0,1,3.5,0,0.2665039,0
3464,0,1,0,0,0,0.0,0,0.4885262,1
3465,1,0,1,0,1,10.3125,0,-0.8850644,0
3466,1,1,0,1,0,19.5,0,-0.344869,0
3467,0,0,1,0,1,6.6625,0,-0.7202711,1
3468,1,0,1,0,1,0.0,19,0.9827636,0
3469,1,0,1,0,1,0.0,0,0.4528678,0
3470,0,1,1,0,1,0.5,0,-0.9101556,0
3471,0,0,0,1,1,3.5625,0,-2.545621,0
3472,1,0,0,0,0,13.05,0,-3.050849,0
3473,0,0,0,0,1,8.366762,0,0.0095675,1
3474,1,1,0,0,1,0.0,0,0.7418595,0
3475,1,0,0,0,1,2.525,0,0.3147748,0
3476,1,0,0,0,1,8.0,42,-0.6505632,1
3477,1,1,0,0,1,6.0,0,0.1501084,0
3478,1,0,0,1,1,6.537313,0,-0.8748525,1
3479,1,0,0,0,1,25.0,0,-1.443321,0
3480,0,1,0,0,1,0.0,33,-1.556685,1
3481,1,1,1,0,1,0.0,0,1.383161,1
3482,1,0,1,0,0,9.662499,0,-0.9737956,0
3483,1,1,0,0,0,0.0,26,0.4522149,1
3484,1,0,0,1,1,0.0,9,-0.6433665,0
3485,0,0,0,0,0,0.0,1,1.353335,0
3486,0,1,0,0,0,0.0,0,2.120318,0
3487,1,1,0,1,0,0.0,0,0.7460318,0
3488,0,1,1,0,1,5.0,0,0.7391735,1
3489,1,1,1,0,1,14.1,0,-1.125309,0
3490,1,1,0,0,0,0.0,2,1.60768,0
3491,1,0,0,1,1,16.5,9,-1.133631,1
3492,1,0,0,0,1,7.5,0,-0.7427228,1
3493,0,0,0,1,0,1.875,0,0.290282,0
3494,1,1,0,0,1,25.0,0,-1.689559,0
3495,1,0,1,0,1,2.0,0,0.7241838,0
3496,0,0,1,0,1,7.25,0,0.1563304,0
3497,1,1,0,0,1,0.0,0,,1
3498,1,0,1,0,0,11.7775,0,-2.297495,0
3499,1,0,0,0,0,1.042857,1,1.411918,1
3500,1,1,0,1,1,4.0,0,0.5431527,0
3501,1,0,1,0,0,11.6625,5,-0.9654315,1
3502,1,0,0,1,1,8.5,0,0.7477131,0
3503,1,1,0,1,0,1.4375,0,1.621874,0
3504,1,1,0,0,1,0.0,0,1.704712,0
3505,1,0,0,0,1,41.0,0,-1.721936,0
3506,0,0,1,0,0,9.5,0,-1.005792,0
3507,1,1,0,0,0,3.0,0,1.125075,0
3508,1,1,0,1,0,3.75,0,0.4207914,0
3509,1,1,0,1,0,5.0625,0,0.1011292,0
3510,1,1,1,0,1,0.0,0,2.326845,0
3511,1,1,0,1,1,13.5,0,0.4670744,0
3512,1,0,1,0,0,9.0,0,2.355916,0
3513,1,0,0,1,1,19.40625,0,-0.5588425,0
3514,1,1,0,1,1,0.0,0,1.463171,0
3515,0,0,0,1,1,35.98625,0,-4.207464,0
3516,1,1,1,0,1,7.0,0,-1.498588,0
3517,0,1,0,0,1,10.0,0,-0.6326764,0
3518,0,1,0,0,1,6.25,0,1.009835,0
3519,1,1,1,0,1,9.0,63,1.00237,0
3520,1,0,1,0,1,7.9625,0,-0.7863407,0
3521,1,1,1,0,1,138.0188,0,-9.082212,0
3522,0,0,0,1,1,3.5,6,-0.9365948,0
3523,0,0,1,0,1,8.96875,0,-0.0908518,1
3524,1,1,0,0,1,3.25,0,-0.6084394,1
3525,0,0,0,1,1,2.116624,0,0.3357902,0
3526,1,1,0,0,1,6.5625,0,0.2399192,1
3527,1,0,0,1,0,0.0,0,1.134865,1
3528,0,0,1,0,1,10.94375,0,-0.1213068,0
3529,1,0,0,1,1,2.0,0,0.0863491,0
3530,1,1,0,1,0,3.5,0,2.345924,0
3531,1,0,0,0,1,0.0,0,0.3615317,0
3532,0,1,0,1,0,0.0,28,1.190559,0
3533,1,0,0,0,1,3.75,0,0.4569817,0
3534,1,0,1,0,0,0.9375,0,0.3189699,0
3535,1,0,1,0,1,6.625,0,0.1879837,0
3536,1,1,1,0,1,9.0,1,-0.6261819,0
3537,0,1,0,1,1,0.0,0,1.739134,1
3538,1,1,0,0,1,0.0,0,3.101996,0
3539,1,1,1,0,1,1.5,109,0.6912557,0
3540,1,0,0,1,1,7.0,0,-1.681229,0
3541,0,0,0,1,1,11.0,1,-1.02598,0
3542,0,0,0,0,1,8.0,0,-1.859481,1
3543,0,0,1,0,1,11.9375,0,-0.2244029,0
3544,1,1,0,0,0,7.0,0,0.9864293,0
3545,0,1,0,0,1,2.0,0,1.352234,0
3546,0,1,0,0,0,14.5,0,-1.101556,0
3547,1,0,1,0,0,10.59375,0,-0.238377,0
3548,1,0,0,0,1,0.0,0,0.4356302,0
3549,0,0,0,1,1,2.710396,0,0.5267332,0
3550,0,0,1,0,1,9.84375,0,-0.0376888,0
3551,1,0,1,0,1,0.0,0,0.6473153,0
3552,1,0,1,0,1,1.0625,0,0.5695936,0
3553,1,0,0,1,1,20.0,0,-0.463662,0
3554,1,0,1,0,1,11.0625,0,-1.038494,0
3555,1,0,0,1,0,0.0,23,0.5397934,1
3556,1,0,0,1,1,6.9375,72,-0.7877867,0
3557,1,0,0,0,1,0.0,0,-0.7207749,0
3558,1,1,0,1,1,0.0,9,2.526126,0
3559,1,1,0,1,1,0.0,0,2.200502,1
3560,0,0,0,0,1,11.5,0,-0.9133905,0
3561,1,0,1,0,1,2.875,0,1.235732,0
3562,0,0,1,0,1,9.5,0,0.0577164,0
3563,1,0,0,0,1,3.5,0,0.6086038,0
3564,1,1,1,0,0,2.8125,0,-0.4904473,0
3565,0,0,0,0,1,4.8,0,0.0005681,0
3566,1,1,0,0,0,2.181275,55,1.408021,0
3567,0,1,0,0,1,16.0625,0,,0
3568,1,0,0,0,1,14.5,0,-0.2595198,0
3569,1,1,0,0,0,2.8125,0,0.5774021,0
3570,1,1,0,0,1,9.0,0,0.9924221,0
3571,1,0,0,1,1,11.6,0,-2.878127,0
3572,1,0,0,1,1,12.5,0,0.140464,0
3573,1,1,0,0,1,8.0,0,-0.7155793,0
3574,1,0,0,1,0,2.5,0,1.632905,0
3575,0,0,0,0,0,5.0,124,-1.40122,1
3576,0,0,0,1,0,10.7875,0,-1.02418,0
3577,1,0,0,0,1,11.5,0,0.0047969,0
3578,1,0,1,0,1,0.5,0,2.080757,0
3579,1,0,1,0,1,1.0,0,-1.397489,0
3580,1,0,1,0,1,2.0,0,0.5765966,0
3581,1,1,0,0,1,13.5,0,0.9069595,0
3582,1,1,1,0,1,12.0,0,0.175876,1
3583,1,0,1,0,1,5.5625,0,0.9692885,0
3584,0,0,0,0,0,0.0,18,-0.3380547,1
3585,0,0,1,0,1,4.0375,0,0.3592843,0
3586,0,0,0,1,1,0.0,46,0.8718285,0
3587,1,1,0,0,1,0.0,0,1.106958,1
3588,1,0,1,0,1,8.3125,0,-2.487485,1
3589,1,0,1,0,1,7.03125,0,0.5436056,1
3590,1,0,1,0,1,0.0,0,0.3495417,1
3591,1,0,1,0,1,12.97125,0,-1.205307,0
3592,1,0,0,1,1,12.9125,0,-1.148781,0
3593,1,0,1,0,0,7.5,0,0.1820255,0
3594,0,0,1,0,0,3.0625,0,0.2546318,0
3595,0,0,1,0,1,6.0,0,0.2422325,0
3596,1,0,0,0,1,27.5,0,-1.054515,0
3597,1,0,0,0,0,12.5,0,-0.9990482,0
3598,1,0,0,0,1,16.5,0,-0.5406167,0
3599,1,1,0,0,1,0.0,0,-1.128587,1
3600,0,0,1,0,1,8.0,0,-1.76454,0
3601,1,0,0,1,1,5.0,0,2.250351,0
3602,1,0,0,0,1,7.5,0,-1.143107,0
3603,1,1,0,1,0,0.0,0,0.2537069,0
3604,1,1,0,1,1,7.03125,0,-1.62055,0
3605,1,0,0,0,1,10.0,0,-0.1001042,0
3606,1,1,1,0,1,0.5,0,1.54171,1
3607,1,0,0,0,1,11.7,0,-2.931559,1
3608,0,1,1,0,1,13.125,0,-1.489295,0
3609,1,1,1,0,0,0.0,0,0.1557872,0
3610,1,1,0,0,1,4.0,0,,1
3611,1,0,0,1,0,6.5625,0,-1.435821,0
3612,0,0,0,1,1,0.0,0,-0.8033128,0
3613,1,0,0,1,1,9.3125,0,-0.8171449,0
3614,0,1,0,0,1,2.0,106,-2.189323,0
3615,1,0,1,0,1,5.0,0,0.4370458,1
3616,0,0,0,0,1,0.0,0,-0.3234006,1
3617,1,1,0,1,1,0.0,0,0.8098033,0
3618,0,1,1,0,1,0.0,0,4.260746,0
3619,1,1,0,0,1,5.5,0,-1.166567,0
3620,1,1,0,1,1,2.9375,0,1.349651,0
3621,1,1,0,0,1,0.0,0,1.307544,0
3622,0,1,0,1,1,2.8125,0,0.6330225,0
3623,1,1,1,0,1,9.0,0,-1.580974,0
3624,0,0,0,0,1,6.687704,0,-0.9072375,0
3625,1,0,0,0,1,0.0,0,0.0845498,0
3626,0,0,1,0,1,13.5,0,0.0351855,0
3627,1,1,1,0,1,0.0,0,1.40185,0
3628,1,0,1,0,1,0.0,1,1.299155,0
3629,1,1,0,1,0,0.0,29,1.265032,1
3630,1,0,0,0,1,3.75,0,0.3985431,0
3631,1,0,0,0,1,16.28125,1,-1.205847,0
3632,1,0,1,0,1,0.0,0,0.5404289,0
3633,1,0,1,0,1,6.09375,11,-1.664467,0
3634,0,0,1,0,1,0.0,0,1.463008,1
3635,0,1,0,0,1,9.78125,0,-0.9504196,0
3636,1,1,1,0,1,2.5,0,-0.2215412,0
3637,0,0,0,0,1,7.0,5,-0.7085746,1
3638,1,1,0,0,1,2.0,0,0.6102093,0
3639,1,1,0,1,1,11.1875,0,1.054789,0
3640,1,0,1,0,1,1.0,0,1.299372,0
3641,1,0,1,0,1,21.3125,0,-2.571492,1
3642,1,0,1,0,1,0.0,0,2.015645,0
3643,1,0,1,0,1,13.28375,0,-0.0388983,0
3644,1,0,1,0,1,10.1875,0,-1.00825,0
3645,1,0,0,1,0,0.0,0,1.438292,0
3646,1,1,0,0,0,3.0,66,-0.1086486,0
3647,0,1,1,0,1,0.0,0,1.511987,0
3648,1,1,1,0,1,0.0,15,2.153368,0
3649,1,1,0,0,1,5.65,0,-1.558316,0
3650,0,0,0,1,1,1.0,0,0.663059,0
3651,1,0,0,0,1,5.5,0,-0.2962262,0
3652,1,0,1,0,1,1.4375,0,1.197345,0
3653,1,0,1,0,1,7.03125,0,-0.755578,0
3654,0,0,0,0,1,2.0,10,0.016132,1
3655,0,1,0,1,1,0.0,0,1.83348,0
3656,1,0,0,1,1,34.85,0,0.1357931,0
3657,0,0,1,0,1,10.34375,0,-0.2633142,1
3658,1,1,1,0,1,5.0,0,3.265361,0
3659,0,1,0,0,1,8.175,0,-0.113075,0
3660,1,0,0,1,1,1.0,0,1.87368,1
3661,0,0,0,0,1,4.5,0,-1.564959,0
3662,1,0,0,0,1,0.0,45,0.446381,0
3663,1,1,0,0,1,0.0,0,-0.1026029,0
3664,1,0,0,0,1,9.9375,105,-1.038238,0
3665,1,1,0,0,1,10.0,0,0.4196052,0
3666,1,1,0,0,1,10.3125,0,-2.795151,0
3667,0,1,0,0,1,11.25,0,-3.002992,0
3668,0,0,1,0,1,0.0,0,0.7918204,0
3669,1,1,0,0,1,2.5,0,-0.3998193,0
3670,1,1,0,1,1,2.5,0,2.264437,0
3671,1,0,0,1,1,10.125,1,0.080206,0
3672,1,0,0,1,1,1.5,0,1.426348,1
3673,0,1,0,0,1,9.5,23,0.3402793,0
3674,1,1,0,0,0,0.0,0,1.573414,0
3675,1,0,0,1,1,10.0,0,0.0687314,0
3676,1,1,0,0,1,0.0,0,1.588718,0
3677,1,0,0,1,1,4.0,0,-1.548373,0
3678,0,0,0,1,1,10.78125,0,0.1157898,0
3679,0,0,1,0,1,1.40625,0,0.6034541,0
3680,0,0,0,0,1,6.5,0,-0.6156716,0
3681,0,0,1,0,0,0.0,0,-1.998951,0
3682,1,1,0,1,1,0.0,0,0.4955589,1
3683,1,0,1,0,1,29.0,0,-0.2550364,1
3684,0,1,0,0,1,0.0,123,-0.3670222,0
3685,0,1,1,0,1,19.0,0,-2.431427,0
3686,1,0,0,1,0,2.829457,0,1.508784,0
3687,1,1,0,1,0,21.5,0,-1.515973,0
3688,1,1,0,1,1,1.0,0,0.730754,0
3689,1,1,0,0,1,10.5,0,-0.6081868,0
3690,1,1,0,1,0,2.0,36,2.056819,0
3691,1,1,0,1,1,12.0,0,0.373814,0
3692,0,0,0,1,1,9.0375,0,-0.0617401,0
3693,1,0,0,0,1,4.5,27,-0.5510895,1
3694,1,1,0,1,1,0.0,0,0.4785029,0
3695,0,1,0,1,0,9.375,0,-2.005991,0
3696,1,0,0,1,1,21.5,0,-0.5523967,0
3697,1,0,1,0,1,16.875,0,-0.5454165,0
3698,1,0,0,0,0,0.0,0,1.456277,1
3699,1,1,0,0,1,11.5625,0,-0.7830488,0
3700,0,1,0,0,1,3.0,2,-0.4078378,0
3701,1,0,0,0,1,5.625,0,-0.8051818,0
3702,1,0,0,1,0,12.48125,0,-0.2458839,0
3703,1,0,0,1,1,0.9375,0,-0.3217734,0
3704,1,1,0,0,1,3.0,0,-1.49416,1
3705,1,1,0,1,1,13.2875,0,-2.811593,0
3706,1,0,0,0,1,2.231503,0,0.1391615,1
3707,0,0,0,1,1,3.75,0,0.289538,0
3708,1,0,0,0,1,16.84375,0,-1.417657,0
3709,1,0,0,1,0,3.5,9,-0.275404,0
3710,1,0,1,0,1,8.6875,0,0.191349,0
3711,0,0,1,0,1,5.625,0,-1.41193,0
3712,0,1,0,1,0,11.5,0,-0.9992327,0
3713,1,1,0,0,1,7.0,0,1.022115,0
3714,0,0,0,1,0,1.5,0,0.5901901,0
3715,1,0,0,0,1,0.0,1,-1.504044,1
3716,1,1,1,0,1,13.0,0,0.0418073,0
3717,1,1,0,0,1,6.0,0,-1.583596,0
3718,1,0,0,0,1,16.0,0,-1.201464,0
3719,0,1,1,0,1,13.4375,35,0.1664054,0
3720,0,1,1,0,1,8.2875,0,0.0226332,0
3721,1,1,0,1,1,1.0,0,0.916428,0
3722,1,0,1,0,1,1.693998,0,-1.32089,1
3723,1,0,0,1,1,7.5,0,-1.617563,0
3724,1,0,1,0,1,3.5,0,-1.715628,1
3725,1,1,0,0,1,0.0,0,-1.167712,1
3726,1,0,0,0,1,4.5,71,0.1239626,0
3727,0,0,0,0,1,7.03125,0,0.2799302,1
3728,1,0,1,0,1,0.0,0,1.745334,0
3729,0,1,0,0,1,3.737201,0,-0.5923951,1
3730,0,0,0,1,0,0.0,0,0.538903,1
3731,0,0,0,1,1,0.0,3,1.779571,1
3732,1,1,1,0,1,0.0,0,2.281353,0
3733,1,0,1,0,1,8.2875,0,-2.568099,0
3734,1,0,0,0,1,1.48445,0,-0.523208,0
3735,1,1,0,1,1,1.5,125,2.969321,1
3736,1,0,1,0,1,0.0,0,-2.220396,1
3737,0,1,0,0,0,19.0,0,-2.561435,1
3738,1,0,0,1,1,10.5,0,0.3255426,0
3739,1,0,0,0,1,6.0,0,-1.534683,0
3740,1,0,1,0,1,0.0625,0,1.602867,0
3741,1,0,1,0,0,11.0,0,-0.8666325,1
3742,1,1,0,0,0,0.1875,0,0.4280374,0
3743,1,1,0,1,1,0.0,0,1.237976,0
3744,1,0,1,0,1,13.5,0,-0.7646108,0
3745,1,0,0,1,1,1.5,0,-0.188734,0
3746,1,0,0,0,1,3.375,11,-1.857328,0
3747,0,0,1,0,1,0.0,0,1.10849,0
3748,1,1,0,1,0,22.0,128,-2.146762,1
3749,1,1,0,1,1,1.5,0,1.903434,0
3750,0,0,0,0,1,14.0625,0,-0.4199906,0
3751,1,1,0,0,0,0.0,0,2.258986,0
3752,0,0,1,0,0,6.033058,0,0.350107,1
3753,1,1,0,1,1,0.0,38,1.086815,0
3754,1,0,0,0,1,13.425,0,-2.953351,1
3755,1,0,1,0,1,7.03125,0,0.2939954,0
3756,0,1,0,1,1,13.125,0,-0.6450333,0
3757,1,1,1,0,0,5.0,0,-0.1410597,0
3758,0,1,0,1,1,6.5,0,-0.251859,0
3759,1,1,1,0,1,6.075,0,-1.802426,0
3760,1,1,0,1,1,4.0,0,0.5267007,0
3761,1,1,0,1,1,0.0,0,-0.1472256,0
3762,1,0,0,1,0,8.3125,0,0.7057958,0
3763,1,0,0,1,1,13.0625,0,-1.908063,1
3764,1,0,0,0,1,9.7875,0,0.0123294,0
3765,0,0,0,1,0,5.625,0,-1.423269,0
3766,0,1,1,0,1,0.0,0,-0.0202444,1
3767,1,1,0,0,1,4.6875,0,-0.0497098,0
3768,1,0,0,1,1,11.0,0,-0.6249894,0
3769,1,1,0,0,1,8.2125,0,0.2373031,0
3770,0,0,0,1,1,7.6875,0,0.0903516,0
3771,1,0,1,0,1,0.9,0,-1.443347,0
3772,1,0,0,1,1,13.0125,0,-2.279969,0
3773,0,0,0,0,1,7.46875,0,-0.7054997,0
3774,1,1,0,1,1,0.0,0,3.024236,0
3775,1,0,0,1,1,0.0,0,-0.0129743,0
3776,1,0,1,0,0,14.5,0,-1.343459,0
3777,0,0,0,0,1,4.0,0,0.3571889,0
3778,1,1,0,0,1,0.0,160,-0.1993217,0
3779,1,1,0,0,1,5.625,0,0.3256606,0
3780,0,1,0,1,1,22.0625,0,-2.283435,0
3781,1,0,0,1,1,2.0,65,1.690487,0
3782,0,0,0,1,1,0.0,0,1.321122,0
3783,1,0,1,0,1,4.6875,0,-0.5060604,0
3784,1,0,0,1,1,2.0,135,0.5634993,0
3785,1,1,0,0,1,13.5,61,-1.183044,1
3786,1,0,0,0,0,41.88125,37,-1.853455,1
3787,1,0,0,0,1,7.5,0,-0.6560897,0
3788,1,1,0,0,1,5.5,0,-1.67852,0
3789,1,1,1,0,1,0.0,0,1.269898,0
3790,1,0,1,0,1,3.0,0,-0.2555417,0
3791,1,0,1,0,1,5.625,0,-0.5907816,0
3792,0,1,0,0,0,0.0,0,-1.056579,0
3793,0,1,1,0,1,4.5,26,-1.537924,0
3794,0,1,0,0,1,0.0,0,1.705505,0
3795,1,0,1,0,1,0.0,0,-0.2304626,0
3796,1,1,0,1,1,10.85125,0,-0.1505944,0
3797,1,0,1,0,1,11.9375,0,0.7905414,0
3798,0,0,0,0,1,6.293103,0,-0.3324856,1
3799,1,1,0,0,1,5.5,0,-0.4761041,0
3800,0,0,0,1,1,3.5,0,1.181812,0
3801,1,1,0,0,1,2.5,5,-2.305701,0
3802,1,0,1,0,1,3.0,23,-2.313547,0
3803,1,1,1,0,1,0.0,0,2.217637,0
3804,0,0,0,1,1,5.5,0,0.863719,0
3805,1,0,1,0,1,3.75,0,0.220569,0
3806,1,1,0,1,1,4.5,0,0.6888509,0
3807,1,1,1,0,1,4.0,0,0.1987783,1
3808,0,1,0,1,0,18.125,0,-3.318484,0
3809,1,0,1,0,1,22.925,0,-1.61446,0
3810,1,1,0,1,1,11.5,133,0.1619927,0
3811,0,1,0,1,1,12.0,0,-0.2696128,0
3812,0,0,0,1,0,6.5,0,-0.5119493,0
3813,1,1,0,1,0,0.0,0,1.304573,1
3814,1,0,1,0,1,7.84375,0,-0.1241744,0
3815,0,0,0,1,1,12.25,0,-0.1069646,0
3816,0,0,1,0,1,0.0,0,1.556978,0
3817,1,1,0,0,1,3.0,1,-0.1694455,0
3818,0,0,0,1,1,6.0,0,-0.539002,0
3819,1,0,1,0,1,0.0,2,1.478382,0
3820,1,0,0,1,0,0.0,0,0.5165951,0
3821,1,0,1,0,0,7.0625,0,0.2520522,0
3822,1,0,0,0,0,2.375,27,0.2785283,1
3823,1,1,0,0,1,0.0,0,-0.2080225,0
3824,0,0,1,0,0,0.0,0,-1.356143,0
3825,1,0,0,0,0,9.5625,0,-0.9511647,0
3826,1,1,0,1,0,0.0,45,-1.184723,1
3827,1,1,0,1,1,1.0,0,1.316482,0
3828,1,0,1,0,1,1.0,134,1.22006,0
3829,1,1,1,0,1,1.0,0,0.252725,0
3830,1,1,0,1,1,10.78125,0,-0.1493156,0
3831,1,1,1,0,1,0.0,0,2.889018,0
3832,1,0,0,1,1,5.0,0,-0.55369,0
3833,1,0,0,1,1,10.5,0,0.9352585,0
3834,0,0,0,1,1,3.0,0,-0.3387582,0
3835,1,0,0,0,0,3.0,0,-0.2452976,0
3836,0,0,0,1,1,0.8,0,0.4885137,1
3837,1,0,1,0,1,0.0,0,1.998078,0
3838,1,0,1,0,1,15.5,0,-1.434199,0
3839,1,0,0,1,0,3.1875,0,1.377824,0
3840,0,0,1,0,0,5.15625,0,0.2436636,0
3841,1,0,1,0,1,4.5,0,0.9467307,0
3842,1,0,0,1,1,3.0,0,1.63997,0
3843,0,0,1,0,1,0.0,0,2.021753,0
3844,1,1,0,1,1,0.0,0,1.156947,0
3845,1,1,0,0,1,0.0,86,1.640489,0
3846,0,1,0,0,1,5.0875,0,0.0873364,0
3847,1,0,0,0,1,3.5,0,-0.155792,0
3848,1,0,0,1,1,11.175,0,0.5303389,1
3849,1,1,1,0,1,2.0,0,0.8091096,0
3850,1,1,1,0,1,0.0,0,,0
3851,1,1,0,0,1,0.0,0,1.369589,1
3852,1,0,0,0,1,7.96875,0,-0.9502794,0
3853,1,1,0,1,1,10.9875,0,-0.2039601,0
3854,1,0,0,0,1,38.5,0,-3.594752,0
3855,0,0,0,0,0,11.4375,0,-0.2334342,1
3856,1,0,0,0,1,0.0,0,-0.1538424,0
3857,0,1,1,0,1,19.25,0,-0.436823,0
3858,0,0,1,0,1,1.53125,0,1.262001,1
3859,0,0,1,0,1,9.625,0,0.7545924,0
3860,0,0,0,1,1,8.5,0,-0.6235814,0
3861,1,0,1,0,1,13.5,16,-0.0413965,0
3862,1,1,0,1,1,10.75,0,-1.02037,0
3863,1,0,1,0,0,10.3375,0,-1.712708,0
3864,1,0,0,0,1,11.26875,0,-0.1738844,0
3865,0,1,0,0,0,0.0,27,-0.6774308,0
3866,1,1,0,0,0,0.0,0,1.405348,1
3867,1,0,0,1,1,11.25,0,-1.068486,0
3868,1,0,1,0,1,2.5,4,0.7692948,0
3869,0,0,1,0,1,3.0,0,0.4716101,0
3870,0,1,0,1,0,0.0,0,0.435636,1
3871,1,0,0,1,1,12.5,0,-2.784799,1
3872,0,1,1,0,1,0.0,0,0.0658097,0
3873,1,0,0,1,0,9.1875,0,-0.1587514,0
3874,0,0,0,1,0,17.11,0,-3.279723,0
3875,0,1,0,0,0,0.5464072,1,1.586371,1
3876,1,0,1,0,1,6.5,0,0.0789504,0
3877,0,1,0,1,1,0.0,0,1.736149,0
3878,0,1,0,0,1,3.0,0,-0.3076047,0
3879,1,1,1,0,1,0.0,0,2.0222,0
3880,1,0,0,1,1,10.94625,0,-0.91923,0
3881,1,0,0,0,0,7.0,0,0.4374797,0
3882,1,1,0,1,0,2.0,3,-0.6339846,0
3883,1,0,0,1,1,5.0,0,0.8807805,0
3884,1,1,1,0,1,0.0,0,-0.2917444,0
3885,1,0,0,1,1,0.0,0,1.582746,0
3886,0,0,0,0,1,5.5,0,-1.67852,0
3887,1,0,0,1,0,2.5,0,-0.3269688,0
3888,1,1,1,0,0,66.0,0,-3.820056,1
3889,0,1,1,0,1,9.5625,0,0.3390276,0
3890,0,0,0,0,1,2.0,0,0.6730583,0
3891,1,0,0,1,1,15.975,0,-0.4736965,0
3892,1,0,0,0,1,11.03025,0,-2.187598,1
3893,0,0,1,0,1,4.0,0,0.8835956,0
3894,0,1,1,0,1,4.8125,0,0.0756268,0
3895,1,1,0,0,1,15.875,0,-0.4143931,1
3896,1,1,0,0,1,10.825,0,-0.9752046,0
3897,1,0,0,0,0,27.5,0,-1.628888,1
3898,0,0,0,0,1,4.15,0,-1.563332,0
3899,1,0,1,0,1,28.0,0,-3.873135,1
3900,0,0,1,0,1,1.5,0,-0.2645861,0
3901,0,1,0,1,1,0.0,0,-1.40488,0
3902,1,0,0,1,1,8.75,0,0.0544553,0
3903,0,1,1,0,1,4.6875,0,,0
3904,1,0,0,0,1,2.0,109,-1.416922,1
3905,0,1,0,1,1,4.2875,0,-0.4377463,0
3906,1,0,0,0,1,10.6875,0,-0.1634729,0
3907,0,0,0,0,1,7.28125,0,-1.924196,0
3908,1,0,1,0,1,0.0,0,1.384284,1
3909,1,0,1,0,0,9.5,0,-1.126146,0
3910,0,0,0,1,1,3.0,0,0.6858401,0
3911,0,0,0,0,1,0.0,33,-0.6662114,1
3912,1,0,0,1,1,13.0,0,-1.076236,0
3913,0,0,0,1,1,0.0,0,1.922225,0
3914,1,0,0,1,1,7.0,0,1.084731,0
3915,0,1,0,0,1,10.0,0,-0.7476534,1
3916,0,1,1,0,1,1.0,0,1.489002,0
3917,0,1,0,1,1,11.2,0,-1.808459,1
3918,1,0,0,0,1,11.0,0,-0.7745264,0
3919,1,1,0,1,1,13.525,0,-2.35391,0
3920,1,1,0,0,0,0.0,99,0.6834603,1
3921,1,1,1,0,1,5.75,0,-2.599764,1
3922,1,0,1,0,1,0.0,0,0.6164888,0
3923,1,0,1,0,1,10.25,0,-1.171925,0
3924,1,0,0,0,1,1.226478,0,0.2324957,0
3925,0,0,0,0,1,4.0,0,-0.4815766,0
3926,1,1,0,1,0,9.375,0,0.0118205,0
3927,1,1,0,1,0,7.0,0,-1.122762,0
3928,1,1,0,0,0,0.0,12,0.202318,0
3929,1,1,1,0,1,26.0,0,-1.834663,0
3930,0,1,0,0,1,1.0,0,-0.3974358,1
3931,1,0,1,0,1,1.0,0,1.393321,1
3932,1,0,0,1,1,8.4375,0,0.1115573,0
3933,1,0,0,0,1,0.0,0,,0
3934,0,1,0,0,1,7.5,0,0.8808866,0
3935,1,0,1,0,1,5.0,0,-0.8680415,1
3936,1,0,0,1,1,0.0,0,,0
3937,1,0,1,0,1,4.5,0,0.7322022,0
3938,0,0,0,0,1,0.0,0,0.5063949,1
3939,1,1,1,0,1,0.0,0,0.5477126,0
3940,1,0,0,0,1,5.40625,0,0.3449788,0
3941,0,0,1,0,0,8.3625,0,-0.7922732,0
3942,1,1,1,0,1,15.4375,0,-2.277992,1
3943,0,1,1,0,1,0.0,0,1.561399,0
3944,1,0,1,0,1,1.5,0,0.3727893,0
3945,0,1,1,0,1,0.0,0,0.8759106,0
3946,1,1,0,1,0,0.0,118,2.174498,1
3947,1,1,0,0,1,12.70625,0,-2.081946,0
3948,0,0,0,0,1,17.125,0,0.1371919,0
3949,0,1,0,0,0,0.0,3,1.199476,1
3950,1,1,0,1,1,0.0,0,2.342239,0
3951,1,1,0,1,0,8.025,1,0.2356616,0
3952,0,1,0,0,1,1.0,0,-1.444229,1
3953,0,1,1,0,1,10.875,0,1.124284,0
3954,1,0,0,0,1,19.21625,0,-1.50901,0
3955,1,0,0,0,1,2.789779,0,-0.581111,1
3956,0,0,0,0,1,11.25,0,-1.607076,1
3957,0,0,1,0,0,13.0125,0,-1.037344,0
3958,1,0,1,0,0,0.0,0,-0.9762651,0
3959,1,1,0,0,1,9.0,0,-0.6449282,1
3960,1,0,0,1,0,7.2,0,-0.8032289,0
3961,1,1,0,0,1,1.0,0,-0.3205001,0
3962,1,0,1,0,1,4.21875,0,-1.192162,0
3963,1,0,1,0,1,5.46875,0,0.1965359,0
3964,0,0,0,1,1,12.1875,0,-1.141164,0
3965,1,1,0,0,1,0.0,0,,1
3966,1,0,0,1,1,3.705584,1,-1.539458,0
3967,1,1,1,0,1,27.5,0,-2.584147,0
3968,1,0,0,1,1,3.0625,0,0.2305433,0
3969,0,0,1,0,1,7.96875,0,-1.49677,0
3970,0,1,0,1,1,0.0,0,2.837933,0
3971,1,1,0,1,1,0.0,0,2.228678,0
3972,1,1,0,0,1,6.0,0,0.6889814,0
3973,0,0,0,1,1,7.0,0,-0.845991,0
3974,0,0,1,0,1,8.375,0,0.7928776,0
3975,1,0,0,1,1,0.0,0,0.3762644,0
3976,1,0,0,0,1,10.49125,0,-0.2201794,0
3977,1,1,0,1,1,0.0,0,2.247074,0
3978,1,0,0,0,1,38.4375,0,-2.237566,0
3979,1,1,0,1,1,0.0,0,2.182745,0
3980,1,1,1,0,1,2.8125,0,0.6974239,0
3981,1,0,0,0,0,1.0,2,0.342457,0
3982,1,0,1,0,1,9.875,0,-1.703147,0
3983,1,0,1,0,1,9.375,0,-0.8348027,0
3984,1,1,0,1,1,7.0,0,1.503849,0
3985,1,1,0,0,1,1.0,0,-0.3974358,0
3986,0,0,0,1,1,1.0,0,1.478166,1
3987,0,1,1,0,1,7.0,0,-0.5911821,0
3988,1,0,0,1,0,12.0,0,-0.8737624,0
3989,0,1,0,0,0,0.0,1,1.261229,0
3990,1,0,0,1,0,0.0,0,2.391218,1
3991,0,0,1,0,1,0.0,0,2.240237,0
3992,1,1,0,1,1,4.0,0,0.2254288,1
3993,1,0,0,0,0,11.625,0,-0.2445681,0
3994,0,0,0,0,0,8.0,0,0.1011958,0
3995,1,0,0,1,1,6.5,0,-0.6545733,1
3996,1,1,1,0,1,1.5,32,2.681407,0
3997,1,0,0,0,1,4.0,0,0.2031328,0
3998,0,0,1,0,1,1.549528,0,,0
3999,0,0,0,0,1,2.3125,0,1.197038,0
4000,0,0,0,0,1,2.527701,0,-0.4068822,0
4001,1,0,0,0,1,35.0,0,0.5201727,0
4002,0,0,0,0,1,4.225,0,0.9439024,0
4003,1,1,0,1,1,0.0,0,0.5105246,0
4004,0,1,0,0,1,4.0,0,-1.619379,0
4005,1,1,0,0,0,0.0,0,0.5088872,1
4006,1,1,0,0,1,1.25,0,0.7716241,0
4007,1,0,0,0,0,0.0,0,,0
4008,1,0,0,1,1,2.0,38,1.27995,0
4009,0,1,0,1,1,1.0,51,2.643037,0
4010,1,0,1,0,1,4.5,55,0.0372413,0
4011,1,0,1,0,1,6.0,24,0.2121968,0
4012,0,0,1,0,1,9.5,0,2.065286,1
4013,1,1,0,0,0,0.0,5,0.6470444,1
4014,1,1,0,0,1,0.0,173,1.419445,0
4015,1,1,0,0,1,0.0,0,2.813627,0
4016,1,1,0,1,1,12.5,0,-2.704189,0
4017,1,1,0,1,1,3.125,0,0.4912775,0
4018,0,1,1,0,1,11.75,0,1.122587,0
4019,1,0,0,1,1,6.63125,0,-2.017663,1
4020,1,0,1,0,1,4.175,0,0.434115,0
4021,0,1,0,1,1,2.5,0,-0.1346044,0
4022,0,0,1,0,1,6.0,0,-0.5543805,0
4023,1,0,0,0,0,8.0,77,0.207323,0
4024,0,0,1,0,1,2.375,0,1.137585,1
4025,1,0,0,1,1,4.5,0,-1.555981,0
4026,1,0,0,0,1,8.125,0,-1.599866,1
4027,1,1,0,0,1,0.0,0,1.922225,0
4028,1,1,0,0,0,0.0,111,1.488785,0
4029,0,1,1,0,1,20.75,0,-2.706002,0
4030,0,0,0,1,1,7.5,116,-1.063005,0
4031,0,1,0,1,1,1.375,0,0.3348229,0
4032,1,1,0,0,0,9.5,0,0.1495655,0
4033,1,0,1,0,1,11.6875,0,-0.4043852,0
4034,1,0,0,0,1,6.775,10,-1.934916,1
4035,0,0,0,0,1,9.0,11,-0.6950448,0
4036,1,1,1,0,1,3.0,0,1.391912,0
4037,0,1,1,0,0,0.0,80,3.375204,0
4038,1,1,0,0,1,10.0,0,0.0237615,0
4039,0,0,0,1,1,1.5,0,0.3176262,0
4040,1,0,0,1,1,11.0,0,0.1642575,0
4041,1,0,1,0,1,16.5,103,1.240583,0
4042,1,0,0,1,1,3.5,0,2.562644,0
4043,1,0,0,1,1,4.5,0,1.210734,0
4044,1,1,0,0,1,4.875,0,0.9044398,0
4045,0,0,1,0,1,2.8125,0,-1.493194,0
4046,1,1,0,1,0,0.0,0,-0.2789984,1
4047,1,0,0,0,1,41.5,0,-3.938895,0
4048,1,0,1,0,1,0.0,0,0.8960614,0
4049,0,1,0,0,1,10.0,0,0.0396885,0
4050,1,1,0,1,0,0.0,0,0.4135866,0
4051,1,1,0,0,0,0.0,0,1.380425,1
4052,1,1,0,1,1,18.25,0,-0.1364293,0
4053,1,0,0,0,1,16.59375,0,-1.546605,0
4054,0,0,0,0,1,4.21875,17,-1.090485,0
4055,0,1,0,0,0,0.0,66,0.538903,1
4056,1,0,1,0,1,0.0,0,-0.7816744,0
4057,0,1,1,0,1,0.0,0,0.7148582,0
4058,1,1,1,0,1,8.0,0,-0.5638751,0
4059,1,0,0,1,1,5.0,0,1.123894,0
4060,0,1,0,0,0,2.0,59,-0.8513442,1
4061,1,1,1,0,1,0.0,0,1.392114,0
4062,0,1,1,0,1,0.0,14,1.715856,0
4063,0,1,1,0,1,0.0,0,1.054017,0
4064,1,0,1,0,1,3.5,0,-1.317811,1
4065,1,0,0,1,1,11.0,0,-0.0935869,0
4066,1,1,0,1,1,0.0,0,1.178161,0
4067,0,0,1,0,1,10.3125,0,-0.0017034,0
4068,1,0,1,0,1,11.8125,0,0.087628,0
4069,1,1,0,1,1,9.59375,0,-1.709796,0
4070,1,1,0,0,1,5.0,0,-1.230608,0
4071,0,0,0,1,1,3.5,1,1.32268,0
4072,1,0,0,1,0,7.9375,0,-0.0910195,0
4073,1,1,0,0,1,4.0625,1,-2.33673,1
4074,0,0,0,0,1,8.5,0,0.0867706,0
4075,1,1,1,0,1,0.0,8,1.140447,0
4076,1,1,0,0,0,16.0,0,0.4666891,0
4077,0,1,0,0,0,0.0,1,2.732325,0
4078,0,1,0,1,0,12.5,9,-0.0654202,0
4079,0,0,1,0,1,4.6875,0,0.939789,0
4080,1,0,0,1,1,4.65,0,-0.3796643,0
4081,0,1,1,0,1,27.5625,0,-1.068173,0
4082,0,0,1,0,1,3.45063,0,0.3879622,0
4083,1,1,0,0,1,0.0,157,1.289632,0
4084,1,1,0,1,1,0.0,0,1.591897,0
4085,1,0,0,0,1,3.5,0,-0.2951382,0
4086,0,0,0,1,1,10.0625,0,0.0534316,0
4087,1,0,1,0,1,0.0,110,0.4490477,0
4088,1,0,0,1,1,4.0,0,-2.418829,1
4089,1,0,0,0,0,5.0,0,-1.70301,1
4090,0,1,0,0,0,3.0,1,1.178551,0
4091,1,0,0,0,1,0.0,0,1.147375,0
4092,1,0,0,0,1,4.225,0,0.0780701,1
4093,0,1,1,0,1,1.0,0,1.911483,0
4094,1,0,0,0,1,4.43434,0,0.9818484,0
4095,1,1,0,1,1,4.5,0,-1.432586,0
4096,1,1,1,0,1,1.0,0,-0.517237,0
4097,1,0,1,0,1,2.0,0,1.608913,0
4098,1,0,0,1,1,6.75,0,-0.8358821,0
4099,1,1,1,0,1,0.0,0,1.383914,1
4100,1,1,0,1,1,0.1625,0,0.3984239,0
4101,1,0,0,1,1,0.0,0,1.304573,0
4102,1,0,0,0,1,0.0,0,,1
4103,1,1,0,0,1,0.0,0,0.2399432,0
4104,1,1,1,0,1,0.0,0,1.593218,0
4105,1,1,1,0,1,11.1625,0,-0.1480874,0
4106,1,1,0,0,1,0.5,10,-0.0535008,1
4107,1,1,1,0,1,4.0,0,0.0331414,1
4108,0,1,0,1,0,0.0,121,-0.5133083,1
4109,1,0,1,0,1,0.0,1,0.3399015,1
4110,0,0,1,0,1,10.40625,0,-0.9985628,0
4111,1,0,1,0,0,12.5,0,-0.7769099,0
4112,0,0,0,1,1,4.5,0,1.670593,0
4113,0,0,0,1,1,1.0,27,0.6799881,0
4114,1,0,0,1,0,0.0,0,1.672997,0
4115,0,1,1,0,0,0.0,0,1.925368,0
4116,1,0,0,0,1,8.0,0,-0.7372513,0
4117,0,0,0,0,1,5.0,0,0.2011438,1
4118,1,0,0,0,1,0.0,0,1.871849,0
4119,1,1,0,1,0,0.0,0,0.8093874,0
4120,0,1,1,0,1,0.0,0,1.493609,0
4121,0,1,0,1,0,3.0,28,0.6070603,0
4122,1,0,0,1,1,1.0,1,1.01729,0
4123,1,0,0,0,0,0.0,0,1.216635,0
4124,1,0,1,0,1,0.0,0,1.380967,0
4125,0,1,0,1,1,6.0,0,0.042616,0
4126,1,0,1,0,1,5.5,0,1.82717,0
4127,1,0,0,0,1,13.0,0,-0.175495,0
4128,1,0,0,0,1,1.9375,0,1.165931,0
4129,0,0,0,1,1,3.625,0,-1.740705,1
4130,0,1,0,0,1,1.169872,0,0.3648778,0
4131,1,0,0,1,1,11.7125,0,-1.041814,0
4132,1,1,1,0,0,1.5,0,1.833154,0
4133,1,0,0,0,1,5.1,0,-1.707864,1
4134,0,0,1,0,1,3.0,0,0.0633915,0
4135,1,0,0,0,1,3.5,0,0.2503931,1
4136,1,0,0,0,1,5.65625,0,-1.862144,0
4137,1,0,0,0,1,9.0,0,0.2333839,0
4138,1,0,0,0,1,24.375,25,-3.529618,0
4139,1,0,0,1,1,28.0,0,-1.697317,0
4140,1,0,0,1,1,8.0125,0,-0.7926816,1
4141,1,0,0,1,1,0.5,0,0.4896002,0
4142,1,0,0,1,1,10.5,0,-0.9358369,0
4143,1,0,0,1,1,10.0,0,0.6326584,0
4144,0,0,0,0,1,0.0,24,0.7413502,0
4145,1,1,0,0,0,0.0,0,-1.431677,1
4146,1,1,1,0,1,1.5,0,1.638106,0
4147,1,0,0,1,1,50.0,0,-3.057166,0
4148,1,1,0,1,1,0.0,5,1.174662,0
4149,0,0,1,0,1,7.84375,0,-0.0240481,0
4150,1,0,1,0,1,10.375,0,0.0490942,0
4151,1,0,1,0,1,12.0,0,1.195167,0
4152,1,0,1,0,1,7.9375,0,0.965247,0
4153,1,1,1,0,1,12.3,0,-2.817367,0
4154,0,0,1,0,1,0.0,0,-1.257243,0
4155,0,0,1,0,1,0.0,0,1.571995,0
4156,0,0,1,0,1,7.96875,0,-0.5475155,1
4157,0,0,0,1,1,0.5,0,0.5630438,0
4158,1,0,1,0,1,1.5,0,1.989547,0
4159,0,0,0,0,0,0.0,0,0.4608837,0
4160,0,0,0,0,1,47.0,0,-2.246051,0
4161,0,0,0,1,1,22.15625,0,-1.148515,0
4162,1,1,0,1,1,0.0,42,1.747421,0
4163,1,1,0,0,1,11.5,1,-0.9288311,1
4164,1,1,0,0,1,13.9375,0,-0.3623428,0
4165,1,1,0,1,0,0.0,0,-2.055932,0
4166,0,0,0,1,1,5.5,0,-0.219869,0
4167,0,1,1,0,1,3.75,2,-0.2213151,0
4168,0,1,1,0,1,5.0,0,2.118651,0
4169,1,1,1,0,1,1.1875,0,1.699538,0
4170,0,1,0,1,0,0.0,0,2.778064,1
4171,1,0,1,0,1,0.0,213,3.441574,0
4172,1,1,0,1,1,3.0,0,-2.288116,1
4173,1,1,1,0,1,0.0,0,-0.2071789,0
4174,1,0,1,0,1,0.0,0,-0.0615088,0
4175,1,1,1,0,0,4.21875,0,-0.4846986,0
4176,1,0,1,0,1,2.8125,0,-0.3876806,0
4177,0,0,1,0,1,20.19375,0,0.2694814,0
4178,1,1,0,0,1,6.0,0,-2.405175,0
4179,1,1,0,0,0,0.0,0,0.8718917,1
4180,1,1,0,0,1,4.925,0,-1.757929,1
4181,0,1,1,0,1,14.625,0,-1.247344,0
4182,1,1,0,0,0,3.5,19,0.7413403,0
4183,1,1,1,0,1,1.4,0,0.5846597,0
4184,1,1,0,1,0,0.0,0,1.243126,0
4185,1,1,0,1,1,1.0,1,1.971205,0
4186,1,1,0,0,1,1.5,0,-1.92124,0
4187,1,0,0,1,1,4.703608,0,-0.7274433,0
4188,0,0,0,1,1,6.0,0,0.0052452,0
4189,1,0,1,0,1,12.67,0,-1.109463,1
4190,0,1,0,1,1,4.0,0,1.091584,0
4191,1,1,0,1,1,0.0,0,2.337038,0
4192,1,0,1,0,1,0.0,0,0.7318474,1
4193,1,0,0,1,1,0.0,0,1.438408,0
4194,1,0,0,0,1,13.0,0,-1.099173,0
4195,0,0,1,0,1,9.375,0,-0.5196318,1
4196,1,0,1,0,1,8.75,0,-1.075957,0
4197,0,0,0,1,0,6.4375,0,-1.771628,0
4198,1,0,1,0,1,3.375,0,-0.5602474,0
4199,0,1,0,0,1,0.0,0,-0.1863505,0
4200,1,0,0,1,1,11.0,0,-1.972608,0
4201,1,0,0,0,1,13.9,0,-3.045793,0
4202,1,0,0,1,1,8.5,0,1.005718,0
4203,1,1,0,1,1,12.8125,0,-0.6316608,0
4204,1,0,0,0,1,0.0,0,0.4955589,0
4205,0,1,1,0,1,0.0,0,2.076403,1
4206,0,1,1,0,1,0.0,32,2.333994,0
4207,1,1,0,1,1,7.0,0,0.43997,0
4208,1,1,0,1,1,6.5,22,-0.1021205,0
4209,1,1,0,1,1,0.0,0,0.8493807,0
4210,1,0,0,1,0,0.0,51,0.4743377,0
4211,1,1,1,0,1,9.0,0,-0.8161806,1
4212,0,1,0,0,1,1.9625,0,0.391174,0
4213,0,1,1,0,1,4.0,51,2.15234,0
4214,1,0,1,0,1,2.0,0,-0.0400963,0
4215,0,0,0,0,1,6.0,0,-0.5632688,0
4216,1,1,0,0,0,0.0,18,-1.384432,1
4217,1,1,1,0,1,0.0,0,2.193125,0
4218,1,0,0,1,1,6.4375,0,0.9042722,1
4219,1,0,0,1,1,0.0,15,-1.045855,0
4220,1,1,0,1,1,9.75,0,-1.668051,0
4221,0,0,0,1,1,3.0,0,0.6095244,0
4222,1,0,0,0,1,12.0,0,0.7671203,0
4223,1,0,1,0,1,5.0,0,-0.4193092,0
4224,1,0,1,0,1,11.61375,0,-1.085414,1
4225,0,0,1,0,1,12.9375,0,-0.4067112,0
4226,1,0,0,1,1,7.75,0,0.7412213,1
4227,1,1,0,0,0,3.0,68,0.4149398,1
4228,1,0,1,0,1,0.5,0,0.1217569,1
4229,1,0,0,1,1,10.4375,0,-0.1902614,0
4230,1,0,1,0,1,0.0,0,0.6767371,1
4231,1,1,1,0,1,0.0,0,0.8736976,0
4232,0,0,0,0,1,12.5,0,-0.2333784,0
4233,1,0,1,0,1,11.8325,0,-2.943561,0
4234,1,0,0,1,1,5.5,0,-1.553906,0
4235,1,1,1,0,1,10.0,0,0.0230581,1
4236,1,0,0,0,1,4.507859,0,0.6367181,1
4237,0,0,0,0,1,10.0,0,-1.011268,1
4238,1,0,0,0,1,0.0,0,0.5876638,0
4239,0,1,0,1,1,3.5,104,0.1054711,0
4240,1,1,0,0,1,0.0,0,1.785161,0
4241,0,1,0,0,1,3.5,0,-1.953314,1
4242,1,0,0,1,1,19.875,0,-2.550528,0
4243,0,0,0,1,0,15.5,0,-0.9739252,0
4244,0,1,1,0,1,7.5,0,-0.5408301,0
4245,0,0,0,0,1,3.0,35,2.039698,0
4246,0,0,1,0,1,12.5,0,0.1502435,0
4247,1,0,0,0,1,4.0,21,-0.532235,0
4248,1,0,0,1,1,3.1875,0,1.078682,0
4249,1,1,0,1,0,22.0,0,-1.999368,0
4250,1,0,0,1,1,9.1875,0,-0.025613,0
4251,0,1,0,0,1,13.0,108,-2.231794,0
4252,1,0,0,1,1,5.875,0,0.1368052,0
4253,1,1,1,0,1,2.34375,1,0.8706483,1
4254,1,0,0,0,1,7.96875,0,-0.8004118,0
4255,0,1,0,1,1,9.84375,0,-0.9307741,0
4256,1,0,0,1,1,8.5,0,-1.672451,0
4257,1,0,0,0,1,7.75,0,0.7817913,0
4258,0,0,0,1,1,3.5,0,-0.2574276,0
4259,1,1,0,0,1,6.25,0,1.297496,0
4260,1,0,0,0,0,11.4375,1,-0.164868,0
4261,1,0,1,0,1,0.0,0,-0.7828276,0
4262,0,1,0,1,0,0.0,0,0.4955589,1
4263,0,1,0,1,1,5.399813,0,0.1729489,0
4264,1,0,1,0,1,15.25,1,0.4457609,0
4265,0,1,0,1,1,9.325,0,-0.0918706,0
4266,1,0,0,0,0,1.0,0,0.8692025,0
4267,1,0,0,1,1,6.125,0,-0.0279563,1
4268,0,1,0,0,1,0.0,0,-1.438612,1
4269,0,1,0,1,1,10.4375,0,0.3179628,0
4270,1,1,0,1,1,9.625,0,-0.0483003,0
4271,1,0,1,0,1,0.9375,0,0.6870342,0
4272,0,1,0,1,1,2.34375,0,-0.1203048,0
4273,1,0,1,0,1,9.25,0,0.1327445,0
4274,1,1,0,1,1,0.0,3,2.080661,1
4275,1,1,0,1,1,1.0,0,0.0264868,0
4276,1,1,0,0,1,9.0,0,-0.8724845,0
4277,0,0,0,1,1,11.25,0,-1.08803,0
4278,0,0,0,1,1,6.9875,0,-1.451895,0
4279,0,1,0,0,1,13.175,0,-0.2675919,0
4280,0,1,0,1,1,0.0,0,0.6341841,0
4281,1,1,0,1,0,1.5,0,1.660495,0
4282,0,0,1,0,1,8.5,0,0.1018888,0
4283,1,0,0,1,1,0.0,0,-1.394217,0
4284,1,1,1,0,1,21.0625,0,-1.244392,0
4285,0,0,1,0,1,0.0,0,1.795094,0
4286,0,0,0,1,1,2.0,0,1.413367,0
4287,1,1,1,0,1,0.0,0,1.560836,0
4288,1,1,0,0,1,9.0,0,0.8558428,0
4289,0,1,0,0,0,4.0,0,1.175409,1
4290,1,0,0,0,1,17.5,3,-2.353485,0
4291,1,0,0,1,1,0.0,0,-1.045855,0
4292,0,0,0,1,0,5.625,0,0.9374542,0
4293,1,0,1,0,1,26.75,0,-3.850782,0
4294,1,0,1,0,0,19.7725,1,0.1312305,0
4295,1,0,1,0,1,6.0,0,0.2893384,1
4296,1,1,0,1,1,3.0,0,0.9951048,0
4297,0,0,0,1,1,8.4375,0,1.063002,0
4298,1,1,0,0,1,0.0,0,-0.3264059,0
4299,1,0,1,0,1,18.625,0,-0.3629349,0
4300,1,0,1,0,1,5.9625,0,-2.48408,0
4301,1,1,1,0,0,13.6125,0,-0.2935711,0
4302,1,0,1,0,1,4.6875,0,-0.5905684,0
4303,1,1,0,0,0,15.71375,0,-2.285024,0
4304,0,1,1,0,1,0.4375,0,0.4358788,0
4305,0,0,0,0,1,4.125,0,-0.6285532,0
4306,1,0,1,0,1,14.5,0,-1.1449,1
4307,1,0,1,0,1,0.4375,0,0.3890768,0
4308,1,0,1,0,0,2.8125,0,1.342009,0
4309,1,1,1,0,1,10.0,0,-0.6013672,0
4310,1,1,0,0,1,7.5,98,0.7245491,0
4311,1,1,0,1,1,3.0,0,1.303609,0
4312,1,1,0,1,1,10.5,0,-1.78381,0
4313,0,0,0,1,1,10.78125,0,0.0034589,0
4314,0,0,0,1,1,13.5,0,1.001385,0
4315,1,0,0,1,0,4.0,0,-1.077495,0
4316,1,0,1,0,1,9.6875,0,-0.2295631,0
4317,0,0,0,0,1,0.0,0,0.2841806,0
4318,0,0,0,1,1,1.875,0,0.5453053,0
4319,1,1,0,1,1,8.6875,0,-0.4073666,0
4320,1,1,0,0,1,6.6875,0,0.0259877,0
4321,0,0,1,0,1,9.4,0,-1.524507,0
4322,1,1,0,0,1,1.0,94,1.288536,1
4323,0,0,0,1,1,0.5,0,1.206521,0
4324,0,1,0,1,1,3.0,0,1.090371,0
4325,1,1,0,1,1,3.5,0,0.6965659,0
4326,1,1,1,0,1,10.25,0,1.098288,0
4327,1,1,0,0,1,3.5,0,-2.234184,1
4328,1,1,0,1,1,9.175,0,1.565111,0
4329,1,1,0,1,1,2.0,0,0.6406318,0
4330,1,1,0,0,0,0.0,67,2.25022,0
4331,1,1,1,0,1,1.0,39,2.012544,0
4332,0,1,0,0,1,8.933566,0,0.3088987,0
4333,1,1,1,0,1,14.5125,0,-3.051074,1
4334,1,0,0,1,1,8.90625,0,-0.8234074,0
4335,1,0,0,0,1,7.5,0,-0.619134,0
4336,1,0,0,0,1,12.3375,0,-0.3710825,0
4337,0,1,0,0,1,0.0,0,1.537547,0
4338,0,0,0,0,1,32.0,0,-1.245023,0
4339,0,1,1,0,1,15.0,0,-2.169741,0
4340,1,0,0,1,1,0.0,1,1.932455,0
4341,0,1,0,0,1,0.0,0,1.065711,1
4342,1,0,0,0,1,6.0,0,0.4426807,0
4343,1,0,0,0,1,6.691667,0,-0.0120452,1
4344,1,1,0,1,1,16.5625,0,-0.9698455,0
4345,1,1,1,0,1,0.0,1,0.9135048,0
4346,1,0,0,0,1,11.46875,0,-2.794932,0
4347,1,1,0,1,0,0.0,0,0.74262,0
4348,0,0,0,0,1,17.8125,0,-2.547229,0
4349,1,0,0,1,0,2.552448,0,0.506532,0
4350,0,1,0,1,1,0.0,0,1.301227,1
4351,1,0,0,0,0,29.0,28,-1.2052,1
4352,0,1,0,1,1,7.0,0,-0.3500808,0
4353,0,1,0,1,1,0.0,65,1.667809,0
4354,0,0,0,0,1,14.9375,0,-1.27224,0
4355,0,0,1,0,1,39.0,0,-3.310198,0
4356,1,0,0,1,1,0.0,0,1.096725,1
4357,1,0,0,0,1,2.5,1,-1.554557,1
4358,1,1,1,0,1,2.5,0,-1.301761,0
4359,1,1,0,0,1,3.613861,0,0.6356246,0
4360,1,0,0,0,1,7.0,0,-1.555091,1
4361,1,0,1,0,1,7.0,0,0.1725914,0
4362,1,0,0,1,1,0.5,0,0.5290403,1
4363,1,0,1,0,1,4.6875,0,0.3830119,0
4364,1,0,0,0,1,24.0,0,-2.802961,0
4365,0,1,0,0,1,0.0,0,1.858522,0
4366,1,0,0,0,0,1.0,29,1.288536,1
4367,1,1,0,1,1,18.3,0,-1.28386,0
4368,1,0,0,0,1,8.73875,0,-0.5734943,0
4369,1,1,1,0,1,29.375,0,-0.8601529,0
4370,1,0,0,0,1,16.5,75,-1.249018,0
4371,0,0,1,0,1,3.0,0,1.508655,0
4372,1,0,0,0,1,6.0,0,-0.4505309,0
4373,1,0,1,0,1,7.34375,0,-0.0198568,0
4374,1,1,0,1,1,1.5,0,0.053723,0
4375,1,0,1,0,1,5.25,0,0.9784459,0
4376,1,0,0,1,1,6.5,0,-0.5861889,1
4377,0,0,0,0,1,0.0,0,0.0412058,0
4378,1,0,0,0,1,0.0,57,1.345892,1
4379,1,1,1,0,1,0.0,0,2.172798,0
4380,0,1,1,0,1,13.59375,0,-2.63392,0
4381,0,0,0,1,1,0.0,11,-1.118137,0
4382,1,0,1,0,1,11.625,0,-1.77854,0
4383,0,0,1,0,1,0.0,0,1.772445,0
4384,1,0,1,0,1,8.90625,0,0.2470759,1
4385,0,0,0,0,1,5.326555,1,0.0656738,1
4386,1,0,1,0,1,4.8125,0,-0.592613,0
4387,0,0,0,1,1,13.4125,0,-1.148064,0
4388,0,0,0,1,1,8.0,0,-1.293348,0
4389,1,0,1,0,1,0.9375,0,0.5640547,1
4390,0,0,0,0,1,4.09375,0,-0.7447535,1
4391,1,0,0,1,0,2.625,0,0.5078349,0
4392,0,1,1,0,1,10.5,0,-0.9998398,0
4393,1,0,0,1,1,3.0,0,0.5127111,0
4394,1,0,0,0,1,10.78125,0,-0.0323979,0
4395,1,1,1,0,1,30.9375,0,-2.744494,0
4396,1,1,1,0,1,0.0,0,0.9093705,0
4397,1,1,1,0,1,6.0,0,1.679509,0
4398,1,1,0,1,1,2.4375,0,0.4909471,0
4399,1,1,0,1,1,5.0,0,0.1774322,0
4400,0,1,1,0,1,14.0,0,0.0553107,0
4401,1,0,1,0,1,8.0,0,0.2629709,0
4402,1,0,1,0,0,60.005,0,-5.591678,1
4403,0,0,1,0,0,0.0,0,3.009869,0
4404,1,0,1,0,1,6.0,0,-0.6401163,0
4405,1,1,0,1,1,17.75,0,-0.3008556,0
4406,1,0,1,0,1,12.45375,0,-0.2821163,0
4407,1,0,1,0,1,8.125,0,0.0290227,0
4408,0,0,0,0,1,1.0,0,2.440197,0
4409,1,0,1,0,1,0.9375,0,0.0223014,1
4410,1,1,0,1,1,0.0,0,2.142426,0
4411,1,1,0,0,1,10.75,0,1.026464,0
4412,0,0,1,0,1,1.5,0,-0.1602461,0
4413,0,0,1,0,1,3.5625,0,0.2202081,0
4414,0,0,0,1,0,0.0,0,0.846223,1
4415,1,1,1,0,0,0.0,0,1.256602,0
4416,1,0,1,0,1,9.3375,0,0.0786446,0
4417,1,0,0,1,1,14.5,0,-1.298663,0
4418,0,0,0,1,1,3.375,0,0.1551449,0
4419,1,1,1,0,1,0.0,0,2.950281,0
4420,0,0,0,1,0,4.625,0,-0.5910202,1
4421,1,1,0,1,1,2.09375,1,0.7177039,0
4422,0,0,1,0,1,0.0,130,0.6371865,0
4423,0,0,0,1,1,6.5,0,1.227673,0
4424,0,0,0,0,1,0.0,0,-0.7749549,1
4425,0,1,0,1,1,0.0,0,1.759772,0
4426,1,0,0,0,1,10.0,60,-0.7169549,0
4427,0,1,0,1,1,7.5,0,0.3491663,0
4428,1,0,0,1,1,5.65625,0,-0.6957105,0
4429,0,1,1,0,1,0.0,0,3.224508,0
4430,1,1,1,0,0,1.0,0,0.5957903,0
4431,1,1,0,1,1,5.0,0,0.6400023,0
4432,1,1,0,1,1,0.0,0,0.8098033,0
4433,1,0,0,0,1,11.0,0,-0.0860632,0
4434,0,0,0,1,1,12.0,0,-1.595888,0
4435,1,1,0,1,0,0.625,0,0.584109,0
4436,0,1,0,0,0,0.0,0,-0.4262085,1
4437,0,0,0,0,1,0.9375,1,0.2661866,1
4438,0,1,1,0,1,15.0,0,-1.595559,0
4439,1,1,1,0,1,0.0,73,3.715661,1
4440,1,0,0,1,1,10.035,0,-0.1481462,0
4441,0,1,0,0,1,2.0,0,-0.0163761,1
4442,0,1,0,0,1,1.0,0,1.660764,0
4443,0,0,0,1,1,3.0,0,1.308135,0
4444,1,0,0,1,0,4.032027,0,-0.7410884,0
4445,1,0,0,0,1,2.0,0,,1
4446,1,0,0,1,0,9.7,0,0.0456271,1
4447,1,0,0,1,1,16.3875,0,-2.10344,1
4448,0,1,1,0,1,8.25,0,0.9625232,0
4449,0,1,0,0,1,13.0,0,0.8533646,0
4450,1,1,1,0,1,0.0,44,2.826541,0
4451,1,1,0,1,1,7.5625,0,-1.759181,0
4452,1,0,0,1,0,2.0,0,1.347171,1
4453,1,0,1,0,0,8.0,1,-0.9933592,0
4454,1,1,0,0,1,5.390296,6,-0.5226861,0
4455,0,0,1,0,1,0.0,0,-0.6725828,1
4456,1,0,0,0,1,7.46875,0,-2.01387,0
4457,1,0,0,1,1,2.5,0,0.7371593,0
4458,1,1,0,0,1,0.0,0,1.239459,0
4459,1,0,0,1,1,20.5,0,-2.062761,0
4460,0,0,0,1,1,0.0,0,0.7310235,0
4461,1,1,1,0,1,0.0,0,1.639007,0
4462,0,1,1,0,0,0.0,0,3.718611,1
4463,1,0,1,0,1,12.0,0,0.8140513,0
4464,1,0,1,0,1,4.625,0,-1.225645,0
4465,0,1,1,0,1,0.0,0,3.370979,0
4466,1,1,0,1,1,0.0,0,2.052258,0
4467,1,0,1,0,1,7.875,0,0.0105247,0
4468,1,0,1,0,1,8.55,0,0.0921526,1
4469,1,0,1,0,1,2.0,0,0.2016347,0
4470,1,0,1,0,1,16.125,0,0.4850005,0
4471,0,0,0,1,1,11.29375,0,-2.835458,0
4472,1,1,0,0,1,1.0,0,0.6159394,0
4473,1,1,0,0,1,7.866379,0,-0.0582434,0
4474,0,1,1,0,1,16.0,0,-0.3108743,0
4475,1,0,0,0,1,10.95,0,0.6182917,0
4476,0,0,0,0,1,0.0,0,,0
4477,1,1,0,0,1,5.5,0,-1.312983,1
4478,1,0,0,1,1,12.225,0,0.5837401,0
4479,1,0,0,0,0,0.0,0,,1
4480,1,0,0,1,1,2.0,23,0.578027,0
4481,0,0,0,1,1,13.0,0,-2.138136,0
4482,1,0,0,1,1,1.40625,0,-0.1046926,0
4483,1,1,1,0,1,0.0,1,3.203919,0
4484,1,1,0,1,1,5.5,0,0.6197932,0
4485,1,0,0,1,1,13.125,0,-0.2576272,0
4486,1,0,0,0,1,0.0,0,,1
4487,1,1,0,1,1,31.5,0,-1.293834,0
4488,0,0,0,0,1,2.0,6,-0.0946231,0
4489,1,0,1,0,0,5.0625,0,-0.5195876,1
4490,1,1,0,0,1,0.0,112,1.717891,0
4491,1,1,0,0,1,10.625,0,-1.009608,0
4492,0,0,0,1,1,5.5625,0,-1.437221,0
4493,1,1,1,0,0,0.0,0,0.9838204,0
4494,0,1,1,0,1,13.0,0,0.1219195,0
4495,1,1,0,0,1,0.0,1,-0.5328547,1
4496,1,1,1,0,1,6.0,0,0.3517228,0
4497,1,1,0,0,1,1.0,0,1.977598,0
4498,1,1,1,0,0,3.0,1,0.0383537,0
4499,1,0,1,0,1,4.0,0,-0.2085639,0
4500,0,0,0,1,1,8.5,0,-0.875302,0
4501,1,0,0,1,1,6.9375,0,-1.794269,0
4502,0,0,1,0,1,11.6375,0,-0.993091,0
4503,1,1,0,0,1,0.0,0,0.6510664,1
4504,1,0,0,0,1,0.0,0,2.106068,1
4505,1,0,1,0,1,12.1875,0,-2.021451,0
4506,1,0,0,1,1,12.5,0,-2.102087,0
4507,1,0,1,0,1,9.9,0,-0.8673915,0
4508,1,0,0,1,1,16.5125,0,-1.350129,0
4509,0,0,0,0,0,7.625,0,-0.6246061,0
4510,0,1,1,0,1,0.0,0,0.6138069,0
4511,1,0,1,0,1,8.0625,163,-0.5787349,1
4512,1,1,0,0,1,2.5,0,-0.5029781,0
4513,0,0,0,1,1,0.0,0,1.237832,0
4514,1,0,0,0,1,1.092814,83,0.698639,0
4515,1,1,0,0,0,0.0,0,0.9314898,0
4516,1,1,1,0,1,1.5,0,0.4417327,0
4517,1,0,1,0,1,0.5,0,0.7716344,0
4518,1,1,0,0,1,0.0,0,1.248507,1
4519,0,1,1,0,0,6.5,20,0.4420305,0
4520,1,1,0,0,0,0.0,0,0.5307094,1
4521,1,0,0,1,1,10.59,0,-1.080826,0
4522,0,0,1,0,1,31.5,0,-0.8815838,0
4523,0,1,0,1,1,1.0,89,1.861818,0
4524,1,1,0,0,1,0.0,0,0.8010261,0
4525,1,1,1,0,1,9.1875,0,0.6640261,1
4526,1,1,0,0,1,7.5,52,0.0729137,1
4527,1,1,0,0,0,0.0,7,2.258986,1
4528,0,0,1,0,0,1.5,0,1.788843,0
4529,1,0,0,0,1,10.0,0,-2.099616,1
4530,1,0,1,0,1,0.0,0,,0
4531,0,0,0,0,1,7.5,0,1.065099,0
4532,0,1,0,1,1,5.625,0,-0.5816854,0
4533,1,1,0,0,1,6.0,0,-0.2369296,0
4534,1,1,1,0,1,0.0,0,,1
4535,0,0,0,1,1,11.7425,0,-0.8374629,0
4536,0,0,1,0,1,0.4375,0,-0.2489648,0
4537,1,1,1,0,0,0.9375,0,-0.280253,0
4538,0,0,0,1,1,10.5,0,0.0996137,0
4539,1,0,0,1,1,2.0,0,0.3901231,0
4540,1,1,1,0,1,9.4375,0,0.0744665,0
4541,1,1,1,0,1,0.0,0,1.903229,0
4542,0,1,0,1,1,6.0,0,-0.2120018,0
4543,1,1,0,0,0,0.5,98,-0.6048728,0
4544,1,1,0,1,1,2.0,0,0.6839676,0
4545,0,0,0,0,1,0.0,49,1.654034,1
4546,0,1,0,1,1,0.0,0,1.899952,0
4547,1,0,0,0,0,25.0,0,-2.562891,0
4548,1,0,0,1,1,13.06125,0,-1.812357,1
4549,1,1,0,0,1,4.5,0,-0.2871242,0
4550,0,0,0,0,1,5.5,0,-0.6471386,1
4551,1,1,0,0,1,3.75,1,-2.080889,0
4552,1,1,0,0,1,2.0,0,1.316993,1
4553,1,1,0,1,1,9.5,0,-0.6955438,0
4554,0,0,0,1,1,11.5,0,-0.6935542,1
4555,1,1,0,1,0,0.0,7,,0
4556,1,0,0,0,1,15.0,0,0.6457471,0
4557,1,0,0,0,1,6.225,0,0.0735542,0
4558,1,0,0,0,0,8.111111,0,,1
4559,1,0,0,1,1,5.5,5,-1.695404,0
4560,1,0,0,0,1,0.0,1,0.5251393,0
4561,0,1,0,1,1,0.0,56,2.110241,0
4562,1,1,0,0,1,6.0,4,-0.0541862,0
4563,1,0,0,0,1,0.0,0,0.9723435,0
4564,0,1,0,0,1,8.5,1,-2.293564,0
4565,1,0,0,0,1,0.0,0,0.4576329,0
4566,1,1,0,0,0,0.0,0,1.369589,1
4567,0,1,0,1,1,2.5,0,-0.8625494,0
4568,1,0,0,1,1,0.0,0,1.131956,0
4569,1,0,0,1,1,3.0,0,1.498078,0
4570,1,0,0,0,1,5.0,0,-0.5807801,0
4571,1,1,0,0,1,2.5,0,-0.068122,0
4572,1,0,1,0,0,18.0,0,-3.285529,1
4573,1,0,0,0,1,0.0,0,-0.8408921,0
4574,1,1,0,0,0,0.0,74,1.986764,1
4575,1,0,0,0,1,0.0,12,1.347917,0
4576,0,1,0,1,1,0.0,68,0.489336,0
4577,1,0,0,1,1,6.5,0,1.243199,0
4578,0,1,0,0,1,0.0,0,1.510457,0
4579,1,0,1,0,1,0.0,0,1.836711,0
4580,1,0,0,1,0,13.595,0,-0.1196065,0
4581,0,1,1,0,1,6.0,0,-1.182284,0
4582,1,1,0,1,1,1.716301,1,,0
4583,1,1,0,1,1,16.5625,0,0.6957607,0
4584,1,1,1,0,1,10.5,0,0.1014688,1
4585,1,0,0,1,1,1.49375,13,-1.096491,0
4586,1,1,1,0,1,9.25,0,0.2944752,1
4587,1,1,0,0,0,0.0,1,,1
4588,1,1,1,0,0,0.0,0,0.846104,0
4589,0,0,0,0,1,8.503584,1,0.0906212,0
4590,1,0,0,1,1,4.5,0,-1.684093,1
4591,0,1,0,1,1,14.2625,0,-1.304845,0
4592,0,0,1,0,1,18.125,0,0.2058685,0
4593,1,1,1,0,1,0.5,0,2.020398,0
4594,1,0,0,0,1,8.3125,0,-1.256392,0
4595,0,0,1,0,1,8.6125,13,-1.46842,0
4596,0,0,0,1,1,10.34375,7,-1.736033,0
4597,1,1,0,0,1,4.99375,0,-0.5682237,0
4598,0,0,0,1,1,5.15625,8,-1.685907,0
4599,1,0,0,1,1,12.09375,0,-0.8512393,0
4600,0,1,1,0,0,8.9375,0,-2.001388,0
4601,0,1,1,0,1,56.25,0,-3.500411,0
4602,1,0,1,0,1,12.6875,0,0.6633441,0
4603,1,1,0,0,1,0.0,0,0.6617883,0
4604,1,1,0,0,1,11.71875,1,0.5159113,0
4605,0,1,0,0,1,21.0,0,-0.6934103,0
4606,1,1,0,1,0,0.0,0,1.363219,0
4607,1,1,0,0,1,6.9375,143,-1.951643,0
4608,0,1,0,0,1,0.0,0,1.747495,0
4609,1,0,0,1,1,0.5,0,0.5171207,0
4610,1,1,0,0,1,1.0,0,-1.486623,0
4611,1,0,0,0,1,9.0,0,-0.7007464,1
4612,1,0,0,0,1,5.0,33,-0.575362,1
4613,1,0,1,0,0,3.0,0,,0
4614,0,1,0,1,1,0.0,0,0.6510358,0
4615,1,0,0,1,1,4.5,0,0.2888893,0
4616,1,1,0,1,0,3.0,0,0.391715,0
4617,1,0,0,0,0,6.06875,6,0.2811382,0
4618,0,0,1,0,1,0.0,0,1.736702,0
4619,0,1,0,1,1,10.6875,0,-0.6005901,0
4620,1,1,0,1,1,0.0,0,-0.6815799,1
4621,1,0,1,0,1,2.0625,0,-0.4047082,0
4622,0,1,1,0,1,1.0,0,1.321044,0
4623,0,0,1,0,1,10.78125,0,-2.876846,1
4624,0,0,0,1,0,0.0,0,0.4847229,1
4625,1,0,1,0,1,11.0,0,0.8118531,0
4626,1,0,0,0,1,21.5625,0,-1.485652,0
4627,1,0,0,1,1,12.1875,1,-0.8199648,0
4628,1,1,0,1,1,1.375,0,1.993117,0
4629,1,0,0,0,1,9.0,0,0.0643943,0
4630,1,0,0,0,1,6.598657,0,0.1037235,1
4631,1,1,0,1,1,0.0,0,0.9338863,1
4632,1,0,0,1,1,8.35,0,-2.67665,1
4633,0,0,0,0,1,0.3274522,0,0.3625259,0
4634,1,1,0,0,1,0.0,0,-0.1126009,0
4635,1,0,1,0,1,14.0,0,-0.95397,0
4636,1,0,0,1,1,5.0625,0,-0.5333914,0
4637,1,0,0,1,1,12.5,0,0.2338084,0
4638,1,0,0,0,1,19.625,0,-0.6721451,0
4639,1,1,1,0,1,5.0,0,-1.309382,0
4640,1,0,0,0,0,0.0,0,-0.6808507,0
4641,0,0,0,1,1,0.5,0,0.5698596,1
4642,0,0,0,1,0,2.0,65,-0.612304,0
4643,1,1,0,1,1,3.0,3,1.686626,0
4644,0,0,0,0,1,9.5,39,-0.9021751,1
4645,0,1,1,0,1,0.0,295,-0.0017146,0
4646,1,0,1,0,1,2.84375,0,0.4297569,0
4647,0,1,0,1,1,1.0,0,0.6130224,0
4648,0,0,0,0,0,10.0,0,-0.2275247,0
4649,1,0,0,1,0,3.0,0,-1.602046,0
4650,1,1,0,1,1,0.0,76,1.11197,0
4651,0,0,1,0,1,0.0,0,1.149152,0
4652,0,0,0,0,1,0.5,0,-0.2016645,0
4653,0,0,0,1,1,12.09375,0,-2.846652,0
4654,0,0,1,0,1,0.25,0,-0.6743869,0
4655,1,0,0,0,1,0.0,0,1.215078,1
4656,1,1,1,0,0,12.7,0,-0.0248154,0
4657,1,1,1,0,0,1.5875,0,1.394523,0
4658,0,1,0,1,1,0.0,1,1.564637,0
4659,1,0,0,1,1,6.15625,0,-1.166679,1
4660,1,1,0,1,1,0.0,26,1.6768,0
4661,0,1,0,0,1,3.5,0,-0.4050203,1
4662,0,0,0,1,0,1.6,0,-0.6624236,0
4663,1,1,1,0,1,0.0,0,1.380967,0
4664,1,0,0,0,1,3.0625,0,-0.470172,0
4665,1,0,1,0,1,3.0,0,1.482772,0
4666,1,1,1,0,0,15.46875,0,-2.334408,0
4667,1,0,1,0,1,12.8575,0,-1.757887,1
4668,1,0,1,0,1,9.5,0,-1.916044,1
4669,1,0,0,1,1,13.7,0,-0.1368953,0
4670,1,0,0,0,1,5.9125,0,-2.58501,1
4671,1,0,0,1,1,2.34375,0,-0.2569185,0
4672,1,0,0,1,1,0.0,0,0.7404093,0
4673,1,1,0,0,1,4.0,0,0.4500467,0
4674,1,1,0,1,1,10.6125,0,-2.100851,1
4675,1,0,0,1,1,26.7225,0,-1.003136,0
4676,1,0,0,1,1,4.0,0,-0.1421385,0
4677,1,0,0,0,1,18.5,1,-1.840997,1
4678,1,1,0,0,1,12.59375,0,-1.165287,0
4679,1,1,0,0,1,0.0,1,0.4126741,0
4680,1,0,0,0,1,0.0,0,0.331404,1
4681,0,1,1,0,1,15.4125,19,-0.4216155,0
4682,1,0,0,1,1,4.125,0,0.541027,0
4683,1,1,1,0,1,0.0,0,1.668869,0
4684,1,1,0,0,1,9.25,0,0.8053438,0
4685,0,0,0,1,1,5.1,0,-0.7840095,0
4686,1,0,0,0,1,2.1625,0,0.3409185,0
4687,0,1,0,0,1,0.0,0,0.4711624,0
4688,1,1,1,0,0,1.0,143,0.6528981,0
4689,0,1,1,0,1,5.5,0,-0.1957151,0
4690,1,1,0,0,0,0.625,0,1.936078,0
4691,0,1,0,0,1,0.4375,0,1.392242,0
4692,1,1,1,0,1,1.5,0,0.4657767,0
4693,0,0,1,0,1,14.125,0,-1.006774,1
4694,1,1,0,0,1,5.75,0,0.5044093,0
4695,1,0,1,0,1,0.0,0,1.759599,0
4696,0,0,1,0,1,0.0,0,1.348501,0
4697,0,0,0,1,1,0.46875,0,-0.2033494,0
4698,1,1,0,0,1,1.0,0,2.017592,1
4699,1,0,0,0,1,9.65,0,-0.0591469,1
4700,1,1,0,1,0,0.0,0,1.214539,0
4701,1,1,0,1,1,0.5,0,-0.160012,0
4702,1,0,1,0,1,20.21875,0,0.0970826,0
4703,0,0,1,0,1,16.0,0,-0.2507799,0
4704,1,0,0,0,1,23.5,23,-2.430204,0
4705,0,0,0,1,1,2.0,17,0.0404803,0
4706,1,0,1,0,1,9.40625,0,-2.656204,1
4707,1,1,0,1,1,2.5,0,-1.171975,0
4708,1,1,1,0,1,15.1875,0,0.9583585,0
4709,1,1,0,1,1,11.5,0,-1.918231,0
4710,1,1,0,1,1,0.0,24,1.678946,0
4711,1,1,1,0,1,4.5,0,0.2699074,0
4712,0,1,0,1,1,15.5,0,-0.0534341,0
4713,1,0,0,1,1,19.67,0,-1.511274,0
4714,1,0,1,0,1,4.5625,0,0.1441283,0
4715,1,0,0,1,1,8.71875,0,-1.218517,0
4716,1,1,1,0,1,8.0,4,0.1103281,0
4717,1,0,0,1,1,0.0,0,0.14915,0
4718,0,1,1,0,1,0.0,0,2.527546,1
4719,1,1,1,0,1,2.0,0,1.690315,0
4720,1,0,1,0,1,23.5,0,-0.7855121,1
4721,1,1,0,1,1,7.0,0,-2.509417,0
4722,0,0,0,0,1,12.0,0,-2.675179,0
4723,0,1,0,0,1,0.0,0,,1
4724,1,1,0,1,1,0.0,0,1.282987,0
4725,1,1,1,0,1,15.88375,0,-0.1620305,0
4726,1,1,0,1,1,0.0,0,-0.2474101,1
4727,1,1,0,0,1,1.0,0,1.316939,0
4728,1,0,0,1,0,18.00125,0,-0.688616,0
4729,0,1,0,1,0,2.0,187,-0.1752455,0
4730,1,1,0,1,1,2.0,0,0.7856376,0
4731,1,1,1,0,1,0.0,0,1.144743,0
4732,1,1,0,0,1,3.0,5,0.3489593,1
4733,0,0,0,0,1,3.09375,0,1.690022,0
4734,1,1,0,0,1,7.53125,0,0.2150756,0
4735,0,0,1,0,1,9.400001,0,-0.8412312,0
4736,0,1,1,0,1,0.0,34,1.104942,0
4737,1,0,0,1,0,2.0,0,2.23328,0
4738,1,1,0,0,0,7.0,90,0.4887321,0
4739,1,0,0,0,1,4.5,0,-0.5166852,0
4740,1,1,1,0,1,7.0,0,-0.8877782,1
4741,1,1,1,0,1,9.0,0,-0.7124826,0
4742,1,1,0,0,1,12.2875,0,-0.9739441,0
4743,1,1,0,0,1,0.0,7,0.6603922,1
4744,1,0,1,0,1,0.0,0,-1.391545,0
4745,1,0,0,0,1,2.0,0,0.5633021,1
4746,1,1,0,0,1,1.0,125,-1.328836,0
4747,1,1,0,1,0,1.564286,0,-1.434393,0
4748,1,0,1,0,1,0.9375,0,-0.9524032,1
4749,1,1,0,0,1,1.0,19,-0.6731328,0
4750,0,1,0,0,0,8.45,0,-2.106876,0
4751,1,0,1,0,1,11.5875,0,-1.38631,0
4752,0,0,0,1,1,11.0,3,1.809695,0
4753,1,1,0,1,1,1.0,8,1.446971,0
4754,1,1,0,1,1,6.5,0,0.6267828,0
4755,1,0,1,0,1,16.5,0,-1.021035,0
4756,0,1,1,0,1,7.625,0,-0.7674742,1
4757,1,0,0,1,1,4.0,0,1.270753,1
4758,1,0,0,1,1,10.0,0,-0.7191005,0
4759,1,0,0,1,1,5.0125,0,-1.585482,0
4760,1,0,0,1,0,1.3125,0,0.5368174,0
4761,1,1,1,0,1,8.475,4,0.0561263,0
4762,1,0,0,0,1,12.0,0,-0.721156,0
4763,0,0,0,1,1,14.72,0,-2.339567,0
4764,1,0,1,0,1,7.59375,13,-0.8359683,0
4765,1,0,0,1,1,17.0,0,-3.018016,0
4766,1,1,0,0,1,1.0,0,-0.253962,0
4767,0,0,1,0,1,0.0,0,0.1896854,1
4768,0,1,0,0,1,9.5,0,-0.9021751,1
4769,1,0,1,0,1,0.0,0,0.9141541,0
4770,1,1,0,0,0,9.835329,0,-0.8137271,0
4771,0,0,1,0,1,8.5,0,1.518814,0
4772,0,1,1,0,1,7.5,0,-2.237053,1
4773,0,0,0,0,1,0.0,0,,1
4774,1,1,0,0,1,11.0,1,-0.6767744,0
4775,0,0,0,1,0,5.0,0,-0.569944,0
4776,1,0,0,1,1,2.8125,4,-0.3372352,1
4777,1,0,0,0,0,2.0,24,-1.224428,0
4778,1,1,0,0,0,13.0,0,-0.9318404,1
4779,1,1,0,0,1,0.0,0,0.6064094,1
4780,1,1,0,0,1,5.0,0,-1.354248,1
4781,1,0,0,1,1,4.64625,0,0.0241723,0
4782,0,0,0,0,1,15.975,0,-2.474883,0
4783,1,1,0,1,1,6.0,0,1.786501,0
4784,1,0,0,1,1,11.25,0,-2.761894,0
4785,1,1,0,0,1,2.5,0,0.7480386,1
4786,1,1,0,1,1,1.0,0,-0.0507729,0
4787,1,1,1,0,1,0.0,0,0.888581,0
4788,1,0,1,0,0,1.508264,0,1.478878,0
4789,1,1,1,0,1,8.5,0,-1.444228,0
4790,0,0,0,1,0,1.0,0,2.438799,0
4791,1,0,1,0,1,0.59375,0,-0.5962751,0
4792,0,1,0,0,0,2.5,86,1.405348,0
4793,0,0,1,0,1,19.7875,0,-1.616675,0
4794,0,0,0,0,1,0.0,0,0.662731,0
4795,1,0,0,0,0,0.0,0,1.727177,0
4796,1,0,1,0,1,14.11875,0,-1.133415,1
4797,0,1,0,0,1,3.0,63,0.4553561,0
4798,1,0,0,0,1,11.5,0,-2.894225,0
4799,0,0,0,1,0,4.5,0,0.4548275,1
4800,0,0,0,0,1,2.3125,0,0.3672069,1
4801,0,1,0,0,1,10.78125,0,-0.8866928,0
4802,1,0,0,1,1,7.5,5,-0.6750527,0
4803,0,0,0,1,1,0.5,24,0.6688249,0
4804,0,1,1,0,1,4.0,0,0.6005765,1
4805,1,1,1,0,1,0.0,0,0.7351412,0
4806,1,1,0,0,0,2.0,0,-0.4898531,0
4807,0,0,0,0,1,3.0,0,1.159697,0
4808,1,1,0,1,1,0.0,0,1.61665,0
4809,1,1,0,1,1,9.0,0,-0.8183044,0
4810,1,0,0,0,1,0.0,0,2.017565,0
4811,1,1,0,0,1,0.0,58,0.7960396,1
4812,0,0,1,0,1,1.4375,0,-0.6221353,1
4813,0,0,0,0,1,8.09375,0,0.0067479,0
4814,0,1,1,0,1,0.0,96,3.660987,0
4815,1,1,1,0,1,7.0,0,0.5752793,0
4816,0,0,1,0,1,0.9375,0,-1.426659,0
4817,1,0,0,0,1,1.875,0,1.409437,0
4818,1,1,1,0,1,4.5,0,-2.283596,0
4819,1,1,0,1,1,1.0,0,0.4618615,0
4820,1,0,1,0,1,17.5,0,-1.052143,0
4821,1,0,0,0,0,23.875,0,-2.420235,0
4822,1,1,0,1,1,1.5,0,0.5246007,0
4823,1,0,0,0,1,3.0,0,0.6178963,0
4824,0,1,1,0,1,13.9375,7,-1.512215,0
4825,1,1,1,0,1,8.425,0,-0.8487256,0
4826,1,1,1,0,1,0.0,0,1.746706,0
4827,0,1,0,0,1,0.0,0,2.077516,1
4828,1,0,0,1,1,15.0,0,-1.728618,0
4829,0,0,0,1,0,0.0,0,-0.2108453,0
4830,0,0,0,1,1,46.5,0,-3.851199,0
4831,1,0,1,0,1,21.46875,0,-1.698138,0
4832,1,0,0,0,0,0.0,0,1.60189,1
4833,0,1,0,0,0,0.0,0,0.5427063,1
4834,1,0,0,0,1,6.55,0,-1.857531,0
