employee_id,treat,male,age50,age37_49,white,sickleave_0815_0716,gym_0815_0716,prod_index_yr0,terminated_0119
1,1,0,0,0,0,4.628586505489911,0.0,0.11670166348716599,1
2,0,0,1,0,1,3.1155314800541962,0.0,-0.5166406320772637,0
3,1,0,0,0,1,32.815395368402946,21.18186390625276,-2.141648323720963,0
4,1,0,0,0,0,0.0,0.0,2.449035501716331,0
5,0,1,0,0,0,6.704246826448622,0.0,0.45403423594412906,1
6,1,0,0,0,1,1.83950259697587,1.9600275962440503,0.3044377602488668,0
7,1,0,1,0,1,9.424526402280101,0.0,-0.6206840141759817,0
8,0,0,0,1,1,16.815800526137036,8.49943061826645,-2.2793742276213935,1
9,0,1,0,0,1,21.21392176426978,0.0,0.043375320450769084,0
10,0,0,0,1,1,0.0,0.0,-0.6937241715032325,1
11,1,1,0,1,1,0.0,0.0,1.0582040073210588,0
12,1,0,0,0,1,0.0,0.0,0.8797792939214975,0
13,1,0,0,0,1,4.427155756062331,29.084116952937702,0.6992377340279944,0
14,1,0,0,1,1,2.865251267549216,0.0,0.9849885899739506,0
15,1,0,0,0,0,1.2697061210930123,0.0,2.0286922335700455,1
16,1,1,1,0,1,0.0,0.0,0.8490102266055116,0
17,1,0,0,0,1,-0.16532742166982423,51.47467339823189,1.126996250636588,0
18,1,1,1,0,1,2.187751227056752,5.0874245907035105,0.9821415345097323,0
19,1,0,1,0,1,21.312693590150808,12.38812697647997,-2.5120453119717343,1
20,1,0,0,0,0,6.237572935301632,0.0,-0.47778596184026745,1
21,1,0,0,0,1,4.123320117986161,0.0,-1.390670728836843,0
22,0,1,1,0,1,0.0,0.0,0.6462346633015816,0
23,0,0,0,1,1,3.8943784267871253,0.0,-1.2924930039214555,0
24,1,0,0,1,1,12.500065861548732,0.0,0.49527153923883094,0
25,0,0,0,0,1,2.5586640435387777,0.0,0.9757159656186816,0
26,0,1,0,0,1,-0.25564974029696574,0.0,1.6905696589058032,0
27,1,0,0,1,1,1.5338105533311692,0.0,1.7926547987510622,0
28,1,1,1,0,1,17.18067078608145,0.0,-1.7953108276107423,0
29,1,1,0,0,1,9.175338115870185,0.0,-1.3847200447319277,0
30,1,0,1,0,1,0.0,0.0,3.667603438378391,0
31,1,0,0,1,1,0.0,0.0,1.012190361420216,0
32,1,0,0,0,1,4.413803978188099,0.0,0.007293402940175053,0
33,0,1,0,0,1,0.0,0.0,0.19100801319922614,0
34,1,1,0,0,1,1.3928618273864894,243.58582361265536,0.07721901171850332,0
35,1,0,0,1,0,20.17157025377158,0.0,-2.755195593645338,0
36,0,1,0,1,1,2.4687966090659805,21.235934171880785,-0.8385812539180701,1
37,0,1,0,1,1,7.321968951584951,80.85848052383022,0.006835079034036656,0
38,0,0,0,0,1,18.637549124803925,6.581509590631697,-1.1963006405892949,0
39,0,1,1,0,1,2.4136607198184707,0.0,-0.3989740679032511,0
40,0,0,0,1,0,0.11406618162608527,0.0,2.9951762201351917,0
41,1,0,0,1,1,0.0,0.0,-0.602115893204993,1
42,0,0,0,1,1,0.0,0.0,0.07599361058141585,1
43,1,0,0,0,0,6.225130952339464,0.0,0.03044644480476394,0
44,1,1,1,0,1,0.0,0.0,1.1045081582375467,1
45,1,0,0,1,0,0.0,0.0,-0.8909219403137308,0
46,1,0,0,1,1,7.26777026334104,0.0,1.3161359974895135,0
47,1,1,0,0,1,2.706946205971647,0.0,0.7177596078166215,0
48,1,1,0,1,1,3.7471376971532937,0.0,-1.497570398367573,0
49,1,0,0,1,1,0.0,5.69303815308878,-0.41760511901392466,0
50,1,1,0,1,1,0.0,0.0,-0.070349850459892,0
51,1,1,1,0,1,5.35012202920727,0.0,0.07074821717680285,1
52,0,1,1,0,1,0.0,79.3704239534893,1.0018999068455474,0
53,1,0,0,0,1,5.406765788533298,0.0,0.5324482421494026,0
54,1,0,1,0,0,4.34710735289118,0.0,0.581315946001902,0
55,1,0,0,1,1,6.531081450787058,9.635672127585314,0.1538116583392808,0
56,0,0,1,0,1,4.1128094629308025,0.0,0.02961626579990416,0
57,1,0,0,0,1,43.49840557118545,9.540934105506617,-3.0335449652637534,0
58,1,0,0,0,1,2.4530502166521693,0.0,0.7157025650408616,0
59,1,1,0,1,1,0.0,0.0,0.7750932417362901,0
60,0,1,0,0,1,2.221212828432041,11.116565771228117,-1.1104944341391885,0
61,0,0,1,0,1,0.0,21.080033819012368,0.279145316347701,0
62,0,0,0,1,0,8.973323152869932,0.0,0.5493612557826859,0
63,0,0,0,0,1,1.857134250193082,0.0,1.219196243488078,1
64,1,0,0,1,1,1.519007658074646,0.0,0.37318584726257553,0
65,1,0,1,0,0,0.0,0.0,0.33165031272495016,0
66,1,0,1,0,1,0.0,0.0,1.131868566400951,0
67,1,0,0,1,1,19.168338112721226,0.0,-0.6723712258484689,0
68,0,1,0,0,1,5.594361175410579,0.0,0.6773641210816672,0
69,0,1,0,0,1,2.291255367546112,0.0,-0.6450248885808934,1
70,1,0,1,0,1,2.1608057903528763,0.0,1.3411797857552685,0
71,1,1,1,0,1,6.0589362182470605,19.41318178267374,-1.7104302262485405,0
72,1,1,0,1,1,0.0,10.461617855186605,1.195423582912415,0
73,1,0,1,0,1,5.3283255018010065,0.0,-0.05733252883455088,0
74,1,1,0,0,1,0.0,0.0,1.385695783329655,0
75,1,1,1,0,1,5.341748690034559,22.58487471365917,-0.6490967941008612,0
76,1,1,0,0,1,0.0,0.0,0.2651789808848589,1
77,1,1,0,0,1,0.0,10.611071895605976,0.22760651485603592,1
78,1,0,0,1,1,2.8957438767356134,0.0,0.27537095686458335,0
79,0,0,0,1,1,16.86580056455764,0.0,-1.6208792968294152,0
80,1,0,1,0,1,1.1846870611794142,0.0,0.7343553127479725,0
81,1,0,0,0,0,41.29395561700686,0.0,-2.642744483932617,0
82,1,1,1,0,1,3.509461977229977,0.0,-0.5048378331102256,0
83,0,0,1,0,0,17.04156721128649,0.0,-2.0802944091381748,0
84,1,1,0,1,0,0.0,22.420468282905762,1.2101208315976015,1
85,0,1,1,0,1,0.7595365753588958,0.0,0.8621673952115663,0
86,1,1,0,1,1,3.535723326374833,0.0,0.7337294680303827,0
87,1,0,0,1,1,1.2222849447841888,0.0,1.605682427198156,0
88,1,0,0,0,1,0.0,0.0,-0.684405336527107,1
89,0,1,0,0,1,-0.11794728083872989,0.0,0.9302696722082051,1
90,0,0,1,0,1,0.0,0.0,0.00450860438588814,0
91,0,1,0,1,1,3.8819899581673507,51.15086681078034,0.039619770024181614,0
92,0,0,0,1,1,0.0,0.0,1.392481065060987,0
93,1,0,0,0,0,2.058557227602016,87.47682656361539,2.384805585154613,0
94,1,1,0,1,1,9.908721727942,0.0,-0.40227732846517067,0
95,1,1,1,0,1,0.0,9.586088059065261,1.4171610771454501,1
96,1,0,0,0,1,0.0,0.0,0.1284696481879179,0
97,1,1,1,0,1,4.3188670819038935,0.0,0.7738239007365655,0
98,0,1,0,1,1,3.313436581484188,0.0,0.4663874931628643,0
99,0,1,1,0,1,2.966370371803131,0.0,-0.0763398290702823,0
100,0,0,0,0,1,84.57910709377462,0.0,-4.868775117979779,0
101,1,0,0,1,1,0.0,0.0,1.6845559354860655,0
102,0,0,0,0,1,0.0,72.10594136297024,-1.1692577122206709,1
103,0,1,0,1,1,2.0322956670669488,0.0,-0.15919314553677866,1
104,0,0,1,0,1,11.814505410676368,0.0,-0.3619749120231527,1
105,1,0,0,1,1,10.301369157001844,0.0,-1.2832683433643235,0
106,1,0,0,0,1,10.407833545661033,0.0,0.027507381754395932,0
107,0,0,1,0,1,10.519753863908084,0.0,-0.1367199173402685,0
108,0,1,0,0,1,0.0,0.0,-0.767166052901809,1
109,1,1,0,1,1,2.9963547066731606,0.0,0.3411065813137344,0
110,1,0,1,0,1,8.92739361586692,0.0,-0.12229976698670667,1
111,1,0,0,1,1,0.0,0.0,0.9076333712487707,0
112,1,1,1,0,1,11.784884333636583,0.0,-1.3656899682326178,0
113,0,1,0,1,1,7.23038496158323,0.0,-0.8808983307414824,0
114,1,0,1,0,1,5.422101756512433,0.0,0.848380941871878,1
115,1,1,0,1,1,4.012097363612103,0.0,-0.6688709676137254,0
116,0,0,1,0,1,24.509577136532602,0.0,-1.2363548960577069,0
117,1,0,0,0,1,3.018877041109282,0.0,-1.035572404491022,1
118,1,0,1,0,1,6.121263996452579,0.0,-0.2092527573624101,0
119,1,0,0,0,1,5.102498100074889,0.0,-0.4043890381658135,0
120,1,0,1,0,1,4.230179652477572,0.0,-0.34874679821098664,0
121,0,0,0,0,1,14.429963881838958,0.0,-1.5965633900142717,0
122,0,0,0,0,0,1.488422249037579,10.166728408166128,0.7096434268845205,0
123,0,1,1,0,1,5.437627850883756,0.0,2.0475612956898273,0
124,1,1,0,0,1,5.614398953448829,0.0,-2.2953487185750157,1
125,0,1,0,1,1,5.713644733319082,0.0,-1.8385319903021138,0
126,1,0,1,0,1,1.081790585567823,15.066944652858194,1.2036569277119837,0
127,0,1,0,0,1,0.0,74.64140131413487,2.159339316000946,0
128,1,1,0,0,1,26.574911233405725,0.0,-2.575349083782063,0
129,1,1,0,1,1,2.8655824654374853,0.0,1.193758721636907,0
130,1,0,0,0,1,5.311482200903461,0.0,1.816486254654438,0
131,0,1,0,0,1,3.8271297681934726,0.0,-0.9538877002659989,0
132,0,0,0,0,1,0.0,0.0,1.7419748184233097,0
133,1,0,0,1,1,5.763764109990098,0.0,-0.5078326795264076,0
134,1,1,0,0,1,0.0,0.0,0.5527354759335934,0
135,0,0,0,0,1,19.08660128963599,0.0,-1.2006186426202738,0
136,1,1,0,1,1,0.02547804985395493,0.0,1.431316513307378,0
137,1,0,0,1,1,0.0,0.0,0.7880987105477975,0
138,0,0,0,0,0,1.4662116101084401,0.0,1.9276279753341738,0
139,1,0,0,0,1,0.3002610167529232,0.0,1.5639774324610876,0
140,0,1,1,0,1,1.905787076806031,0.0,0.3382879434019388,1
141,1,0,0,1,1,0.2735926885171919,0.0,3.698724627432828,0
142,0,0,0,1,1,0.0,0.0,1.4490145900463365,0
143,1,0,0,1,1,0.0,0.0,0.4118605248584407,1
144,0,0,0,0,1,12.512300476906793,0.0,-1.556357628996623,1
145,1,0,1,0,1,9.700993547811926,0.0,-2.0384418934113726,0
146,0,1,1,0,1,12.914939113661358,0.0,-1.4996356570581257,0
147,0,1,1,0,0,3.025617326587083,0.0,-0.8450918232634185,1
148,1,0,0,0,1,0.0,0.0,1.482947399539492,0
149,1,0,0,0,1,6.227786101277546,0.0,0.3434738090720296,0
150,1,1,0,0,1,0.0,5.837552595630001,-0.6351176747116265,0
151,1,0,0,0,1,9.989919344162253,0.0,-0.45391233394778563,0
152,1,0,0,0,0,2.0729258194143934,0.0,-0.6099153957476942,0
153,1,1,0,1,0,0.0,54.66747299894814,1.1740648582702886,0
154,1,0,0,0,0,0.0,0.0,-1.4048611359178627,1
155,0,1,1,0,1,0.0,0.0,0.7975985742287908,0
156,1,0,0,0,1,4.8626187740073945,0.0,0.1041097932117761,0
157,1,1,0,0,1,4.840832036233186,0.0,-0.9365510529957273,0
158,1,0,1,0,1,4.910840049196346,0.0,1.9526477173892465,0
159,1,0,1,0,0,5.8325649855329935,0.0,-0.45833114434960437,1
160,1,0,0,1,1,5.419335810642822,0.0,-1.550720159431982,0
161,0,1,0,1,1,10.700007106535068,0.0,1.2416863737858472,0
162,1,0,0,0,1,0.0,0.0,-0.2102456612420578,1
163,1,1,0,0,1,0.0,0.0,0.6727882402035896,0
164,1,1,0,1,1,4.765481653548546,0.0,-1.3663901442451714,0
165,1,0,0,1,1,2.0715049239327703,31.0476036103501,0.7598928021017242,0
166,0,1,0,1,1,-0.2604597603246095,0.0,2.9307083065914292,0
167,1,0,0,0,0,10.093912559847514,0.0,-1.896427174124113,0
168,1,0,0,1,1,9.106653975912831,0.0,0.17338727166659657,0
169,1,1,1,0,1,0.0,-0.23708891566816465,-0.655196410048016,0
170,1,0,0,0,1,0.0,0.0,3.1626957562847524,0
171,1,1,0,0,0,3.1251015153765938,0.0,1.7367295720323201,0
172,1,0,0,1,0,7.11317070464038,0.0,0.08109739907836178,0
173,0,1,1,0,1,8.199465906830524,0.0,-1.2216703691128585,0
174,1,0,0,1,1,13.822108068261503,0.0,-1.5421517757136105,0
175,1,1,1,0,1,5.022622052454742,0.0,1.3052313672726896,0
176,0,1,0,1,1,2.88496471698658,0.0,-1.5939900130783884,1
177,1,0,0,0,1,22.16704753160813,0.0,-1.9838257212698471,0
178,1,0,0,1,1,3.761289890637321,0.0,-0.2686959805851163,1
179,0,0,0,0,0,9.52036745128274,0.0,-0.10922666298422465,0
180,0,0,1,0,1,0.0,0.0,0.40644020120869595,0
181,0,0,0,0,1,0.0,10.77436959783927,-0.8425923812059056,0
182,0,0,0,0,1,0.0,0.0,0.8977875790477892,0
183,1,0,0,1,1,0.0,0.0,-1.3831228326098264,0
184,0,1,0,1,1,0.0,0.0,0.9521047725522447,0
185,1,0,0,1,1,0.0,0.0,-0.005925531304799503,0
186,1,0,0,1,1,5.855029101643499,0.0,0.4888308296045214,0
187,0,1,1,0,1,1.8653258447245586,0.0,1.862957506464689,1
188,0,1,1,0,1,7.827554548733497,0.0,-0.23282540173424826,0
189,0,0,1,0,1,0.0,0.0,-0.9261792407288685,0
190,1,1,0,1,1,16.13163367275833,0.0,-2.011144007874027,1
191,0,0,0,1,1,15.778949115341614,0.0,-2.8643226827812303,1
192,1,1,0,1,1,0.0,0.0,-0.07524692232893176,0
193,0,1,0,1,1,3.437166294832635,4.7056645168521385,0.012370712486894475,0
194,0,0,0,0,1,8.989590882604034,0.0,-1.6701863986480983,1
195,1,1,0,1,1,6.373744329614365,0.0,-0.9650076158316054,0
196,0,1,0,0,0,0.6736110938826372,0.0,2.100020937338789,0
197,1,0,0,0,1,1.9514617222953947,0.0,0.8410749187876005,1
198,1,0,1,0,1,11.620905674104591,0.0,-1.694856799643678,0
199,0,1,0,0,1,5.505765773485215,117.85696469234227,-0.41620550543219853,0
200,1,1,0,1,1,1.001140144453152,0.0,0.6696834453201963,0
201,1,0,0,1,1,0.0,0.0,-1.0818573111814929,0
202,1,0,0,0,0,7.7607755683319954,0.0,-1.3151300037189537,0
203,1,0,1,0,1,7.933798312912318,0.0,-0.5129546032416405,0
204,1,1,0,0,0,0.7132049362305724,0.0,1.5460459332255667,0
205,1,1,1,0,1,0.0,12.092095736703683,1.8621936672239863,0
206,1,1,1,0,1,9.935135088599651,73.47350140541145,-0.5913719267741059,0
207,1,1,0,0,1,0.9938326569730611,0.0,0.7395054011319184,1
208,0,0,0,0,1,8.664338940890806,3.224673741116221,-0.2882070436835206,1
209,1,1,0,0,0,17.332821909359836,0.0,-1.1405414303821448,1
210,1,0,0,1,0,4.081551498004045,0.0,-0.6602553769600554,0
211,0,0,0,0,1,8.265279204077295,122.94272212545724,-1.8982197606369784,0
212,1,0,1,0,1,0.0,0.0,1.4087107035559625,0
213,1,1,0,0,1,-0.07750383293286946,0.0,2.137164214598788,0
214,1,0,1,0,1,0.0,0.0,-0.6055335444148358,0
215,1,0,0,0,1,5.000266020321918,0.0,-1.1108215200567209,0
216,0,0,1,0,1,4.4176923876226875,0.0,1.2698808801901769,0
217,1,1,0,0,1,0.5701353764251529,0.0,1.7066706444544228,1
218,1,1,0,1,0,6.522278580828141,70.38922817474885,-1.2764465944224197,0
219,0,0,0,1,1,4.205394011752437,0.0,-0.4694971760033923,0
220,1,1,0,0,1,0.0,0.0,0.07455886352482026,0
221,0,1,1,0,1,3.1115673510441786,0.0,-0.6365936302782963,1
222,1,0,0,0,0,0.0,36.47014525503458,0.21405656843193338,0
223,1,0,0,1,1,3.8716501261094374,0.0,-1.1759300289074575,0
224,0,0,0,1,1,13.421252524981808,0.0,-0.9715337540561604,0
225,1,1,0,1,1,6.4790010377031235,0.0,0.020281305811147426,1
226,1,0,0,0,0,32.798109911935704,0.0,-2.18599972124846,1
227,0,1,0,0,1,6.564617312439316,0.0,-2.482260185570103,1
228,1,0,0,0,0,0.0,0.0,0.8953886292970579,0
229,0,0,0,0,1,40.99038962004893,0.0,-1.2276135540631643,0
230,1,1,0,0,1,0.14630548596971568,0.0,2.88262602627205,0
231,1,1,1,0,1,-0.0031484262421244444,0.0,2.8739525441070857,0
232,0,1,0,1,0,5.1268229696584315,0.0,-0.4982926358003911,0
233,1,0,0,1,1,1.5097380872660255,0.0,2.7139878343457626,0
234,1,0,0,1,1,0.0,0.0,0.9200953976160977,0
235,0,0,0,0,1,6.461553064894046,0.0,-1.1060016677671378,0
236,1,0,0,1,1,22.13554734887833,45.1609699270591,-3.5847548669597114,0
237,1,0,0,0,1,0.0,0.0,0.6008385761284178,1
238,0,0,0,1,1,3.7418432052860977,0.0,-0.23994128015213367,0
239,1,1,0,1,1,0.0,0.0,0.7021428297519348,0
240,1,1,0,1,1,0.0,0.0,-0.14291030592569515,0
241,0,0,1,0,1,9.18639548664883,0.0,-1.5441368711665466,0
242,1,0,0,0,0,0.0,0.0,-0.8265941304591021,1
243,0,1,0,1,1,1.5856561129654367,0.0,1.0544957260096506,0
244,0,0,0,0,1,7.4641509678162805,0.0,-0.7336004702389901,1
245,1,0,0,1,0,10.276473442016764,108.77320506326596,-0.7413348573985374,0
246,1,0,1,0,1,11.247373069753829,0.0,-2.024815472713787,0
247,0,0,0,0,1,11.808550601640658,36.20326341854243,-0.16326338332380796,0
248,0,1,0,1,1,11.20409476472442,0.0,-1.2732728851040378,0
249,1,1,0,1,1,1.4557560400663125,53.1904134538076,1.3257135356135838,0
250,1,1,0,0,1,0.0,0.0,-0.7896491522946327,1
251,1,0,1,0,1,13.197063549332226,0.0,-0.4585012358345689,0
252,0,0,0,1,0,0.0,67.70521704318791,2.489898964152796,0
253,0,0,1,0,1,0.0,10.131368965822208,-0.47241500505675244,0
254,0,1,0,1,1,9.463118834257612,21.513327300318824,-0.4139357646503374,0
255,1,1,1,0,1,1.0252660800759101,0.0,1.0995961419506313,0
256,0,0,0,0,1,31.52425845119385,0.0,-2.565135106848836,0
257,1,0,0,1,1,0.0,0.0,1.3210359318765128,0
258,1,1,1,0,0,0.0,0.0,1.6222432556231614,1
259,1,1,0,1,1,5.477913873022177,0.0,0.8212982334396484,0
260,1,0,0,1,1,49.60397131983028,13.671853769486658,-4.6026847916496765,0
261,1,1,1,0,1,5.8270696909722615,0.0,0.01795302595100584,0
262,1,0,0,1,1,8.144101631480217,0.0,-1.9092687692868262,0
263,1,1,1,0,1,0.0,13.686839656069221,1.7888566834682114,0
264,0,1,0,1,1,1.5301752284181362,0.0,1.4972781916876947,0
265,1,0,1,0,1,5.027546461186153,0.0,0.4166526589833901,0
266,1,1,1,0,1,24.97399893898617,0.0,-1.1899823323392162,1
267,1,1,0,1,0,0.0,24.569523456658885,2.062696589471911,0
268,1,1,0,0,1,7.32413191451557,0.0,-0.18569425794494449,0
269,1,1,0,0,1,1.5475873981951689,15.573107264549918,2.460874965632724,0
270,0,1,0,1,1,1.4099387335201334,0.0,0.4896954455841899,0
271,1,1,1,0,1,1.4385475205388398,15.718337423058838,0.9987142642133096,0
272,1,1,0,1,1,1.597931027106796,0.0,-0.43918961224003866,1
273,0,1,0,0,0,0.0,0.0,1.9509031395607153,1
274,1,0,0,0,1,2.1203603098660837,0.0,0.4987953718958187,0
275,0,0,0,1,1,2.0921785185466795,0.0,1.5669013664187157,1
276,1,1,1,0,1,0.9473733919838216,0.0,0.5772527341402109,0
277,0,1,0,0,1,3.6555062791658806,0.0,0.08979051615257652,0
278,1,0,0,1,1,3.7043555704731332,0.0,0.48176660851047803,0
279,1,0,1,0,1,0.0,0.0,1.7664518516367462,1
280,1,0,1,0,1,7.494626732787589,0.0,1.2214199132661403,1
281,1,1,0,0,1,1.0634801512176875,0.0,0.32692647315746903,0
282,0,1,1,0,1,21.800592169388583,0.0,-2.0272396897637117,0
283,1,1,0,1,1,0.0,0.0,1.1872941303952942,0
284,1,1,1,0,0,7.961751572359697,0.0,-1.4915421407411094,0
285,0,0,0,0,0,2.658828544179743,0.0,-0.23519263212500705,1
286,0,1,0,1,1,0.0,0.0,0.001819280165663878,0
287,1,1,0,1,1,27.35262438505951,0.0,-1.664743658323985,0
288,1,1,0,0,1,0.0,0.0,0.6268039550385065,0
289,0,0,0,1,1,0.0,0.0,2.477526707465315,0
290,0,1,0,1,1,6.2482532804852005,0.0,-0.2501350799102972,0
291,0,0,0,1,1,2.8159609130853944,0.5048351608908643,0.7003259678888061,0
292,0,1,0,0,1,0.0,0.0,3.165282993589899,0
293,1,0,0,1,1,1.6543101219734924,4.27401743828954,0.8241449203313582,0
294,1,1,0,0,1,3.1706033249037295,0.0,-0.6753994338018923,0
295,1,0,1,0,1,2.7294286181391167,0.0,0.2233789390371177,1
296,1,0,1,0,0,6.754000028180021,0.0,0.5353986343799233,0
297,0,0,0,0,1,0.0,0.0,1.5552808105906712,0
298,1,0,0,0,1,0.0,13.259434080670294,1.2739844360167496,1
299,1,0,0,0,1,37.87897717343396,0.0,-3.825451031660247,1
300,1,0,0,1,1,11.340512613698213,0.0,-1.375941826811106,0
301,1,0,1,0,1,8.410413837853461,0.0,-0.16963420494540987,0
302,1,1,0,1,1,5.374557454940761,37.22138671970578,-1.14956744004825,0
303,1,0,0,0,1,57.2409320329946,0.0,-5.0161171956360215,1
304,0,0,0,0,1,12.816720618078806,0.0,-1.2087916643208674,1
305,1,0,0,0,0,3.149282991814202,0.0,-0.28462157758420703,0
306,1,0,1,0,1,0.0,0.0,-0.7523643939986422,1
307,1,1,0,1,1,7.296081628973443,0.0,-1.126087366497716,1
308,1,0,0,1,1,2.8441762045922343,0.0,-0.22692528027541908,0
309,0,1,0,0,1,1.0652451639814386,0.0,0.5891528643227268,0
310,1,1,1,0,1,4.247452529575363,12.940835663799346,-0.24980430587580404,0
311,0,0,0,0,1,1.4187511724578505,0.0,1.4758320927663002,0
312,1,1,1,0,1,5.198393456354908,0.0,0.4238744523257294,0
313,1,1,1,0,1,4.970187427644705,0.0,-0.7655374971326468,0
314,1,1,0,1,1,9.453209995124189,0.0,-1.289407772607788,0
315,0,1,1,0,0,1.999450162335774,0.0,0.07739865182891298,1
316,0,1,0,0,1,0.0,0.0,1.5751784365279422,1
317,1,1,0,1,1,14.340393792116812,0.0,-0.9043215477032112,0
318,1,0,0,0,0,3.717612552930377,0.0,0.4827257395157776,0
319,1,1,0,1,0,0.0,0.0,0.27103284481832035,0
320,1,0,0,0,0,0.42305374480401836,0.0,2.271338200965986,0
321,1,0,0,0,1,4.702424102054336,157.5638126472406,0.21952187348552893,1
322,0,0,0,0,1,22.41323442925857,0.0,-1.1737295864651,0
323,1,1,0,0,1,0.4310010225690209,0.0,1.0925529968187984,0
324,0,0,0,1,1,3.5042104090012165,0.0,0.7056281483468417,0
325,0,0,0,1,1,2.5326517574357466,0.0,-0.7881740957386427,0
326,1,0,0,0,1,10.25406402413428,0.0,-1.769914501542413,0
327,1,0,1,0,1,0.0,0.0,0.6061250447700106,0
328,0,0,1,0,1,0.0,0.0,0.0012994262592024852,1
329,1,0,0,0,1,12.52970450692336,0.0,-2.2211841174240687,0
330,1,1,0,1,1,3.6911680730899246,0.0,0.47578687870798436,0
331,0,0,0,1,1,10.190149243974204,171.8774349709752,-1.095350909467144,0
332,1,1,1,0,1,11.205831423635223,2.5031351528977974,-1.5899706135839757,0
333,0,0,0,1,1,4.169576982598718,0.0,-0.7307089195370264,1
334,1,0,1,0,1,2.69358690236533,7.958815036146845,1.562135979784785,0
335,1,1,0,0,1,0.6597252080593599,0.0,1.6963187201127132,0
336,1,0,0,0,1,5.192797548243398,0.0,0.9318426905694304,0
337,1,1,1,0,1,0.016701555742551607,0.0,0.6946180993179176,1
338,1,0,0,1,1,3.364639742871283,0.0,0.48262042029452723,1
339,1,1,1,0,1,3.220962249343647,0.0,0.476265064291842,0
340,1,0,0,0,0,27.636923129997484,14.909995674056681,-1.69446505755452,0
341,1,1,0,0,1,7.180943326375102,0.0,-1.0090424305311163,0
342,1,0,0,0,1,10.350858462676108,0.0,-1.0571915847138615,0
343,1,0,0,0,1,2.9564090073067795,0.0,1.5137396180945017,0
344,1,0,0,0,1,6.729344806509279,0.0,1.098164135834169,0
345,1,0,0,1,1,9.891335335630794,8.997894050692345,-1.6622432810583365,0
346,1,0,0,1,1,2.2334224897564607,0.0,-0.21165937226726456,0
347,1,0,0,1,0,2.784450554278968,0.0,-0.7953371427234913,0
348,1,1,0,1,1,0.0,0.0,-0.048528690304874944,0
349,1,0,0,0,1,10.106433228322983,0.0,-0.9661348082588506,0
350,0,1,0,1,1,0.0,0.0,1.9492852771920355,0
351,0,0,0,0,1,4.283232949443295,12.286045700444841,-0.3042003671982533,1
352,1,1,1,0,1,3.126591106985881,0.0,0.6266807098896299,0
353,0,0,0,0,1,6.114785247135582,0.0,0.007050503850653533,0
354,1,0,0,1,1,15.977722019603075,10.314747534901686,-1.5955458239501057,0
355,1,0,1,0,1,2.365936593693311,0.0,0.05894873323587513,0
356,1,0,0,1,0,0.4825112629721623,0.0,1.079765531887157,0
357,1,0,0,1,1,0.0,0.0,1.6050444614153034,0
358,1,0,1,0,1,5.074019328420838,0.0,-1.5492031586808868,0
359,1,0,0,0,0,6.99730850948317,0.0,-2.223809583857573,0
360,0,0,1,0,1,14.082957651090423,0.0,-0.00046773754685200397,1
361,1,0,1,0,1,0.0002569039682634597,0.0,1.3397600969408434,0
362,1,1,1,0,1,3.4535878632362174,0.0,0.8102834614831205,0
363,1,1,0,1,1,4.152584730320673,0.0,1.0207789773821507,0
364,1,1,0,1,1,16.445975379881894,0.0,-1.591118746760349,0
365,1,0,1,0,1,0.0,0.0,-0.812143979865593,0
366,1,1,0,1,1,32.89986461773392,0.0,-2.6610237514149144,0
367,1,0,0,0,0,0.0,0.0,-0.4623847030348268,1
368,1,0,0,0,0,20.250136543469196,0.0,-3.0502008842793877,0
369,1,1,0,0,0,1.7483378063901096,0.0,1.8558069783558113,1
370,0,0,0,1,1,4.942379127970279,0.0,1.7101714789234364,0
371,0,0,0,0,1,3.1408941416503735,0.0,-0.09997633016093987,1
372,1,1,0,0,1,8.670139750556732,0.0,-1.786093577827751,1
373,1,1,0,0,1,1.6429286682301267,0.0,0.630912197008866,0
374,0,1,1,0,1,0.8685776627170712,0.0,2.7296896748300057,1
375,0,1,0,0,1,0.0,14.630137817120383,0.7589414395992671,1
376,1,1,0,0,1,4.155654431225438,0.0,1.6667795078283782,0
377,1,0,0,1,1,11.794857468564548,0.0,-0.9010115989711615,0
378,0,0,0,0,1,15.482259684787454,0.0,-1.395148861226731,0
379,1,1,1,0,1,0.0,0.0,0.25929662827180877,0
380,0,0,1,0,1,10.287611342346644,0.0,-2.5461828543241345,0
381,1,0,0,1,0,0.0,0.0,2.618033358481849,0
382,1,0,0,1,1,5.037489890327658,0.0,-0.10124794050496888,0
383,0,0,0,1,1,0.0,0.0,0.8294693815897696,1
384,0,0,0,0,1,0.0,0.0,-0.8707309163471445,1
385,1,1,0,0,1,15.360251536959275,0.0,-1.8251505534186083,0
386,0,0,0,0,1,3.250563092810591,0.0,1.545042983271521,1
387,0,0,0,0,0,11.689297148989217,0.0,-1.718848360034089,0
388,1,0,0,1,1,0.0,0.0,0.16651361736862963,0
389,0,1,0,0,1,1.4379964049093497,0.0,0.7171485584888992,0
390,1,0,0,0,1,0.0,27.75283761445298,-0.18534233129102914,0
391,1,0,0,1,1,11.209083500817592,0.0,-1.2842678223132142,0
392,0,1,0,1,0,3.690272478490691,0.0,-0.041529263393575766,0
393,1,0,0,0,0,9.122706472898019,0.0,-1.4960650573342469,0
394,0,0,0,0,1,2.746933727090783,0.0,0.7557474464754401,0
395,1,1,0,0,0,0.0,0.0,0.8815800671977139,1
396,1,0,0,0,1,5.217272851970977,0.0,-0.3073951143653085,0
397,1,0,1,0,1,12.688538806406543,0.0,-0.8074898837696389,0
398,1,1,1,0,0,0.0,0.0,3.047366911720981,0
399,0,0,0,1,1,35.18153495437291,0.0,-1.9466419022762702,0
400,1,0,0,1,0,11.760180947054392,0.0,-2.257104763981878,0
401,1,1,1,0,1,6.357939059332838,0.0,0.2450323447961304,0
402,1,0,0,1,1,13.216518120167917,0.0,-0.6103005780107603,0
403,1,0,0,0,1,3.1997151308379825,0.0,1.1249055420856093,0
404,1,1,0,0,0,0.0,0.0,0.9770290623317404,0
405,1,0,0,1,1,0.0,0.0,-0.24220724866298923,0
406,1,0,0,1,1,3.0690767858990755,43.14402924469688,0.3604323620089256,0
407,1,1,0,0,1,0.0,0.0,0.7671721577595627,1
408,1,0,0,0,1,1.0949438474909328,0.0,2.412552601832897,0
409,1,1,0,0,1,6.669557979058369,137.36293862912953,0.4743051398341561,0
410,1,0,0,0,1,7.3167873285048515,0.0,-1.1517787298297524,0
411,1,0,0,1,1,4.180636436826283,84.37283467225657,-0.02591859221989018,0
412,1,0,0,1,1,12.049600341189308,0.0,-3.631909648985909,0
413,1,1,0,1,1,0.0,0.0,0.10821114698193623,1
414,1,0,0,0,1,4.210690855053275,0.0,1.1190175630156647,0
415,0,1,0,0,1,0.0,0.0,0.9207956721541395,1
416,1,1,1,0,0,5.289752156422848,0.0,0.7321517358664635,0
417,0,1,0,1,1,0.0,0.0,0.9810261191302325,0
418,1,0,0,0,0,5.035375075338285,0.0,1.1321683774434768,1
419,1,1,0,0,1,0.0,0.0,1.97429876134168,1
420,0,0,1,0,1,0.0,0.0,0.492743552370507,0
421,1,0,1,0,1,1.8719787283643914,0.0,-0.48462263617624496,0
422,1,1,1,0,1,7.760068942766349,0.0,-2.611308147916513,0
423,1,1,0,1,1,0.0,0.0,1.4020619865698931,0
424,1,1,0,1,1,0.0,0.0,0.8094592174129962,0
425,1,0,0,1,1,3.294951995864854,15.66000871190765,-0.08459585597977509,0
426,0,0,0,0,1,6.612133302965726,0.0,-1.160705913848624,0
427,1,1,0,1,0,1.6650796449348366,0.0,1.3853945642759113,0
428,1,0,0,1,1,3.221305689811145,0.0,-0.609262625060009,0
429,1,1,0,0,1,4.821900556876733,0.0,0.10593969786114049,0
430,1,0,1,0,0,0.0,0.0,-0.15166539413535146,0
431,0,0,0,1,1,0.0,0.0,0.2958101992518375,0
432,1,0,0,0,1,14.59516517851112,0.0,-1.7502489741185647,0
433,0,0,0,0,0,0.0,0.0,0.4400663832414031,0
434,1,0,1,0,1,19.404264038876903,0.0,-1.0027370967142748,0
435,1,1,1,0,0,5.442886322424122,0.0,-0.5278287448309193,1
436,1,1,0,1,1,4.182255081810906,0.0,1.2831072608739187,1
437,0,1,1,0,1,0.0,0.0,-0.9236364302023302,0
438,1,0,1,0,1,0.0,0.0,1.050806273293396,0
439,1,0,1,0,1,2.594854729595565,39.3022971215627,0.049749407627398406,1
440,0,0,1,0,0,27.401383078079007,0.0,-2.1897942385536924,0
441,1,0,0,1,0,3.1902146925964745,0.0,1.4665290901075196,0
442,1,1,1,0,1,10.137860935523792,0.0,0.7471247708972726,0
443,0,0,0,1,1,8.066657772001305,0.0,0.22448110833903356,0
444,1,1,1,0,1,0.0,0.0,1.6392701575484918,0
445,1,1,0,0,1,0.0,0.0,2.069002553038462,0
446,1,0,1,0,1,6.4066955511147565,0.0,0.17731442715664297,0
447,0,0,1,0,1,0.0,0.0,0.7101277727949673,0
448,1,0,0,0,1,11.051936858460344,0.0,0.19511799119030537,1
449,0,1,1,0,0,3.7157378087326745,0.0,-0.08887066457815007,0
450,0,0,0,1,1,8.202937414751728,17.101268096827372,-2.306798467705785,1
451,1,1,0,0,1,0.47564274391492656,11.765191753913264,0.4251002356533867,1
452,1,0,0,0,1,0.7419054612169127,34.96599123035171,1.4850404232250318,0
453,0,0,1,0,1,2.402543254174358,32.83826832042465,0.6666661930978006,0
454,1,1,0,1,1,18.58414305953213,0.0,-1.2163016844498455,0
455,1,1,0,0,1,4.6749152629677955,0.0,1.554827527225479,0
456,1,1,0,1,1,8.382466339660683,22.683231610950457,-0.24612141037611562,0
457,0,0,0,0,1,46.357551199803325,0.0,-2.9577931167936065,1
458,1,0,0,1,1,1.7199714878824381,0.0,1.0229168834336266,0
459,1,0,1,0,1,3.9387663083019238,0.0,-1.2900871988391844,0
460,1,0,0,1,0,0.48692429742959725,0.0,1.9993323175909243,0
461,1,0,1,0,1,0.0,0.0,1.3891499527646953,0
462,0,1,0,1,1,1.8606160197961787,1.068200086130263,-0.14158307028884476,0
463,1,0,1,0,1,2.8310460723444355,0.0,0.5079806025657125,0
464,0,1,0,0,1,0.0,0.0,3.2526157640385325,0
465,0,0,0,0,1,0.0,0.0,1.0000090084313407,0
466,1,0,0,0,0,3.3037926285264723,0.0,0.02489603172427418,0
467,0,0,0,1,1,0.0,0.0,3.4181171125840253,0
468,0,0,0,1,1,3.6624054748162918,0.0,-0.1294963059756947,1
469,0,1,1,0,1,2.0431685222428664,104.74799783314239,1.0947229681649107,0
470,0,0,0,0,1,5.717852692977834,0.0,-1.4783528819958518,0
471,1,1,0,0,1,21.107238486166136,0.0,-1.9936401479614587,1
472,0,0,0,1,1,7.612659572260805,0.0,-0.648386933693893,0
473,1,1,1,0,1,5.011839062688103,37.655374826008284,0.3991623479917038,0
474,0,1,0,0,0,0.9619479121830028,0.0,0.571457388044619,0
475,1,1,0,0,1,10.544641813893934,0.0,-1.6673069398710365,0
476,1,1,0,0,1,0.0,18.48611350920027,0.9956631323109728,0
477,0,0,0,1,1,2.781705279921791,0.0,-1.3428934707759064,0
478,1,0,0,0,0,8.658345496205277,0.0,0.49917998002485076,0
479,1,0,0,1,1,0.0,0.0,0.9167058980398728,1
480,0,1,0,1,1,5.529356246107524,0.0,-0.3562516352673653,1
481,0,1,0,1,1,20.561219551944525,0.0,-1.0836882333025275,1
482,1,1,0,1,1,2.2173390951866945,0.0,2.125871126251044,0
483,0,0,0,0,1,0.9227121702683898,0.0,0.8373274807029707,0
484,0,1,1,0,1,2.5150098420908744,0.0,0.5445297073246809,1
485,0,1,0,1,1,2.916004893652562,0.0,2.029587537510212,0
486,1,1,0,0,1,0.0,27.27867960671135,0.2565750066886576,1
487,1,0,0,0,1,7.461092436661502,0.0,-1.0742492290491534,1
488,0,1,0,1,1,5.660170445037243,0.0,-1.1321786423971327,0
489,0,0,1,0,1,8.598565988431941,109.87229241074303,-0.21798289325266296,0
490,1,0,0,0,1,0.0,0.0,0.7078022118164392,1
491,1,0,0,0,1,3.5715819820489383,0.0,1.4988917953380072,0
492,1,0,0,0,1,4.052678845851439,0.0,-0.2499069234758724,0
493,0,0,0,1,1,0.0,3.356875620444109,1.2727999077576673,0
494,0,1,1,0,1,3.230160707465779,31.236786700985796,0.07573512767740032,0
495,1,0,0,1,1,0.0,0.0,-1.2804454638794935,0
496,1,0,0,1,1,14.132796434929443,0.0,-1.9520809392644973,0
497,1,0,1,0,1,0.0,0.0,-0.7279871517975889,0
498,0,0,1,0,0,22.592589593056395,0.0,-1.7038815071355584,1
499,1,1,0,0,0,-0.06049880028729747,0.0,2.722174887923456,0
500,1,0,0,0,0,10.868395536250251,0.0,0.28229942567596233,0
501,1,0,0,1,0,0.0,0.0,-0.402387006930319,0
502,0,0,1,0,1,0.0,0.0,2.124162255802335,0
503,1,0,1,0,1,21.256208049815278,0.0,-1.7469022322835264,0
504,1,0,0,1,1,0.0,0.0,-0.45554282994655204,0
505,1,0,1,0,1,-0.02420538859971649,0.0,2.4795824538903823,0
506,0,0,0,0,1,6.9461309610645765,0.0,-0.4643718486075743,0
507,1,1,0,1,1,-0.1896838077923637,53.11608763343096,3.2819216363577954,0
508,1,0,0,0,1,0.0,0.0,0.7255741944851695,1
509,1,0,1,0,1,1.0409372299734696,16.58875902707913,1.5915851630492581,0
510,1,1,0,1,1,1.1940225131444135,0.0,1.8586653740222345,0
511,0,1,0,0,1,0.0,30.297381736940693,0.15205114911748813,0
512,0,0,0,0,1,17.810415014900947,0.0,-0.904910930682338,0
513,1,1,1,0,1,1.616886002243203,0.0,0.202236390553071,0
514,0,1,1,0,1,2.078175811329298,0.0,-0.9132736042414423,0
515,1,1,0,1,1,9.354630020762972,0.0,0.06556750946586357,0
516,0,1,0,0,1,3.851671431555645,0.0,0.1443602569664501,0
517,1,1,1,0,1,1.4964233066660522,9.234560390400228,2.5122207940085812,1
518,1,0,1,0,1,6.504153527929749,0.0,0.6793929097311711,0
519,0,1,0,1,1,0.0,0.0,3.1741504739671966,0
520,0,0,0,1,1,19.32948901213399,0.0,-3.0442164449842544,0
521,0,0,1,0,1,8.300822482376837,0.0,-1.6378159360383266,1
522,1,1,1,0,1,0.7319319836586364,0.0,-0.10484201941166904,0
523,0,1,0,1,0,0.0,0.0,2.0603929139381827,0
524,0,0,0,1,1,6.951014796160565,0.0,-0.4202588163626845,0
525,1,1,0,1,1,6.331648023493327,0.0,-1.7288183496336018,1
526,1,1,1,0,1,0.0,16.572820212634333,0.03624072172932752,0
527,1,0,0,1,1,13.784043455001843,0.0,-1.81292576992629,0
528,1,0,0,0,0,0.0,0.0,-2.063840983231751,1
529,0,0,0,0,1,0.0,0.0,2.2784996065969914,0
530,1,1,1,0,1,1.7786798261664223,0.0,-0.10005934935123417,0
531,1,0,1,0,1,11.014299239432347,0.0,0.1416356643872174,0
532,1,0,1,0,1,3.54386630692988,0.0,-0.19898412437515084,1
533,0,1,0,1,1,11.073535727334496,0.0,-0.17191439949881376,0
534,1,0,1,0,1,8.258085484384974,0.0,-1.1560461213281712,0
535,0,1,1,0,1,4.355623290114882,0.0,-0.04761229333970829,0
536,1,1,0,0,1,0.0,0.0,0.5816614125109082,1
537,1,0,0,0,1,0.5151924824672611,0.0,1.5358531994418607,0
538,0,1,1,0,1,0.3760528866950397,0.0,1.5627176147892148,0
539,1,1,0,0,1,0.0,0.0,-1.4104056287425069,0
540,0,0,0,1,1,2.779618128250491,0.0,0.9853214953428544,0
541,1,0,0,1,1,22.45974760420064,0.0,0.32856065475503216,0
542,1,0,1,0,1,4.797376973186078,0.0,-0.8796428807852743,0
543,1,0,0,0,1,2.170140632709472,12.600987461941516,-0.04691571688119195,0
544,0,0,1,0,1,0.0,0.0,0.6525275950718705,1
545,1,1,0,0,1,4.119571158109318,0.0,0.21022777321328068,0
546,1,0,1,0,1,0.0,0.0,0.5347114677206031,0
547,1,1,0,0,1,4.158582773603594,0.0,-0.9545773016624648,0
548,0,1,1,0,1,0.0,0.0,2.9008250166355367,0
549,0,0,1,0,1,57.389103607868755,0.0,-2.5494844530921283,0
550,0,0,0,0,1,4.272477470738073,0.0,0.45964956586002115,0
551,1,0,0,0,1,5.967724898651051,23.068304476055538,0.18945723265321301,0
552,1,1,1,0,1,7.2573864154170185,14.78325881304033,1.1729675436181943,0
553,0,1,0,0,1,0.0,0.0,-0.7567140501097758,1
554,0,0,0,0,1,0.0,0.0,1.2165721962663116,0
555,0,1,0,1,1,2.805212043878207,0.0,0.011784727451760346,0
556,0,1,1,0,1,5.267697236123461,54.45317173106443,-1.1683551220095163,0
557,0,1,0,1,1,2.1948929182631267,131.09391105021226,-1.2513572969932243,0
558,1,0,0,1,1,0.0,0.0,-0.12037751188788731,1
559,1,0,1,0,1,17.632625694864636,0.0,-2.123547550030709,0
560,0,0,0,1,1,1.3087040530959704,0.0,2.024647658806299,0
561,1,1,0,1,1,1.8991868640433776,9.805191814860503,1.4926192390945743,0
562,1,1,0,1,1,0.8630175897798253,35.49236081631493,2.4883607306892768,0
563,1,0,0,0,1,0.0,0.0,1.9234220660593928,1
564,1,0,0,0,1,9.35479911279864,0.0,-0.7304402749460388,0
565,0,0,1,0,1,13.789469596720775,0.0,-1.1927417121922261,0
566,0,0,0,0,1,13.013081123638205,0.0,-3.7075490331701575,1
567,1,0,1,0,1,17.628723583712027,0.0,-0.5999796798629957,0
568,1,1,0,0,1,-0.15143111364159367,0.0,2.410035655470019,0
569,1,1,0,1,0,2.988084393632509,0.0,-0.9096488415964219,0
570,0,0,0,0,1,8.097411427722632,44.31368896381163,-0.5486988734256075,0
571,1,1,0,1,1,0.0,0.0,-0.5598499188260904,0
572,1,0,1,0,1,7.147588623446925,0.0,0.39999379661787576,0
573,1,0,0,1,1,3.6821668562896956,135.6544869786945,1.3661883957943177,0
574,1,0,0,0,1,12.154299426763608,0.0,-2.2501895904185814,1
575,1,0,0,0,1,15.643631933924134,0.0,-2.0051532564871586,0
576,0,0,1,0,1,1.3526401180376553,0.0,1.8228736502711747,0
577,1,0,0,0,1,4.204876375209324,0.0,0.6583255992983165,0
578,1,0,1,0,1,6.949065432693708,0.0,-0.41200711852602717,0
579,1,0,0,0,1,1.044228780393603,0.0,1.905065935265805,0
580,1,1,0,0,1,7.3962634933893,0.0,-1.597236974579078,1
581,1,0,1,0,1,0.39223260626961876,0.0,1.1119532687245222,1
582,0,0,0,1,0,0.0,0.0,-0.367344779345919,0
583,1,1,0,0,1,2.845052970402504,0.0,0.9263761100965027,0
584,0,1,1,0,0,3.705939971204722,0.0,-2.70555470352035,1
585,1,0,0,0,0,11.966943133816379,0.0,-0.6137003006647671,0
586,0,0,0,1,1,3.583394115210395,0.0,0.6630997965265556,0
587,1,1,0,1,1,1.8683187071689278,0.0,0.06893732045461894,0
588,1,1,0,1,1,0.0,0.0,1.7567811491850898,0
589,1,1,1,0,1,0.0,0.0,1.9139104091402066,0
590,1,1,0,0,1,3.817685926004321,2.1372360744056844,-1.0769614402823577,1
591,1,0,1,0,1,1.6456765909795785,4.736389258941275,0.9747105937071108,0
592,0,0,0,1,0,31.561236275393334,0.0,-1.5506082012521476,0
593,1,1,1,0,1,4.030434704812319,0.0,0.4191397646780882,0
594,0,0,1,0,0,12.844330563449047,0.0,0.7598441591137548,1
595,0,1,1,0,1,6.7506693470508194,0.0,-0.7191621520135448,1
596,1,1,0,1,1,0.0,33.44140390613081,1.1572655175224094,1
597,0,0,0,1,1,4.945871145751183,0.0,-0.926855355074436,0
598,1,0,0,1,1,8.189542616597898,0.0,-1.0232928350878057,0
599,1,0,0,1,1,3.590757023567906,0.0,0.6245132589308358,0
600,1,0,0,1,1,15.42116843105769,0.0,-1.350045367914776,0
601,0,0,1,0,1,9.69312766625261,0.0,-1.2151494007847616,0
602,1,0,0,0,1,3.804361933434527,0.0,1.0526797312385054,1
603,1,0,1,0,1,6.36700622639246,0.0,0.058953154463915414,0
604,1,0,0,0,0,13.111655814551412,0.0,-2.141272953988217,1
605,1,0,1,0,1,0.0,0.0,1.0152209643369097,0
606,1,0,0,0,1,5.310759827397911,24.555749973377594,-0.8004495772716095,0
607,1,0,0,0,1,28.353233558402632,0.0,-2.0758570746386757,0
608,0,1,1,0,1,0.0,0.0,-2.859363214286899,0
609,1,0,1,0,1,0.0,125.14012584326692,1.076370300201483,1
610,1,0,1,0,1,8.926495367947094,0.0,-1.180695124622811,1
611,0,0,1,0,1,23.213108361652772,0.0,-1.6721213072620817,0
612,0,0,0,0,0,0.0,8.804709727097874,0.5384356228940692,1
613,1,0,1,0,1,3.896386360534179,0.0,0.9514132432753328,0
614,1,0,0,1,0,4.692619733862688,0.0,-1.2874918382011256,0
615,1,1,0,1,1,0.0,0.0,1.318180044295652,0
616,0,0,0,1,0,0.0,0.0,2.3502629390248035,0
617,1,0,0,0,1,0.0,0.0,1.4437289868430043,1
618,1,1,0,1,1,0.0,0.0,1.6745530818521033,1
619,1,1,1,0,1,2.9942731648727787,0.0,0.7520852763296385,1
620,1,1,0,0,0,4.264099257774492,9.477799691981364,-0.4179593030770205,1
621,1,0,1,0,1,0.0,0.0,-0.15153414770784773,0
622,0,0,0,1,1,5.116340325710133,3.9713409696382085,0.28414925268833546,0
623,1,0,0,0,1,27.455685998135724,0.0,-1.8896153070782722,0
624,1,0,0,1,1,8.452546736162002,0.0,-1.2648088417362686,0
625,0,0,0,0,0,27.66141113781222,0.0,-2.107520183017708,1
626,1,1,0,0,1,2.9607557647383027,0.0,0.4510388765330085,0
627,1,0,1,0,1,0.0,0.0,0.026309020666287236,1
628,1,1,0,0,1,4.924713157758722,9.887231699807243,-0.6854670917998251,0
629,0,0,0,0,1,2.1171344635932017,0.0,0.7702389828860685,0
630,1,0,1,0,1,5.579559075280548,0.0,-1.417088468388235,0
631,0,0,0,0,1,0.0,0.0,-1.1629884674268671,1
632,1,0,1,0,0,1.7187482006121613,94.03308423499314,0.9190739006880075,0
633,1,1,1,0,1,0.0,0.0,1.5388841985614565,0
634,1,1,0,0,1,3.534303074962458,33.1564212198174,-0.8685295394673196,0
635,1,1,0,1,1,1.7713390264838496,0.0,0.44701453407134767,0
636,1,1,0,0,1,8.981053847114415,80.38852564589665,-0.8468732681971605,0
637,0,0,0,1,0,0.0,0.0,-0.5325946029789494,0
638,1,0,0,0,1,8.926665451825908,0.0,-0.09588813548599878,1
639,1,0,1,0,1,0.0,0.0,0.6372687344843961,0
640,0,0,0,0,1,4.74866212177552,0.0,0.12647553727118005,0
641,1,0,1,0,1,4.431903721029247,0.0,0.2696477958915108,0
642,1,0,0,0,1,39.59650053468666,0.0,-1.660477871496967,1
643,1,1,0,0,1,8.379256058289217,0.0,0.6469940983135971,0
644,1,1,0,1,1,3.992304648269152,0.0,0.8553636495312629,0
645,0,0,0,1,1,7.915642394139166,0.0,0.6018361985115296,0
646,0,0,1,0,0,15.000765794711288,0.0,-1.0009858297227356,0
647,1,1,0,0,1,0.40753047684906774,8.087857578051695,1.3219495892270179,0
648,0,0,0,0,0,14.073204332117736,0.0,-1.9660606230743365,0
649,1,0,0,1,1,20.060033885180484,0.0,-0.8314472371763826,0
650,0,1,0,1,1,7.063805080582878,0.0,-0.20266442533653012,0
651,0,1,1,0,0,7.4542840975977835,0.0,-1.2658836000042228,0
652,1,0,1,0,1,16.87255565674681,0.0,-0.4521100947261492,0
653,1,0,1,0,1,6.110290085975986,26.583110783534355,0.20349557036134552,0
654,0,1,0,0,1,19.07978480323748,0.0,-2.18698839274667,0
655,1,0,0,1,1,10.126535090839791,0.0,-0.7852011312266823,0
656,1,1,1,0,1,14.599177408905685,23.833588175258505,-1.8879531932970544,0
657,1,0,0,0,1,2.1175321211932694,0.0,2.3331696439256886,0
658,1,1,0,1,1,0.0,0.0,0.4219887576754991,0
659,1,0,0,0,1,13.731652639082554,0.0,-0.11893851669631011,0
660,1,1,0,0,1,2.160485324238164,11.343109121656715,0.44705396692370014,0
661,0,1,1,0,1,2.6321589154857556,0.0,1.1237864071690653,0
662,1,0,0,0,0,7.26176059319612,0.0,0.9720382077881964,0
663,1,1,1,0,1,8.68665719714237,0.0,-1.6513490288827688,0
664,1,1,0,0,0,0.0,0.0,1.827027324706249,0
665,1,1,0,0,1,0.3704622951121844,0.0,1.7446563763420857,1
666,1,0,0,0,1,3.7230141009596593,0.0,-0.3649236618976538,0
667,1,0,0,0,1,0.0,0.0,-0.4319727240744956,1
668,1,0,0,1,0,27.581642723123373,4.013550845738586,-4.251533819678813,0
669,1,1,0,0,1,15.693964638334048,0.0,-1.4423086876180335,0
670,1,1,0,1,0,0.0,0.0,0.8141270736168411,0
671,1,1,1,0,1,0.0,0.0,1.8867903568766615,0
672,0,0,0,1,1,0.0,0.0,0.6529112603095005,0
673,1,0,0,0,1,5.20455903598735,0.0,-0.37691528419621045,1
674,0,0,0,1,0,0.0,0.0,2.1851170567276093,0
675,1,0,1,0,1,4.771215746902089,0.0,1.2066247121499376,0
676,1,1,0,1,0,9.895378822073308,0.0,-0.35409781599347884,0
677,1,0,0,0,1,0.526579717027025,0.0,2.5131016345003694,0
678,1,0,0,1,0,22.424266309832696,0.0,-1.6830940604244486,1
679,1,1,0,1,1,3.2855072102512874,74.72900085060058,-1.7339554822879442,0
680,0,1,0,0,1,8.528514736819112,0.0,-0.3890148955186213,0
681,0,1,0,0,1,2.4277051153687808,0.0,-0.821059427866349,0
682,1,1,1,0,1,0.0,5.66612419920093,-0.11711246654323065,0
683,0,1,0,0,1,4.440398704268733,0.0,1.1715560913934278,0
684,1,0,0,0,1,10.983718297151492,0.0,-0.3234938516539885,0
685,1,0,0,0,1,0.0,0.0,-0.29061986255332517,0
686,0,1,0,1,1,2.4995865720774537,0.0,0.2252829647473975,0
687,1,1,0,1,1,25.016025164454348,0.0,-2.8097766310077272,0
688,1,0,0,0,1,24.212811428066637,0.0,-2.219533450135126,0
689,1,0,0,1,1,9.482439667806997,0.0,-0.7731984197496597,0
690,1,0,0,1,1,2.4925879726342384,0.0,-1.358948865725104,0
691,1,1,0,0,1,9.226030366336381,0.0,-0.14668798354703078,0
692,1,0,1,0,1,0.0,0.0,1.7172843258983552,1
693,1,1,0,0,0,4.287998550485263,0.0,0.05470464333670727,0
694,0,1,0,0,1,10.243461488008052,0.0,-1.5423753186854217,1
695,0,0,1,0,1,12.728976698125738,0.0,-1.0951677276987823,0
696,1,0,1,0,1,0.0,0.0,2.1095371635100846,0
697,1,0,0,1,1,2.424954796208298,0.0,1.6815922834675394,0
698,1,0,1,0,1,0.0,0.0,0.6827231176305693,0
699,1,0,0,1,1,20.885543640946597,0.0,-2.2799783304900227,0
700,1,1,0,1,1,2.8561524991179192,0.0,0.5427103169333115,0
701,1,1,1,0,1,0.0,0.0,0.8411322869128985,0
702,0,1,1,0,0,0.0,0.0,0.3826914667395074,1
703,1,1,0,0,1,7.5709942910537436,0.0,-0.5796141511799802,0
704,1,0,0,1,1,15.93149942018902,0.0,-0.7441677361532728,0
705,1,1,0,1,1,10.730365324193214,0.0,-0.6688350811994523,0
706,0,0,0,0,1,0.0,0.0,-1.745694666699551,1
707,1,0,1,0,1,1.915495346611713,0.0,1.6684644293993525,0
708,0,0,0,1,1,3.7016295449161687,0.0,0.8493616576380099,0
709,0,0,0,1,1,0.0,0.0,-0.6447096865066371,1
710,1,0,0,1,1,8.489540154185907,0.0,0.1707882347107449,0
711,1,0,0,1,1,12.053133585452686,0.0,0.2188171396998848,0
712,1,0,0,0,1,0.0,24.437220175082345,2.7188909543373594,0
713,1,0,1,0,1,0.0,0.0,1.036887911572102,0
714,1,0,0,1,1,2.714559585974937,0.0,0.7885051119719739,0
715,1,0,0,1,1,3.201556181821367,0.0,-0.2313843032712518,0
716,0,1,0,1,0,1.8746412694367036,56.436431134390524,-0.40606266676502495,1
717,1,0,0,0,1,3.2093547453101676,0.0,1.4898691234068673,0
718,1,1,0,0,1,0.0,0.0,0.9849083104847163,0
719,1,0,0,1,1,12.319650236739816,0.0,-1.3418137011896312,0
720,1,0,0,0,1,5.747234709920775,0.0,0.3009491895549927,0
721,1,0,0,1,1,0.0,0.0,0.7918541931786398,1
722,1,0,1,0,1,15.931397931162891,0.0,-2.762663624054863,0
723,1,1,0,0,1,5.701873729317258,0.0,-1.0306550945083741,0
724,1,0,0,0,0,0.0,0.0,0.18433897733108012,0
725,1,1,0,1,1,5.284712210768804,0.0,-2.3133104689008075,0
726,0,1,0,0,1,6.6868140522177795,0.0,-2.1106478923331764,1
727,1,1,1,0,1,2.8892751901110745,0.0,0.0038089722953454364,0
728,0,1,0,1,1,5.242791747318089,0.0,0.7791766516415262,0
729,1,0,0,0,1,5.112068403628801,0.0,0.4083631448334313,0
730,0,0,0,0,1,4.085530067361459,0.0,1.74547142744507,0
731,1,1,1,0,0,2.772654538516467,0.0,0.4552977764985586,0
732,1,1,0,0,1,4.741335994761058,0.0,-0.3269956524294679,0
733,1,1,0,1,0,11.936216730939126,32.59616142048015,-1.5234202702787178,1
734,0,1,0,0,1,0.0,0.0,-0.3423233490266056,1
735,1,1,0,0,1,0.0,0.0,1.055637514235811,0
736,1,0,1,0,1,0.0,0.0,0.8834844204635115,0
737,0,1,0,0,1,1.861153903068565,0.0,0.4887123286124705,0
738,1,1,0,0,1,4.3509000928873,0.0,0.8503071171772374,0
739,1,1,0,1,1,3.4400864565717555,0.0,1.783770955615477,0
740,0,1,1,0,1,1.6482713926814276,0.0,0.446347959193547,0
741,1,1,0,0,1,0.0,0.0,1.9001681123203005,1
742,0,1,0,0,1,10.712826927078801,38.13136823501458,-0.780107954303163,0
743,0,0,1,0,1,6.144407686049805,0.0,-0.17381253701182808,0
744,0,1,1,0,1,1.6606865436254874,0.0,-0.26546653422133815,0
745,0,0,1,0,1,-0.24537348550361127,0.0,0.9346625686259302,1
746,1,0,1,0,1,0.0,0.0,-1.3785400916370543,0
747,1,1,1,0,1,2.948029868531512,0.0,-0.06185980864446844,0
748,1,0,0,1,0,10.17596682275888,0.0,-2.660385908252996,0
749,0,0,0,0,1,6.494638335185306,0.0,0.48080138952942264,0
750,1,0,1,0,1,0.0,0.0,1.515891552928618,1
751,0,1,1,0,1,1.5212461662285506,0.0,1.5157061776641236,0
752,1,1,1,0,1,8.77517104038113,48.440624274879575,1.3901633452413154,0
753,1,1,0,1,1,0.0,0.0,1.224432506854334,0
754,1,0,0,0,1,0.0,0.0,0.6156081003987265,1
755,0,0,0,1,1,3.8114470240877454,5.062307749232347,0.5064263968077816,0
756,1,1,0,1,1,0.0,0.0,1.0190092257646417,0
757,1,1,0,1,1,8.11544000931588,0.0,-0.6892731262816754,0
758,1,0,1,0,1,3.2603719157642503,0.0,-0.33624760770540363,0
759,1,1,0,1,1,2.546303424611256,0.0,0.23991137370689647,0
760,0,0,0,0,1,0.0,0.0,-0.7097025775353776,0
761,1,0,0,1,1,14.221982856563486,0.0,-2.2848763341245952,0
762,1,1,0,1,1,24.751856644841574,0.0,-1.43081150322424,0
763,1,1,1,0,1,4.205053051386006,21.780734335256383,0.6443694272300466,0
764,1,1,0,1,1,0.0,52.45396609653177,1.3093931631640552,0
765,1,0,0,1,1,13.226575928195146,0.0,-0.2680423562755757,0
766,1,1,0,1,1,0.0,0.0,3.68897198317337,0
767,1,1,0,1,1,2.1942600333660387,0.0,-1.0272959105987458,0
768,1,1,0,0,0,7.947676683312919,0.0,0.7195259418440936,0
769,1,1,1,0,1,0.0,2.6189405473932945,2.0027393416312855,0
770,0,0,1,0,0,0.031852023849634814,0.0,1.2840667150919407,0
771,1,1,0,1,0,0.0,0.0,0.9884855830715116,0
772,1,0,0,1,1,6.24100995165553,6.260617975635639,1.0899250865179004,0
773,1,0,0,0,1,1.924791215707537,0.0,-0.20909523499814398,0
774,0,0,0,1,1,4.81391170841541,4.097099864499796,1.8484886333703041,0
775,1,1,0,1,0,1.311684613394355,0.0,1.7924436561334547,0
776,0,0,1,0,1,14.951053596533754,0.0,-1.1708513289094997,0
777,0,0,0,0,1,4.204550501408341,0.0,0.13160696017201495,0
778,0,1,1,0,1,12.757629313031437,0.0,-1.6305396857943713,0
779,0,0,0,0,0,0.0,0.0,1.6678898857417082,0
780,1,0,0,1,1,5.206835041507817,0.0,0.007016244520619996,0
781,0,1,0,1,1,0.18484923552743557,0.0,1.8764292404057763,0
782,0,0,0,0,1,0.0,80.95511488968589,-0.41997760610282203,0
783,1,0,0,1,1,6.7357065596375385,25.483940163096538,-2.656022398419598,0
784,1,0,1,0,1,1.4089766319547161,0.0,3.295830452569588,0
785,0,0,0,1,1,0.0,0.0,-0.11220665960033285,0
786,1,1,0,0,1,9.632637142921853,6.033367897957714,-1.1302670379543038,0
787,0,0,0,1,1,-0.11596417706240217,79.90068473553131,1.1865757291403376,0
788,1,1,0,0,1,-0.22841414589384362,0.0,2.755897319992698,1
789,0,0,0,1,1,0.0,0.0,-0.5391208633049773,1
790,1,0,0,1,1,10.06389007752759,0.0,-0.407030285730524,1
791,0,1,0,0,1,0.0,0.0,0.4546991804308213,0
792,1,1,0,1,1,34.652566955836136,68.82019237650948,-1.2720424083866884,0
793,0,1,1,0,0,4.449383628815179,0.0,-0.534054335464153,0
794,1,1,1,0,1,0.0,13.356768502029206,2.6308651063872284,0
795,1,1,0,0,1,0.0,0.0,-0.019224240511378915,0
796,1,1,0,0,1,3.4455861000471524,0.0,-0.9220729318722691,0
797,1,1,0,1,1,2.13142544638865,0.0,-0.4286136273449917,0
798,0,1,0,0,0,0.0,0.0,1.523214319782572,0
799,1,0,0,1,1,28.85639163595931,0.0,-2.8091480129599216,1
800,1,0,0,0,1,7.274686990586144,0.0,0.045951868612927216,0
801,0,0,0,0,1,2.5253375908294227,0.0,2.871639993654351,0
802,1,1,0,1,1,0.0,15.894919148120014,2.7497601629299577,0
803,1,0,0,0,1,1.882797882950972,0.0,0.4536995594479012,1
804,1,0,1,0,1,3.5607315021211834,16.501790048133568,1.605046540856295,1
805,1,1,0,0,1,0.17366081080764972,0.0,1.822737644539232,0
806,0,1,0,1,0,2.8269551183507886,0.0,-0.011090564466046227,0
807,1,0,0,1,1,3.129572150925135,0.0,0.9037360683063127,0
808,1,1,1,0,1,0.3928152623096032,0.0,2.639386264047817,0
809,1,0,1,0,1,4.097633024456805,0.0,-1.697615671198888,0
810,0,0,0,1,1,2.0394196545509793,24.717377411849775,0.4581131231764438,0
811,1,1,0,1,1,2.713260690188499,7.515485751605164,0.6126885735533463,0
812,0,1,0,0,0,0.0,0.0,0.2820505407669902,1
813,1,0,0,1,0,12.290015413995397,54.46196681438413,-0.261269368748313,0
814,1,0,0,0,1,11.886435768738206,38.03795653582746,0.016537564838948637,0
815,0,1,0,1,1,1.0844772898250779,0.0,0.5539324132473407,0
816,1,0,0,0,1,2.9139328098425823,14.409316120281764,1.1518275748648683,0
817,1,0,1,0,1,0.0,0.0,0.5299387689307904,1
818,1,0,0,1,1,6.423399238450143,0.0,-0.5076820411857561,0
819,0,0,0,1,1,8.35542181114457,17.965149188997124,-1.3550994655885173,0
820,1,1,0,1,1,8.754692179465836,0.0,-0.45472642281860837,0
821,1,1,0,0,0,0.0,0.0,0.48429261168515914,0
822,1,0,0,0,1,20.79488579597283,0.0,-1.1837705444893787,0
823,0,1,1,0,1,0.7692650003051025,52.41680567767991,1.5607226735547162,0
824,1,0,1,0,1,2.964044629843476,0.0,0.4704705800612548,0
825,1,0,0,0,0,4.76562904902079,0.0,1.1837150976729731,0
826,1,1,1,0,1,5.460837279283512,0.0,-0.4676886028377937,0
827,1,0,0,1,0,11.35818141200584,0.0,-1.3437666107497588,0
828,1,1,0,0,0,0.0,0.0,1.6041532496226114,0
829,0,0,0,1,1,4.511127282987579,0.0,-0.11365893546553077,0
830,1,1,0,0,1,7.367628132762405,0.0,-0.10922192499441952,0
831,1,0,0,0,1,2.134692441007546,0.0,0.6142854344350674,0
832,1,0,1,0,1,5.621836011623467,0.0,0.7666550254665307,0
833,1,1,0,0,1,10.058665341537044,0.0,-1.457377583018614,0
834,1,0,1,0,1,1.6607315398613909,0.0,1.6923457575501941,0
835,1,0,0,1,1,18.281757931043398,0.0,-0.8053208875716785,0
836,1,0,1,0,1,1.054177224369624,0.0,2.096023101109638,1
837,0,0,0,1,1,12.403865458545763,0.0,-1.9869422253614883,0
838,1,0,1,0,1,3.8893199891785804,0.0,0.32627056957479844,0
839,1,1,0,1,1,4.385480366285456,0.0,-0.08759513720124948,0
840,0,0,0,1,1,33.31428831629167,76.73585110389143,-2.8083003858357554,0
841,1,1,0,1,1,0.0,0.0,0.992506211906129,0
842,1,0,1,0,1,31.188608766793067,0.0,-2.542639394233608,0
843,1,0,0,0,1,7.85917857907871,0.0,-0.6533335820377932,0
844,0,1,0,1,1,0.0,16.261259198307556,1.5634726114767201,0
845,1,1,1,0,1,20.398449198626412,0.0,-0.32844605093764967,0
846,1,0,0,1,1,8.1626702722172,0.0,-1.4367797139398653,0
847,1,1,1,0,0,0.0,0.0,1.3744562823193731,0
848,1,0,0,1,1,8.265630069570982,64.21132046398981,-0.5993831046776315,0
849,1,1,0,0,1,6.095821886587642,0.0,-0.36847640920297225,0
850,1,0,0,1,1,4.590056890553545,0.0,1.3519903707767336,0
851,0,1,0,1,1,5.744621296412595,0.0,-1.344116780997859,0
852,0,1,0,0,0,2.82162223022944,0.0,-0.43829728700214027,0
853,1,0,0,0,0,0.8847450361345837,0.0,0.8290521741693069,0
854,1,0,0,0,1,5.913529133855232,0.0,-1.8568926150521827,1
855,1,1,1,0,1,0.0,0.0,2.6224443644623276,0
856,1,0,1,0,1,0.0,32.41283470532291,-0.35756478088546884,0
857,1,0,0,1,0,0.0,0.0,0.8393950482078274,0
858,1,0,0,0,1,0.0,10.403607118031509,0.8367170278688538,0
859,0,1,0,1,0,5.078078283068043,0.0,-0.04492854267190738,0
860,1,0,1,0,1,4.82783896743997,0.0,-0.6931355031635955,1
861,1,0,1,0,1,6.639439874857129,0.0,-0.13499463930137107,0
862,0,0,0,0,1,2.529704453426773,0.0,0.6322358367876799,1
863,1,0,0,0,1,21.502855966431532,0.0,-1.542623800269898,0
864,0,0,1,0,1,22.22273286937621,0.0,-1.6201709935758126,0
865,0,1,1,0,1,0.0,0.0,2.2497794838446374,0
866,1,0,0,0,1,23.307576491459745,0.0,-1.2206144901541074,0
867,1,0,1,0,1,7.167047436420914,0.0,0.37322736899635567,0
868,1,0,0,0,1,0.0,54.61322383091842,-0.5388213873908521,1
869,0,1,0,0,1,3.9515721138843567,0.0,-0.05206798236596771,0
870,1,1,1,0,1,0.0,48.58135117150782,2.1808988433761853,1
871,0,0,0,1,1,3.9654938276130753,0.0,-0.38901656032963045,0
872,1,1,0,1,0,0.0,0.0,-0.3067374441188831,0
873,0,0,1,0,0,0.0,17.129044714815674,-0.42523601443186265,1
874,1,1,1,0,1,2.1119903666992097,181.58560576075683,-0.2944267764192072,1
875,0,0,0,0,1,7.348769318316869,0.0,-1.1377160865600564,1
876,1,0,0,1,1,2.3864346325900563,0.0,-0.9192919845323265,0
877,1,1,1,0,1,0.0,0.0,2.478908944497428,0
878,0,1,0,1,0,0.7786468442334642,0.0,1.0607056986373449,1
879,1,0,1,0,1,4.563199118544087,24.596486549038563,-0.5218515825403807,1
880,1,0,1,0,1,3.417184195000469,0.0,1.1765192123120929,0
881,0,1,0,0,1,14.553615036633918,0.0,-1.881608065775834,0
882,0,0,0,0,1,0.0,0.0,1.4808682901960577,0
883,1,0,1,0,0,1.0252105603385897,0.0,1.5777993853784607,0
884,1,0,1,0,1,2.2996032504681407,0.0,2.7825075379502606,0
885,1,1,0,0,0,5.604541767227722,0.0,1.4447858420206807,0
886,1,1,0,0,1,6.180773987503885,66.00032483109274,0.7096602161474201,0
887,1,1,1,0,1,-0.18671931040194606,0.0,2.0026596926312306,0
888,1,1,0,0,0,11.770529847757613,0.0,-0.651036072158204,0
889,1,1,0,0,1,15.115616491695771,0.0,-0.35613310937875203,0
890,1,0,1,0,1,1.6918613536501468,0.0,-0.16223336762040197,0
891,0,1,1,0,1,2.4886315191545743,0.0,2.1021683595525027,0
892,1,0,1,0,1,11.217325527143506,0.0,-1.1755242915612594,0
893,1,1,0,1,1,5.730987052885095,0.0,-1.0814389728891638,1
894,0,1,0,0,1,0.0,0.0,0.4527687401049815,0
895,0,0,1,0,1,0.0,0.0,0.8384390362571079,0
896,1,0,0,0,1,0.0,0.0,-1.1799431372032976,0
897,0,1,0,0,1,4.781407992880261,0.0,1.0081349795480745,0
898,1,1,1,0,1,0.0,0.0,2.101551157824517,0
899,1,1,1,0,1,0.4832925694420727,0.0,1.8865909676589117,0
900,1,0,1,0,1,0.0,0.0,0.3722147437161494,0
901,1,0,0,0,1,17.045649100677657,0.0,-0.39596511857789135,0
902,0,1,1,0,0,-0.652621234529731,74.93915273633792,2.5715982536286903,0
903,1,1,0,1,1,2.2794240935655097,0.0,0.1697171129490572,0
904,0,0,0,1,1,0.8112475620156325,0.0,0.9236539131074621,0
905,1,0,1,0,1,0.004884099555954281,0.0,2.426600293357538,0
906,1,0,0,1,1,6.667877799456754,0.0,0.7891431419263155,0
907,1,0,1,0,1,0.0,0.0,-1.3562767781209764,0
908,1,1,0,1,1,1.6186089350539552,0.0,-1.4359491600746082,1
909,0,1,1,0,1,3.60339036703128,0.0,-0.0309656576807687,0
910,0,1,1,0,1,7.615399345188221,0.0,1.2581588780265283,1
911,0,0,1,0,1,0.8891428023224772,0.0,0.489325909560337,1
912,0,0,0,0,1,1.7124066046333697,225.12857592147515,2.5450650437935023,0
913,1,0,0,0,1,12.298412600344761,0.0,0.276872048334601,0
914,1,0,1,0,1,6.747914164110738,0.0,-0.4991247574408116,0
915,1,0,1,0,1,35.56915871985021,0.0,-1.5306778919806596,1
916,0,0,1,0,1,1.3237264369431112,0.0,1.4309598437086013,0
917,1,1,0,0,1,9.290882294518797,23.084770558288334,0.14224162661343856,0
918,1,1,0,1,1,20.445224323977065,0.0,-1.7778589033378969,0
919,1,1,1,0,1,0.0,0.0,0.378493571731545,0
920,1,0,1,0,0,4.163335918984791,0.0,-1.354544782242569,0
921,1,1,0,0,1,2.4100117848313136,0.0,-0.3948160132477639,0
922,1,0,0,1,1,0.0,0.0,-0.2720742701533869,0
923,1,0,0,0,1,15.846872233157384,0.0,-1.4386279018687882,0
924,1,0,0,1,1,11.40050008663758,0.0,-0.9041589362641363,0
925,0,1,0,0,1,6.423737399500793,0.0,-0.8024733876650483,0
926,0,1,0,0,1,5.541496497047568,0.0,-0.7681301712899014,0
927,1,1,0,0,1,16.457952554234705,0.0,-1.1402662619283972,0
928,0,0,1,0,1,0.0,0.0,-0.6979386426919969,0
929,0,0,1,0,1,7.135941480021108,0.0,-1.2252140054706604,0
930,1,0,1,0,1,4.09929906214861,0.0,0.6708276684490819,0
931,0,1,0,1,1,0.0,59.03218383990975,0.407024068518772,0
932,0,1,0,1,0,2.275713866434956,0.0,1.6792354879882088,0
933,1,1,0,1,1,0.2602420796386047,0.0,2.5649803397601314,0
934,1,0,0,1,1,3.7654927787320798,0.0,0.5869760178198645,0
935,1,0,0,1,0,0.0,0.0,0.29547139153063406,0
936,1,1,1,0,1,0.0,0.0,1.2976317085374638,0
937,0,0,1,0,1,2.80758582767378,0.0,0.5172336857627633,0
938,1,1,1,0,1,0.0,0.0,0.41425516214603786,0
939,1,0,0,0,1,15.918221355280266,0.0,-0.31753703212467027,1
940,0,1,0,1,0,11.884421958823086,0.0,-1.1577375539994006,0
941,0,1,0,0,0,0.0,2.410042501046462,1.2238170295101942,0
942,1,0,0,0,1,0.0,0.0,-0.32005735661866264,0
943,0,1,1,0,1,0.0,0.0,2.205384287092022,1
944,1,1,0,1,1,2.303244973889404,0.0,1.321373956589205,0
945,1,0,1,0,1,0.0,0.0,-0.8812180765132511,1
946,1,1,0,0,1,-0.2926540272472403,80.83707753639288,1.7457645400304063,0
947,0,0,1,0,1,4.391898611007166,0.0,-3.357749704324578,0
948,1,0,1,0,1,1.456731363382695,0.0,2.3906889535460003,0
949,1,0,0,1,1,8.75588587809937,0.0,-1.9932099555195715,1
950,1,1,1,0,1,0.291392328088449,0.0,0.983743589338713,1
951,0,0,0,0,0,2.5883883032845216,0.0,0.26709269266883584,0
952,1,1,1,0,1,2.6832388167707206,0.0,1.78835758315744,0
953,1,1,1,0,1,5.22537380012233,0.0,-0.07073191334964746,0
954,0,1,1,0,1,21.25990996952521,48.74391256379107,-2.3962636439834313,0
955,0,0,1,0,0,9.213602330392709,0.0,-0.4989285265671118,0
956,1,0,0,1,1,3.9376025235286862,0.0,-0.5605277471995618,0
957,1,0,1,0,1,31.898736890200134,0.0,-2.702965781270149,0
958,1,0,1,0,1,0.0,0.0,-0.02192434053025559,0
959,1,0,0,0,1,0.0,0.0,-1.657089905490618,1
960,1,0,0,0,1,4.12683794596034,0.0,0.5508289319596202,0
961,0,0,1,0,1,10.747003056226912,12.72235599042348,-0.39498206185793794,0
962,1,0,0,1,1,0.0,0.0,2.230201453465259,0
963,0,1,0,1,1,8.760996904664704,20.76004188130032,-0.177908680755817,0
964,1,1,1,0,1,0.0,15.924132142423726,0.90090082091673,1
965,0,0,0,1,0,7.1659333494728426,0.0,-0.5527315282681642,0
966,1,0,0,1,1,41.65662086539315,17.842599974416864,-2.357783281229323,0
967,1,0,0,1,1,2.9829881473478177,0.0,-0.5420326465759944,0
968,1,1,0,1,1,1.3289842610913456,0.0,1.114369204699493,0
969,1,0,1,0,0,0.0,0.0,0.6905469512511517,0
970,1,1,0,1,0,5.675020613945415,0.0,-0.22538270441967068,0
971,1,1,0,1,1,19.530646255938432,0.0,-1.7146478296524352,0
972,0,1,1,0,1,0.7000026110977005,0.0,1.1749069922986064,0
973,1,1,1,0,1,0.0,0.0,0.8869428293932655,1
974,1,0,1,0,1,0.0,0.0,0.9995658929313269,0
975,1,1,0,0,1,5.6111957289011,0.0,-0.20086360990031688,0
976,0,0,1,0,0,16.421016932878292,0.0,-2.235999734796234,0
977,1,0,0,1,1,4.4408767600054135,0.0,0.4032130343381699,0
978,1,1,0,0,1,2.00999951084652,15.93783692161599,0.1382972607059403,1
979,1,0,1,0,1,0.0,0.0,1.7013552299521442,0
980,1,1,1,0,1,0.0,0.0,0.3867782815314148,0
981,1,0,0,1,1,0.0,0.0,-0.3381976181625621,1
982,1,0,1,0,1,1.7970431363946195,0.0,0.4540857239884551,1
983,1,0,0,0,1,0.0,47.19696314851521,-1.0440717680654479,0
984,0,0,0,0,1,0.0,15.17312781552716,-1.105773723038169,1
985,1,1,0,1,0,0.6240256692233088,0.0,0.024694059087434217,0
986,1,0,0,1,1,0.0,0.0,-1.4581200745855645,1
987,1,1,1,0,1,0.6231941087610371,0.0,0.05675780420356419,0
988,0,1,1,0,1,0.3638851292676746,0.0,2.8326385375343355,0
989,0,1,1,0,1,0.1944425791676046,0.0,1.68457117020975,0
990,1,0,0,0,1,8.860136286193663,0.0,0.11428856499155193,0
991,0,0,0,1,1,3.0040141464075507,0.0,1.7061468940222955,0
992,1,0,0,0,1,18.883867891528887,0.0,-1.3358670054485065,0
993,1,0,1,0,1,0.3352582767235445,0.0,3.1077630334463944,0
994,1,1,0,0,1,4.433147050166215,0.0,-0.4394432224764509,0
995,0,0,0,1,0,-0.0027735264000596027,0.0,2.2848715462517495,0
996,1,0,1,0,1,0.0,0.0,2.4792359011579506,0
997,1,0,0,1,1,0.0,55.72446697059492,-2.524134152700423,1
998,1,1,0,0,1,1.4337922939250185,0.0,2.0278779432215224,0
999,1,0,0,0,1,7.997222443144928,0.0,-0.6434036997794259,0
1000,0,1,0,1,1,0.0,0.0,-0.5769996253671299,0
1001,1,1,0,1,1,0.0,0.0,0.8215367938111824,0
1002,0,0,0,0,1,18.156471030993035,0.0,-1.5701316156860907,0
1003,1,1,1,0,1,0.6566765825991621,0.0,0.9925562725328363,0
1004,0,1,0,1,1,0.0,182.80228949178635,-1.0542169373408852,1
1005,0,0,0,1,1,7.788667699361312,30.171732975644012,-0.05333852254487212,0
1006,0,1,0,0,1,0.0,14.74726508076832,1.8592641012353894,0
1007,1,0,0,1,0,2.9253673888710354,0.0,0.21474295735354,0
1008,1,1,0,0,1,17.913840925981102,4.595858095440829,-0.310533231719868,0
1009,1,0,0,0,1,0.0,0.0,0.41300622187253755,0
1010,1,0,0,1,1,19.549591875533714,0.0,-2.080294709766272,0
1011,0,0,0,1,1,0.0,0.0,-1.3537418037709237,0
1012,1,0,1,0,1,0.0,0.0,-0.6307456774489795,0
1013,1,0,1,0,1,0.0,0.5814762259633637,0.9271683150312009,0
1014,1,0,0,0,0,7.84581709326547,0.0,0.23942240489142896,1
1015,1,1,0,0,0,0.0,0.0,0.8350130617617175,0
1016,1,1,1,0,1,7.836522593422103,11.073455466352202,0.31495033739464523,0
1017,1,0,1,0,1,17.472208737699123,0.0,-1.088767546883283,1
1018,0,0,1,0,1,2.1842510184638377,0.0,1.8247896788087499,0
1019,1,1,0,0,0,6.637281881938316,0.0,-0.743175621718605,0
1020,1,0,0,0,0,8.76439133325193,0.0,0.2563698556234498,0
1021,1,0,0,0,1,0.0,0.0,-0.42349395603680007,0
1022,1,0,1,0,0,2.816226036721481,0.0,0.6406312538043593,0
1023,1,0,0,1,0,3.445007384585951,0.0,-1.0550233410776788,0
1024,1,0,0,1,1,5.666218825860585,0.0,1.0674267659354237,0
1025,1,0,0,1,1,0.0,0.0,1.4841957322699992,0
1026,0,1,0,0,1,10.906815256343618,0.0,1.4188935455953549,0
1027,1,0,0,1,1,5.249220126263986,0.0,-0.07823958275373044,1
1028,1,1,0,0,1,6.023431884061205,0.0,-0.4069603150127155,0
1029,0,0,0,1,1,0.0,0.0,3.3323030833402356,0
1030,0,1,1,0,1,9.714433253267416,0.0,-0.9192794172953197,1
1031,1,0,0,1,0,1.551364639295557,0.0,0.8479738262017702,0
1032,0,0,0,0,0,4.707879082011038,21.56158981960817,0.14596465673807862,0
1033,0,0,1,0,1,9.775060459645507,0.0,-0.16004792598876344,0
1034,1,0,1,0,1,3.934869659473856,0.0,0.1570085628595391,0
1035,1,1,0,0,1,8.592560247607912,0.0,-0.5030755883024669,0
1036,1,0,0,0,1,4.948920588938399,0.0,0.26663109535391727,0
1037,1,1,0,1,1,3.8116409666392768,0.0,0.5555353420288867,0
1038,0,1,0,0,1,0.8650666152034747,18.02283269740874,3.577396125344222,0
1039,1,0,0,0,0,0.0,0.0,1.090652435307214,0
1040,1,1,0,0,1,0.0,0.0,0.8103299483218014,1
1041,1,1,0,0,1,0.0,0.0,0.8867154346363213,0
1042,1,0,0,1,1,0.0,0.0,2.0746081990345537,0
1043,0,0,0,1,0,0.0,0.0,-1.522146002867548,0
1044,1,0,0,0,1,0.0,0.0,-0.5138979120150662,0
1045,1,1,1,0,1,13.160817607200595,0.0,-2.091137699428771,0
1046,1,1,0,0,1,4.882989231632417,0.0,0.8652305179672342,0
1047,0,1,0,0,1,0.51790511244003,0.0,1.235662400696704,1
1048,0,0,0,0,1,12.438919581390302,0.0,-1.5543680668605877,1
1049,0,0,1,0,1,4.36471977285655,74.60605135962425,1.7569024230409005,1
1050,1,1,1,0,1,3.667011419814374,0.0,-0.5701663905597264,0
1051,1,0,0,1,1,10.800992031425908,0.0,-0.7183591795412009,0
1052,1,1,0,0,1,0.0,0.0,0.30304437199364115,0
1053,1,1,0,0,1,-0.3364061292496248,0.0,2.190571344332563,0
1054,1,1,0,0,1,7.8178830110132385,0.0,-0.9484932071435501,0
1055,0,1,1,0,1,0.0,9.121423545874553,0.7227963204680741,0
1056,1,0,0,0,1,0.0,0.0,0.7117923261343012,0
1057,1,0,1,0,0,9.1886990509345,0.0,0.6476418095097416,0
1058,0,1,0,1,0,0.0,5.118353634299739,0.9249133223253805,1
1059,1,0,0,1,1,11.311358762225428,0.0,0.6947202843826445,0
1060,0,0,1,0,1,11.501841370001989,0.0,-0.7900450874945557,0
1061,1,0,0,0,1,0.0,0.0,1.8803581271428158,0
1062,0,0,1,0,1,7.289768711792691,0.0,-0.22227122966070642,0
1063,1,1,0,0,1,1.5109695819840399,0.0,-0.16212569981747832,0
1064,0,0,1,0,1,0.0,0.0,1.644960641681605,0
1065,0,1,0,1,1,10.655829267249667,0.0,-0.6571255896025219,0
1066,1,0,0,0,0,0.0,27.023036963436727,0.1299560840947469,1
1067,1,1,1,0,1,4.408771275483412,0.0,-0.5752283187139035,0
1068,1,0,0,0,1,0.0,0.0,2.944621843769622,1
1069,1,1,0,0,1,0.0,0.0,3.105077781410289,1
1070,0,1,1,0,1,4.812938162293111,15.101039839378124,0.20889154376122113,0
1071,1,0,0,1,1,0.0,16.765231773717385,0.38541718208068165,0
1072,0,0,1,0,1,0.0,0.0,-0.07334424953935265,0
1073,1,0,0,1,0,7.29806825827173,32.74745938494987,-0.7262073451627502,0
1074,1,0,0,1,1,0.0,0.0,-0.1268716811444917,0
1075,0,0,0,0,1,3.446599458869529,0.0,-0.33196983708474814,0
1076,1,1,0,0,0,14.67772780752048,0.0,-1.7964542815129143,0
1077,1,0,1,0,1,2.002929034938707,0.0,0.25666985160395545,1
1078,1,0,0,0,1,3.4254928387244954,0.0,-0.3341348768161844,1
1079,1,0,0,1,1,1.7685238764498,0.0,0.11961658449092694,0
1080,1,1,0,0,0,7.123322745629739,0.0,0.050777244461463186,1
1081,0,1,0,0,1,0.0,10.117705778358708,-0.31123438525253855,0
1082,1,0,0,1,1,7.751049056872295,0.0,0.8398848771528942,0
1083,0,0,1,0,1,0.0,0.0,0.6024120367467607,0
1084,1,0,1,0,1,2.1653902469235473,0.0,1.7069405439176812,0
1085,1,0,1,0,1,5.217047468279457,0.0,0.5532540985245835,0
1086,1,0,0,0,1,2.3219082643704985,0.0,-0.5329363863233714,0
1087,1,0,0,1,1,4.656178098742686,0.0,0.5094637135160777,0
1088,0,0,0,0,1,26.365332115382706,0.0,-2.8151848438258833,1
1089,1,0,1,0,1,0.0,0.0,2.6127102575754058,0
1090,1,0,0,0,1,2.6336228214235304,0.0,0.07120658403528601,0
1091,1,1,0,1,0,0.0,21.73762280932699,2.9461035444809647,0
1092,1,0,0,0,0,16.10710943816339,0.0,-1.3927616763912094,0
1093,1,1,1,0,1,16.515379556006508,0.0,-1.0805860897460025,0
1094,1,1,1,0,1,0.0,0.0,0.8182666146103228,0
1095,1,0,1,0,1,1.7123569426727663,0.0,0.38404447074132364,0
1096,1,1,0,0,0,2.201023290784544,0.0,0.5829533112792885,0
1097,0,1,1,0,1,1.1774107743784756,0.0,0.5878575401606152,0
1098,1,0,0,0,1,11.891589079007524,0.0,-1.083989965985778,1
1099,1,0,0,0,1,8.371337325635189,0.0,-2.181255416420507,0
1100,1,1,0,0,1,0.0,6.322812062979328,0.512432712512878,0
1101,0,1,0,0,1,9.893999940447943,0.0,-1.4917177603819278,1
1102,1,1,0,1,1,16.77709081300754,0.0,-1.6125680611055706,1
1103,1,0,0,0,1,0.0,0.0,-0.7672087020393434,0
1104,1,0,0,1,1,0.0,0.0,0.27124350122033036,0
1105,1,1,0,1,1,1.9997250150135382,51.30034106892201,2.6943318236880547,0
1106,1,0,1,0,1,1.5249218247448555,0.0,1.1734519081648558,0
1107,1,1,1,0,1,-0.17266355740986872,0.0,2.1845185115252237,0
1108,1,1,0,1,1,1.841996347169463,0.0,0.9866869600551318,0
1109,1,0,0,0,0,5.672418706183319,0.0,0.18957276024797676,1
1110,1,1,1,0,1,0.0,0.0,3.5574116030157987,0
1111,1,1,0,0,1,0.0,48.22672902900127,-1.5432551857822627,0
1112,1,1,0,0,1,6.0525959194237355,0.0,-0.37893480498463344,0
1113,1,0,0,0,1,9.207745411195544,0.0,-0.709030105065487,0
1114,0,0,0,1,1,0.0,0.0,0.8637529873386516,0
1115,0,0,0,1,1,11.578339317119669,0.0,-1.5328342498381924,0
1116,1,1,0,1,1,1.9118697689913366,0.0,1.1271898976980492,0
1117,1,1,0,1,0,4.156035736521966,26.06346284615321,0.891951784664835,0
1118,1,0,0,1,0,0.0,0.0,0.7610847167318999,0
1119,0,1,0,1,1,0.782255133907352,0.0,1.1678854999617252,0
1120,1,0,0,0,1,0.0,0.0,1.6890491348897227,0
1121,1,0,0,1,1,0.0,0.0,-0.3429881125598405,0
1122,0,1,0,1,1,0.0,14.39876560316414,0.8286021241491983,0
1123,1,0,0,1,0,0.0,145.88918318687607,-1.2227830855205226,0
1124,1,1,0,0,0,2.7543672100177714,0.0,-1.0849376131424866,0
1125,1,1,0,1,1,0.0,0.0,2.4089808442926106,0
1126,1,0,0,0,0,8.374911844644924,0.0,-1.3195120478170566,1
1127,0,0,0,0,1,4.3474051923009815,0.0,0.540879458499697,0
1128,1,0,0,0,1,1.9085118090890703,0.0,0.3997347833695777,0
1129,1,0,0,1,1,6.82278543277464,0.0,1.2239755447517078,0
1130,1,0,0,0,1,9.542750609130742,36.707755950755086,-2.40249683020682,0
1131,1,0,1,0,0,5.517928291870353,0.0,1.0607449504591133,0
1132,0,0,0,0,0,8.390466352646216,41.1976556918939,-0.3542809682114518,1
1133,0,1,1,0,1,18.78713774680149,2.796886839385097,-0.4178836716318768,0
1134,0,0,0,0,1,10.216461929235214,0.0,-0.6010464150533003,1
1135,0,0,0,1,1,0.0,0.0,1.047066607412485,1
1136,1,1,1,0,1,3.9590148159085787,0.0,1.2859878621760936,0
1137,1,0,0,1,1,18.753958883194755,38.26674172380093,-0.44374202624704095,0
1138,1,1,0,0,1,2.3666195873607694,0.0,-1.3080575540086783,0
1139,1,1,0,1,1,11.176435737914595,0.0,-1.217737084046899,0
1140,1,0,1,0,1,0.0,0.0,0.8838786047035669,0
1141,1,1,1,0,1,0.0,6.676404763685541,-1.2855103048376244,1
1142,1,0,0,0,0,1.0380264668274286,0.0,-0.4312377449527147,0
1143,0,0,1,0,1,0.0,0.0,3.351772323046276,0
1144,1,0,0,1,1,3.021700765194221,0.0,0.30823787311372264,0
1145,1,1,0,0,1,0.0,0.0,1.1000789811136058,0
1146,0,1,0,1,1,0.0,0.0,-1.2081251479889006,1
1147,1,0,0,1,1,10.659888429837515,0.0,-1.8509461199007289,0
1148,1,0,0,1,1,0.0,0.0,0.7386522074087054,0
1149,1,0,1,0,1,8.279391140992038,0.0,-0.44141054578541816,0
1150,0,0,0,0,1,2.7858541649763637,5.031577276578534,1.2222354964015025,0
1151,0,1,0,1,1,1.7609796020060182,0.0,0.3332105441593839,0
1152,1,0,0,1,1,0.0,0.0,4.272144365504167,0
1153,1,1,0,0,0,3.473029860749353,0.0,-0.45456936360108596,1
1154,1,1,0,1,1,-0.11075513424557692,0.0,0.6480883573624692,0
1155,1,0,1,0,1,14.041912907986367,0.0,-1.096506448111961,0
1156,0,1,0,1,1,2.3057823736926113,0.0,1.5990624136351101,0
1157,1,1,0,0,1,2.7849072445506007,0.0,0.8418558641590859,0
1158,0,1,1,0,1,4.447670620031437,11.595159870264498,-0.7523230123703392,0
1159,0,0,1,0,1,6.181605808219918,1.4321520726900503,-0.3581246644651875,0
1160,1,0,1,0,1,0.0,30.907119495559947,1.8039485100806738,1
1161,0,1,0,1,1,0.5014317328280031,25.052256948240235,1.8801876548767424,1
1162,1,0,0,1,1,23.677628050992343,0.0,-1.9624264182600268,0
1163,1,0,0,1,1,2.9575783560491358,0.0,-0.7484411439772234,0
1164,0,1,1,0,1,0.5345925415282664,0.0,2.8093878480601187,0
1165,0,1,1,0,1,3.460946711777967,0.0,0.264012415110755,0
1166,0,0,1,0,1,8.720386440093916,0.0,0.28278081862305116,0
1167,1,0,0,1,1,0.0,65.86099282497223,1.1624728533248987,1
1168,1,0,0,0,1,8.396427476769796,0.0,-1.8571669840619802,0
1169,0,0,0,1,1,0.0,13.60318130653881,-1.3548127967096295,0
1170,1,1,0,0,1,2.856063024088377,0.0,-0.13633482651730022,1
1171,1,1,0,0,1,1.5130990662176513,0.0,1.8199182334147197,0
1172,1,0,0,1,1,0.4080436597578686,17.303244833102607,1.1532996457629405,0
1173,1,1,0,1,1,1.2630482601116535,21.930083266750433,1.1993009499994849,0
1174,1,0,1,0,1,8.43560995232521,0.0,-0.1301247342985845,0
1175,0,0,1,0,1,2.0684856497942286,0.0,1.4938492642300079,0
1176,1,0,1,0,1,6.082923129835631,0.0,-0.14738589547303732,0
1177,0,0,1,0,1,0.9486481489937619,0.0,0.7877990558366819,0
1178,0,1,1,0,0,1.2356689183189804,58.78162129297701,1.6454098885050947,0
1179,1,1,0,0,1,0.0,0.0,2.4499296864136273,0
1180,1,1,0,1,1,0.0,0.0,0.2059045317352618,0
1181,1,0,0,0,1,8.127615366597855,0.0,-0.6161410828114142,0
1182,0,1,0,0,1,0.7487785839467769,0.0,1.9356964643691086,1
1183,1,1,0,0,1,0.0,0.0,2.033971300713616,0
1184,1,1,1,0,1,2.0833286186646944,0.0,-0.21751935025960423,0
1185,0,1,1,0,1,11.901625577979884,0.0,-0.9364431767862592,0
1186,1,0,1,0,1,0.5707827423797471,0.0,1.6083641166926235,0
1187,1,1,1,0,1,10.216723310088957,141.8137936585462,-1.6234110382020792,0
1188,0,0,1,0,1,43.733023692056626,0.0,-2.1187858285333143,0
1189,1,1,0,0,1,8.348606098890771,20.74962087949543,-0.06541774695514871,1
1190,1,0,1,0,1,0.0,0.0,0.051122836133317584,1
1191,1,0,1,0,1,12.92785287055441,0.0,-1.4367387728348153,0
1192,0,1,1,0,1,2.4709625747489294,0.0,0.63398635312279,0
1193,0,0,0,0,1,0.0,0.0,0.06108171345469465,1
1194,0,0,0,0,1,7.273818832898641,0.0,-0.8948965043894775,1
1195,0,0,1,0,1,0.0,0.0,2.522834149334857,0
1196,1,1,0,0,1,3.478556408857992,0.0,0.7000943488093496,0
1197,1,1,0,1,1,0.0,8.689278128786214,1.5944659667478842,0
1198,1,0,0,1,1,31.64194792036824,0.0,-2.143952625496733,0
1199,0,1,0,0,1,8.866028967377469,0.0,-1.7249975199366987,0
1200,0,0,0,0,1,0.0,44.183322574456554,0.3088801416306257,1
1201,1,0,1,0,1,0.0,0.0,2.2942178424579494,0
1202,0,0,1,0,0,39.79794795634303,6.296325839768586,-1.3727177970846485,0
1203,1,0,1,0,1,0.0,0.0,0.10352210752164104,1
1204,1,0,0,0,1,0.0,245.20954123608183,-1.8609231932112869,0
1205,1,1,0,0,0,4.57580463309469,0.0,-0.7698369269947558,0
1206,0,1,0,1,1,2.256027617482246,0.0,0.39718248807450846,0
1207,1,0,0,1,0,7.409760584851641,0.0,-0.9105423531043352,0
1208,1,0,0,0,1,0.0,102.10215551524509,-1.951070596057185,0
1209,0,1,1,0,1,1.3239391004853847,0.0,-1.3497346439866695,0
1210,1,1,1,0,1,22.7283421170687,0.0,-2.0640903673142263,0
1211,1,0,0,1,1,6.401066679486063,0.0,0.3300272681146754,0
1212,0,0,0,1,1,2.0896974000665023,0.0,0.48490371255185716,0
1213,1,0,0,1,1,5.574772463033623,23.444991479056537,0.47846839878065395,0
1214,1,1,0,0,0,11.29692164037177,0.0,-1.01374502126751,0
1215,1,1,0,0,1,0.7716492654523768,0.0,1.437617651934953,0
1216,0,0,0,1,0,5.021954435281273,0.0,0.6246766944138986,0
1217,1,1,0,1,0,7.020816533438515,0.0,0.1593368405055974,0
1218,1,0,0,1,1,2.579558872302338,0.0,-0.48074079137183867,0
1219,0,0,1,0,1,11.849008658431353,0.0,-0.9108678003660413,0
1220,1,1,0,0,0,0.0,186.58184665590787,0.39596714742876693,0
1221,0,1,0,0,1,4.130551367226928,0.0,2.220077190807037,0
1222,0,1,0,0,1,2.265666834094586,0.0,1.6064564679891375,0
1223,0,0,0,0,1,5.669818724499891,0.0,-0.6079493422452196,0
1224,1,0,0,1,1,0.0,11.904575427894423,0.4094354710711804,1
1225,1,1,1,0,1,23.283333089228577,0.0,-1.0598304633878501,0
1226,1,0,1,0,1,0.0,0.0,0.8544859870786572,1
1227,0,0,0,1,1,15.069998531127403,10.38877715327037,-1.343497142611664,0
1228,0,0,0,1,0,3.2516344844614045,0.0,0.603527118435422,0
1229,1,0,0,0,1,1.3643627222418129,0.0,3.520412403807235,0
1230,1,1,0,1,1,10.97349785812711,6.8704267751576,-0.5796159133787255,0
1231,1,1,0,0,1,0.0,0.0,3.89118823582468,0
1232,0,0,1,0,1,2.9736112199781304,0.0,0.5480134243622121,1
1233,0,1,0,1,1,4.6262881963347,0.0,-0.8095208105752965,1
1234,0,0,0,0,1,0.0,0.0,-1.2981838934200514,0
1235,1,1,0,0,1,0.0,4.949503959307387,3.1771431780459403,0
1236,0,1,0,0,1,2.6428139940882813,0.0,0.7810255164199662,0
1237,1,1,1,0,1,0.0,0.0,-0.37467565589227336,0
1238,1,1,0,0,1,0.8975189026484391,0.0,-0.11042958213491699,1
1239,1,1,0,0,1,3.04641043120773,22.805497328020273,0.7013929954674594,0
1240,1,1,0,0,1,4.587130137764803,46.35054717175554,0.13883753572731858,0
1241,0,0,1,0,1,0.0,0.0,0.36275090723093695,0
1242,1,1,0,1,0,0.0,173.8352884313995,2.420221947717474,0
1243,1,1,0,1,1,10.027986839342494,0.0,-1.2938024506402255,0
1244,1,1,0,1,1,0.0,0.0,0.9751268195378058,0
1245,1,1,0,0,1,6.767569945290851,0.0,0.05669106600687224,0
1246,0,1,1,0,1,2.299591200095692,0.0,-0.28877804295515586,0
1247,1,0,0,0,0,6.32314181803681,0.0,1.092382934771126,0
1248,1,1,0,0,0,23.649920510224224,0.0,-1.7206248123964287,0
1249,1,0,0,1,1,29.051389501948492,6.129064347439627,-3.309034698429782,0
1250,0,0,0,0,1,0.0,0.0,0.007402258895552349,1
1251,1,1,0,0,1,0.0,0.0,-0.02687006703730721,0
1252,1,1,1,0,1,4.246724029801342,0.0,-1.3816444806143462,0
1253,1,1,0,1,1,8.490892573109269,0.0,-2.0395071951168435,0
1254,1,0,0,0,1,1.6255191860459997,0.0,2.19121072341607,0
1255,1,1,0,1,1,0.0,0.0,0.7426590053883901,0
1256,1,0,1,0,1,2.376452494125536,0.0,-0.05485347446812174,0
1257,0,0,0,0,1,0.0,0.0,2.529913483468084,1
1258,1,0,0,0,1,2.6003011457637615,5.3884978591705215,1.028239991123926,0
1259,1,0,0,1,1,1.5547547745981638,0.0,1.9846742662914634,0
1260,0,0,0,1,0,0.0,11.804988130092532,-1.7903410279891474,0
1261,1,1,1,0,1,24.932975568699145,0.0,-1.2082625153595963,0
1262,1,1,0,1,1,3.094439566639312,0.0,0.9398563009485008,0
1263,1,1,0,0,1,5.919609191979625,0.0,0.6805589991626095,0
1264,1,0,0,1,1,1.1170539222457627,0.0,1.3195674056446398,0
1265,1,0,0,1,1,12.79252570636893,0.0,-2.3674097604002045,1
1266,0,0,0,0,1,1.286178580889378,0.0,0.620604692443705,0
1267,1,1,0,1,1,0.0,0.0,1.4162638507779768,0
1268,0,0,0,0,1,4.741060935224207,0.0,0.9183002455185756,1
1269,0,0,1,0,1,8.364593852801642,0.0,-0.6005688079456286,0
1270,1,0,1,0,1,11.644017135574028,0.0,0.583827419642978,0
1271,1,0,0,1,1,33.91335967050822,0.0,-1.2728410777156514,0
1272,1,1,1,0,0,3.6467103364801483,0.0,-0.02497098476432763,0
1273,1,1,1,0,1,0.0,0.0,-0.9849585143013552,0
1274,0,0,0,0,0,20.1367071587094,0.0,-1.2510921335536027,1
1275,1,1,0,1,1,0.0,0.0,-0.1584317803252736,0
1276,0,1,0,1,1,6.830027633050178,0.0,-0.47839903697647607,0
1277,1,1,0,0,0,9.565800902930814,0.0,-0.8212530471112196,0
1278,1,1,0,1,0,12.23813770950184,3.7962202901866666,-1.5134842267881228,0
1279,1,0,0,0,0,0.0,0.0,2.2302026092275344,0
1280,1,0,1,0,1,3.500146177092092,0.0,-0.7207205673270518,0
1281,1,1,0,1,1,0.0,0.0,0.5723559341199735,1
1282,1,1,1,0,1,9.434987596972904,31.634020582326464,-1.9014841039927703,0
1283,1,0,0,1,1,0.0,0.0,1.4577908901240533,0
1284,1,0,0,0,0,5.0954452398355805,0.0,-0.06603436737683674,0
1285,0,0,1,0,1,2.3363458501838714,0.0,-0.648159414944163,0
1286,1,0,0,0,1,1.900650345126098,19.61645588844642,-0.8369805704498537,1
1287,1,1,0,0,0,3.2093433048436344,0.0,1.26284461794055,0
1288,0,1,0,1,0,16.618477501399024,0.0,-3.6299621487933305,1
1289,0,0,1,0,0,8.328431994880157,0.0,-1.1349674735476178,0
1290,0,0,0,1,1,4.684290021378483,0.0,-0.43242731212952623,0
1291,0,0,0,0,1,3.707019835925146,0.0,-0.4471821839760204,1
1292,1,0,0,0,0,0.016150829226720467,0.0,2.926799313508371,0
1293,1,0,0,0,1,14.353812958405959,27.947490905225777,-0.7121196421736089,0
1294,0,1,0,0,1,1.2946872905570221,0.0,1.4174905498389174,0
1295,1,1,0,1,0,1.311983521297484,5.0330082953566615,2.4689211987660173,0
1296,0,1,0,0,1,3.802914805194982,0.0,1.00838602980919,1
1297,1,1,0,0,1,7.123233891288137,0.0,-0.7124845712401133,0
1298,0,1,0,1,1,14.081800641258203,0.0,-1.494144110063291,0
1299,0,0,1,0,1,3.3254144820729783,0.0,0.874137961874182,0
1300,1,1,0,0,0,2.800238906329881,0.0,2.255632286280255,0
1301,1,1,0,0,1,4.316973649490419,0.0,0.8488327622772738,0
1302,0,0,0,0,1,4.998908999297549,10.312727115107693,1.2988136370382728,1
1303,0,0,1,0,1,-0.11586562411466489,0.0,3.237692221104751,0
1304,0,1,0,0,0,0.0,0.0,1.2218390840199924,0
1305,0,0,0,0,0,3.9565097276121177,0.0,-1.6888100682162148,1
1306,1,0,0,1,1,14.137144380796476,0.0,-0.2146422201542979,0
1307,1,0,0,0,1,0.0,0.0,1.4738754477070728,0
1308,1,0,0,0,1,5.377084776248883,0.0,-0.5984381324134566,1
1309,1,1,0,0,1,-0.0831726559736122,0.0,2.077303161360587,0
1310,1,0,0,1,1,6.349308618349925,0.0,-0.3656792294251411,0
1311,1,1,0,1,1,2.2949044491380155,0.0,0.5779646988119489,0
1312,0,0,0,1,1,0.0,0.0,-0.7289485316401274,0
1313,1,0,1,0,1,0.0,0.0,0.12420651561097579,0
1314,0,1,0,0,1,2.0866061977237735,0.0,0.42193270754501216,1
1315,1,1,1,0,1,3.2741789520966593,0.0,-1.7089336658133982,0
1316,1,0,1,0,1,1.4213832185478648,0.0,-0.6452394145037765,0
1317,1,0,1,0,1,6.6284795593454415,0.0,-1.6585063511724034,0
1318,0,1,1,0,1,1.5723643503477227,0.0,-0.17109901745709943,0
1319,0,0,0,1,1,0.0,17.980953559239097,-1.2978096251714555,0
1320,1,0,0,0,0,2.7190569876663973,0.0,1.0151311055815366,0
1321,1,0,0,1,1,0.0,0.0,1.0299519194694542,0
1322,1,0,0,0,0,2.0998803607467305,0.0,0.4371765175468506,1
1323,1,1,0,1,1,9.446675295900631,0.0,-1.4725910159549884,0
1324,1,0,0,0,1,0.0,0.0,-0.40561251483333444,1
1325,1,1,0,0,1,8.582301676305077,0.0,-1.57440615907856,0
1326,0,0,1,0,1,10.330258948935382,0.0,-0.2685355340174037,1
1327,0,1,1,0,1,1.3835652656983939,0.0,1.1786990940534663,0
1328,1,0,0,1,0,4.199445645336652,3.693229771759248,0.9898935333313339,0
1329,0,1,0,1,1,0.18870654450446847,0.0,0.7552413182195756,0
1330,1,1,0,1,1,0.0,0.0,1.7608436019379725,0
1331,0,0,1,0,1,0.0,0.0,0.25248817527994694,0
1332,1,0,0,1,0,13.678607921761996,6.037143763957195,-0.5789571481731807,0
1333,1,0,0,1,1,0.0,89.82053328087828,0.838285452415247,0
1334,0,0,0,1,1,0.0,0.0,0.880289408226143,1
1335,1,0,0,1,0,3.4107907965316677,0.0,-0.9509397738543538,0
1336,0,0,1,0,0,0.0,0.0,0.4050972909696883,1
1337,0,1,1,0,1,0.0,0.0,-0.026721119150883377,0
1338,0,0,0,1,1,28.617244377300356,0.0,-2.851001346816518,0
1339,1,0,0,1,1,3.0606870167807108,0.0,0.28333630990504866,0
1340,1,1,0,1,1,4.449637142089196,0.0,-1.5069883926918601,0
1341,1,1,0,1,1,0.0,0.0,0.5701269879472135,0
1342,1,0,1,0,1,0.0,11.788539740389984,-2.0451920667663446,0
1343,0,0,1,0,1,7.25638362733938,0.0,-1.0011738585865484,1
1344,1,0,0,1,0,11.183723442380261,0.0,-0.8350064662216741,0
1345,1,0,0,1,1,2.349513846513103,6.436115738313441,1.2582077059985226,0
1346,1,0,0,1,1,0.0,0.0,-0.9628992767819868,0
1347,0,1,0,0,0,6.803450105709783,0.0,-1.2259628206191453,1
1348,0,1,0,1,1,0.0,0.0,0.6163617049518,0
1349,1,1,1,0,1,0.0,0.0,0.07227380642066594,0
1350,1,1,0,1,1,1.1989958872031679,0.0,1.1619175176311538,0
1351,0,0,0,0,1,0.0,0.0,-1.5752063349306045,1
1352,1,0,1,0,1,1.0862073147312952,13.647729183759974,0.18989296913891635,0
1353,0,1,1,0,1,0.7153876857962957,0.0,3.5110454998107987,0
1354,0,1,0,0,0,4.368064267944427,0.0,-0.15627706756395943,0
1355,0,0,0,1,0,2.6061618951537717,0.0,-0.04098507558319603,1
1356,1,1,0,1,1,28.32342056180696,0.0,-1.9761315302881552,0
1357,0,0,1,0,1,10.026504237621658,0.0,-1.1718134886299565,0
1358,0,0,0,0,1,1.6561269282340452,0.0,0.30844249861474526,1
1359,1,0,0,0,1,19.706912926063527,1.71904803147698,-0.7022691104028407,0
1360,0,1,0,1,0,5.846681651141079,0.0,0.9364741895689976,0
1361,1,0,0,0,1,0.0,0.0,0.2639215178196388,0
1362,0,1,0,1,0,7.2816803622914055,0.0,-1.5370776779235336,0
1363,1,0,1,0,1,0.0,0.0,1.2195920417597665,0
1364,1,1,0,0,1,2.3503965725785907,0.0,-1.4406367275806722,1
1365,1,0,0,1,0,0.0,47.20468191077905,-1.2591000394335068,1
1366,1,0,1,0,1,8.194878659667697,0.0,0.21374069188379258,0
1367,1,1,0,1,0,0.0,0.0,2.155789450248421,0
1368,0,1,0,1,0,7.404332686998533,10.921558046185979,-1.1349617307231876,0
1369,1,1,0,1,1,0.0,0.0,0.33903610037702675,0
1370,0,1,0,0,1,1.2663984762478226,14.960195404744999,0.3497062001028363,0
1371,1,1,0,0,1,7.618538548421114,0.0,0.9914207715487209,0
1372,1,0,1,0,1,1.1800618429785739,0.0,1.4355591035892337,0
1373,0,1,0,1,0,3.062071824356569,0.0,-0.36721633792248315,1
1374,1,0,0,0,1,1.935289741146975,0.0,1.0151670288165755,1
1375,0,0,0,0,1,0.0,0.0,1.4228118000977656,0
1376,0,1,1,0,1,0.3619823951508813,0.0,2.633467748955614,0
1377,1,0,0,0,1,3.7569063476253888,48.73553825240148,0.3624618236436741,0
1378,0,0,1,0,1,5.466392186971352,0.0,0.12151924525137092,0
1379,1,0,0,1,0,5.04406760707523,0.0,-0.8874681262270326,0
1380,1,0,0,1,1,17.320282025440488,0.0,-2.1475030171514975,0
1381,1,0,0,0,1,3.6476709500895304,0.0,-0.6357805218028775,0
1382,0,1,0,0,1,5.492544768350488,37.296342889573424,0.2937923023699305,1
1383,1,0,0,1,1,10.41703012943662,0.0,-0.42015014711412074,0
1384,1,0,1,0,1,0.0,0.0,0.6850790308029799,1
1385,0,0,0,0,0,10.661238455614665,0.0,-2.1413417912403543,1
1386,1,1,0,1,1,5.100925626061937,0.0,-0.08292706597095084,0
1387,0,0,0,1,1,0.40327223954746466,0.0,2.2733049716867972,0
1388,1,1,0,0,1,0.0,0.0,1.424366412162846,0
1389,1,0,0,1,1,0.0,0.0,0.508723365392283,0
1390,1,1,0,0,1,14.704017800937427,0.0,0.6500734400287873,0
1391,1,0,0,1,0,3.5340240936705314,24.50475694342692,-0.7477527774702933,0
1392,1,0,0,0,1,3.5691353642522268,0.0,-2.5252099222485933,1
1393,0,1,0,1,1,0.0,0.0,0.7351245957273587,0
1394,0,1,0,0,1,6.383533511731289,0.0,-2.9839882448507757,1
1395,1,0,0,1,1,4.834788412758765,0.0,-0.6967115041443539,0
1396,1,1,0,1,1,1.2726019702314888,0.0,0.14531623743701622,0
1397,1,0,1,0,1,0.0,0.0,-0.6524037573209778,0
1398,1,0,0,1,1,0.0,0.0,2.4993703169730956,1
1399,1,0,1,0,0,2.9149473124533007,3.1111096641324387,2.255158764928079,0
1400,1,1,0,0,1,0.0,0.0,1.4719990191062577,0
1401,0,0,0,1,1,21.208770068229818,0.0,-1.464418260572643,0
1402,0,1,0,0,1,0.0,0.0,2.609411618515782,0
1403,0,0,0,1,0,7.416535086701483,0.0,0.5122804976943373,1
1404,1,1,0,1,1,5.745667703514973,0.0,-1.0557339644838546,0
1405,1,1,1,0,1,0.0,0.0,0.39187764645919015,0
1406,1,1,0,1,1,2.453517865504703,0.0,1.3769758125288096,0
1407,1,0,0,1,0,0.0,0.0,-1.0465649160221548,0
1408,1,1,0,0,1,5.001956680961789,0.0,0.3298816699811733,0
1409,0,0,0,0,1,5.1019825373179,0.0,0.1250897627906037,0
1410,1,0,1,0,1,0.0,0.0,-1.4890933779711992,1
1411,1,0,0,0,1,7.885184141919655,0.0,-0.6257188451301141,1
1412,1,0,0,0,1,18.684938437081698,0.0,-1.5925920960552815,0
1413,0,0,1,0,1,0.24734251717526298,0.0,1.0318950601046002,0
1414,1,0,1,0,1,8.170783083705722,0.0,-1.2423109447388352,0
1415,0,1,0,1,1,4.696716518355489,160.84135118421307,0.523508741288179,0
1416,1,0,0,1,1,17.41664264080803,3.719105685065302,-2.0593994475438056,0
1417,1,0,1,0,1,5.816526972089343,0.0,-1.530799210420877,0
1418,0,0,0,0,0,2.8748008684680673,0.0,-1.7928079477384726,0
1419,1,0,0,1,1,20.72155217332444,0.0,-0.6506561969665028,0
1420,0,0,0,1,1,0.0,0.0,-0.04911152643780983,1
1421,1,0,1,0,1,0.0,0.0,0.3868867778452877,0
1422,1,0,1,0,1,27.333276112677872,22.530934390112236,-2.3484609685891766,0
1423,1,0,0,1,1,0.0,0.0,-0.4958584115579737,0
1424,0,1,0,0,1,0.8022591318336643,0.0,-0.8107323004289306,1
1425,0,1,0,1,1,1.6396095404033812,0.0,0.8337484707459302,0
1426,0,1,0,0,1,4.29188875736369,45.24714959350418,-0.1925745037814553,0
1427,1,1,1,0,1,0.0,0.0,0.24653631280833707,0
1428,1,1,0,0,0,2.8597690686889683,0.0,-0.8035346412839166,0
1429,1,0,0,0,1,1.9461715267531194,0.0,1.9275490682758398,0
1430,1,0,1,0,1,0.0,71.92574846297944,-1.7229816617384985,1
1431,1,0,0,1,1,14.619513842818877,0.0,-0.7916595076977863,0
1432,0,0,1,0,1,0.0,0.0,0.057726020189399485,1
1433,1,1,0,0,0,5.82642625405887,75.84324476441816,-0.1717413916354949,0
1434,1,1,1,0,1,6.699592828670599,0.0,-0.6278380578647964,0
1435,0,1,0,0,1,20.276483189990877,0.0,-2.1689549266066015,0
1436,1,0,0,0,1,5.84390462831906,0.0,-1.1651314571414504,0
1437,0,1,0,1,0,0.4860697380714994,0.0,-1.0780125971215326,0
1438,1,0,0,0,1,1.4072667585418506,0.0,1.869407478672685,0
1439,1,0,0,1,1,0.0,0.0,2.618810788605508,1
1440,1,0,0,0,1,2.929926138344973,0.0,-0.3450133478343718,0
1441,1,1,0,0,1,3.536729495018359,0.0,-1.6480883715828774,1
1442,0,1,1,0,1,1.0163744454096926,90.75866973185722,1.2946964553118367,1
1443,1,1,0,0,1,0.0,0.0,-1.10577790888691,0
1444,1,1,0,1,1,0.0,0.0,-0.5529389486011729,0
1445,1,1,1,0,1,0.7294428459560705,27.74130041004007,-0.45492743831461047,0
1446,1,0,0,0,1,2.66872529358466,0.0,-0.9206472450610674,1
1447,1,0,1,0,1,14.052956260693751,0.0,-0.5340419219081609,0
1448,0,0,0,0,1,12.850102646043986,185.90473143686208,-1.9612824951414594,0
1449,1,0,0,1,1,9.794334032289257,0.0,-1.1785774869244932,1
1450,1,1,0,0,1,0.23580300703866078,0.0,1.4555286372651968,0
1451,1,0,1,0,1,5.705357142657067,0.0,-0.12295288367891871,0
1452,1,0,0,1,1,4.458642801787677,0.0,-0.11959828289437358,0
1453,1,0,0,1,0,17.570647447012472,0.0,-3.1372776068496595,0
1454,0,0,1,0,1,0.7092724617334238,0.0,1.1331630829105186,1
1455,0,1,0,0,1,0.0,0.0,-0.7274654594087917,0
1456,1,1,1,0,1,0.0,9.243379235845502,1.7886797495906492,0
1457,1,1,1,0,0,2.194494604659758,0.0,0.5474717493730517,0
1458,1,0,1,0,1,13.069840932359357,0.0,-0.7994283891780163,0
1459,0,0,1,0,1,14.555091578074231,0.0,-2.227570682305511,0
1460,1,1,1,0,1,0.018290166725920466,0.0,3.1338028255079373,0
1461,1,0,0,0,1,2.20120762621244,0.0,0.7481565095006515,1
1462,0,0,1,0,1,0.0,0.0,1.0247352316019251,0
1463,1,1,1,0,1,0.0,0.0,2.6780994629793606,0
1464,0,1,0,1,1,1.6356791035232532,0.0,0.43683137565294233,0
1465,1,0,0,0,1,0.0,31.97792077683826,1.4510720657686438,1
1466,1,0,1,0,0,14.696036129763613,124.03092677090505,-0.6925763299159406,0
1467,1,0,0,0,1,-0.009991115610600494,0.0,0.664100522026505,0
1468,1,1,0,1,0,6.8948600772669915,0.0,-0.6565237855036237,0
1469,1,0,0,1,0,0.0,0.0,-0.9249392582199211,0
1470,0,1,0,0,0,1.8987138379855866,6.888960438536215,0.2741607365814734,0
1471,0,0,1,0,1,13.895343406078288,4.549215671250666,-1.7022706047484464,1
1472,1,1,0,0,1,0.0,0.0,0.5716630046395913,1
1473,1,1,1,0,1,1.5729609513687621,49.62280663850965,-0.04930650863906444,0
1474,1,0,1,0,1,31.914039069359745,0.0,-2.6240776099682313,0
1475,1,0,0,1,1,10.057957584957297,0.0,-0.8658072137714218,0
1476,0,0,1,0,1,6.393609073643166,0.0,-0.5216700200363427,1
1477,1,0,0,0,1,3.6761578940274555,11.398283908913886,0.8116306749929503,0
1478,0,0,1,0,1,7.253866860900178,0.0,0.285053379192035,0
1479,1,0,1,0,1,0.0,0.0,1.7727646297896285,0
1480,1,0,0,0,1,0.0,0.0,0.3857402823997781,1
1481,0,1,1,0,1,0.0,9.15454469299422,-0.35907016989988627,0
1482,1,1,0,1,1,4.325756400229601,0.0,0.07530001859004176,0
1483,1,0,0,1,1,24.087855438365754,0.0,-0.7255014872467742,0
1484,1,1,1,0,1,0.42636780859239126,0.0,0.9746052558248565,0
1485,0,0,0,1,1,1.6804145074008683,0.0,-0.2034276512470689,0
1486,1,1,0,1,1,6.233466273029563,0.0,-0.6545563314674203,0
1487,1,0,0,0,1,9.320418693843779,0.0,-0.26899139703998143,0
1488,1,0,0,1,1,0.34221516300882404,0.0,0.3103112519100909,1
1489,1,0,1,0,0,10.749482660684935,8.351242118301528,-1.368219569026277,1
1490,0,0,0,0,0,4.441928958857132,0.0,0.12577121490522192,0
1491,1,1,0,1,1,0.0,0.0,-1.870714363074336,0
1492,1,0,0,0,1,3.830719657979431,0.0,1.1351313192212584,1
1493,1,0,1,0,1,0.0,0.0,0.5947914377881265,0
1494,1,0,0,1,1,0.0,0.0,1.8054822855959023,0
1495,0,0,0,1,1,7.8059288685607235,0.0,-1.7092434429125452,0
1496,1,0,0,0,0,4.638125369508158,0.0,1.1708182128850684,0
1497,0,0,0,1,0,4.170896671933578,0.0,0.9177984813672067,0
1498,1,0,1,0,1,0.0,0.0,-0.31325702042609893,0
1499,1,1,0,1,1,5.227329262898269,0.0,-0.3321034919102806,0
1500,1,0,0,1,0,6.5318486288211,0.0,-1.6689869523072467,0
1501,1,0,1,0,1,43.18952063315751,0.0,-1.802636413084791,1
1502,1,0,0,1,1,0.0,0.0,-1.2415799289254776,0
1503,1,1,0,1,1,13.705537257896063,21.510827759034616,-1.4573928222757841,0
1504,0,1,0,0,1,0.0,0.0,2.192524778995991,0
1505,0,0,0,0,1,28.967566017687943,0.0,-2.202626461784245,0
1506,1,0,1,0,0,5.15691398674849,0.0,0.11058621197580101,0
1507,1,0,1,0,1,3.6334564174594437,0.0,0.4777025624129347,0
1508,0,0,1,0,1,9.898627574880154,0.0,0.37759901689337877,0
1509,1,1,1,0,1,0.0,0.0,0.919969421310694,0
1510,1,0,0,1,1,0.0,0.0,0.9313924063355841,0
1511,0,1,0,0,0,16.654646866974257,0.0,-0.4207803679189382,0
1512,1,1,0,1,1,0.0,0.0,0.26206482648347146,0
1513,1,0,1,0,1,0.0,0.0,-0.45575873659613475,0
1514,1,0,1,0,1,0.0,0.0,1.5872327568002322,1
1515,1,0,0,1,1,0.43949407237419036,0.0,2.4078283820478408,0
1516,0,1,1,0,1,9.692141390511386,0.0,-1.1782352130065603,0
1517,0,1,1,0,1,0.0,36.96237346655723,-2.249809078533535,1
1518,0,0,1,0,1,0.0,0.0,0.6484884083443472,0
1519,1,1,1,0,0,0.0,49.12544836557268,1.720077291821707,0
1520,0,1,0,1,1,0.0,0.0,2.6549309609580223,0
1521,0,1,0,0,1,3.4039976734014017,0.0,1.0944996495573194,0
1522,1,0,0,1,1,0.0,0.0,1.5065996271196247,0
1523,0,0,0,0,1,0.0,0.0,1.8448777380816772,1
1524,0,0,1,0,1,0.0,0.0,1.7949155476875096,0
1525,0,0,0,1,1,0.0,0.0,0.8478854530088304,0
1526,0,1,0,1,1,23.00345266412256,0.0,-1.4912282405677084,1
1527,1,1,0,1,1,6.978826880712277,0.0,0.13929682452690328,0
1528,1,0,0,1,1,0.0,0.0,0.10404943239573478,1
1529,0,1,0,1,1,0.0,2.8318935760908186,0.022243669512165665,0
1530,0,1,0,0,1,8.299356106704764,38.651781861114856,0.10122437395352119,1
1531,1,1,1,0,1,0.0,0.0,2.3560519215205176,0
1532,1,1,0,1,1,3.7505321666751987,5.6657258584170584,-0.8187445551211054,0
1533,1,0,0,1,1,4.143918653145767,0.0,0.7427870244693155,0
1534,0,0,0,0,1,0.0,0.0,0.12504527984541552,0
1535,1,1,0,1,1,20.197586536702683,0.0,-0.9476414582250614,0
1536,1,0,1,0,1,0.0,0.0,-1.458049917764581,1
1537,1,0,1,0,1,10.433125018863363,0.0,-2.2576832940546105,0
1538,1,0,0,0,1,2.126838543858754,0.0,0.341538598334429,0
1539,0,0,1,0,1,5.661604787322725,0.0,-0.16095336115332953,0
1540,1,0,1,0,1,0.0,7.658891183373084,-1.1369951103702718,1
1541,1,0,0,0,0,13.341978478378005,0.0,-2.681414559278151,0
1542,1,1,0,0,1,2.154888886988949,0.0,0.7038699543665803,1
1543,0,1,0,0,1,3.0573496969741116,0.0,-0.07237093580840465,1
1544,1,1,1,0,1,8.519921672486628,0.0,-0.5635276439688703,0
1545,1,0,0,0,1,7.376932580953513,0.0,-1.51397110355306,0
1546,1,1,0,1,1,0.3653756736760659,0.0,-0.1553762091817804,0
1547,0,1,1,0,1,0.0,23.598716488131615,0.9515955017462516,0
1548,0,0,1,0,1,6.895320360283734,0.0,-0.5023782200593273,0
1549,0,1,0,1,0,5.648221438369213,8.127589171531211,-1.371313698939489,0
1550,1,1,1,0,1,1.2162365764741625,0.0,0.2756000575545754,0
1551,0,1,0,0,1,0.0,0.0,1.4883007580833498,0
1552,0,0,1,0,1,9.16162564932584,0.0,-0.02845748320741008,0
1553,1,1,0,0,1,3.3100655014815548,0.0,0.23758213413668905,0
1554,0,1,0,0,1,5.349644343756426,0.0,-0.2668562646760633,0
1555,0,1,1,0,1,5.105065270544344,7.281079508882106,-0.7887696775226937,0
1556,0,0,0,0,1,5.1594687210140835,0.0,-1.4613086929327563,1
1557,0,0,0,0,1,32.11956184010277,0.0,-2.4071732054424517,1
1558,1,0,0,1,1,4.834831937571173,0.0,1.231969070575554,0
1559,1,0,0,0,1,0.8628225060771326,0.0,0.3119413453412472,1
1560,1,0,0,0,1,6.791438142361944,0.0,-0.17441684575629202,0
1561,1,0,0,1,1,6.322867969879846,0.0,0.09834594147505837,0
1562,1,0,1,0,1,0.0,52.00512338065598,0.3545976271678606,0
1563,1,0,1,0,1,30.89963601169869,0.0,-1.0202192515263007,0
1564,0,0,0,0,0,0.0,0.0,-0.696335781495428,1
1565,1,0,0,1,1,6.702267894802846,0.0,-0.8869871070497489,0
1566,0,0,1,0,1,0.3728229956313731,0.0,3.1346227416000056,0
1567,1,1,0,0,1,1.1333955958925057,0.0,1.4558586130637887,0
1568,1,1,0,0,1,2.0028654979316074,0.0,0.3648893245765018,1
1569,1,0,0,0,1,0.0,0.0,1.4684598721659965,0
1570,1,0,0,1,1,3.667907892723491,0.0,1.3068009529707731,0
1571,1,1,0,0,1,29.158740792504325,16.959236996742174,-1.6170711136832048,0
1572,1,0,1,0,1,16.58257806896233,0.0,-0.36525219977594614,0
1573,1,0,1,0,1,9.272292271452825,0.0,-0.10089522791498963,1
1574,1,0,0,0,1,0.34965411228992715,0.0,0.5027557746970451,0
1575,1,1,0,1,1,0.888943362779431,0.0,-0.1367107139743145,0
1576,1,1,0,0,1,0.0,0.0,0.02388017268751874,0
1577,1,0,0,0,0,21.92876694972334,0.0,-0.8705264989329149,0
1578,1,0,1,0,1,0.0,0.0,1.2626370081089384,1
1579,1,0,0,1,1,13.003326684839836,0.0,-2.1274757666919104,0
1580,0,0,1,0,1,16.741772788393288,0.0,-0.6270141076061932,0
1581,0,0,0,1,1,30.577155985207202,16.36666611861838,-2.6399052728270114,0
1582,0,1,0,0,1,0.0,0.0,-1.1679384872297665,0
1583,0,1,0,1,1,0.0,0.0,0.5559871569560354,0
1584,1,1,0,0,1,3.6076228838399818,0.0,0.5802774911496282,0
1585,1,0,1,0,1,19.95573897353863,0.0,-0.48088536581203895,1
1586,1,0,1,0,1,0.0,42.488932520757366,1.3587009870563553,0
1587,1,1,0,1,1,0.0,0.0,1.88317489574309,0
1588,1,0,0,1,1,6.658989422711858,0.0,-0.3686109891583657,0
1589,1,1,0,1,1,3.248610515614641,0.0,0.4705540561845894,0
1590,0,1,1,0,1,10.87642980169896,411.7526344341413,-0.2292568860459513,0
1591,1,1,0,0,1,1.23229249206431,0.0,0.9524162834579533,0
1592,1,1,0,0,1,5.038027111687209,91.27616291832004,-1.3783974144315483,0
1593,0,0,0,0,1,0.0,56.90552249487876,2.018668556005471,0
1594,1,1,0,1,0,1.4321217147301506,0.0,1.6091811362921284,0
1595,1,0,0,1,1,4.9359832175917155,0.0,-1.8146257330446118,0
1596,1,0,0,0,1,15.98884672249211,0.0,-1.2899436486408733,0
1597,1,1,0,1,1,2.3185399913737315,0.0,0.6891984179773776,0
1598,0,1,0,1,1,7.996734955413094,0.0,-0.28296141271503505,0
1599,0,0,0,0,1,0.0,0.0,0.4170874223637109,0
1600,1,1,1,0,1,7.340723476983266,0.0,-0.11002732418061617,0
1601,1,0,0,1,1,0.0,0.0,1.6717590503936746,1
1602,1,1,0,1,1,4.86449562464818,0.0,0.16063295065766856,0
1603,1,0,0,1,1,0.0,0.0,2.8183105676911957,0
1604,1,0,0,0,1,0.0,0.0,0.49142438030442237,0
1605,1,1,1,0,0,17.523541583351406,37.08442933126055,-1.3772375529576109,0
1606,0,1,0,1,1,0.8557475007105584,0.0,2.8207156268457565,0
1607,0,0,0,1,1,0.0,0.0,1.1263090622342604,0
1608,0,1,1,0,1,7.455803401781143,0.0,0.8365889601036542,1
1609,0,0,1,0,1,5.904514488363905,0.0,0.7476908239339877,0
1610,1,0,1,0,1,0.0,0.0,-1.6019798587100005,0
1611,0,1,0,0,1,25.271210599548407,6.743122708168505,-2.159601421230418,0
1612,0,0,0,0,1,5.903310796538717,0.0,-0.33343962560173585,0
1613,1,0,1,0,1,0.0,0.0,1.6848260341109351,0
1614,1,1,0,1,1,0.0,0.0,0.6565073193838158,0
1615,1,0,1,0,1,3.1971030810615524,0.0,2.1077395166837047,1
1616,0,1,1,0,1,4.1724472276034765,0.0,2.041162602486003,0
1617,0,1,0,0,0,0.0,0.0,0.1763791446853796,1
1618,0,0,0,0,1,0.0,0.0,1.2352088592988486,1
1619,1,0,0,1,0,2.28546643029831,0.0,1.6689220938940539,1
1620,0,1,0,0,0,9.484282012177255,0.0,0.04736707701391758,0
1621,1,1,0,1,1,4.840245958983589,0.0,-0.12363271749737231,0
1622,1,0,1,0,1,3.6379270421027856,0.0,0.09977662378654978,0
1623,1,0,0,1,0,82.29707179563071,31.41108807776115,-3.367242019488404,0
1624,0,1,1,0,1,0.0,0.0,0.7089528340170792,0
1625,0,1,0,1,1,1.132687088948165,0.0,1.0721606183485617,0
1626,1,0,1,0,1,0.0,0.0,0.1049741970118418,1
1627,1,1,0,0,1,0.0,25.73322599755096,0.5911832580625584,0
1628,1,1,1,0,1,0.0,0.0,0.2943502392326357,1
1629,1,1,1,0,1,0.0,0.0,-2.206188019141512,0
1630,0,1,0,0,0,0.034289991641495536,0.0,2.278121293956307,1
1631,1,0,0,1,1,0.0,0.0,-0.7508209246741996,0
1632,1,0,1,0,1,6.967692681127803,0.0,-0.8707457632386217,0
1633,1,0,0,0,1,0.8720689155042856,0.0,1.4582179564183395,0
1634,0,0,1,0,0,1.8673210747082813,8.405383733825284,1.1727365996303545,0
1635,0,0,1,0,0,6.439983827885411,0.0,0.2695242956489952,1
1636,1,1,1,0,1,0.0,288.4134653015362,1.3347932455674816,0
1637,1,1,0,1,1,9.572189455624798,0.0,-1.3283850696838175,0
1638,0,0,0,1,1,1.8451561435725106,0.0,-0.3835447987450217,0
1639,1,1,1,0,1,0.0,0.0,2.0073236601052793,1
1640,1,0,0,1,0,7.591362341426143,0.0,-1.1467415284866171,0
1641,1,0,0,0,1,19.69054577018349,0.0,-1.5578666303920017,0
1642,0,1,0,0,1,3.90865947389372,41.87837871877466,0.25061305963096325,1
1643,0,0,1,0,1,0.0,0.0,0.05063297420517654,0
1644,1,1,0,1,1,0.0,0.0,0.9788922877952233,0
1645,1,1,0,0,1,5.739652478539485,0.0,-1.6140351196667448,0
1646,1,0,0,1,1,19.876448175926672,0.0,-3.5432022661128073,1
1647,1,1,1,0,1,0.0,0.0,1.5291768671217532,0
1648,1,0,0,1,1,26.915530587708872,0.0,-1.6662169257020791,0
1649,1,0,1,0,1,10.88936864904651,0.0,-0.8607876623119213,0
1650,1,0,1,0,1,13.130794640491139,17.00044719046439,-2.874541416901064,0
1651,1,1,1,0,1,1.4628912915115868,0.0,1.659328232992714,0
1652,1,1,1,0,1,0.0,0.0,0.7984329268128397,0
1653,1,1,0,0,1,2.1926526952048944,0.0,0.5470490163852137,0
1654,0,1,0,1,1,2.854459471644231,0.0,0.5384225077626065,0
1655,1,0,0,0,1,34.970348901749,0.0,-2.917007557160302,1
1656,0,1,1,0,1,4.0228428548376955,0.0,-0.9110124651621191,0
1657,0,1,0,0,1,0.0,71.54776525444555,-0.4282107013711303,0
1658,0,0,0,1,1,18.05714844735389,0.0,-1.2383907470545084,0
1659,1,1,1,0,1,5.403342873216354,37.1426026089211,0.0024652164528572995,1
1660,1,1,0,0,1,7.118947022603715,0.0,0.46513561942885767,0
1661,1,1,1,0,1,4.220059887423144,8.83499864986322,1.6382410448066445,0
1662,1,0,0,0,0,7.006869842317794,18.740751716638282,-2.174661154612097,1
1663,1,0,0,1,1,7.496488546637529,0.0,-0.2913092951020507,0
1664,1,1,0,1,0,1.3239648074620418,0.0,1.060775909022435,0
1665,1,0,0,1,1,5.353313059469539,5.748069382630023,-1.4628264575639292,0
1666,0,0,0,1,1,4.222704214121551,0.0,-0.5268259504228849,0
1667,1,0,1,0,1,3.270980342970182,0.0,0.5171867078238073,0
1668,0,1,0,0,1,0.0,6.431561271252504,0.16434734013377994,0
1669,0,1,0,1,1,1.2487473129798463,29.83659397505487,1.012973133524561,0
1670,1,0,1,0,1,5.196292318249475,0.0,0.04121362822348336,0
1671,1,1,1,0,1,18.448855627200555,0.0,-0.04918405077023341,0
1672,1,0,0,0,1,4.488256301735242,0.0,-1.7810684862257598,0
1673,0,0,1,0,1,9.687536142721934,0.0,0.23637575220948925,0
1674,0,1,0,0,1,3.326720253704223,13.194295336641806,0.2779651551902339,1
1675,0,0,0,1,1,9.044627174816972,0.0,-1.550824995591168,1
1676,1,0,0,1,1,0.7001564955648525,0.0,0.4650314558019376,0
1677,1,0,1,0,1,3.831687967398488,0.0,1.5429420881152256,0
1678,0,0,0,0,1,3.7763730561212565,0.0,-1.1249191269939331,1
1679,0,0,0,0,1,16.295697350995233,0.0,-1.2113691446757875,0
1680,0,0,1,0,1,25.679128263539493,0.0,-1.0581101528592876,0
1681,1,0,0,0,1,8.368631029011894,0.0,-2.428686786799692,0
1682,1,0,0,1,0,3.3232907937855396,0.0,2.2857365592001218,0
1683,1,0,1,0,1,7.658570414480698,0.0,-0.6545732870601846,0
1684,1,1,0,1,1,1.3992520877377879,11.858886972921166,-0.9488213470902243,0
1685,1,1,0,0,1,0.0,0.0,-1.2922720601463584,0
1686,0,1,0,0,1,5.385270886878569,0.0,-0.3465983569842956,0
1687,0,0,1,0,1,11.269191698330477,79.51871849929414,-0.9698679893290452,0
1688,1,0,0,1,1,0.32086873651464304,0.0,1.5607336790535091,0
1689,1,0,0,0,1,0.0,0.0,-1.8783844045616707,0
1690,1,1,0,0,0,16.666169719677963,12.858362637099685,-1.8193238160490721,1
1691,0,0,0,1,1,8.091945432641635,0.0,0.426283625327887,0
1692,0,0,1,0,1,4.588389600465537,0.0,-0.2172243152759151,0
1693,1,1,0,0,0,5.699775738043302,0.0,-0.13536939043726792,0
1694,1,0,0,0,1,8.426161715563001,0.0,0.43633439526971385,0
1695,1,0,0,1,0,0.0,0.0,-0.10500910426299745,0
1696,1,0,0,0,1,0.0,0.0,-0.33992651118116546,1
1697,1,1,0,0,1,10.073787103353377,0.0,-1.6492270104622597,0
1698,1,0,1,0,0,15.359979053699291,3.561699448046837,-2.2151617915799418,1
1699,1,0,1,0,1,0.0,0.0,-0.976548328051901,0
1700,1,0,0,0,1,0.0,0.0,-1.6679871243506301,0
1701,1,0,0,1,1,10.388336370351894,0.0,0.06458342210967932,0
1702,0,0,0,0,0,7.761238553556806,0.0,-2.582355085708497,1
1703,1,1,0,0,1,0.0,0.0,-0.4223649189570991,0
1704,1,0,0,1,1,6.812754333481909,0.0,-0.5015358186646731,0
1705,0,0,0,1,1,8.555961164129267,0.0,-0.3307587578004731,0
1706,1,0,1,0,0,6.522039173793187,0.0,0.43067425626821193,0
1707,1,1,1,0,1,10.582896124276006,0.0,-0.06797144766842589,0
1708,1,1,0,0,1,6.097474786239246,0.0,-0.7043897650693611,0
1709,0,0,1,0,0,1.169045514968512,0.0,1.512934592575733,1
1710,1,1,0,1,1,0.0,0.0,-0.25964184133866797,0
1711,1,0,0,0,1,1.6722271208313404,0.0,1.5364868704695045,0
1712,1,1,1,0,1,0.0,0.0,-0.06616287928876613,0
1713,0,0,0,0,1,0.0,0.0,-0.30082516898534084,1
1714,1,0,0,1,1,0.0,0.0,-0.4575966048022122,0
1715,1,1,1,0,1,8.041112144005625,0.0,0.645959819049376,1
1716,1,0,0,0,1,0.0,0.0,-0.8174056894668186,1
1717,1,1,1,0,1,1.2434463159801012,5.016435560859111,0.47305276639455884,0
1718,1,0,0,0,1,1.477796312064859,0.0,1.6794419540424028,0
1719,1,0,1,0,1,0.0,0.0,1.2625302908474387,1
1720,1,0,0,0,1,2.8019788007758826,0.0,1.0713450798330026,0
1721,1,1,0,0,1,0.0,36.51031295347448,-1.5676711319392003,1
1722,0,1,0,1,1,3.757001126962307,85.87865949112944,-1.3605535253774246,0
1723,1,0,1,0,1,1.6110428198692603,0.0,0.19872118112894666,0
1724,1,0,0,0,1,0.0,0.0,0.7065445445835979,1
1725,0,0,1,0,1,13.75742085949992,0.0,-0.7444935071250569,0
1726,0,1,0,0,1,16.66984567973318,17.250137231215895,-0.7429086256079405,0
1727,1,1,0,1,0,0.0,0.0,1.9341190434213942,0
1728,0,0,0,1,1,1.3957221114697491,3.9676712379051224,0.5979221334446595,1
1729,1,1,0,0,0,1.4864997334035945,0.0,1.5042229513337682,0
1730,0,1,1,0,1,13.599090741671846,0.0,-0.21505607479452804,0
1731,1,0,0,1,1,7.203299671206523,0.0,-0.9456263517642803,0
1732,1,1,1,0,0,1.646396463653176,0.0,1.5645799739688422,0
1733,0,0,0,1,1,8.579619544791798,0.0,-0.6162891011275503,1
1734,1,1,0,1,1,1.8126554057673685,0.0,-0.6318969976218081,0
1735,0,0,0,1,1,0.0,0.0,-1.4488914385730751,0
1736,1,0,1,0,1,13.155099709467622,0.0,-0.7344577787386646,0
1737,1,0,1,0,1,0.0,0.0,1.0401069458671057,1
1738,0,1,0,1,1,4.313275857609018,0.0,-1.7823710166117797,0
1739,1,0,0,1,1,1.9456535453461798,0.0,0.5251871594802255,0
1740,0,0,0,1,1,0.0,0.0,-1.1865200111950702,0
1741,0,1,0,1,1,2.4574156527083435,0.0,-0.11918450532728825,0
1742,1,1,0,1,1,5.280694471665443,0.0,-0.03719434319021572,0
1743,1,1,0,1,1,0.0,51.190788279385906,-0.13255343569575873,0
1744,1,0,1,0,1,7.089201134969695,0.0,-0.44752336629179995,0
1745,1,0,1,0,1,10.186564994107625,0.0,-0.6487755953167325,0
1746,1,0,1,0,1,0.0,0.0,-0.8114242226449959,1
1747,1,0,1,0,0,0.0,0.0,1.6093101401158048,1
1748,0,0,0,1,1,7.511905495703472,0.0,-0.24793687543049267,0
1749,1,0,1,0,1,6.987524279221534,0.0,-0.2412138153279331,0
1750,0,0,0,0,1,8.318513626676925,0.0,-1.1051554846106706,0
1751,1,0,0,1,0,6.1979493155045,0.0,-0.8021680910472736,0
1752,1,1,0,0,0,17.84142994966809,22.657880043923658,-0.6706991467025507,0
1753,1,0,0,0,1,2.6388731751372023,0.0,0.6996405400505611,0
1754,1,0,1,0,1,20.58330978148165,0.0,-1.0446068306827863,0
1755,1,1,1,0,1,9.585832932706724,0.0,-2.525194715709714,0
1756,1,0,0,1,1,9.891803715345784,0.0,-0.2053657120449455,0
1757,0,1,0,0,1,13.505039534814093,12.211332162803851,-0.20762025928986777,0
1758,0,0,1,0,1,6.673596767016096,90.26509623903907,-0.8298089175133465,0
1759,1,0,0,1,0,1.956121157587312,0.0,0.8867918335330514,1
1760,0,0,1,0,1,24.139265842782343,0.0,-3.578905091901589,0
1761,0,1,1,0,1,0.6886530841114746,0.0,2.36759240316146,0
1762,1,1,0,1,0,2.01028526325628,0.0,1.499987533372789,0
1763,0,1,0,0,1,5.502977996593661,37.8555967328052,-0.6539081768893671,0
1764,1,1,0,0,1,3.7643457894598003,1.377114793170131,-0.4270038677542424,1
1765,1,1,0,0,1,9.14490021909158,0.0,0.7956152978722419,0
1766,1,1,0,1,0,0.0,0.0,0.829956466996477,0
1767,0,0,0,0,1,6.3895008783307405,0.0,-1.0913687776915977,0
1768,0,1,0,0,1,17.551386911832513,0.0,-1.9194742449462532,0
1769,0,1,0,0,1,1.1826782598623895,0.0,2.8555266831385655,0
1770,0,0,0,0,1,8.044363124981468,0.0,0.9438387839175055,1
1771,1,0,1,0,1,16.39143290483611,0.0,0.12077187621676802,0
1772,1,0,0,0,0,6.886899308521191,0.0,-0.05500768097274303,0
1773,1,0,1,0,1,0.0,0.0,0.7152857964755472,0
1774,1,0,0,0,1,0.6535378770373106,0.0,0.6685610061376124,0
1775,1,0,0,0,1,13.323892198059777,0.0,-2.950549347184599,1
1776,0,0,0,0,1,0.0,0.0,-0.7291161335876184,0
1777,0,0,1,0,1,0.0,0.0,-0.6621823439415364,1
1778,1,0,0,0,1,2.310732282210911,0.0,-0.4866363628825371,0
1779,0,1,0,1,1,2.079379239247829,58.580750798922395,1.13661624722152,0
1780,0,0,0,0,1,30.009814905417432,0.0,-2.5713026527453584,0
1781,1,1,1,0,1,7.036897204332124,0.0,-1.3769022535211226,0
1782,1,0,0,0,1,16.495055926787877,0.0,-1.1526336467656022,0
1783,0,1,0,1,0,4.945994724340076,0.0,0.34756176187719795,0
1784,1,1,1,0,0,3.9296794660879817,0.0,1.4151207850756786,0
1785,1,1,0,0,1,4.978973289185572,0.0,2.238093977038281,0
1786,1,0,0,0,1,34.82531159957985,0.0,-0.6465333758519669,0
1787,1,1,1,0,1,2.9218446226908834,0.0,1.4130155643199807,1
1788,1,0,0,0,1,2.721135293199417,0.0,0.6290079721801601,0
1789,1,0,0,0,1,4.463055816613216,0.0,0.4133365133697665,0
1790,1,1,0,1,1,0.0,0.0,0.11892039700710344,0
1791,1,0,0,0,0,4.555879137416938,0.0,-0.7914008812038448,1
1792,1,1,1,0,1,0.0,0.0,-1.0137111431713444,0
1793,1,1,0,1,1,7.091703341597926,8.724861213451321,-1.2984388686358053,0
1794,1,0,0,1,1,5.692584637680295,0.0,0.1642647340774468,0
1795,1,0,0,0,1,3.7736881679101772,0.0,-0.34966081316084985,0
1796,0,1,1,0,1,1.5955109320756389,0.0,-0.18184944363543798,0
1797,1,0,1,0,1,2.856308686489376,0.0,0.7709550416599154,0
1798,1,1,0,0,1,9.640188417067213,3.815725020102609,-0.1066261338736314,1
1799,1,0,1,0,1,6.583030216076021,0.0,-1.2488693168450926,0
1800,0,0,0,1,1,19.417441800456466,0.0,-0.6211175283586349,0
1801,1,0,1,0,1,0.0,0.0,0.9704062044262314,0
1802,1,0,0,0,1,6.228407125050678,341.28576904085213,-1.5900969627851758,0
1803,0,1,0,0,1,0.0,0.0,0.41787432644805556,1
1804,0,0,1,0,1,0.0,0.0,-0.15094495282417175,0
1805,1,0,1,0,1,10.332501673608864,0.0,-1.0538366609529013,0
1806,1,0,0,1,1,8.281240638076182,0.0,-0.6554907994105489,1
1807,0,1,0,0,1,26.644243899805733,0.0,-1.8617542512366785,0
1808,0,0,1,0,1,0.0,0.0,0.060339448521385924,0
1809,0,1,0,0,1,6.8448908005329585,5.426853058723687,-1.5968582187486204,0
1810,0,1,0,0,0,0.3386249281874107,0.0,1.5227196380451709,0
1811,0,1,0,1,1,8.83527826572283,0.0,0.03227529851623867,0
1812,0,0,0,0,0,6.934669906928178,28.441720761989405,-1.0119214804086711,0
1813,1,0,0,0,1,2.0865722886209594,0.0,1.2055159399122601,0
1814,0,1,0,0,1,13.9599795723638,0.0,-1.1707665206077031,1
1815,0,0,1,0,1,30.388658735049148,0.0,-1.037034119469233,0
1816,1,0,0,0,1,22.757033403334503,0.0,-2.621435727400507,1
1817,1,0,0,1,1,2.146766187959813,0.0,1.3961680695459546,0
1818,1,0,1,0,1,0.0,0.0,2.317268091639292,0
1819,0,0,0,1,0,13.723488487064353,0.0,-2.4222002920858356,0
1820,1,0,0,1,0,8.48933820998557,0.0,-1.3241887239893326,0
1821,1,0,0,1,1,4.714565693200104,0.0,-0.19063861566969376,0
1822,1,0,0,1,1,15.021639317219481,0.0,-0.9400884953710755,0
1823,1,0,0,1,1,5.997434750147576,0.0,-0.3200832078629096,0
1824,1,0,1,0,1,13.899955723357827,0.0,-0.230525365389194,0
1825,1,0,1,0,1,0.0,0.0,0.4416663810282298,0
1826,1,1,0,1,1,0.0,4.925363866131078,-1.0800358322610522,0
1827,1,0,0,0,1,12.037884264998196,0.0,-0.033395647687368024,0
1828,1,0,1,0,1,11.689081590220216,0.0,-1.5086431013237729,0
1829,1,0,0,0,1,7.530869688304152,0.0,-0.8071781325204139,0
1830,1,0,1,0,0,17.262086196850625,38.8511145182646,-2.3030416992128275,0
1831,0,0,0,0,1,19.402898835292394,0.0,-0.7978216850580081,0
1832,0,0,1,0,1,9.850808574856961,0.0,-0.8131041061222077,0
1833,0,0,1,0,1,6.611912728863664,0.0,1.127781576625487,0
1834,1,1,0,1,1,3.21053778932607,0.0,0.07414710743091012,0
1835,1,1,0,0,1,0.0,37.01079593592578,0.3068041383728858,0
1836,0,1,1,0,1,3.884949894578722,0.0,0.32126140352360705,1
1837,1,1,0,1,0,24.643325118860172,0.0,-2.575259320839529,0
1838,1,0,0,0,1,37.779683022043265,0.0,-2.836091213019735,0
1839,1,0,0,1,1,0.0,0.0,-0.6879073707274297,1
1840,1,0,0,1,1,5.392504488431001,0.0,0.0765567848624712,0
1841,1,1,1,0,1,7.20087802624737,45.36810887137721,0.049372553318256296,0
1842,1,0,0,0,1,20.928012365567486,0.0,-1.3859954879148164,1
1843,1,1,0,1,1,9.594227941560268,0.0,-0.15760079278809985,0
1844,1,0,1,0,0,7.431726172016356,0.0,-0.49866948357682506,0
1845,1,1,0,0,1,0.0,0.0,1.1471241585694378,0
1846,0,0,0,1,1,0.0,0.0,0.6454655767882309,0
1847,0,1,0,1,1,1.7986745345760293,0.0,-0.5583705953838554,0
1848,1,0,1,0,1,4.82448380640221,0.0,-0.1439030449269891,0
1849,1,1,0,1,0,6.6226377220088075,47.73651592389621,0.5035350863262833,0
1850,1,0,1,0,1,0.0,41.458939041922065,0.4635448261640713,1
1851,1,1,0,0,1,-0.20373115674556866,0.0,2.2653255562117667,1
1852,0,0,0,1,1,1.846052915180287,0.0,-0.3160289681172686,0
1853,0,0,1,0,1,4.040838055344376,0.0,1.4159933493843437,0
1854,1,0,1,0,1,0.0,0.0,-1.5649063393838119,0
1855,0,0,0,1,0,13.08720307926672,0.0,-1.0962224954249093,0
1856,1,0,0,1,1,0.0,0.0,-3.013855253774543,0
1857,1,1,0,1,0,1.7774088700991086,0.0,0.3436723712124614,0
1858,0,1,0,0,1,0.0,0.0,0.9788306622193061,0
1859,1,1,1,0,1,19.653024748107203,0.0,-2.9208929404754334,0
1860,1,1,1,0,1,1.5074348398924329,0.0,0.5910065505162758,1
1861,0,0,0,1,1,4.079636960980422,0.0,0.49338924445676136,0
1862,1,0,0,0,1,5.56376687715837,0.0,0.4204641233132027,0
1863,1,0,0,1,1,19.121314657567424,0.0,-1.8107022336443483,0
1864,1,0,0,0,1,6.725751672954001,0.0,0.7095935655580772,0
1865,1,0,1,0,1,0.0,0.0,-0.06809024334668962,0
1866,1,0,0,1,1,0.0,0.0,0.47652815221314015,0
1867,1,0,0,0,1,9.020612077140518,12.660493949558356,-0.4410981002841959,0
1868,1,1,0,1,1,4.333109584704857,16.895773458871357,0.637727829830991,0
1869,1,0,1,0,1,2.149433521961153,0.0,1.3398218240521955,0
1870,1,0,0,0,1,5.925221121976791,0.0,-0.5411482292510919,0
1871,0,1,0,1,1,14.33600285682662,0.0,0.5136541553877875,0
1872,1,0,0,1,1,0.724530930168557,70.12948641429148,1.3197039299286921,0
1873,1,0,0,0,0,0.0,0.0,-0.45053461095649044,1
1874,0,0,0,1,1,23.521382371703563,0.0,-1.7205070917348462,0
1875,1,0,0,1,1,3.0507549769756555,3.7468037623258175,0.5853351989196727,0
1876,1,0,0,0,0,1.8772249849435778,0.0,1.5566433415799985,0
1877,1,1,0,0,1,0.7671252076566022,0.0,1.799642896406478,0
1878,1,1,1,0,1,1.8032776410529734,163.4304410849228,1.2651843409009582,0
1879,0,0,0,0,1,44.6478120878235,0.0,-3.280521707637442,0
1880,1,0,0,1,1,8.329909137855047,17.516053374845512,-1.0938658905552787,0
1881,0,0,0,1,1,54.8995068084991,0.0,-1.0282886242032676,0
1882,1,0,1,0,1,4.00856842328263,0.0,-0.022568458460007483,1
1883,1,1,1,0,1,0.0,0.0,2.510978988084059,0
1884,1,0,1,0,1,15.569284585735488,0.0,-1.463093290953211,1
1885,1,1,0,1,1,0.3507389507147039,0.0,3.020018673403431,0
1886,1,1,0,1,1,11.95704309629714,0.0,-0.33937979299102994,0
1887,1,1,0,1,1,1.9867720474762018,55.92685447821052,-0.8316336812460097,0
1888,1,1,0,1,1,2.5948786589056607,0.0,1.231862031759089,0
1889,0,0,0,1,1,1.856484795023619,0.0,0.9031094615348809,0
1890,0,0,0,0,0,2.9033580259018765,0.0,0.5519320461103798,1
1891,1,1,0,1,1,0.0,0.0,-0.8349029975116862,0
1892,0,0,0,1,1,2.179514261614515,3.890387803247622,0.36259600350601306,0
1893,1,0,0,0,0,4.272001911752664,0.0,-1.602953912192842,1
1894,1,1,0,0,1,8.075195723004342,0.0,-0.8704747058946665,0
1895,1,1,1,0,1,3.309908950192015,0.0,0.22856618994655054,1
1896,1,1,0,1,1,5.293225962506243,0.0,-0.8995534078734106,0
1897,1,0,1,0,1,0.0,0.0,1.2675177572846497,0
1898,1,1,0,1,1,7.282034497329466,0.0,-0.5900544408442852,0
1899,0,1,1,0,1,0.0,17.30049825494356,0.06781604060019303,0
1900,1,1,1,0,1,0.0,37.80340196433,-0.7766538005427411,0
1901,0,0,0,0,1,5.946448642943948,0.0,1.048140558619732,0
1902,1,1,1,0,1,0.0,0.0,-0.5026425271676068,0
1903,1,0,0,0,0,0.0,0.0,1.1817742115132845,0
1904,1,1,0,1,0,1.8701187678574525,0.0,1.5177357891612822,0
1905,1,0,1,0,1,3.3137771686029556,0.0,-0.6508044172099186,0
1906,1,0,0,0,0,0.0,0.0,-0.24202520542590092,0
1907,0,0,0,1,1,5.8735366463390735,0.0,-0.886347490006978,0
1908,1,1,0,1,1,0.0,0.0,0.8485241539289308,0
1909,1,0,0,0,1,4.513242698516228,0.0,-0.528923278500993,1
1910,0,0,0,0,1,0.0,0.0,-0.8143752496291391,1
1911,1,1,0,0,1,1.0266458445762514,0.0,0.20910932894725967,0
1912,0,1,0,0,1,14.446835062852887,21.423519840176205,-1.875236177313123,0
1913,1,0,0,1,1,3.593143341106476,0.0,-0.3770857533505002,0
1914,1,0,0,1,1,7.223728180332444,25.59642757216118,0.5515033217784066,0
1915,1,1,0,1,1,0.5990379110867616,0.0,0.32670960673429655,0
1916,1,1,1,0,1,0.0,4.990720716839502,1.568120404127828,0
1917,1,0,0,0,0,2.2483064017897703,0.0,-0.7629415524617928,0
1918,1,0,0,0,0,6.176195185046335,11.117830721554416,-0.8678921117776051,1
1919,0,0,1,0,1,9.714614797195017,0.0,-1.5101683250894924,1
1920,0,0,1,0,1,4.990900645866214,0.0,-0.5993534765423691,0
1921,1,0,0,1,1,0.7656641381303353,0.0,2.2363425599543936,1
1922,1,1,0,0,1,5.739121463719139,0.0,0.5026955074386591,0
1923,0,0,1,0,1,0.0,0.0,-0.8294863562217223,0
1924,1,1,1,0,1,8.103479628415343,0.0,-0.9378616807258447,0
1925,1,1,0,1,0,0.0,0.0,-1.8961193289803808,0
1926,1,1,0,0,1,6.7372729045345014,0.0,-0.9129037688413675,0
1927,1,1,0,0,1,1.4604801104231142,0.0,1.1217676909294605,1
1928,1,0,0,1,1,14.04636414436096,28.552689192377397,-0.8266006697497125,0
1929,0,1,1,0,1,7.60833226034249,0.0,-0.8764598376224916,0
1930,1,0,1,0,1,0.0,0.0,-1.1656752435638282,1
1931,0,0,0,0,1,8.077180052599727,0.0,0.5513354239231131,0
1932,0,0,0,1,1,0.0,0.0,-0.38401673648848367,0
1933,1,0,1,0,1,20.531899421003867,0.0,-0.8828216501889403,0
1934,0,0,0,1,1,0.0,0.0,-0.6747371130298516,0
1935,1,0,1,0,1,1.1835388732937293,0.0,2.7435304007007075,0
1936,0,1,0,1,0,0.0,0.0,1.7111175349832242,0
1937,1,0,0,1,1,2.0098407358708372,0.0,1.5998404219774052,0
1938,1,0,0,1,1,23.619869209204243,0.0,-2.5226930504060343,0
1939,1,1,0,1,1,2.559799552442536,0.0,-0.04341091563128455,0
1940,0,1,1,0,1,6.405222621185764,0.0,-0.4753300469131305,1
1941,1,1,0,1,1,2.7122868894729835,25.628343652259872,0.846115450667323,0
1942,0,0,0,1,1,2.0591625034668515,0.0,1.076552804418816,0
1943,1,1,0,1,1,0.0,17.968625363699037,0.5678255525376507,0
1944,1,1,0,1,1,5.726797806389989,20.235369397503057,-0.9667616546041076,0
1945,1,0,0,1,1,10.356729562951728,0.0,-1.1260970726364614,0
1946,1,0,1,0,1,0.0,0.0,0.7143307086500539,1
1947,1,1,0,1,0,3.0685755148989404,0.0,1.0716936617080663,0
1948,1,0,0,1,1,4.116752159132821,10.466143277402711,-0.09958096328012286,0
1949,0,1,0,1,1,6.273273487910322,0.0,0.3161323768186507,0
1950,0,0,0,0,1,2.407568509381537,0.0,-0.21584315421625566,0
1951,1,0,0,1,1,0.0,84.4778799352832,0.06444359391645482,0
1952,1,1,0,1,1,0.0,0.0,1.0664300482199198,1
1953,1,0,0,1,1,0.0,0.0,0.5266121052627578,0
1954,0,0,1,0,1,4.907798971842634,0.0,-0.04981064462922642,1
1955,0,0,1,0,1,7.4477226351519885,0.0,-0.1427832541789903,1
1956,0,0,1,0,1,3.983808910833651,0.0,-0.1917418356092888,0
1957,0,0,0,1,0,5.708369639771769,15.828628061884473,-1.2788232245756979,0
1958,1,1,0,0,1,4.756372493809857,0.0,-0.8650760311446382,0
1959,1,0,1,0,1,4.356376827211199,0.0,0.6162640317479817,0
1960,0,0,0,1,0,0.0,0.0,-1.1924721745850415,0
1961,1,0,0,1,1,4.334995742977386,0.0,0.7618353509286704,0
1962,1,1,0,1,1,1.8486778158750585,0.0,0.08428132987439746,1
1963,1,0,1,0,1,0.0,0.0,0.9690819307970082,1
1964,0,1,0,0,1,2.8522579975810536,0.0,0.9653072685501529,0
1965,0,0,0,1,1,2.1524246396263442,0.0,0.7989503037082595,0
1966,0,1,0,0,1,6.692207385731608,0.0,-0.4597481683223959,0
1967,1,0,0,1,1,0.0,0.0,0.24339129661317382,1
1968,1,0,0,1,1,3.2825269238544124,0.0,0.6644966266219063,0
1969,1,0,0,1,1,14.007205037508408,0.0,-2.2656981752312735,0
1970,0,0,0,1,1,3.652960808673111,7.866448135672268,1.8981676128625413,0
1971,1,1,1,0,0,0.0,0.0,3.250419899026015,0
1972,0,0,1,0,0,0.24677456743744847,0.0,1.1325290169572004,0
1973,1,0,0,1,1,7.92277723906653,0.0,0.7515273755263892,0
1974,0,1,1,0,1,2.0475448088301955,0.0,1.1036110047481835,1
1975,0,1,0,1,1,0.0,0.0,-0.26399467735900894,0
1976,1,1,1,0,1,8.48167817459229,0.0,0.2089821295762968,0
1977,0,0,0,0,1,0.0,5.481285589570261,0.954438266061477,1
1978,1,0,0,0,1,18.780711165861796,0.0,-1.525718009429021,1
1979,0,0,0,0,1,25.905919708659443,27.531548699988996,-1.6377176488052803,0
1980,0,1,0,0,1,2.985339110494715,0.0,-0.3585813615903977,0
1981,1,0,0,1,1,1.296357112304475,0.0,0.5600040638662509,0
1982,1,1,0,0,0,17.78840785245897,0.0,-0.958398282590976,1
1983,0,0,0,1,1,2.1262187271640474,0.0,-0.5685325656542181,0
1984,0,1,0,0,1,5.197850481420725,0.0,0.013455226813427507,0
1985,1,0,0,0,1,21.68142419243009,0.0,-1.575192625452105,0
1986,0,0,1,0,1,32.42940068984434,4.337809612651564,-3.202902933485721,1
1987,1,1,0,1,1,10.408048866611372,0.0,-1.1639360504560696,0
1988,1,0,1,0,1,0.0,0.0,0.2539347421653664,0
1989,1,0,0,1,1,6.032046287762343,0.0,0.342263639395166,0
1990,1,1,0,0,1,0.0,32.72279657753471,0.7827846193425985,0
1991,1,1,0,1,1,1.370182250399766,0.0,0.9302526653992169,0
1992,1,0,0,1,0,0.0,0.0,-1.081785472687931,0
1993,1,1,0,0,1,2.221273345047397,0.0,-0.9259796799836,0
1994,1,1,1,0,1,3.682530418385886,0.0,0.8300742462090962,0
1995,0,0,0,1,1,1.082485088575127,0.0,-0.5510400899032843,0
1996,0,0,1,0,1,3.7734590956375014,0.0,1.081060636859011,0
1997,0,1,0,1,1,3.7784126029802447,20.530302876735487,0.6381581623520628,0
1998,1,1,0,1,1,0.42765487247101264,0.0,1.7932903204260955,0
1999,0,0,0,0,1,0.0,0.0,-0.8758864695367624,0
2000,1,0,1,0,1,0.0,0.0,1.2864438401380425,0
2001,1,0,0,1,1,0.0,0.0,2.324385148337048,0
2002,0,0,0,0,1,0.0,6.826735268029043,-0.21120952114223773,0
2003,1,0,0,0,1,1.9360235862755908,0.0,0.35911254648418334,1
2004,0,0,0,1,1,12.067247334140369,0.0,-1.471076209534064,0
2005,1,1,1,0,1,1.920046890693028,0.0,1.4943923531293932,1
2006,1,0,1,0,1,2.8822933105324706,0.0,1.3651944569911045,0
2007,1,0,1,0,1,0.0,0.0,-0.7129000756052619,0
2008,1,1,1,0,1,0.0,0.0,1.1002842509757926,0
2009,1,1,1,0,1,0.0,0.0,0.7090051057210943,0
2010,1,0,0,0,0,6.738722469415585,0.0,0.2202051715530896,0
2011,1,1,0,1,1,2.6367505704128638,0.0,1.1893852681795496,0
2012,0,1,0,0,1,0.0,0.0,0.8141913715193367,0
2013,1,1,0,0,1,4.500517115654894,10.052067465649355,-0.02790441750123862,0
2014,1,0,0,1,1,0.0,0.0,0.7866193349505759,0
2015,1,1,0,0,0,0.5384307100577659,0.0,1.5731757945915055,0
2016,1,0,1,0,0,0.0,0.0,-0.7893688755455965,1
2017,1,1,1,0,1,0.9210798376371807,0.0,0.3476971173803833,0
2018,1,1,0,1,0,9.807350190134603,0.0,-2.1139267906827532,1
2019,0,0,1,0,1,5.080841147385103,0.0,0.6670055008399529,0
2020,1,1,0,1,1,3.3584392696277083,0.0,1.7155904976182663,0
2021,0,0,0,0,1,2.5786816916429123,9.520884107344196,-0.6093378911862544,0
2022,1,1,0,0,1,0.0,0.0,0.3207982820284083,0
2023,1,1,0,0,1,4.062208653989852,0.0,-0.1318505407282432,1
2024,1,1,0,0,1,4.8958715019766545,0.0,-0.3413871665611058,0
2025,1,0,0,0,1,5.821847754117243,0.0,0.017179247163642664,0
2026,1,1,0,0,1,6.147815989780319,0.0,-0.8538304499555633,0
2027,1,0,0,0,1,16.76507476790933,0.0,-0.5811544786475935,0
2028,1,1,1,0,1,0.0,13.365341338466141,-0.8078251879755268,1
2029,1,0,0,0,1,0.0,0.0,0.474018029887586,1
2030,1,0,0,0,1,0.0,0.0,0.026224793942658697,0
2031,0,1,0,1,0,3.735152048297916,0.0,-0.40198453425270303,0
2032,0,0,0,1,0,3.146951715735634,0.0,-0.23253920560333366,0
2033,1,1,0,1,1,2.9509131277085765,0.0,-0.13252832739372628,0
2034,1,1,0,0,1,2.548874477997359,0.0,1.6141858183329718,0
2035,1,1,0,1,1,8.62353722779351,1.3581205876393891,-0.4144957636395891,0
2036,0,0,0,1,1,6.255408635773749,0.0,0.5328575557528112,0
2037,1,0,1,0,1,5.867101917214368,0.0,-0.9826653251946151,0
2038,1,1,0,1,1,1.0157825499845257,0.0,1.192225152486272,0
2039,0,0,0,1,1,10.641394047448479,38.874091343319,1.0477511680046183,0
2040,1,0,0,1,1,1.4442253293773977,0.0,1.1081680545210135,0
2041,1,1,0,0,1,0.0,0.0,2.0329016206575328,0
2042,0,0,0,1,1,6.614607990889828,0.0,0.09432960010115243,0
2043,0,0,0,0,1,0.0,0.0,1.3045717781289494,1
2044,1,0,0,0,1,0.4755123559195281,0.0,1.7989503389701433,0
2045,1,0,1,0,1,7.614066298140585,45.51554187590782,-1.516227025772165,0
2046,1,1,0,0,1,7.245458445984495,0.0,-0.622144821456899,0
2047,1,0,0,0,0,9.35250181708998,0.0,-2.194496908181915,0
2048,1,0,0,1,0,8.204630596180257,0.0,1.0782644796477066,0
2049,1,1,0,1,1,8.846256461602318,0.0,-1.780921302257079,0
2050,1,1,1,0,1,16.33859150976238,0.0,-1.928198195815292,0
2051,0,0,1,0,1,16.4430150456507,0.0,-1.484662631545806,0
2052,0,1,1,0,0,27.10122437373853,0.0,-1.8750393734712714,0
2053,0,0,0,1,1,3.8469676517606395,0.0,0.06836227817655277,0
2054,1,0,0,0,1,0.0,0.0,-1.6682145860940396,0
2055,1,1,0,1,1,4.6708328034875946,0.0,-2.0135621273648465,0
2056,1,0,0,1,1,6.821298211620592,0.0,-0.3335978497346196,1
2057,1,0,0,1,1,12.371824329850169,0.0,-0.25809660358778,0
2058,1,0,0,0,1,22.895842617773773,0.0,-2.673322364782207,0
2059,0,1,0,0,1,23.917244717630215,0.0,-0.7635375020422706,0
2060,1,1,0,0,1,5.432301299391973,0.0,0.05446239747456155,0
2061,1,0,0,0,1,5.581767877714599,0.0,-0.7367337900414557,1
2062,1,1,0,0,1,6.191882433455254,0.0,-0.2717385306275042,0
2063,0,0,1,0,1,0.49460739271287096,0.0,1.429487332782223,0
2064,1,1,0,0,1,0.0,0.0,2.8975773341741746,0
2065,1,1,0,1,0,0.0,0.0,-0.2510220620567068,0
2066,1,0,1,0,1,13.242988518012782,0.0,-1.7720083617020854,0
2067,0,0,0,1,0,0.0,0.0,-0.5802663662256831,0
2068,1,0,0,1,0,0.0,0.0,-0.03130482762301129,1
2069,1,1,1,0,1,3.1317488729763454,0.0,0.28180346269460105,0
2070,0,0,0,0,0,0.0,0.0,0.5016846313272246,1
2071,0,0,0,1,1,0.0,26.4827228284727,2.5512438402511544,0
2072,1,0,1,0,1,2.50154806352702,0.0,-2.27279469706281,0
2073,0,1,1,0,1,4.787694036142018,0.0,-0.2990619738032694,1
2074,1,0,1,0,1,0.0,0.0,1.8926632670227281,0
2075,1,1,1,0,0,0.0,0.0,-0.3182183171402687,0
2076,1,0,0,1,1,5.027318839763838,0.0,0.7305516871352618,0
2077,1,0,1,0,1,3.8718844753097823,0.0,0.7275528926050034,0
2078,1,1,0,1,0,0.0,0.0,1.7332062167216673,0
2079,0,1,0,1,1,0.0,0.0,2.599074872524197,0
2080,0,1,1,0,1,0.5654468310607492,3.3489048319079604,0.7763330650886698,0
2081,1,1,1,0,1,10.275177742417426,0.0,-1.8846621253374773,0
2082,0,1,1,0,1,2.6014839242941505,0.0,-0.5465211856180727,1
2083,0,0,0,1,0,0.37182899990130114,0.0,2.518147669239826,0
2084,1,1,0,1,1,18.804171964179258,109.4726488505891,-1.6601731960127666,0
2085,0,0,0,0,1,11.765397674059365,0.0,0.3559124085639336,0
2086,0,1,0,1,1,35.94187280458576,0.0,-3.06857180680728,0
2087,0,1,1,0,1,0.0,0.0,-1.3795707928185719,0
2088,1,1,1,0,1,1.6237307570103394,0.0,1.4852797201918886,0
2089,0,0,0,1,0,11.351539306640111,0.0,-0.2339700219779127,0
2090,0,0,0,1,1,9.896274203442703,0.0,-0.7618455364969969,0
2091,1,1,0,0,1,20.599902839245555,1.4743772953847953,-0.8923757111742883,0
2092,1,0,0,0,1,12.750193001231345,0.0,-2.835574450732919,0
2093,1,0,0,0,1,0.0,57.16145893065394,0.6075595343700962,1
2094,1,1,1,0,1,1.4848988201087976,0.0,-0.012428633161691405,0
2095,1,0,0,0,1,24.170839419544443,0.0,-2.2279874233774772,0
2096,1,1,1,0,1,0.615432686702001,0.0,0.3886420985731632,0
2097,0,1,0,0,0,0.6993614843120264,0.0,0.8939974597249638,1
2098,0,0,1,0,1,2.6551785624818542,0.0,-0.33686232336047767,0
2099,1,1,0,1,1,3.9746788461730747,0.0,0.2984706346398993,0
2100,1,1,1,0,1,4.03054229666818,0.0,0.39880232382392533,0
2101,1,0,0,1,1,40.71568749054811,0.0,-1.1846973550440654,0
2102,1,1,1,0,1,2.9002345009927764,0.0,0.41945230502378517,0
2103,1,0,1,0,1,5.6022591477004635,0.0,0.8610776720946465,0
2104,1,0,0,1,1,3.3428194378976714,0.0,1.0443439018567457,0
2105,0,0,0,0,1,5.68211018721598,0.0,0.7321335533943596,0
2106,1,0,0,0,1,10.517543346264324,0.0,-1.1441254799819687,0
2107,1,0,1,0,1,0.0,0.0,0.734352066009323,0
2108,0,0,0,1,1,0.0,0.0,0.31579702699077783,0
2109,1,1,0,1,1,0.8133608825121608,44.47693015441657,-0.75842725432985,0
2110,1,1,0,1,1,6.610400921285067,11.54542830290233,-0.444320304050479,0
2111,1,0,0,1,1,0.8070654631439966,0.0,0.5900071713888514,0
2112,1,0,1,0,0,0.0,0.0,1.6824424355922463,0
2113,1,1,1,0,1,0.0,0.0,-1.9689400294150383,0
2114,0,0,1,0,1,0.4481610138377477,0.0,2.019278385112697,0
2115,1,1,1,0,1,8.55658140910181,0.0,1.8401243851624596,0
2116,0,0,1,0,1,4.8191851064397255,0.0,0.17487168021252225,0
2117,1,1,0,1,1,0.0,0.0,-0.15811727789823782,1
2118,0,1,1,0,1,4.098757079469686,0.0,0.8497548150005032,1
2119,0,1,0,0,1,0.0,2.4094342219068583,-0.6699236616434818,0
2120,1,1,0,1,1,8.596246269890884,0.0,-0.07744962553173759,0
2121,0,1,1,0,1,0.0,0.0,-1.5380344978418936,1
2122,1,1,0,1,1,15.953527990940973,18.70239672685,-2.0791493850475016,0
2123,1,1,0,0,1,0.0,60.83089975737916,3.1353524924235314,0
2124,0,1,0,1,1,0.0,82.01608071878677,0.23073627956260834,0
2125,1,1,0,1,1,0.0,0.0,0.4107219468830295,0
2126,1,1,1,0,1,0.0,0.0,0.31066202481808125,0
2127,1,1,0,1,1,11.390250063029633,6.248609464939964,-0.9095507449355407,1
2128,1,1,0,0,1,3.7090962683236732,0.0,-0.24303950049698192,0
2129,1,1,0,1,1,2.3782228475480744,0.0,0.26672152827948875,0
2130,1,1,0,1,1,0.0,25.60833467643866,-0.10169699526651527,0
2131,1,1,0,0,1,5.511921371869576,0.0,-0.8128194914489335,0
2132,1,0,0,1,1,0.0,11.436702465147746,0.33374565532677725,0
2133,1,0,0,1,1,2.542595550883643,0.0,-0.038893194408776505,0
2134,1,0,0,0,1,0.0,0.0,0.22292194783192765,0
2135,0,0,0,1,1,0.0,0.0,0.6224573593853898,0
2136,0,0,0,1,1,3.4299323383958784,42.3432225758067,-0.4982706077417828,0
2137,1,1,1,0,1,4.09063129427285,0.0,0.13382343643970807,1
2138,1,0,0,1,1,0.0,0.0,1.6175392796826304,0
2139,1,0,0,0,1,4.739646700139034,0.0,-1.4883394674036734,0
2140,1,0,1,0,1,24.910206400271594,0.0,-2.4782486377271895,0
2141,1,0,0,1,1,11.268205554248159,0.0,0.4310895386335747,0
2142,1,0,0,0,0,9.645497908521364,0.0,-1.085568121439065,1
2143,1,0,1,0,0,10.585416700062881,0.0,-1.4590092253356142,1
2144,1,0,0,0,1,3.0456464153668463,0.0,0.8531046618782974,1
2145,0,1,1,0,0,2.462924998441541,0.0,0.16469646878827768,0
2146,1,0,1,0,0,0.0,0.0,-1.6973619937687585,0
2147,0,1,1,0,1,0.0,0.0,2.82673103233223,0
2148,0,0,1,0,1,4.0304170390241305,0.0,-2.1416784184286715,1
2149,1,0,0,0,1,0.0,0.0,-0.39094834219020763,1
2150,0,1,1,0,1,20.228245421851547,0.0,-2.0682742718044027,0
2151,0,0,0,0,1,7.593287731325578,0.0,0.0664425393308507,0
2152,1,1,0,1,1,0.4715331416249066,0.0,-0.6706191362693394,0
2153,1,0,0,1,1,3.4928000605765153,0.0,0.7686717636215932,0
2154,0,0,0,0,1,10.91025684617787,0.0,-0.3022545744725873,0
2155,1,0,0,0,1,0.0,23.91388915145532,1.4487779571287416,0
2156,1,0,0,0,1,9.343398182433612,0.0,-0.8300338142770235,1
2157,1,1,0,0,1,18.091620573693508,0.0,-1.9038167758667748,0
2158,1,1,0,0,1,3.359294862279774,0.0,0.4540205478743883,0
2159,1,1,1,0,1,8.48741819576168,55.020373307181934,0.02672642501222905,0
2160,0,1,0,1,1,13.430729437275449,0.0,-2.1786526481631427,0
2161,1,0,1,0,1,11.668267960701144,0.0,-1.4308867533897092,0
2162,1,1,1,0,1,9.568900961402084,0.0,-0.5935295302099063,0
2163,1,1,1,0,1,0.0,0.0,2.3408907397129384,0
2164,1,1,0,1,1,0.6845998128164354,5.647529838291857,1.055530623449573,0
2165,0,0,1,0,1,0.0,0.0,-0.5251010083747004,0
2166,1,1,1,0,1,3.4637312709205075,0.0,0.9527132542364657,0
2167,1,0,1,0,1,34.50516872904043,0.0,-2.6905086462208585,0
2168,1,1,1,0,1,0.0,0.0,-0.3730798222694418,1
2169,0,1,0,1,1,2.5387379976197164,32.27207448032984,0.663274085130704,0
2170,0,0,0,1,0,4.968464651484065,0.0,-0.06831832781380098,0
2171,1,1,1,0,1,3.1682878775183303,0.0,-0.34037586675661846,0
2172,1,1,0,1,1,0.0,0.0,0.10096559087231988,0
2173,1,0,1,0,0,1.2003826957428134,0.0,0.35277888603138313,0
2174,0,1,0,0,0,3.713388218123634,0.0,0.13802347498433581,0
2175,0,1,0,0,1,0.0,0.0,1.252085064862045,0
2176,1,0,0,1,1,0.0,0.0,0.12793870065618235,0
2177,0,1,0,0,1,2.759496629195934,0.0,0.8043878021499893,0
2178,1,0,1,0,1,2.0246703995917987,0.0,2.1133501289345067,0
2179,1,1,0,0,1,2.7977626832348004,0.0,1.2092081061952844,0
2180,1,0,1,0,1,0.0,4.17338029324601,2.148426811367645,0
2181,1,0,0,0,1,13.105931265084518,0.0,-1.1400503887618303,0
2182,1,0,1,0,1,11.29572675456893,0.0,-2.1182897572423025,0
2183,1,0,0,1,1,0.0,0.0,-0.4595594121099609,0
2184,0,1,0,0,1,7.899721854154976,0.0,-0.1387633429470489,0
2185,0,0,0,0,1,0.0,0.0,1.5880501150583755,0
2186,1,1,0,1,0,4.216341230451239,0.0,-1.296456873800754,0
2187,1,0,1,0,1,4.115860770366291,0.0,-0.18096506938872559,0
2188,0,0,1,0,1,2.794717072003023,0.0,0.43862958853489503,0
2189,1,1,0,0,1,0.7698050623770514,3.5655875015069283,0.2781312050999788,1
2190,0,0,0,1,1,0.0,0.0,-0.49955794846553103,1
2191,1,1,0,0,1,4.846947297208507,0.0,0.6089676201041221,0
2192,1,0,0,1,1,2.2268437872642948,0.0,1.1012449675673295,0
2193,0,0,0,1,0,0.0,0.0,1.6857542031650072,0
2194,1,1,0,0,0,3.83889763139351,0.0,0.191993225543788,0
2195,1,0,0,1,0,12.201661281132719,0.0,-1.3242825646010425,0
2196,1,0,1,0,1,0.2981852168247788,42.652797568355496,1.8842036404395068,1
2197,0,1,0,0,1,0.0,0.0,-1.2293708118214275,0
2198,0,0,0,0,1,0.0,0.0,2.0119409191873707,0
2199,1,1,0,0,1,0.0,0.0,1.8704932670959744,0
2200,1,0,0,0,1,0.0,0.0,1.6264304530289535,1
2201,1,1,0,0,1,0.5260078166976176,117.3879867400149,1.0273002956455495,0
2202,1,0,0,1,1,22.98366695737906,0.0,-2.983987251376403,0
2203,1,0,0,0,1,11.765621347496388,0.0,-1.610074663776697,0
2204,1,1,1,0,1,2.7538915116274585,0.0,0.7428169224871153,0
2205,1,1,1,0,1,0.0,0.0,-0.5148281581451944,1
2206,1,0,1,0,1,7.838798538674126,31.78466429250757,-0.48355824427249544,0
2207,1,0,0,1,1,4.967737706808004,33.75233484334388,0.5043944714571843,0
2208,1,0,0,0,1,14.105327651237474,0.0,-0.49756708483665535,1
2209,1,1,0,0,1,9.344178162779222,45.053589609580754,-1.4103463735351551,0
2210,1,1,0,0,1,0.0,0.0,1.283643152817363,0
2211,1,0,1,0,1,0.0,0.0,0.5790755521967699,0
2212,1,0,1,0,1,2.2797859541215306,0.0,-0.39871480701384165,1
2213,1,0,0,1,1,0.0,0.0,0.6304207156539821,0
2214,1,0,0,0,0,9.564636774922192,0.0,-0.15833975923508697,0
2215,1,0,0,1,1,1.0534364538937382,0.0,1.424142326291515,0
2216,1,1,0,0,0,0.0,0.0,0.3435460935136118,0
2217,1,1,1,0,1,0.7933715393644938,4.869968306865643,2.04462741322327,0
2218,1,0,0,0,1,30.508934692073534,0.0,-2.678275560160272,0
2219,1,0,0,1,0,7.915863841042455,11.85765117096612,0.307800349711141,0
2220,1,1,0,1,1,0.6740593761686458,0.0,-0.35926309975147425,0
2221,1,1,0,0,1,12.396419279173024,0.0,-0.9495852650796852,0
2222,1,0,0,1,1,3.252095822025632,0.0,1.202880741638561,0
2223,0,1,1,0,1,0.892956419211562,0.0,1.4880319128016897,1
2224,1,1,0,0,1,10.14873470794841,0.0,-2.418290162038364,0
2225,0,0,0,1,1,3.861444356010736,0.0,0.6358344132050757,0
2226,1,1,0,1,1,1.4923072582861217,0.0,0.9105094993995964,0
2227,0,0,0,0,1,5.5347702443110665,0.0,-1.2055315285218036,0
2228,0,1,0,0,1,0.0,0.0,-0.9191890521128516,0
2229,1,1,0,0,1,5.531144896886455,0.0,-1.8859362874859622,0
2230,1,0,0,0,1,0.0,0.0,-0.7120408284633146,0
2231,1,1,0,1,1,0.0,0.0,-0.07718404903240475,0
2232,1,0,1,0,0,0.0,0.0,0.9401558788588957,0
2233,1,1,1,0,1,3.4434402777545596,23.74074782693181,0.6948068665607141,0
2234,0,0,1,0,1,15.78367376451843,0.0,-1.4366823875895456,0
2235,0,0,0,1,1,2.506174271835242,0.0,0.025759135929401544,0
2236,0,0,1,0,1,5.768741978099107,15.490378006650396,-0.4051781368370091,0
2237,0,1,0,1,1,7.255999251341699,22.058027743234526,-1.0465775534904902,1
2238,0,1,0,0,1,7.146345492815998,0.0,-1.884569272028643,0
2239,0,1,0,0,1,0.0,0.0,0.9497482688326495,1
2240,1,0,0,1,0,6.028382188698929,0.0,0.2913883513337182,0
2241,0,1,1,0,1,2.910514412929269,0.0,1.0626643561995612,0
2242,1,1,0,1,1,2.375855899878755,0.0,-0.7821528748694573,0
2243,1,1,0,0,0,0.0,0.0,0.3689822234902582,0
2244,1,1,1,0,1,11.665326958822023,49.48114330558115,-1.4104661082460774,0
2245,1,1,0,0,0,4.906889830891177,0.0,-1.112825999170407,1
2246,0,1,1,0,1,1.8363490022920632,0.0,0.3931772156778685,1
2247,1,1,1,0,0,3.637580014428319,0.0,0.6858118788123884,0
2248,1,0,1,0,1,0.0,0.0,-2.164886906802384,0
2249,1,1,1,0,1,6.789621059483233,0.0,-1.003657234307377,0
2250,1,1,0,0,1,0.0,0.0,-0.3177028301865422,0
2251,1,0,0,1,0,-0.004096001190556026,0.0,0.9469039781251747,1
2252,1,0,1,0,1,0.0,0.0,-1.120771523668761,0
2253,1,1,1,0,1,4.264367384008416,0.0,0.5299363619776999,0
2254,1,0,0,0,1,1.8396999152052276,0.0,0.03410258001162331,0
2255,1,0,0,0,1,10.09052747453804,0.0,-0.5996055369260459,0
2256,1,0,0,0,1,0.0,0.0,0.0630656488440764,1
2257,1,0,0,1,1,7.195068901192144,0.0,-2.0014935098415965,1
2258,0,0,0,1,1,6.133200702551962,5.409653287937799,-1.1194076141592961,0
2259,0,1,1,0,1,0.8788645525055665,12.120608248135733,2.1859806175601855,0
2260,0,0,1,0,1,3.744442803461629,0.0,1.8460990745569394,0
2261,1,0,1,0,1,0.0,0.0,0.998938553954436,1
2262,1,0,0,0,0,0.0,0.0,1.1285020031406692,0
2263,0,0,0,1,1,13.325384097140361,0.0,-2.6171658957308965,0
2264,0,1,0,0,1,7.104792275080852,0.0,-1.06433073317577,0
2265,1,0,0,0,1,14.346194409605268,0.0,-0.6782100091879832,0
2266,0,1,0,0,1,0.22058897780037914,0.0,3.2420216658099705,0
2267,1,0,0,0,0,6.097437563041854,0.0,-0.6807474873682484,0
2268,1,0,0,0,1,0.0,0.0,0.6734775035176623,0
2269,0,0,0,1,0,2.7348723988780166,0.0,0.20431619616620394,1
2270,0,0,0,0,0,0.0,0.0,0.1758380297359472,1
2271,0,0,0,0,1,13.174343793167013,0.0,-0.31011919812762967,0
2272,1,0,0,0,1,34.44418462728172,0.0,-1.816042022689437,0
2273,1,0,0,1,1,11.762856991330244,0.0,-3.7374898092614597,0
2274,0,0,0,1,1,0.0,0.0,1.3607583770057294,0
2275,1,0,0,0,1,0.0,0.0,-1.0691171664096497,0
2276,1,1,0,0,1,5.96940864121176,68.62810357274626,-2.2399048895629536,0
2277,1,0,1,0,1,2.9521871022799577,0.0,0.4805901068837494,0
2278,1,1,0,1,1,1.6482574515712862,9.409448763700269,0.6860504436083663,0
2279,1,0,1,0,1,11.051808682612208,0.0,0.902902158696149,0
2280,0,0,0,1,1,8.413975822955173,0.0,1.148116098301916,0
2281,1,1,1,0,1,3.328360797237769,150.28273265714986,-0.826302552677911,0
2282,1,1,1,0,1,2.1389959949742003,0.0,-0.7699765845354779,0
2283,1,1,0,1,0,0.0,0.0,-0.2579401835487649,1
2284,1,0,1,0,1,4.539511888209121,0.0,0.9716994355906075,0
2285,1,1,0,0,1,29.80929672304736,0.0,-2.541377912079854,0
2286,1,1,0,1,0,0.0,0.0,0.31410411019680873,1
2287,0,0,0,1,0,5.277961904863984,176.21874175548902,0.9131159353352567,0
2288,1,0,0,0,1,1.8875232125668577,0.0,0.8602962521832185,1
2289,1,1,1,0,1,2.963424603818826,0.0,1.2569588285917865,0
2290,1,1,1,0,1,1.2474496103896207,35.43071144229272,1.7106406659142928,0
2291,1,0,0,0,1,98.85480097571762,0.0,-3.796393864340094,0
2292,1,0,1,0,1,0.0,0.0,1.9852399226525104,0
2293,0,0,0,0,1,4.017791388142772,0.0,0.14291834057391967,0
2294,1,1,0,1,1,0.0,0.0,1.8583536277478454,1
2295,1,1,1,0,1,6.875875139886563,0.0,-1.1535321304491193,0
2296,1,1,0,0,1,5.738007627179529,0.0,-2.0948983610734717,1
2297,1,0,0,1,1,6.431569973164367,0.0,2.0065634368072187,0
2298,1,1,0,1,1,18.019645604702205,0.0,-1.0359479483129794,0
2299,1,1,0,0,1,4.025787026380488,0.0,-0.24788659793035517,0
2300,1,0,0,1,1,6.823410068642073,27.367750941263402,0.39514193979198564,0
2301,1,0,0,0,1,0.0,0.0,0.7092949251693002,0
2302,0,0,1,0,1,5.994507441350567,0.0,1.3003728574262854,0
2303,1,0,0,0,1,4.3562510174625135,0.0,0.005934294260226902,0
2304,0,0,0,0,1,11.615240438575533,0.0,-1.6295158055155683,0
2305,1,0,1,0,0,0.7063142888620162,0.0,0.824489769605403,1
2306,1,1,0,0,1,3.6759494137628037,0.0,1.0748717521921716,0
2307,1,0,0,1,1,39.651062607708354,0.0,-2.603244660718361,1
2308,1,0,1,0,1,4.790252629159197,25.925055036483094,1.735916597316291,0
2309,0,0,1,0,1,39.61460375546465,0.0,-3.2634567840771678,0
2310,0,0,0,0,1,3.82575515117441,0.0,1.0440520148401264,0
2311,0,0,1,0,1,4.487378317877575,0.0,-0.8916607591140151,0
2312,1,1,1,0,1,0.0,0.0,1.2530521360429296,0
2313,0,1,0,0,1,0.0,0.0,0.8030485827829792,0
2314,1,1,1,0,1,0.0,0.0,0.30248313740066035,0
2315,0,1,1,0,1,1.1437308300598503,0.0,0.9273908984068082,1
2316,1,1,0,1,1,5.473023056110098,0.0,0.03934572107005144,0
2317,0,1,0,1,1,5.3533497988195355,0.0,1.063857058009757,0
2318,1,0,1,0,1,1.304161593848372,0.0,2.7171478555076867,0
2319,1,0,1,0,1,16.102180427924456,0.0,-1.7967859080126403,0
2320,0,0,0,1,1,73.77899859777585,0.0,-4.360827299760869,0
2321,0,1,1,0,0,13.233700640590852,0.0,-0.18206306169077058,0
2322,0,1,1,0,1,4.271382494205958,0.0,-0.26955315188995643,0
2323,1,1,1,0,0,0.0,0.0,-0.13328726450940698,0
2324,1,1,1,0,1,15.565243841421946,0.0,-0.8358418610273436,0
2325,0,1,0,0,0,3.047448932973695,0.0,1.2667157365780366,0
2326,1,0,0,0,1,0.0,0.0,-2.04810170352856,0
2327,0,1,0,1,1,0.0,26.046950250456337,0.7269921353237232,0
2328,1,1,0,1,1,3.8443688055425556,0.0,0.9672359908570152,0
2329,1,0,0,1,1,3.8240830580430316,0.0,0.12507636101198327,1
2330,0,0,1,0,1,9.996758473258987,0.0,0.5435433930571825,1
2331,1,0,1,0,1,9.602398702467152,0.0,1.1350620873311532,0
2332,0,1,0,1,1,0.0,0.0,0.2185635612888298,0
2333,0,0,1,0,1,3.561746619481144,0.0,-0.5235156655688356,1
2334,1,1,0,0,1,1.8682449734382542,0.0,0.7725541614398261,0
2335,1,0,0,1,1,3.0543264030233868,20.566465216961607,0.4884687841433485,0
2336,1,0,0,0,0,0.0,0.0,0.8587917071600035,0
2337,1,0,0,1,1,9.945236071612882,0.0,-2.4718627326598126,0
2338,0,1,0,1,1,6.74115397461093,0.0,-0.0849203464762337,0
2339,1,0,1,0,1,25.126836402865457,0.0,-1.4436714079027508,0
2340,1,1,0,1,0,4.259076791092862,0.0,0.8680349780633918,0
2341,1,1,0,1,1,0.0,0.0,1.0801877393123356,0
2342,1,1,0,0,1,3.9597014684064415,0.0,-0.20124823188106522,0
2343,0,0,0,0,0,29.356039875372748,0.0,-1.2134630169067946,0
2344,1,1,1,0,1,1.6215307208775434,175.8691124135015,1.1141133247054018,0
2345,1,0,1,0,1,0.0,0.0,-0.25055016575098743,0
2346,1,1,0,0,1,0.865540534686396,0.0,1.9758773275178279,0
2347,1,0,0,0,1,-0.05649881185394837,0.0,1.9893799093113456,1
2348,1,0,0,1,1,2.49483772863769,121.61995276373479,1.0009101422526583,0
2349,0,1,1,0,0,2.3957791291828996,0.0,0.6478014797415725,0
2350,1,1,0,1,0,0.0,35.88439389766111,2.4867358543137863,0
2351,1,1,0,0,1,0.0,15.483578375942532,0.45812197194214427,0
2352,1,0,0,1,1,12.412530398885504,0.0,-0.8933681797319755,0
2353,0,1,0,0,1,9.246081160514944,29.439368200236324,-0.7144357586381704,1
2354,1,0,0,0,1,8.143255464075205,0.0,-1.1804819999374305,0
2355,1,1,0,0,1,0.0,0.0,0.14184672341112486,1
2356,0,0,0,1,1,0.0,60.828619823810165,0.31275112468770383,0
2357,1,0,0,1,1,17.74692391590738,0.0,-2.091400882541975,0
2358,0,0,0,0,1,18.934203030668012,0.0,-0.8546251872866103,0
2359,0,0,0,1,0,12.621333980642282,80.7306976874717,-0.007550702147332777,0
2360,0,1,0,1,1,1.2984598127952656,0.0,0.9738416245259289,0
2361,1,0,1,0,1,19.007095328472385,11.656778520103888,-0.1131811226621714,0
2362,1,1,1,0,1,2.011592607829772,0.0,0.6629704113002761,0
2363,0,0,0,0,1,0.0,0.0,-1.8653086809478994,1
2364,1,0,1,0,1,4.270755390105711,0.0,-1.2470870242272325,0
2365,1,0,1,0,1,2.777676518613302,0.0,-0.15790315172361377,0
2366,1,0,1,0,1,0.0,0.0,0.5735054274431932,1
2367,1,1,0,1,1,0.0,0.0,0.4460682139927816,0
2368,1,1,0,1,0,4.332491175701941,0.0,-0.9364952147994257,0
2369,0,1,0,0,1,2.32906813372631,0.0,-0.15279935174168896,1
2370,1,0,1,0,1,0.0,0.0,1.8551530788823143,0
2371,1,0,0,1,1,0.0,0.0,0.41665053772359895,0
2372,0,1,0,1,1,7.886964609691891,0.0,-0.0580422954961993,0
2373,0,1,0,1,1,21.53832195155829,0.0,-1.163071055001148,0
2374,1,1,0,0,1,18.477109648526206,44.24890010351605,-0.763115029939299,0
2375,1,1,0,0,0,0.0,0.0,0.1584356636596134,0
2376,1,1,0,1,1,2.012597468407724,29.329882901203874,0.5032122862080084,0
2377,1,0,0,1,1,2.6072223274644966,0.0,0.4439212097299956,0
2378,1,0,1,0,1,0.0,0.0,0.4166215480176826,1
2379,1,1,0,1,1,4.004107791426014,0.0,-0.3239025437039167,0
2380,1,0,0,1,1,11.145400304097242,0.0,-0.9342142712225028,1
2381,1,0,1,0,1,0.0,0.0,2.540145769330774,0
2382,1,1,0,0,1,6.1870507199140405,0.0,-0.5622781720676917,0
2383,1,1,1,0,1,30.166369928394868,9.66264471976391,-1.303380729981309,0
2384,1,1,1,0,1,4.851044066340786,0.0,-1.7475583719071195,0
2385,0,1,0,0,1,6.257381746821065,0.0,-0.3020817755260312,0
2386,0,0,0,0,1,0.0,0.0,0.923179290453543,1
2387,1,0,0,0,0,4.850348135611151,0.0,-1.017213042356728,0
2388,0,1,0,0,1,0.0,0.0,2.041218613687374,0
2389,1,0,0,1,1,15.812785976711726,53.57769482858446,-0.2893203777773523,0
2390,1,1,0,0,0,0.0,0.0,1.5702343254358302,0
2391,1,0,0,1,1,0.0,54.53749441411591,-1.2498830496352826,0
2392,1,0,0,0,1,0.0,0.0,-1.2300374117373332,0
2393,1,1,0,0,1,0.0,0.0,0.2665385002623652,0
2394,0,1,0,0,1,4.273141431447728,0.0,0.7676699729214671,0
2395,0,0,0,0,1,6.026769523960266,0.0,-0.5090652704844203,1
2396,0,0,1,0,1,5.270496272905547,0.0,0.29435577687140485,1
2397,0,1,0,0,1,1.528554036576614,0.0,0.9032620204162973,0
2398,1,1,0,0,1,8.74913620971573,0.0,-1.66824727010991,0
2399,1,1,0,0,1,8.860114810906223,0.0,-0.2863999349620996,0
2400,1,0,0,1,0,19.87858920349604,50.94826622297375,-0.9439136371964884,0
2401,1,0,0,1,1,3.701588619365374,0.0,-0.8817563617547118,0
2402,0,0,1,0,1,2.9369689174077283,0.0,0.4408034925034862,0
2403,1,0,0,1,1,3.0273506159987784,0.0,-0.9261304775452975,1
2404,1,0,0,1,1,61.92874539403643,0.0,-2.846499374351149,0
2405,1,0,0,1,1,12.345289540519355,0.0,-0.5827438743479364,0
2406,0,1,1,0,1,0.0,0.0,-1.0124397200106405,1
2407,1,0,0,1,1,4.231084717241945,0.0,0.3553049359136583,0
2408,0,1,0,0,0,0.0,0.0,1.1812921495727617,0
2409,1,1,1,0,1,8.771158185002163,0.0,-2.4337809408299096,0
2410,1,0,1,0,0,17.208894740694898,0.0,-1.0710170496516136,1
2411,1,0,0,1,1,0.0,0.0,0.17231746997658537,0
2412,0,0,1,0,1,16.213784085700272,24.320557129285827,-1.8833601730580014,1
2413,0,1,1,0,0,0.0,0.0,1.3518059227906694,0
2414,1,0,0,0,0,0.0,0.0,1.0631251646236441,0
2415,1,0,1,0,1,6.4148201322159055,0.0,-0.28738001138334224,0
2416,1,1,0,1,1,4.622903034690687,5.643449393341193,-0.8406068473835837,0
2417,1,1,0,1,0,16.464760281431744,0.0,-2.8075265606084003,0
2418,1,0,0,1,1,5.135343293257772,120.4446241804176,0.7619523772942087,0
2419,1,1,1,0,1,0.0,0.0,2.9132473327057347,0
2420,0,0,0,1,1,0.0,0.0,2.018433533868996,0
2421,0,1,0,1,1,0.0,0.0,-0.09956610238784638,0
2422,0,1,0,0,1,19.549178500091195,14.273931169608703,-1.2486250466789095,1
2423,0,0,0,1,1,0.0,0.0,0.79215900970001,1
2424,0,1,1,0,1,3.543080022084271,59.100581827892185,0.18760796652540648,0
2425,0,0,1,0,1,5.245529426809145,0.0,0.5320086062635756,0
2426,1,0,0,0,1,4.730414643136074,0.0,0.10752218022008986,0
2427,1,1,1,0,1,0.0,0.0,0.46904443415015296,0
2428,1,0,1,0,1,0.0,0.0,1.23649766845764,1
2429,0,0,0,1,1,0.0,181.76414269674078,1.084055128359191,0
2430,1,0,0,0,1,3.6257190588851858,0.0,-0.9490402364308002,0
2431,1,0,0,1,0,6.8798430524405445,44.16117907808752,-1.461583963374625,0
2432,1,0,0,0,1,34.39267786346974,78.39464138646753,-3.478868274624242,1
2433,1,0,0,0,1,0.0,10.849584051078663,-0.7230865409277365,0
2434,1,1,0,1,1,31.539067319815643,0.0,-1.2494562028945073,0
2435,0,0,1,0,1,0.9160809440541944,0.0,0.456572056316274,0
2436,1,0,0,1,1,7.595750606929494,0.0,-0.7099096766021503,0
2437,0,0,1,0,1,6.200437647362636,25.04418569873484,-0.3711086723805376,0
2438,1,0,1,0,1,0.0,0.0,0.9593166025624078,0
2439,0,0,0,0,1,0.0,0.0,0.22848599044319295,0
2440,1,0,0,0,1,11.492957211048305,0.0,-0.42936327671892116,0
2441,1,0,1,0,1,0.0,0.0,2.0786248651971317,0
2442,0,1,1,0,1,0.0,0.0,1.294830612906284,0
2443,0,1,0,1,1,12.467246000093388,0.0,-0.38230189279250176,0
2444,0,0,0,1,1,9.324636094567904,0.0,-0.7552041804187264,0
2445,0,0,0,1,1,0.0,0.0,0.7291260076851658,0
2446,1,0,1,0,1,4.39660709914181,0.0,0.179642493925743,0
2447,1,1,1,0,1,9.444634342559324,0.0,-1.085084429227491,0
2448,1,1,0,0,1,3.7838633948867244,0.0,1.29523243491593,0
2449,0,0,0,0,1,0.32060236218755744,62.133882409055296,1.3292572162520044,0
2450,0,0,0,0,1,0.0,0.0,1.2321777510474816,0
2451,0,0,1,0,1,3.959404144784134,0.0,1.8947187219385133,0
2452,0,0,1,0,1,0.0,0.0,2.5685736058329485,1
2453,1,0,1,0,1,0.0,0.0,2.1343475652133135,0
2454,1,0,0,0,1,0.0,0.0,0.156047080652444,1
2455,1,0,0,1,1,9.44850760424409,0.0,-0.5467876803724476,0
2456,1,0,0,0,0,34.147278658049736,5.7365395329838424,-2.621890172162736,0
2457,0,0,0,1,0,6.764463579318266,0.0,-0.26608915783674286,1
2458,1,1,0,0,0,3.470272321639185,0.0,0.814494155407298,1
2459,0,1,1,0,1,1.1073585687754117,0.0,0.4057477189470137,0
2460,0,0,0,0,1,30.842147060910296,16.99444278955003,-2.6969228783006933,1
2461,1,0,0,1,1,3.2729302390567767,0.0,-0.6468753263962543,0
2462,0,0,1,0,1,0.0,0.0,0.7460250225365528,1
2463,1,1,1,0,1,5.001361677918065,0.0,-0.9631712447538069,0
2464,0,0,0,0,1,7.0369962281800245,0.0,-0.0679152060963828,0
2465,1,1,1,0,1,0.0,0.0,0.9024825611254411,0
2466,1,0,0,1,1,1.87216510025622,0.0,1.1509985805129528,0
2467,1,0,0,1,0,0.0,0.0,1.91213490277635,0
2468,1,0,0,1,1,12.57880621051945,0.0,-0.7636173601416529,0
2469,0,0,1,0,1,9.823729453793996,0.0,0.15520944869209805,0
2470,0,1,0,1,1,1.1729368540169385,0.0,0.4252885408736268,1
2471,0,0,0,1,0,0.0,0.0,0.5511998200171102,0
2472,1,0,0,1,1,0.0,47.0108855587287,0.40787594962092244,0
2473,0,0,0,0,1,0.7666980127258993,0.0,1.5440071171837066,0
2474,1,0,1,0,1,58.77471989717066,0.0,-3.0640598146826727,0
2475,1,1,0,0,0,0.0,0.0,0.6850669801254305,0
2476,0,1,0,1,1,1.0210396466069844,0.0,0.7738860915510191,0
2477,0,1,0,1,1,12.580867968349857,0.0,-0.1510934176383562,0
2478,0,1,0,0,1,33.49601691424303,0.0,-2.7479324703943484,0
2479,0,1,0,1,1,0.9568816040712664,0.0,0.0719249782097487,0
2480,1,0,0,1,1,5.163564222612222,0.0,-1.1895177762431677,0
2481,1,0,0,0,1,0.0,0.0,1.8677829247023665,0
2482,1,1,0,0,1,2.5562700826079956,40.516934035775435,0.6303729533796779,1
2483,1,1,1,0,1,5.75495242778162,68.90778542711864,-0.6682205791926529,0
2484,1,1,1,0,1,12.920609483293042,0.0,-2.2773856061377877,1
2485,1,0,0,1,0,0.0,0.0,0.4759906332395202,0
2486,1,1,0,0,1,0.41416132278265794,0.0,1.0410709679918673,0
2487,1,0,0,0,1,8.425065170652646,0.0,-0.5561943694765326,0
2488,0,0,0,0,1,6.174300672592441,0.0,0.49270461715917846,0
2489,1,1,0,1,0,0.0,83.69249848178703,-0.2957862764330429,1
2490,1,0,1,0,1,0.7623733442348926,0.0,1.286035552215247,0
2491,1,0,1,0,1,0.0,0.0,1.1906365897862785,0
2492,0,1,0,1,0,5.068592769157522,0.0,-1.9478244753957412,0
2493,1,1,1,0,1,8.374994272452934,0.0,-1.4358455602446232,0
2494,1,0,0,1,1,0.0,0.0,2.3200406054957163,0
2495,0,0,0,0,1,0.0,0.0,0.913211328034675,0
2496,0,0,0,1,1,3.9223745719460776,0.0,-1.8958476864365583,0
2497,1,0,0,0,1,14.07573426588167,0.0,-2.29008644918132,0
2498,1,1,1,0,1,5.29648679148629,0.0,0.6159482439809554,0
2499,1,0,0,1,1,18.481969532256173,0.0,-1.7421637015977929,0
2500,1,0,0,1,0,5.707066362689574,0.0,-0.6853854565438069,0
2501,1,1,0,1,1,2.2396251695219425,0.0,0.08948263731103068,0
2502,0,0,1,0,1,5.110443908789844,0.0,-0.19576113774683562,0
2503,1,0,0,1,1,0.0,0.0,1.1619690006815906,0
2504,1,0,0,1,0,1.3730506678135415,0.0,2.068487986080645,0
2505,0,1,0,0,1,4.828588741121626,0.0,-0.46301485162516337,0
2506,1,1,1,0,1,5.448758213989867,1.4405860223238793,-1.0972437296681479,0
2507,1,0,0,1,0,8.996307778720386,0.0,0.21772307837897698,0
2508,1,0,0,0,1,0.564398587452134,0.0,1.8082945464866815,0
2509,1,0,1,0,1,2.257105281836843,13.52398105439904,-0.5961154001147442,0
2510,1,0,0,0,0,2.3110574940193938,22.40413451125329,0.8084593817781927,0
2511,0,0,0,0,1,11.508254725230525,0.0,-1.3515335584436725,0
2512,1,1,0,1,1,3.3126266531119297,12.110562808276486,0.1772273511681569,0
2513,0,1,0,1,1,7.319811895264834,0.0,-1.3372861213442002,0
2514,1,1,0,1,0,1.4762869755785948,0.0,0.16386503741343594,0
2515,0,1,0,0,0,1.884008242246363,0.0,0.0009376272440324018,0
2516,1,0,0,0,1,2.8850304071118646,0.0,0.4983973109274583,1
2517,1,1,0,0,1,0.0,0.0,2.4259188591225898,1
2518,1,1,0,0,1,9.595727178255181,221.78423333861244,-0.3477861387639597,0
2519,1,0,1,0,1,23.118946857634228,0.0,-2.6396533086024863,0
2520,1,1,0,1,1,2.880647104526067,0.0,-0.10869297814985807,0
2521,1,1,0,1,1,6.1160317428888336,0.0,0.5331265580651892,0
2522,0,0,0,1,1,7.208406178385429,0.0,-0.02156788703137541,0
2523,1,1,1,0,1,1.195756330689842,0.0,0.14849880283487252,0
2524,1,0,0,0,1,0.0,0.0,1.6242751242193298,0
2525,0,0,0,0,1,0.0,0.0,-0.10564538896919709,0
2526,1,1,0,1,1,5.821481580646983,0.0,0.015860780647082184,0
2527,1,0,0,1,1,17.43545124618325,16.12819019379809,-1.2754638423436435,0
2528,0,0,1,0,1,6.235348429660305,0.0,-2.315789679796731,1
2529,0,0,1,0,1,0.0,0.0,0.34141687848695956,0
2530,1,0,1,0,1,7.053012169309545,0.0,0.23413491183021584,0
2531,1,0,0,0,1,27.601162365615945,6.491331098535047,-1.6359430847080614,0
2532,1,0,0,0,1,11.481845884384867,0.0,-0.3367966202263261,0
2533,1,0,0,0,0,0.0,0.0,-0.46412983491470555,1
2534,0,1,1,0,1,0.0,0.0,-0.4493606712437451,1
2535,0,0,1,0,1,12.37188020889643,0.0,-1.0954377128310193,0
2536,1,0,1,0,0,3.3369287419268776,0.0,0.4385045390142152,0
2537,1,0,0,0,1,11.899757851039599,0.0,-0.5690389779844489,0
2538,0,1,1,0,1,1.8579043524910839,0.0,-0.4064717970275312,0
2539,1,1,0,1,1,6.046637135767609,0.0,-0.9529401929432355,0
2540,0,0,1,0,1,8.562099768075074,22.782209158838043,-0.24638088417604576,0
2541,1,0,0,1,1,8.189078304458432,0.0,0.9033389681533048,0
2542,1,0,0,0,1,3.9239414604514806,0.0,-0.015500705006740945,0
2543,0,1,0,0,1,8.031350049915975,0.0,-0.15351618812753492,0
2544,0,1,1,0,1,0.0,0.0,0.7448677434475783,0
2545,1,0,0,1,1,4.657582305983471,0.0,1.4664128187745284,0
2546,0,1,0,1,0,1.2462852629546837,0.0,0.7777299650305693,1
2547,1,0,0,1,1,8.257264538918136,0.0,0.05305725641325848,1
2548,1,1,0,1,1,0.0,0.0,0.9673177654526521,0
2549,1,1,1,0,1,1.4150264994543633,0.0,0.14774241725140966,1
2550,1,1,0,0,1,2.8273139846164987,120.08260826544144,0.3856068105849888,0
2551,0,0,0,0,0,18.77818367652318,0.0,-0.9058629425655622,0
2552,1,0,1,0,1,8.19404514171443,0.0,-2.0647082513094794,0
2553,1,0,0,1,1,1.6173227866694266,0.0,0.15882989105580037,0
2554,1,0,0,0,1,6.356767656447194,0.0,0.16375050807748665,0
2555,0,1,0,0,1,1.1715337339017569,0.0,-0.21827258658592663,1
2556,0,0,0,0,1,8.385935007871002,0.0,1.045850967810261,0
2557,1,1,0,0,1,15.348427469954881,24.57863360620959,-0.77365225070289,0
2558,1,1,0,0,1,21.734227345992522,0.0,-2.117372047186799,1
2559,0,0,0,0,1,9.711962776141423,9.909907183988306,-1.1723082826946516,1
2560,1,1,1,0,1,24.678266061056885,119.63416259729385,-1.6224023072665426,0
2561,0,0,1,0,1,0.0,0.0,0.35268653502806413,0
2562,1,0,1,0,1,6.58521901706824,0.0,-1.0426596732231945,0
2563,0,0,0,1,1,0.0,0.0,0.9804021663945957,0
2564,1,0,0,0,0,1.5078641731989846,0.0,0.9536624672761094,1
2565,1,0,1,0,1,9.0786262100184,0.0,-1.2639668393448065,0
2566,1,1,1,0,1,1.5132189280867476,63.51946728817619,-0.6843767849668022,0
2567,1,1,0,1,0,2.687397152828041,0.0,0.8340827554350747,0
2568,1,1,0,0,0,1.2392312449754912,0.0,1.4041949202534276,0
2569,0,0,0,0,1,16.93151006764036,0.0,-2.8561543828776044,1
2570,1,0,0,1,1,4.59933473447516,0.0,0.08053871363783455,0
2571,1,1,0,1,0,10.936038805411995,0.0,-2.662915958839379,0
2572,1,0,0,0,1,9.123566852591484,0.0,-0.9821006206704149,0
2573,1,0,1,0,1,6.113658575226964,0.0,1.319880714107176,1
2574,1,0,0,1,1,-0.28940074745852223,0.0,3.5725057707767824,0
2575,1,0,0,1,1,12.302508221505901,0.0,-0.5856945077106783,0
2576,0,0,0,0,0,15.655191398032386,0.0,-1.876308324313658,1
2577,0,0,1,0,1,0.0,0.0,-0.737269983251285,1
2578,1,0,1,0,1,5.240460546762269,0.0,0.004569200691589559,0
2579,0,1,0,0,1,3.5904997452846743,33.268228133268416,-0.7079087866097613,1
2580,1,0,0,1,1,14.695490957464402,17.283322213613094,-1.46377430525415,0
2581,1,1,0,1,1,0.0,0.0,-0.3963680082846001,0
2582,0,0,1,0,1,2.3800461251203693,0.0,0.4263389007683102,0
2583,0,1,0,0,1,1.4446367590996552,0.0,-0.0668434419921233,0
2584,1,1,1,0,1,6.368562140878796,0.0,-0.7784515841190819,0
2585,1,1,0,1,1,9.314518480955277,0.0,-0.7076799995978162,0
2586,1,0,0,0,1,14.913726714935926,0.0,-0.8097389435781537,0
2587,1,1,0,0,1,0.0,5.835945417433114,-1.1292657889077982,1
2588,1,1,0,0,0,7.534190241366401,104.02968508198583,-0.7551455953763391,1
2589,1,0,0,0,1,3.3081074017277166,9.739615571409153,0.5438540807727879,0
2590,0,1,0,1,1,4.2802841014271795,0.0,-0.1448108303686278,0
2591,0,0,1,0,1,8.13635274111068,0.0,-2.3244633076275436,0
2592,1,0,0,0,1,0.0,0.0,1.031934334803167,1
2593,0,0,1,0,1,0.0,0.0,0.4534013693248922,0
2594,0,1,0,0,1,0.0,0.0,-1.6204101935964135,1
2595,1,1,0,1,1,0.0,0.0,-0.31768512782578784,0
2596,1,0,1,0,1,3.884605098529752,0.0,-1.0938865011939691,1
2597,0,1,1,0,1,0.5208877274903614,0.0,1.2164393076219286,0
2598,0,1,0,1,1,7.785900434246891,0.0,-0.3257148493409982,0
2599,1,0,1,0,1,3.347399585396791,0.0,-0.17314986737403065,0
2600,1,0,0,0,1,4.545994048489681,16.40782948713029,-0.5221688573980892,0
2601,0,1,0,0,1,10.44241584329121,0.0,-1.7445721980485027,0
2602,0,0,0,1,1,0.9238701126266355,0.0,1.5189070949851589,0
2603,1,0,0,0,0,8.051942243539981,0.0,0.5677824731949052,0
2604,1,0,0,1,1,4.557989180230937,0.0,-1.236651009343831,1
2605,0,1,0,0,1,3.1488273477404496,0.0,0.3955832588740384,0
2606,1,1,1,0,1,0.5994923770302838,0.0,1.5968709310046565,0
2607,1,0,1,0,1,5.95733361158885,0.0,-0.008651503670282598,0
2608,1,1,1,0,1,0.0,0.0,2.3426453589351555,0
2609,1,0,1,0,0,0.0,0.0,3.6548490776547915,0
2610,0,1,0,0,1,0.0,0.0,-0.01143582196657042,1
2611,1,0,0,0,1,5.913261930008257,0.0,-1.0256380710923065,0
2612,0,0,0,1,1,7.699156080734696,0.0,-1.5464438425865272,0
2613,1,0,0,1,1,20.699158756688988,0.0,-3.113375517561968,0
2614,0,0,0,1,0,6.907242485372202,2.7244728755032805,1.3176256658555447,0
2615,1,1,0,1,0,4.401917369966444,0.0,-0.30247207688100075,0
2616,1,0,0,1,1,0.0,0.0,0.8404553567616848,0
2617,0,1,0,0,1,0.0,0.0,1.5278587787376894,0
2618,0,0,0,0,1,24.866254787953704,0.0,-1.6636418943117073,0
2619,1,0,0,1,1,0.0,0.0,-1.471442169273843,0
2620,1,0,0,1,1,2.5825394604536576,0.0,1.9531992184965545,0
2621,1,0,1,0,0,0.0,0.0,-0.16968339173581004,1
2622,0,0,0,1,1,3.4151618903989434,0.0,-1.125168047511941,0
2623,1,1,1,0,1,12.917271871843683,0.0,-0.9878218174773966,0
2624,0,0,1,0,1,11.797537981370859,0.0,-0.26106339891342356,0
2625,1,0,0,0,1,10.464475810059641,0.0,1.6501048588521943,0
2626,0,1,0,1,1,0.3776974156082109,0.0,1.0273606166568017,0
2627,1,0,0,1,1,7.486651937440591,0.0,-0.04734419672218357,0
2628,1,1,0,1,1,0.0,0.0,2.183306807796542,1
2629,0,1,0,0,0,0.0,0.0,1.9365922111622484,1
2630,1,1,1,0,1,0.0,0.0,0.7776764297248311,0
2631,0,1,1,0,1,0.05522113306607022,0.0,3.903433161646252,0
2632,1,0,0,0,1,4.773632301340065,0.0,-0.596701639159691,0
2633,1,0,0,0,1,0.0,0.0,1.1254764763637672,1
2634,0,0,0,0,1,13.296072870758618,0.0,-0.7830356544539229,0
2635,1,0,1,0,1,6.288841556438745,0.0,1.0756459986168592,0
2636,1,0,0,1,1,11.182434795699784,0.0,-0.5979355949629136,0
2637,1,0,0,0,1,6.090666167550569,0.0,0.31055144437378746,0
2638,1,1,1,0,1,-0.01204369480924954,0.0,3.409373964649666,0
2639,0,0,0,1,1,0.0,0.0,0.9383703057680315,0
2640,1,1,0,1,0,0.0,0.0,0.7603566242430098,0
2641,1,0,0,1,1,5.3232216137891495,0.0,-1.271619573988341,0
2642,1,0,0,1,1,0.0,0.0,-0.03906725823587043,0
2643,0,0,0,1,0,6.134819313049115,13.183335513269645,-1.570243202015382,0
2644,0,0,0,0,1,3.230831816849216,0.0,0.8553297257434009,0
2645,0,1,0,1,1,0.0,0.0,1.2532033788029955,0
2646,1,0,1,0,1,0.0,0.0,-0.3099333707693951,0
2647,1,0,0,1,1,0.9079539125046914,0.0,1.8493209432111473,0
2648,1,0,1,0,1,0.0,0.0,1.8693069687935897,0
2649,0,0,0,1,0,5.307612260744225,0.0,-0.08845235398918005,0
2650,1,0,1,0,1,0.2550491906173947,0.0,0.6438542357177248,1
2651,1,0,0,0,1,2.75687697083453,0.0,-1.0332252389646102,1
2652,1,1,1,0,1,6.700751605256218,0.0,0.001608925060367139,0
2653,0,0,0,0,1,0.0,0.0,-1.6598498738733727,1
2654,1,0,0,0,1,5.383205945892394,0.0,-0.8922713468428776,1
2655,1,0,0,0,1,12.089034721132318,0.0,-0.413617746247435,0
2656,0,0,0,0,1,12.208016100298362,0.0,-2.4052700757184597,0
2657,0,1,1,0,1,0.0,0.0,1.0883218879950367,0
2658,1,0,1,0,1,1.3783149075324976,210.9928055602709,1.228324186273631,0
2659,0,1,1,0,1,11.130233095356635,0.0,0.33986529931606474,0
2660,1,1,0,0,1,23.91368820850704,0.0,-3.3024698348012875,0
2661,1,0,1,0,1,7.494040611713661,0.0,-0.4038307384513247,0
2662,1,1,1,0,1,0.0,0.0,-1.4335343518303745,1
2663,0,1,0,0,1,0.0,0.0,-0.6303123616470421,1
2664,0,1,0,1,1,0.44698203654441393,113.1774166294041,2.0084784648045115,0
2665,1,0,0,1,1,36.65626229311953,0.0,-3.396125546073005,0
2666,1,0,0,0,1,10.51862335985246,0.0,-1.3249440318558185,0
2667,0,0,0,1,1,14.046541870536865,0.0,0.7818491031742627,0
2668,1,1,1,0,1,3.7230466996558294,0.0,-0.5484654330222857,0
2669,0,0,0,0,1,17.975078453629937,0.0,-1.2763906267800644,0
2670,0,0,0,1,1,0.0,0.0,2.3214798958176353,0
2671,1,0,0,1,1,5.275168624177732,0.0,0.20433586356547057,0
2672,1,0,1,0,1,3.6009541427046443,0.0,1.115907086120929,0
2673,1,1,1,0,1,0.0,66.3881287392166,0.9831772388790005,0
2674,1,0,1,0,0,1.0291554758911854,0.0,0.12697266124643614,0
2675,1,0,0,1,1,3.2205803100905754,0.0,1.3379518847643181,0
2676,0,0,0,1,0,2.0469953218972745,0.0,2.158843653718127,0
2677,0,0,0,1,1,25.253802373630638,0.0,-2.434901663501625,0
2678,1,0,0,1,1,6.622053171896706,0.0,-0.3252062159194201,0
2679,0,0,0,0,1,0.0,0.0,-0.33529439794998755,0
2680,1,1,1,0,1,2.3651387259549397,0.0,-0.1994748611996774,1
2681,0,0,1,0,0,7.402441026209811,0.0,1.1757576057260006,0
2682,1,0,0,1,1,2.6135092917046268,60.33841818197192,0.0488162336243933,0
2683,1,1,1,0,1,0.0,0.0,2.8146052664867574,0
2684,1,0,0,1,1,0.0,0.0,1.1283410038990112,0
2685,1,1,0,1,1,0.5891625727868142,0.0,1.8968191203696934,1
2686,0,0,0,0,1,20.72951333949724,0.0,-1.8149302015823796,0
2687,1,1,0,0,1,5.099906846033974,0.0,-0.8817899827418276,0
2688,1,0,0,1,1,10.679316334747693,0.0,-1.2063250622333097,0
2689,1,1,0,1,0,0.0,0.0,1.8435920668805752,0
2690,1,0,0,0,1,8.169151774169885,87.87100414762133,-1.5179856462487151,1
2691,1,0,0,0,0,41.7060891811347,0.0,-1.4805559669897752,0
2692,1,1,0,0,0,0.0,0.0,-1.2853349342727112,1
2693,1,0,1,0,1,0.0,0.0,3.443874840164804,0
2694,0,0,1,0,1,3.5993989756744718,0.0,-0.2620568443726385,1
2695,1,0,0,1,1,4.71444535149152,16.361911182312056,0.3982566611956021,0
2696,1,1,0,0,1,6.258885972011095,0.0,-1.3099901670338592,0
2697,1,0,0,0,0,6.269472815372848,0.0,0.9478507518975727,0
2698,0,1,0,0,0,21.072512723527637,0.0,-2.120293280310383,1
2699,0,1,0,1,0,5.829766372864669,0.0,-1.1031235138565678,0
2700,1,0,0,0,1,3.358142846797345,0.0,-1.21615859132416,0
2701,1,0,0,0,1,2.139922207649421,165.0503959831645,0.00015556929059062918,1
2702,1,0,1,0,1,9.227744774838424,0.0,-1.0951453620316067,0
2703,1,1,0,1,0,-0.1860067260831808,0.0,2.1007175694024545,1
2704,0,0,1,0,1,0.0,0.0,0.5641257016658234,1
2705,0,0,0,0,1,22.451351022860276,0.0,-1.1626923853878828,0
2706,1,0,0,0,1,0.0,0.0,0.996949858647681,1
2707,0,0,1,0,1,7.479481252688501,0.0,-0.5834042512295139,1
2708,0,1,0,1,1,2.6699078857062517,0.0,-0.6057588956673441,0
2709,0,1,0,1,1,0.0,12.294447724172905,1.2966440287939764,0
2710,0,0,1,0,1,22.491500678250837,25.04396004061841,-3.2196154571368933,0
2711,1,0,0,1,1,4.387037313848553,0.0,0.6605658454127475,0
2712,0,1,0,0,1,9.413951595733858,0.0,-0.7627613365934829,1
2713,1,1,0,1,1,10.45105446779362,0.0,-0.7646973486750359,0
2714,1,1,0,0,1,0.6088231706009886,0.0,2.6564152767010847,0
2715,1,0,0,0,1,11.981641505237041,10.636421657166522,-0.9599523478653562,1
2716,0,1,0,0,1,1.0143645965113497,4.842521079889712,1.373570729935861,1
2717,1,0,1,0,1,9.46533249851605,0.0,0.27743325333123,0
2718,1,0,0,1,1,0.0,0.0,0.2102285124474536,0
2719,0,1,0,0,1,3.7717100822562806,0.0,-0.1706940900186646,1
2720,1,0,0,0,1,15.954001320096818,2.959700597506771,-0.6674758429989095,0
2721,1,0,1,0,1,0.0,0.0,1.8758251394072223,0
2722,1,0,1,0,1,0.0,0.0,1.1109888893289372,0
2723,0,1,0,0,1,3.925390670151203,0.0,-0.4895916270093423,0
2724,1,1,0,0,1,17.18102577325632,0.0,-1.1887214600824685,1
2725,1,1,1,0,1,0.6993603695493567,0.0,-0.39812637872725143,0
2726,1,0,1,0,1,0.0,0.0,1.176313945665005,0
2727,0,0,1,0,1,0.0,67.23596021087418,1.4287254715730022,0
2728,0,1,0,0,1,2.0668584434389254,8.553482324338617,0.8603278105803924,0
2729,1,1,0,0,1,0.0,12.982486204537802,-1.9194667919467743,1
2730,0,0,0,1,1,6.925528760148713,0.0,0.6848372230767538,0
2731,0,1,0,0,1,0.0,0.0,1.8185801006117162,1
2732,0,1,1,0,1,5.674708626668151,0.0,0.5721523784678875,0
2733,1,0,0,0,1,0.0,0.0,2.2541479111701337,0
2734,1,1,0,1,1,9.072636108551391,34.21432317092849,-1.5408424395633806,0
2735,0,1,1,0,1,1.340412170172172,0.0,1.226553626172128,0
2736,1,0,1,0,1,13.601125966650491,0.0,-1.3858833388326401,0
2737,1,1,0,1,0,2.443136002752049,0.0,1.504933642833599,0
2738,1,0,1,0,1,1.4563640518437055,0.0,0.7044618953485156,0
2739,1,0,0,0,1,1.9102941082077285,0.0,2.0257354454562924,1
2740,1,0,0,1,1,3.7053965763793855,0.0,0.3596269961065265,0
2741,1,1,0,0,1,3.6367598363811586,0.0,-0.3671277031173263,0
2742,1,0,1,0,1,4.982489015208243,0.0,-0.7085698718989151,0
2743,0,1,1,0,1,2.464110900153037,0.0,0.029773131503666395,0
2744,1,0,0,0,1,18.31302069623817,0.0,-0.9337267727690907,0
2745,1,1,0,0,0,0.7443279308034425,0.0,1.8742994826845258,1
2746,1,0,0,1,0,5.490240144712437,0.0,1.3528169942550048,0
2747,1,1,0,0,1,10.782171135176494,0.0,-1.765606329526209,0
2748,0,1,1,0,0,0.0,0.0,0.39910098314578796,0
2749,1,0,0,0,0,6.728596824780519,0.0,-0.2000108584958134,1
2750,0,1,1,0,1,0.0,0.0,-0.6500579607048286,0
2751,0,1,0,1,1,0.0,0.0,0.71095998985452,0
2752,1,0,0,1,1,0.0,0.0,1.5898890724198436,0
2753,0,0,0,0,1,0.0,0.0,0.8615154994601806,1
2754,1,1,1,0,1,3.284649815912055,0.0,2.074247537845765,0
2755,1,0,0,1,1,0.0,14.637556037529158,-1.1996388448456443,1
2756,1,0,0,1,1,0.0,0.0,-0.2332700508586642,0
2757,1,0,0,1,1,4.765028299298395,0.0,-1.2600290294606666,0
2758,1,0,1,0,1,0.0,0.0,0.22647049034312478,0
2759,1,0,1,0,1,0.0,22.547628657372286,0.34169716365727665,0
2760,1,0,1,0,1,0.0,0.0,1.1485926469131609,0
2761,1,0,0,1,0,10.607076311209925,0.0,1.401269572924104,0
2762,1,0,1,0,1,1.9737063127914505,0.0,0.8018907698505755,0
2763,0,1,0,0,1,2.114082216639837,0.0,-0.9510174244363279,0
2764,1,1,1,0,1,3.875545046402147,0.0,-1.3807810743349989,0
2765,1,1,0,1,1,2.7125672355980632,0.0,0.815625639302823,0
2766,1,0,0,1,0,2.1169686004749892,0.0,1.640667019342352,0
2767,0,0,1,0,1,0.0,0.0,-0.11173360264735031,1
2768,0,0,1,0,1,11.170347078692679,0.0,-2.0350637595302645,0
2769,1,0,0,1,1,1.2352992976245232,0.0,2.3884876245862587,0
2770,1,0,0,1,1,10.271247053047869,0.0,0.3464378242066489,0
2771,1,1,1,0,1,3.605383309939259,0.0,0.5690611405428826,1
2772,1,0,1,0,1,8.478349177290658,0.0,-1.5750030732881628,0
2773,1,0,1,0,1,4.760507946342682,0.0,-0.05924323469382073,0
2774,1,1,0,0,1,0.0,0.0,1.0292117276103079,0
2775,0,0,0,0,1,12.603088366685778,0.0,0.3638665223085402,1
2776,1,1,1,0,1,2.4095497684134224,0.0,-0.5202555240351139,0
2777,1,0,1,0,1,11.573983163362906,0.0,-0.15304356218559917,1
2778,1,0,1,0,1,6.9152539288343835,69.92472141554585,-0.8684885786070602,1
2779,1,1,0,1,1,-0.2734019397475134,0.0,2.280126826107383,0
2780,0,1,0,1,1,0.014933908253210547,0.0,1.2954386926542243,0
2781,0,1,0,1,0,12.043800048104284,11.223187243009178,-0.5211486318075411,0
2782,1,1,1,0,1,0.0,0.0,-1.1456411633344463,1
2783,0,0,0,0,1,3.4950784842659255,0.0,0.07560330525601455,0
2784,1,1,1,0,1,4.001226886017544,0.0,-0.28080625883811583,1
2785,1,1,1,0,1,0.0,44.90410008828032,-0.1854325295393351,0
2786,1,0,1,0,1,18.278796423659063,0.0,-1.5330740909573664,0
2787,1,0,0,0,1,11.717285860503203,22.767127131293087,-1.57460316738783,1
2788,1,0,1,0,1,1.5562708708527078,0.0,0.1282177952774716,0
2789,1,0,0,0,1,8.415237643353466,0.0,-0.6216044132377896,1
2790,1,1,0,0,1,-0.4881286485334221,0.0,3.345538414106488,1
2791,0,0,0,1,1,5.961069990677391,0.0,0.4806443938148005,0
2792,1,1,0,0,1,3.954681931581745,0.0,-1.3241698322073772,0
2793,1,0,1,0,1,18.219291084422306,35.471571129450936,-2.045614391061905,0
2794,0,0,1,0,1,0.0,188.84738110543213,0.429659377482368,0
2795,1,0,0,0,1,1.4681302755546364,0.0,-0.7879898812505817,1
2796,1,0,1,0,1,4.296038813016046,20.258164124128506,1.624287935365959,0
2797,1,0,0,1,0,0.0,0.0,0.08078571322872258,0
2798,1,1,1,0,1,8.948789113940526,0.0,-2.1876259964087468,0
2799,1,0,1,0,1,12.792461445813872,7.857267382687432,-1.3848631019744406,0
2800,1,0,0,1,1,12.544226088402699,0.0,-1.1443610316891248,0
2801,1,0,0,0,1,0.0,15.561479517693304,0.28580728111134557,0
2802,1,0,0,0,1,33.17398131744964,0.0,-1.627523110206395,0
2803,0,1,0,1,1,4.33194476412273,0.0,0.3456065202669777,0
2804,0,0,1,0,1,10.692070498885,0.0,-1.7902717711518896,0
2805,1,1,0,1,1,0.0,0.0,0.15791733629242047,0
2806,0,1,0,1,1,0.0,0.0,0.6236332600937131,0
2807,0,1,0,0,1,0.0,0.0,2.020733206218189,0
2808,0,0,1,0,1,0.0,0.0,0.2343365422146127,0
2809,0,1,0,0,1,8.941596134061605,0.0,-0.8954207030410022,0
2810,1,1,1,0,1,0.0,0.0,2.261046511306443,1
2811,1,1,1,0,0,2.228425448498761,0.0,0.11553211365401794,0
2812,0,0,0,0,1,0.0,14.128003133166162,0.7101654631698515,0
2813,1,0,0,0,0,3.3445598017190994,0.0,-1.0645065870977852,1
2814,0,1,0,1,1,1.9040272090474795,39.41934776268947,0.26619617266228973,0
2815,0,1,0,0,1,30.748980681068485,0.0,-0.8756229562597699,0
2816,1,0,1,0,1,3.56437744154794,0.0,0.3324927428469873,0
2817,1,1,1,0,1,3.8306285831273525,24.763559990799003,1.3788999618094304,0
2818,0,0,0,0,1,20.895064185059677,0.0,-0.9133430726714281,1
2819,1,0,0,1,1,5.011696422610338,0.0,-0.985290136814943,0
2820,0,0,0,0,1,0.0,0.0,0.1767273196338715,0
2821,0,1,0,0,0,22.105263083353833,46.47520573332944,-0.90602044157413,0
2822,1,0,1,0,1,19.34986278199293,0.0,-2.0229679197894206,0
2823,1,1,1,0,1,11.68086472708389,0.0,0.8020914155535817,0
2824,1,0,1,0,1,3.941866947933888,43.67114744440147,-0.2178523860735158,0
2825,0,0,0,0,1,19.876547549714214,0.0,-0.4449400210439406,1
2826,1,0,0,1,0,0.0,0.0,0.38697013066398667,0
2827,1,0,0,1,1,3.1176959032707705,0.0,0.5657604511109268,0
2828,1,1,1,0,0,5.601252936693839,0.0,0.14391757876838554,1
2829,1,0,0,1,1,0.0,0.0,-1.7170168387711389,0
2830,1,0,1,0,1,8.091256941505721,0.0,-0.8973911080590669,0
2831,1,1,0,0,1,3.316378396751431,15.080517504573322,0.8987538309956984,0
2832,0,0,0,1,1,0.0,0.0,-0.1054045907904233,0
2833,1,0,1,0,1,4.832236189046199,2.6658200634271307,-0.7836919881695745,0
2834,0,0,0,1,1,15.86533444636392,11.821440077350253,-1.2840147018689585,0
2835,0,0,0,1,1,7.718749251387964,0.0,0.5108131971275865,0
2836,1,0,0,1,0,0.0,41.51885908709152,-0.5637150791194308,0
2837,1,0,1,0,1,0.0,27.082287209540837,0.8834774768283344,0
2838,1,1,0,0,1,2.4808995376558696,0.0,1.275549820721358,0
2839,1,1,1,0,1,7.5804368465140985,0.0,-0.05043488036503635,0
2840,1,1,0,1,1,0.2227197081799071,0.0,1.365548780590206,1
2841,1,0,0,1,0,4.03324692055716,0.0,-0.1028355142887255,0
2842,1,0,0,1,1,0.0,0.0,0.0627305441075709,1
2843,1,0,0,0,1,27.343672454581295,0.0,-3.081598841743305,1
2844,1,1,1,0,1,0.0,0.0,-0.8927792618540219,0
2845,1,1,1,0,1,2.5928634051602963,43.42798277873436,-0.8233687857631234,0
2846,1,0,1,0,1,6.848966430761765,0.0,-0.487878044676569,0
2847,1,1,1,0,1,0.0,0.0,0.4963692897968357,0
2848,1,1,0,1,1,0.0,0.0,0.3487204160524465,0
2849,1,0,0,1,1,3.2402414226030247,0.0,0.08575609189280298,0
2850,1,1,1,0,1,7.396338603982661,0.0,-0.5267290768206988,0
2851,1,1,0,0,1,0.0,0.0,1.034944593631793,0
2852,1,0,1,0,1,0.0,0.0,2.235889207746036,0
2853,1,0,0,1,1,6.828617819088102,0.0,-0.7322558559348822,1
2854,0,1,0,1,1,2.674452499278486,0.0,-0.6994952543150701,0
2855,1,0,0,1,0,22.384632636051172,0.0,-1.1572247346059175,0
2856,1,0,0,1,1,12.561895311116439,0.0,-0.17060118204097058,1
2857,1,0,0,0,1,4.7737734166037304,0.0,-0.9529767803046453,0
2858,0,0,0,1,1,23.2958643666319,20.0999972466182,-2.4948203687465087,0
2859,0,0,0,1,1,12.94918272983272,0.0,-2.1446423967381403,0
2860,1,0,0,0,1,0.0,0.0,1.0258433785183287,0
2861,1,1,0,0,1,0.3669171987784274,185.67951902279813,1.7906963713579203,0
2862,1,0,0,1,1,0.0,0.0,1.7678586725862078,0
2863,0,1,0,0,1,6.841043777885768,2.990608071533183,0.4396696816376021,0
2864,1,1,1,0,1,0.0,0.0,-0.9183590501808788,0
2865,0,1,0,0,1,5.184414782979355,0.0,-0.410660670921193,0
2866,1,1,0,1,1,20.33438371975244,0.0,-1.758976172774206,0
2867,1,1,0,0,1,5.442833043631147,0.0,-1.8082617466137272,0
2868,1,0,0,1,0,3.3107592232595726,0.0,0.04673626952029025,0
2869,1,0,0,1,1,0.0,0.0,0.4099347832409834,0
2870,1,1,0,1,1,0.37176442184880254,0.0,2.656718151329591,0
2871,0,0,0,1,0,2.181843597002778,0.0,-0.386359777518075,0
2872,1,0,0,1,1,12.223453944989384,0.0,-2.01802855783117,0
2873,1,1,0,0,1,11.97816589361065,0.0,-0.0060580912064413794,1
2874,0,1,0,1,1,0.0,5.092907486181146,-0.21154777486515342,0
2875,0,1,0,1,1,3.32776792947985,0.0,-0.4787765463020118,1
2876,0,1,0,1,1,0.0,0.0,0.5899994463678397,1
2877,0,1,0,1,1,6.243681709015505,0.0,-1.4045248372557155,0
2878,1,1,1,0,1,0.0,0.0,0.5173234340172307,0
2879,0,0,0,1,0,6.876243644094521,0.0,0.5540009801209328,0
2880,1,1,0,0,1,0.0,93.02142487210271,1.9672643458969128,0
2881,0,1,0,0,1,5.70597203070884,0.0,0.5472810867660018,0
2882,0,1,0,0,1,0.0,0.0,1.4851941766646743,0
2883,1,0,0,1,1,4.527954264053921,0.0,-0.8481869315918014,0
2884,1,1,1,0,1,2.4379520795698846,0.0,-0.039491550821408594,0
2885,0,0,1,0,1,0.0,0.0,1.6452442127560212,0
2886,0,1,0,1,1,6.024919686704504,0.0,-1.6056280639536844,0
2887,1,1,0,0,0,3.287175547952878,0.0,-0.3660195868743597,0
2888,0,0,1,0,1,3.8953442914482848,0.0,1.3644112726092366,0
2889,1,1,0,0,1,0.0,0.0,-0.12022299488321375,1
2890,1,1,0,1,1,9.674788148580923,14.15195481535344,-0.2155706007952053,0
2891,1,1,1,0,1,4.662369093966561,0.0,0.010374890794864366,0
2892,1,0,0,1,1,0.0,0.0,-0.13004572819552587,0
2893,1,0,0,0,1,3.2804998081084236,0.0,1.1101873176566284,0
2894,0,0,0,0,1,0.8448941244444448,0.0,0.9030163434537137,0
2895,1,0,0,1,1,1.0095085003305329,11.843676202563037,-0.2653347308813301,1
2896,0,1,0,0,0,2.515039894348842,24.80300350520356,1.5482573663882186,0
2897,0,0,0,1,1,9.372911923326106,0.0,0.15749499306206233,0
2898,1,1,0,1,1,1.936792398742162,0.0,1.249673814810664,0
2899,0,0,0,0,1,9.5183645231556,0.0,-1.5963129268390375,0
2900,0,1,0,0,1,-0.18692749207910508,0.0,2.375347498794321,1
2901,1,1,1,0,0,0.0,35.41841406173705,0.6318727093061485,0
2902,1,0,0,1,1,45.058750035672105,11.009086706353651,-3.7978359645668016,0
2903,1,1,1,0,1,0.0,0.0,2.474194782040776,0
2904,1,0,0,1,0,6.17379840891408,0.0,-0.2735296880503525,1
2905,1,1,0,0,1,3.490843860469491,0.0,-0.3562322702737833,0
2906,1,0,0,1,1,0.0,0.0,-1.055274323439615,0
2907,0,0,0,1,1,5.435530053588478,0.0,0.28256239172399167,0
2908,0,1,0,1,1,4.7432388770664415,0.0,-0.9871378162397304,0
2909,0,0,1,0,1,6.279917642022104,0.0,-0.8184402722185373,0
2910,0,0,1,0,0,22.31910446246495,65.924435867398,-0.7876839728789609,0
2911,1,0,1,0,1,6.598050724636547,0.0,-0.4540762159388637,0
2912,1,1,0,1,1,0.6162916741280069,52.002222497824576,-0.509466559656782,0
2913,1,0,0,1,1,2.2879915797592973,0.0,0.8116020885182236,0
2914,1,0,0,1,1,2.5575412672762483,0.0,0.06695975014105543,0
2915,1,0,0,0,1,4.328341376831392,0.0,0.2230870250806829,1
2916,0,1,1,0,1,0.0,0.0,1.1315708333021282,1
2917,1,1,1,0,1,0.0,0.0,0.23083933418790253,1
2918,1,0,0,0,1,10.032677861779817,0.0,-1.5859959412784934,1
2919,1,1,1,0,1,0.0,18.542637725944704,2.6606207736024086,0
2920,1,0,1,0,1,0.0,0.0,1.107244357925648,0
2921,1,0,0,1,1,0.0,0.0,1.7844185778375474,0
2922,1,1,1,0,1,1.1652056605696401,0.0,1.674209178830655,0
2923,0,1,0,0,1,4.335439429238454,0.0,-0.43927539694781664,0
2924,0,0,0,0,0,26.584733161132736,0.0,-3.2854117610609483,0
2925,1,1,0,1,1,10.349871025828943,0.0,-1.4232434246755146,0
2926,1,0,0,1,1,0.0,0.0,0.5347482197865429,0
2927,1,0,0,1,1,13.216319563438839,0.0,-0.41023733675072066,0
2928,1,0,1,0,1,5.216171814057007,0.0,-0.6174078194121531,0
2929,1,1,0,0,0,21.218117478611,0.0,-3.044308482113724,0
2930,1,0,0,0,1,26.908113309244992,0.0,-0.29680289823268047,1
2931,1,0,0,1,1,12.152080382342401,99.4479481826539,-1.6646765443229459,0
2932,1,1,0,0,1,0.0,25.481359868273664,-0.7772097033803804,0
2933,1,0,1,0,1,1.0167305090343572,0.0,1.008133244028335,0
2934,0,0,0,1,0,7.815574615471693,46.64442810528347,-1.5973017012275328,1
2935,1,0,1,0,0,9.647271673857283,0.0,-1.275122310877686,0
2936,1,0,1,0,1,6.944701517940067,0.0,0.15754281908495343,0
2937,1,1,0,0,1,3.003060512555387,78.98111266929135,1.2666234772650355,1
2938,0,1,0,0,1,0.0,0.0,-0.36546354612069926,1
2939,1,1,0,0,1,2.0945355626501674,0.0,2.0280357184293214,0
2940,1,1,1,0,0,4.10068487748839,0.0,-1.2866965477442052,1
2941,1,0,1,0,1,18.9342662977907,0.0,-1.9411911687787635,1
2942,0,1,0,1,0,10.318888772686917,0.0,-1.820286077805129,1
2943,0,0,0,0,1,19.012366145106185,0.0,-2.394795218445352,1
2944,1,1,1,0,1,1.855858375835529,0.0,0.7807826754049487,0
2945,1,1,0,0,1,3.814055947908569,0.0,-1.1015703288181409,0
2946,1,1,1,0,1,3.8863063435718788,0.0,-1.4550462257270005,0
2947,1,1,1,0,1,0.0,0.0,0.8361397697735752,1
2948,1,0,0,0,1,0.0,0.0,0.774655036404118,0
2949,1,0,0,1,1,2.6672494467366223,0.0,1.0650987480517105,0
2950,1,0,0,0,1,0.0,0.0,0.8403641147773109,1
2951,0,1,0,1,1,4.286792324127651,0.0,-1.0251724365345145,0
2952,1,0,1,0,0,0.0,16.585735812468435,0.27339643449562273,0
2953,1,1,1,0,1,2.2859179326463854,37.723133490950325,0.9859956190623032,0
2954,0,0,1,0,1,6.088297191682331,0.0,-0.6878505537140387,0
2955,0,0,0,1,1,9.56396473878861,0.0,-0.06911730700196478,0
2956,1,1,0,0,1,12.574496769303718,0.0,-1.4520713343509546,0
2957,1,1,1,0,0,1.6097900576412352,5.941354608587121,-0.4533282254005778,0
2958,1,1,0,1,1,2.8396579026437365,30.87092303358238,0.6258877511527461,0
2959,0,1,0,0,1,0.14697201602307627,21.084518302874038,2.079654597564409,0
2960,1,0,0,1,1,3.0128738902845162,0.0,1.1938427050519544,0
2961,0,0,0,1,1,-0.12904926094182637,0.0,0.5658988514999282,0
2962,1,0,1,0,1,6.018306984888075,0.0,0.02201604963171347,0
2963,1,1,0,0,1,6.152227716619425,0.0,0.05370494339159207,0
2964,1,0,1,0,1,13.280318905133603,46.612059159841685,-1.9329279409761944,0
2965,1,1,0,1,0,2.9477925929812234,0.0,-0.9194483633785671,0
2966,1,0,0,0,1,0.0,0.0,-1.3076542138799248,0
2967,0,1,0,0,1,5.279038898979863,0.0,0.8856919238920311,0
2968,1,1,1,0,1,0.8333159496972744,0.0,1.559533147501858,0
2969,0,0,0,1,1,0.0,0.0,0.6628139769938716,0
2970,1,1,0,1,1,-0.21202020169275437,7.03034738704137,1.6638130407293423,1
2971,1,0,0,0,1,7.977756474964362,0.0,-0.18751033404610593,0
2972,1,0,1,0,1,4.468949239096302,0.0,-1.3381506337201743,0
2973,1,1,1,0,1,5.282464489325692,0.0,0.2860858926729509,0
2974,1,0,0,0,1,18.25506652313366,167.2647002221245,-1.207791475753574,0
2975,0,0,1,0,1,3.3424018032721694,0.0,0.762060789447804,0
2976,1,0,0,0,1,3.940096040506841,0.0,-0.7396318759646632,1
2977,1,0,0,0,1,14.175972422346714,0.0,-0.4061204700601001,0
2978,1,0,0,1,0,3.8436414178725595,0.0,0.6078364539789868,0
2979,1,0,1,0,1,9.63493428771837,0.0,-1.0286006906772043,0
2980,1,0,0,0,1,1.480365416318349,0.0,0.9538900298524797,0
2981,1,0,0,1,1,16.433526537916972,0.0,-2.004923330508306,0
2982,1,1,0,0,1,2.470590413892398,0.0,0.5423852389616963,0
2983,0,1,0,1,1,1.3494694344834928,0.0,0.03364928342706243,0
2984,1,0,0,1,1,8.36001489639759,16.278705690306133,0.7789974994226934,0
2985,1,1,1,0,1,23.573244029684393,0.0,-1.409198671185901,0
2986,1,1,0,1,1,18.574877170772986,0.0,-1.8094126371727506,0
2987,1,1,0,1,1,0.0,0.0,1.110056813902255,0
2988,0,0,0,1,1,22.854632704745992,0.0,-0.78038034118296,0
2989,0,1,0,0,1,1.7419744136071706,28.732222626402738,0.033773307176696965,0
2990,0,0,0,0,1,4.890192265812522,0.0,-1.1244789259636971,0
2991,0,0,1,0,0,2.102798475670853,0.0,1.088397286178863,0
2992,1,0,0,0,1,6.152567369065983,0.0,0.10299674932485003,0
2993,1,1,1,0,0,0.0,0.0,0.6580500327130157,1
2994,1,0,0,0,1,7.074456976793632,0.0,-1.7771141992638226,0
2995,0,0,1,0,1,3.954240058341461,0.0,0.5619271081016348,0
2996,0,0,0,0,1,11.129078853147035,0.0,-1.5500325360095735,0
2997,1,0,1,0,1,14.303088743318822,0.0,-0.9229478754320315,0
2998,1,1,1,0,1,8.520404803031155,0.0,-1.3976450109249927,0
2999,1,0,0,0,1,1.7694791212507788,0.0,-0.4803730874680467,0
3000,0,1,1,0,1,1.8330981091089722,0.0,1.7125257728861571,0
3001,1,0,0,1,1,14.110738597216411,0.0,0.010169586128870589,0
3002,1,0,0,0,0,0.0,19.248523953607098,-0.8455307603155244,1
3003,1,1,0,0,1,6.481691959772058,467.07089103763275,0.28970728716952143,0
3004,1,0,1,0,0,3.704409874253857,0.0,0.05262588433179788,0
3005,1,1,1,0,1,4.560046220500232,0.0,0.4345679154259101,0
3006,1,0,0,0,1,3.3246503690108966,0.0,-0.053011929267426344,0
3007,0,0,1,0,1,9.4799329905885,0.0,-1.411192773049634,0
3008,1,1,0,0,1,0.0,0.0,0.2863691008386698,1
3009,0,1,0,0,1,15.53869213632396,77.66452903009487,-2.096717912704498,0
3010,1,0,0,1,1,2.2908785155281217,46.23425923764668,0.4567982187570925,1
3011,1,1,0,0,1,2.90398139546881,0.0,-1.2615189656452872,1
3012,1,0,0,0,1,3.7410818552759677,0.0,1.2273252226034128,0
3013,1,0,0,1,0,36.425229480027376,0.0,-3.4099024174871095,0
3014,1,0,0,0,1,1.9253052223772884,0.0,1.863263926434194,0
3015,1,1,0,0,1,18.881302293493746,0.0,-1.9482024662757311,0
3016,1,0,1,0,1,10.771851177723619,0.0,-1.6159163252955284,0
3017,1,0,0,1,1,6.088582116432082,0.0,0.1027930085644812,0
3018,0,1,1,0,1,1.444070433589821,0.0,1.1419551800634626,0
3019,1,1,0,1,1,3.727958990253801,0.0,-0.21273334594054505,0
3020,1,1,0,1,1,2.3383542482195243,0.0,1.2925357468900758,0
3021,1,1,0,0,1,24.481443732255944,0.0,-0.8695894435277565,1
3022,1,0,1,0,1,0.0,0.0,-0.5916056918810129,0
3023,0,0,0,0,1,10.6084349205456,0.0,-0.6666597663774352,0
3024,1,0,0,0,1,14.051952066484981,0.0,-0.9691466984681605,0
3025,0,1,1,0,0,2.5441878339656165,0.0,-2.125748575220766,0
3026,0,1,1,0,1,4.115402270773851,0.0,0.3184261548691274,0
3027,1,1,0,1,1,7.162125810578004,0.0,0.002790843260503495,0
3028,1,0,0,0,1,3.0608867645862947,0.0,1.1000739375492328,1
3029,1,0,0,0,1,13.775304422483519,0.0,-1.9260088521009846,0
3030,0,1,0,1,1,2.9901635844027177,0.0,-0.6684413748092046,0
3031,1,0,1,0,1,1.5971464893035745,0.0,1.4604687686701379,0
3032,1,1,0,1,1,1.4722857225138455,0.0,0.5254097424439708,0
3033,1,1,0,0,1,0.0,61.600852349051664,0.8532059982801561,1
3034,0,1,0,0,1,7.143658422141048,0.0,0.7303950378746,1
3035,0,0,0,1,1,15.063542605422327,0.0,0.30607570871622913,0
3036,1,0,1,0,1,0.0,0.0,2.2509439934050324,0
3037,1,0,0,0,1,3.7381450893853208,0.0,-0.16282795778519385,0
3038,0,1,0,0,0,4.488754634349665,0.0,-1.1445193943587058,0
3039,0,1,0,0,1,0.8300563807700385,0.0,0.967660782371701,0
3040,1,0,0,0,1,4.760381808537696,0.0,-1.005186143010698,1
3041,1,1,0,1,1,2.7147133553165403,0.0,0.009280670184587614,1
3042,1,0,0,0,1,8.428512871964102,5.748902326072463,0.19383168224732017,0
3043,1,0,0,1,1,6.801302437269926,0.0,-1.331333523480135,0
3044,1,0,1,0,1,14.786006698442513,16.445017288415453,-0.733177277209303,0
3045,1,0,1,0,1,9.633597253664453,0.0,0.5290861709701269,0
3046,0,0,1,0,1,0.0,0.0,-0.7822655631476121,1
3047,1,0,0,0,1,0.0,7.873044491063096,0.9659332044676574,1
3048,1,0,0,0,1,0.0,0.0,-1.5422817252641685,0
3049,1,0,0,0,1,8.383599455087099,57.11275853506275,-1.5465912018068073,1
3050,1,1,1,0,1,0.0,7.588234837884565,2.7897515081668125,1
3051,1,0,0,0,1,18.691540782520434,0.0,-2.238689845238979,0
3052,1,1,0,1,1,9.318791075802741,0.0,0.11580284288218874,0
3053,1,0,0,0,1,0.4335879551904861,0.0,2.0898993248805118,0
3054,1,0,0,0,1,0.0,0.0,-0.31659705331106874,0
3055,0,0,1,0,1,0.0,0.0,1.6438664564019183,0
3056,0,0,0,1,0,0.0,0.0,0.5551678264384189,0
3057,1,0,0,1,1,0.0,0.0,-0.2892184118205459,0
3058,1,1,1,0,1,0.0,0.0,0.18277406532752094,0
3059,1,1,0,0,0,12.710847063399802,0.0,-2.562726290102712,0
3060,0,1,0,0,1,11.335209968356503,0.0,-0.25846292465326376,0
3061,0,0,0,1,1,2.60065074214829,0.0,0.0172396874639284,0
3062,1,0,0,1,1,8.883964216898221,0.0,0.01652852440649616,0
3063,1,1,0,1,0,0.0,0.0,3.306299209156987,0
3064,1,0,0,0,1,3.6285382101285553,0.0,0.07962632467136699,1
3065,1,1,1,0,1,2.3955898990644204,54.63593538106017,1.1565860106161214,0
3066,1,0,0,0,0,4.061921679802753,0.0,1.2111528542846732,0
3067,1,1,0,1,1,0.0,8.58986183960841,0.8418416787555731,1
3068,1,1,0,1,0,0.0,0.0,0.03985719457703667,0
3069,1,0,1,0,1,3.7560127524888394,0.0,-0.18391980869043634,0
3070,1,0,0,1,0,11.709224992810542,0.0,-0.7288377372624396,0
3071,1,1,1,0,1,1.666275640720189,0.0,0.9185901172948224,0
3072,0,0,0,0,1,7.083805576562408,61.79781463994802,-0.4980105228542451,0
3073,1,0,0,1,0,4.544113354332143,0.0,0.519918579880454,0
3074,1,0,1,0,1,17.8785879048057,0.0,-1.3716317572220154,0
3075,0,0,0,1,1,18.140049096472158,0.0,-0.09203397323693577,0
3076,1,0,0,1,1,0.9664451230691278,0.0,1.7066461714014323,0
3077,1,1,1,0,1,0.0,0.0,0.062481923398638006,0
3078,1,0,0,0,1,0.0,0.0,2.079042082517475,1
3079,1,0,0,1,0,0.0,0.0,-0.07050054741897138,1
3080,0,1,1,0,1,0.0,14.364073841362591,0.2776695140531196,0
3081,1,1,1,0,1,2.355178929847954,0.0,0.49927168294894886,0
3082,1,1,1,0,1,0.0,0.0,-0.048621752529646345,1
3083,1,0,1,0,0,0.0,0.0,-2.6151117710162097,0
3084,0,0,0,0,1,1.9052155209309571,0.0,0.8466238185256332,0
3085,0,0,1,0,1,2.5836464332764266,0.0,2.726672849852305,0
3086,1,1,0,1,1,4.00471061221881,0.0,0.7649494656418165,0
3087,1,1,0,1,0,4.217366725506467,0.0,0.8428908305362681,0
3088,1,0,0,1,1,4.513326122108396,33.26060882178881,-0.513718637514235,0
3089,0,0,1,0,1,1.2599686197368523,57.898253445395625,1.4019700465032223,0
3090,1,0,0,1,1,0.0,0.0,-0.3302676716285119,0
3091,1,0,1,0,1,0.0,0.0,0.26204172569202766,0
3092,1,0,0,0,1,22.41782247333258,51.36170292575859,-2.283477078354206,0
3093,0,0,0,0,0,5.380039986082171,20.47243905715063,-0.9575575939128945,1
3094,1,0,0,1,1,7.4289581275126935,12.590024054663187,0.1902120296719843,0
3095,1,0,0,0,1,1.5062297513417575,12.226252961418458,0.8812310202675087,0
3096,0,1,1,0,1,0.0,0.0,1.5467228699257656,1
3097,1,1,0,0,1,11.539153813259686,0.0,-1.87135157160672,0
3098,1,1,0,1,1,4.6938741163650155,0.0,-1.7415581123175448,0
3099,1,1,0,0,1,0.9466235121163855,0.0,0.8976954893506734,0
3100,1,1,0,0,1,0.0,0.0,-0.8059147366461858,0
3101,1,0,0,1,1,0.0,0.0,0.8650785357334729,0
3102,1,1,0,0,1,40.71332504218122,0.0,-1.9366153076249835,0
3103,1,0,0,0,1,0.0,0.0,-0.4059647279788129,1
3104,1,0,0,0,1,9.489143843933197,0.0,-0.3238231260711889,1
3105,0,0,0,0,1,4.022984368267966,0.0,0.33499788416415366,0
3106,1,0,0,1,1,9.77474299448174,0.0,-1.5998847950673318,0
3107,0,1,0,0,1,22.21757725868391,0.0,-2.3674579984965343,1
3108,1,0,0,1,1,0.0,0.0,-0.060770865221527554,0
3109,1,1,1,0,1,3.815960884840341,0.0,1.0238307488582123,0
3110,1,0,0,1,1,1.54417985096189,0.0,1.0095423521702884,0
3111,1,1,0,1,1,6.059815828322801,0.0,-0.3089461163317127,0
3112,1,1,0,0,1,0.0,47.59631973681728,1.1428725004997724,1
3113,1,0,1,0,1,0.0,0.0,0.5417904318571889,0
3114,1,0,0,1,1,7.283116871084124,0.0,1.4126784994743502,0
3115,0,0,0,0,1,0.0,0.0,-0.35089653253659925,0
3116,1,0,1,0,1,57.86255358428399,0.0,-2.294271107576421,0
3117,0,1,0,1,1,0.0,0.0,0.06339561776736347,0
3118,1,0,0,1,1,0.0,3.5508483146164798,-0.16678304196772903,0
3119,1,1,1,0,1,2.259386485945905,0.0,1.0132886302700725,0
3120,1,1,0,0,1,0.0,0.0,-1.8118334289159894,1
3121,0,1,1,0,1,2.7487974339687438,0.0,-0.049417362954079225,0
3122,1,1,1,0,1,0.0,0.0,1.4611725716027069,0
3123,0,1,0,1,1,3.10229547767229,0.0,0.01677062051694958,1
3124,0,0,0,0,1,4.149866573913371,0.0,-0.6713400091290691,0
3125,1,1,0,0,1,0.36708430374480067,0.0,2.59009778916288,0
3126,0,1,1,0,1,2.8029773904177713,0.0,-1.0196053591443865,0
3127,0,0,0,0,1,0.0,0.0,1.2984380287799224,0
3128,0,1,0,0,1,0.27014436417802806,0.0,1.4571996619189633,1
3129,1,0,1,0,1,17.820080516646147,0.0,-0.368213070869712,0
3130,0,0,1,0,1,0.0,0.0,-0.12209990794537821,1
3131,1,1,0,0,1,5.561515574764619,0.0,0.10333282182123033,0
3132,0,0,1,0,1,4.973850082353355,0.0,0.15289312811972727,0
3133,0,1,0,1,0,0.0,0.0,-0.6110129375203688,0
3134,1,1,1,0,1,9.338022943704921,0.0,-0.19802972982869727,1
3135,1,0,0,0,1,10.07743336933921,0.0,-0.7346873995491994,1
3136,1,0,0,0,1,20.421626377694864,0.0,-0.6938210567665704,0
3137,0,0,0,1,1,7.45318772758489,0.0,-0.6777679751066494,0
3138,0,1,0,0,1,22.397214708735472,0.0,-2.718255729966172,0
3139,0,0,0,1,0,9.043858452150532,0.0,-0.15500916745030197,0
3140,0,1,0,0,0,2.757284953286011,0.0,-0.5251587585970336,0
3141,1,1,1,0,0,11.696047400302449,0.0,-2.039518190866816,0
3142,0,1,1,0,1,0.8801426778470962,0.0,-0.09806529908599954,0
3143,1,0,1,0,1,0.0,0.0,-0.5676255718494598,0
3144,1,1,1,0,1,0.7409735868854703,0.0,1.9823129946655635,0
3145,1,0,1,0,1,6.4646220757368065,0.0,-0.7702143467896525,0
3146,1,0,0,1,1,0.0,0.0,0.5747714302380744,0
3147,1,0,0,1,1,3.3106388810346576,0.0,1.4899993643337177,0
3148,0,0,1,0,1,0.0,0.0,-0.8839279475476369,1
3149,1,0,1,0,0,0.0,0.0,-0.14079642862304792,1
3150,0,1,1,0,1,0.0,21.180356298879666,2.562725471884418,0
3151,1,1,1,0,1,1.3844742733054929,0.0,0.6430894785910354,0
3152,0,0,0,0,1,7.303598329430676,0.0,0.19839979784822664,0
3153,1,1,1,0,1,8.246521191422723,0.0,-0.1712850226794599,0
3154,0,1,1,0,1,2.489551934659814,111.20788611031581,1.2294250629532675,0
3155,1,1,0,1,1,1.7241069735980994,0.0,0.09925745448245196,0
3156,1,1,1,0,1,40.60827822414649,0.0,-1.9950917604862228,0
3157,1,1,0,1,1,0.0,0.0,-0.30469764349800615,0
3158,1,1,1,0,1,3.2115983148818614,0.0,-1.1644688514813226,0
3159,1,0,0,0,0,6.586440458448349,0.0,-0.13633156573114244,0
3160,1,1,1,0,1,5.356161733082618,0.0,-0.8235540442353647,0
3161,1,0,0,0,1,4.496617981179117,0.0,0.3320044360863742,0
3162,0,0,0,0,1,0.0,0.0,-0.2227028212047408,0
3163,1,1,0,0,1,8.78874015080237,0.0,-1.447451524580947,1
3164,1,0,0,1,1,5.064868956330561,0.0,-0.9104487879855148,0
3165,1,0,0,0,1,3.163304824713496,0.0,0.5143202580877877,0
3166,1,0,1,0,1,3.2116319298808804,0.0,1.3894310858418766,1
3167,1,1,0,1,1,0.0,0.0,-1.0050991760306351,0
3168,1,1,1,0,1,5.786217695264412,0.0,-1.0547238335245401,0
3169,1,1,0,0,0,0.0,0.0,2.647260723585349,1
3170,1,0,0,0,1,3.4499724900283377,0.0,-0.29250297151360977,0
3171,1,0,1,0,1,3.378395761833457,0.0,0.03708023721212561,0
3172,1,0,1,0,0,4.062523284491364,18.53905959331867,-1.026420550530111,1
3173,0,0,0,1,1,3.0530037169881474,0.0,-0.004518107468304944,0
3174,1,0,1,0,1,0.0,0.0,2.1153224659714254,1
3175,0,0,1,0,0,7.094547871963584,0.0,0.2455875441368739,1
3176,1,1,0,1,1,0.609122878105455,0.0,1.5131529588983605,0
3177,1,0,1,0,1,0.0,0.0,-0.04290066363350254,0
3178,1,1,1,0,1,7.094874215781582,0.0,-0.9630280839986475,0
3179,0,1,1,0,1,0.0,0.0,-0.5245429366950317,1
3180,1,0,0,1,1,14.117639715900104,0.0,-1.7107867843901812,0
3181,1,0,0,0,1,11.273609679953395,0.0,-0.0012331730090430204,1
3182,0,1,0,0,1,-0.19195237137567644,0.0,1.7165776558720012,0
3183,1,0,1,0,1,17.103779219050097,0.0,0.1260940059530542,0
3184,1,1,1,0,0,0.0,0.0,-0.04396072784674221,1
3185,1,1,0,0,1,1.9456349820386944,0.0,-0.8607388829278377,1
3186,1,1,0,1,1,3.0710304343700576,0.0,0.6049707044418229,0
3187,0,0,0,0,0,22.24899561012831,0.0,-1.8648090275758382,0
3188,1,0,0,0,1,10.88175268119768,0.0,-1.7316493801767094,0
3189,1,1,1,0,1,0.0,0.0,1.5022089825799463,0
3190,1,1,0,1,1,16.432401498611064,25.77817253724002,-0.20550087979596482,0
3191,0,1,0,0,1,0.0,64.0958503616779,-0.23074136706135423,1
3192,1,1,0,1,1,25.317923184647416,0.0,-0.06640450088031943,0
3193,1,0,0,1,1,8.520478250919519,0.0,0.6491149654347999,0
3194,0,0,1,0,1,5.165781458440776,60.828289231337486,0.13184342147119077,0
3195,1,0,1,0,1,10.874110004789342,0.0,-1.0311442453323691,0
3196,0,1,0,1,1,4.83629415144497,0.0,-0.755078037694082,0
3197,0,0,0,1,1,8.259515289845613,0.0,-0.5297418378842031,0
3198,1,1,0,1,0,0.0,0.0,0.5368412706478614,0
3199,0,1,0,1,1,2.783582294472054,0.0,0.10454727232265743,0
3200,0,0,0,0,1,2.6281472532710395,103.48406672074265,-0.43934743830154876,0
3201,1,0,0,0,1,13.527507840422365,22.666205997176508,-0.22075704440301924,0
3202,1,0,1,0,1,10.49923508550746,0.0,-0.12636723852055412,1
3203,0,0,0,1,0,4.1867206959408385,0.0,-1.2788901152818415,0
3204,1,0,0,1,1,3.1886721181737956,10.478969494122403,1.1370251677936323,0
3205,1,0,0,0,1,15.755077788793507,17.91556889367308,-0.8973586626455484,0
3206,1,1,1,0,1,0.0,30.66467197114259,0.515402304875596,0
3207,0,1,0,0,1,9.356035606933954,0.0,-2.487229114929113,1
3208,0,1,0,1,1,7.9944219567090755,0.0,-0.12542308871464203,0
3209,0,1,1,0,1,7.037891938949571,13.512302388783132,-1.057474129168679,0
3210,1,1,0,1,1,9.076328611442404,0.0,-1.1031478652150912,0
3211,0,1,1,0,1,0.0,0.0,3.450398012117482,0
3212,1,0,0,0,1,-0.39895292955137096,0.0,0.0393931528075,0
3213,1,0,1,0,1,1.1218334347529253,0.0,1.489308387902551,0
3214,1,0,1,0,1,0.0,28.62782804930795,1.014788586650607,0
3215,1,1,0,1,1,0.0,0.0,1.408550888957523,0
3216,1,0,1,0,1,9.572647758732055,0.0,-0.33481172683916527,0
3217,1,1,0,1,0,2.3722991348319784,8.830224394922958,2.2061945752467587,0
3218,1,1,1,0,1,1.1663024055808457,0.0,1.433759742177911,0
3219,0,1,1,0,1,0.0,0.0,0.40290873830694784,1
3220,1,1,1,0,1,0.0,8.515259942466411,0.68701071930574,0
3221,0,1,1,0,1,0.9543103205504522,0.0,0.1749825069280015,1
3222,1,0,0,1,1,2.3499618720669226,0.0,-0.21313384337103836,1
3223,1,0,0,1,1,0.0,0.0,-0.33580894091103186,0
3224,0,0,0,0,0,0.0,0.0,0.20836304798270794,1
3225,1,1,1,0,1,0.15771253699275514,0.0,2.577166465805394,1
3226,0,0,1,0,1,8.238626145088983,3.2703862777840644,-1.6226740697071818,0
3227,0,0,0,1,1,1.4340684330277913,0.0,1.1822140972912727,0
3228,1,1,0,0,1,8.511547559831302,0.0,-0.32134013915042314,0
3229,1,0,0,1,1,2.6547023554553197,5.813891311187422,1.345168829778951,0
3230,1,0,1,0,1,12.781049105025145,0.0,-0.506810064658124,0
3231,0,0,1,0,1,0.5556469110866464,0.0,0.4483247059715237,0
3232,1,1,0,0,1,5.800510648476612,0.0,-0.05332063845806456,0
3233,0,0,0,0,1,13.98028456248042,0.0,-2.495157917924172,0
3234,0,1,0,1,1,0.0,0.0,2.375890401656302,0
3235,1,1,0,0,1,15.76981413708765,0.0,-1.0567246253081182,0
3236,0,1,1,0,0,2.2536129592713228,0.0,0.4573700622800838,1
3237,1,0,0,1,1,16.33518090766546,0.0,-1.6270998863040949,0
3238,1,1,0,1,0,4.712992475489366,0.0,-1.561362113903941,0
3239,1,1,0,0,1,0.0,0.0,-0.11232299480208896,0
3240,0,1,0,1,1,1.716045001240167,111.55112056061323,-0.6096944154499475,0
3241,1,0,1,0,1,11.524871531756908,0.0,-1.5760832272722267,1
3242,0,0,0,1,1,8.10099622162614,0.0,-0.3253537468507973,1
3243,1,0,0,0,1,30.12726821605776,0.0,-2.176840605565223,0
3244,1,1,0,0,1,0.0,0.0,0.3106064619705873,0
3245,0,1,1,0,1,2.403859773947178,0.0,0.1870216716832259,0
3246,0,0,1,0,0,18.30660004152354,0.0,-3.2549197241616357,0
3247,1,1,0,0,1,4.4417771243006525,0.0,-0.5195806759038006,0
3248,1,0,0,1,0,2.241536353045849,0.0,0.31956481309024387,0
3249,1,0,0,0,1,3.0638561799537953,0.0,-1.6413387327443456,1
3250,1,0,0,1,0,2.0274356833200864,0.0,0.3750940088778363,0
3251,0,0,0,0,1,4.473113589613745,0.0,0.2738293886893798,0
3252,1,0,1,0,1,0.0,0.0,-1.3826834264988221,0
3253,1,1,1,0,1,0.0,3.2092383126699495,0.33427865176833943,0
3254,0,0,0,0,0,6.12786559754901,0.0,0.7759885866849998,0
3255,1,1,0,1,1,4.989845424320851,0.0,-0.97182045498946,0
3256,0,0,0,0,1,2.3952936780803706,0.0,-0.5434375137040497,1
3257,1,1,0,0,0,1.979432627207427,26.286365990686676,1.6223060710158608,1
3258,1,1,0,0,1,0.0,0.0,-0.9477690428917893,0
3259,1,0,0,0,1,0.0,87.91763691616627,0.3077226058267116,1
3260,1,1,1,0,1,14.415104685413079,0.0,-1.03136461861411,0
3261,0,1,0,0,1,0.0,0.0,-0.05603123608960833,1
3262,1,0,1,0,1,4.4536223779065836,0.0,0.4918101946545865,0
3263,1,1,0,0,1,0.0,0.0,-2.927794291118985,0
3264,1,0,0,1,1,14.659981020089942,0.0,-0.9639335438318509,0
3265,1,1,0,1,1,1.4742830991908473,0.0,0.699544866798564,0
3266,1,1,1,0,1,0.0,0.0,0.6390804597739483,1
3267,1,1,0,0,0,4.499271893208808,0.0,-0.5186443323355177,1
3268,1,0,0,0,1,6.130451328333235,36.78523030244109,-1.693864967143898,0
3269,0,0,1,0,1,3.477316174245546,0.0,0.7244350492086356,0
3270,1,1,1,0,1,4.373768686617474,0.0,-0.06268062402792507,0
3271,1,0,1,0,1,3.6368675361038445,0.0,0.618044418085127,0
3272,1,0,0,0,1,3.7503188765521562,0.0,0.2066856134624097,1
3273,0,0,0,0,1,22.17023921879053,0.0,-0.8526954055276634,1
3274,1,0,1,0,1,0.0,0.0,1.2928790310331522,1
3275,1,0,0,1,1,8.629939974465692,100.18220906099654,-1.0406753408462863,0
3276,1,0,0,1,0,0.0,0.0,1.2437810869144355,1
3277,1,0,0,0,1,0.0,0.0,1.4112544391008397,0
3278,1,0,0,0,1,1.8565912855728253,0.0,1.064146783347488,0
3279,1,1,1,0,1,0.0,0.0,0.11888172369113886,0
3280,0,1,1,0,1,0.0,26.381500711180575,3.6102613047910257,0
3281,1,0,0,0,1,7.299420770841184,0.0,-0.08563909236576828,0
3282,0,1,1,0,1,3.8178584801751247,0.0,0.6585522929234682,0
3283,1,1,0,1,1,6.3926397338204355,0.0,0.12176147809522123,0
3284,1,1,0,0,1,4.931801425236766,0.0,-1.2961010906321184,0
3285,1,1,0,1,1,0.011961462692898224,0.0,1.8076937438524978,0
3286,1,0,1,0,1,5.6471775005786835,87.16638533955356,-0.8126763899698408,1
3287,0,0,0,1,0,0.0,34.96922021413062,0.897102113327761,0
3288,1,1,0,1,1,0.42982811157384115,8.780210254995838,1.6342279786477343,0
3289,0,1,1,0,1,0.03187507588812228,51.56917679278418,1.1222513671030874,1
3290,1,0,0,0,1,10.633891266279138,0.0,-1.165720673149829,0
3291,1,1,1,0,0,2.7699618605382597,17.95508758347624,-0.0865801670555933,0
3292,1,0,0,1,0,12.040980105107002,0.0,-3.706657511272091,0
3293,0,0,0,1,1,7.03682097478659,0.0,-0.42907860014924154,0
3294,1,0,1,0,1,2.357474118215403,0.0,0.9474690402559789,0
3295,0,0,0,1,1,19.792522406027768,0.0,-0.5840065012248623,0
3296,1,0,0,1,1,9.641381003942122,0.0,-1.035302774089379,0
3297,1,0,0,1,1,10.820659036591346,0.0,-0.6611160628601593,0
3298,0,0,1,0,1,2.242915648246556,0.0,1.4756684420083437,1
3299,1,0,1,0,1,3.8972465050612994,0.0,-0.14958808178363298,0
3300,0,1,1,0,1,0.0,0.0,2.728132705803025,0
3301,1,0,0,0,1,17.160879375358636,0.0,-1.0105388862524456,0
3302,0,1,0,1,1,5.163583924757824,0.0,0.4280566849680166,0
3303,1,1,0,1,1,1.6205745524066666,31.607188251501867,-0.40475446480259486,0
3304,0,0,0,0,1,0.0,0.0,2.375342609610226,0
3305,1,0,1,0,1,2.084217565630472,0.0,0.15002279847598077,0
3306,0,1,0,0,0,1.4346012960083185,0.0,2.873937455617512,0
3307,1,1,0,0,1,1.2755864360752005,0.0,-0.38776327027496854,0
3308,0,1,0,0,1,0.0,0.0,2.1053013450944795,0
3309,0,0,0,0,1,0.0,0.0,-0.12895568348992617,0
3310,0,1,0,0,1,2.0997875449198316,0.0,1.2209191610183643,0
3311,1,0,0,1,1,10.227956134080706,0.0,-1.8412300517235847,0
3312,1,0,0,1,1,10.34812900581193,90.94709274731582,0.16596985498791267,0
3313,0,0,0,0,1,13.213906889442898,0.0,-1.6484741606280964,0
3314,1,0,0,0,1,0.0,9.400392098771205,0.04908339290243696,1
3315,1,1,1,0,1,4.211487148242447,0.0,-1.5935392678888363,0
3316,1,1,0,0,1,0.9779778685715503,0.0,0.029573734948572933,0
3317,1,0,0,1,1,6.426920291407978,0.0,1.122383407522181,0
3318,1,1,0,1,1,0.0,0.0,0.8508689651125827,1
3319,1,1,0,1,0,16.127875988114607,0.0,-1.4294560634763323,0
3320,1,1,1,0,1,10.672635802439805,0.0,-2.079934570031484,0
3321,1,1,0,1,1,0.5868511191651682,0.0,0.786089062989783,0
3322,0,0,1,0,1,0.0,0.0,1.9439344580587679,0
3323,1,0,1,0,1,5.668217989747908,0.0,-1.313850927193814,0
3324,0,0,0,0,1,0.0,0.0,2.404677220065743,0
3325,1,0,0,0,1,14.530931815856428,0.0,-0.28831140885632056,0
3326,1,0,0,1,1,46.71006407378441,0.0,-2.787127723103189,0
3327,1,1,0,1,1,0.0,0.0,-1.8479268565932825,0
3328,1,0,0,1,1,0.0,0.0,0.7055349111954079,1
3329,0,0,0,0,0,2.523743734305314,0.0,-0.11415290773115588,0
3330,1,1,0,0,1,2.7903987286787513,0.0,2.047242836215377,0
3331,1,0,0,1,0,0.0,0.0,-1.8135997013736782,0
3332,1,1,0,1,1,2.5560187111904185,0.0,0.30167334164963777,0
3333,1,1,1,0,1,0.0,17.091709566622814,0.3586541585770963,0
3334,0,1,1,0,1,2.0401544804568528,0.0,0.16694141048673025,0
3335,1,1,0,0,1,1.976673557763526,0.0,-0.33973725266815047,0
3336,1,1,0,1,1,16.83298296093052,0.0,-0.3142552006892554,0
3337,1,0,1,0,1,14.341626018472242,0.0,0.1435466550788793,0
3338,0,0,1,0,1,2.5243177667287777,0.0,0.30730371563291614,1
3339,1,1,0,1,1,0.5256012834438688,0.0,0.47329324813215157,0
3340,1,0,0,1,1,2.952353738440621,0.0,1.2636640114011126,0
3341,0,1,0,0,1,7.527779011511287,0.0,-1.3876364957295626,1
3342,1,0,1,0,1,25.44343668194288,45.746875050912,-2.398954924166062,0
3343,0,1,0,1,1,3.1237457851700574,0.0,1.4517152696164657,0
3344,1,1,0,1,1,3.1889760568936785,0.0,-1.0577120523635093,0
3345,0,0,0,1,0,17.150497374287724,0.0,-0.7657290478274273,1
3346,1,0,0,1,1,7.451384338244839,0.0,-1.0634875390499545,0
3347,1,0,0,0,1,13.516029485510211,0.0,-1.0908957722774688,0
3348,1,0,1,0,1,12.225595977770944,0.0,-1.9465779689279032,0
3349,1,0,0,1,1,15.633479216962407,0.0,-1.0089953123004352,0
3350,1,1,0,0,1,0.0,0.0,0.9811438237177998,1
3351,1,1,0,1,1,5.964653818962228,0.0,0.14496775729923092,0
3352,1,1,1,0,1,1.0024034184808372,0.0,0.9957691244888501,0
3353,0,1,0,1,0,5.415061565764169,17.920822224062665,-0.48498495672940617,1
3354,1,1,0,1,1,4.457808505894309,2.5092275440107756,1.30564286820087,0
3355,0,0,0,1,1,5.215734833676665,0.0,-0.9307032004397252,0
3356,1,1,1,0,1,7.406641547783776,0.0,-2.3489533446731445,0
3357,1,0,0,1,1,3.8990265168054368,0.0,0.12527845494566037,0
3358,0,0,1,0,1,2.335750336867805,0.0,0.9022525043567109,0
3359,0,0,0,0,1,4.587501509386147,0.0,-0.9958259358966105,0
3360,0,0,1,0,1,2.503304581816412,24.525458112962816,1.45498402228277,1
3361,1,1,1,0,1,6.534500078056642,0.0,-0.7388860002621825,0
3362,1,1,0,1,1,3.058465780417853,34.56017393220599,1.0085303204701868,0
3363,0,0,0,1,1,0.6824401721488369,0.0,1.9533132059611515,0
3364,1,0,0,0,1,3.202340570367568,0.0,-0.23298434000441626,0
3365,1,1,0,1,1,3.941782275941949,15.953725999458513,-0.13989835010947305,0
3366,1,1,0,0,1,3.2999003989675906,0.0,0.014740255393196844,0
3367,0,0,0,0,1,0.0,0.0,1.8042180952983002,0
3368,0,0,1,0,1,2.543166946920482,0.0,0.4355616944527069,0
3369,0,1,0,0,0,0.0,0.0,2.894579426839899,0
3370,0,0,0,1,1,2.6575274665111968,0.0,0.07744177656834633,0
3371,1,0,0,0,1,8.82952595629503,0.0,-1.1168597246767924,0
3372,1,1,0,1,0,4.474480355949059,0.0,-0.5968888770729088,0
3373,1,0,0,1,0,0.0,0.0,-0.20114270016902763,0
3374,1,1,0,0,1,27.794955832657013,0.0,-2.462892948441198,0
3375,1,0,0,1,1,3.6025897941271543,0.0,-0.8879869910024034,0
3376,0,1,1,0,1,0.47415122214207756,0.0,-0.22958122758370325,0
3377,1,1,0,1,0,0.0,0.0,0.456930886936149,0
3378,1,0,1,0,1,0.0,0.0,2.405527322113856,0
3379,1,0,0,1,1,0.33317100766037694,16.49788670868462,-0.2098348948362505,0
3380,1,0,0,1,1,56.050937082183495,0.0,-2.741003631521748,0
3381,1,1,0,0,0,9.662697502724406,0.0,-1.0198017918425106,0
3382,1,0,0,0,1,0.0,0.0,0.055728463194769484,1
3383,1,0,1,0,1,4.341079119902863,0.0,0.03903329238873232,0
3384,1,0,0,1,0,2.5671365626765916,0.0,1.7993030685601072,0
3385,0,1,0,1,1,0.0,0.0,1.3788989419153583,0
3386,0,0,1,0,1,0.0,0.0,1.1105478064354772,0
3387,0,0,0,0,1,8.070747750917269,6.305805288509715,-0.5579303579552135,0
3388,1,0,1,0,1,0.0,0.0,1.3268749267851236,0
3389,1,0,0,0,1,11.347605690227356,0.0,-1.426781601532533,0
3390,1,1,1,0,1,4.4235995465879006,5.4730918764890495,1.589416715895982,1
3391,0,1,0,0,1,4.972737160053179,4.493966265788676,-0.21149619604143016,0
3392,1,0,0,0,1,8.428708585293569,0.0,-2.1334315596294733,0
3393,1,0,1,0,1,4.636146950431774,0.0,0.6793429767870389,0
3394,0,1,0,0,0,0.0,0.0,1.9388558318264142,0
3395,0,0,1,0,1,6.695319276236466,0.0,-0.6004503952844322,0
3396,1,0,0,1,0,0.0,0.0,1.7203350403116293,1
3397,0,1,0,0,1,5.685246622652623,32.613398517834376,-1.969604370331579,1
3398,1,1,0,0,1,8.730297876101954,0.0,-1.3818953430737435,1
3399,1,0,1,0,1,0.0,0.0,-0.2678093334427367,1
3400,1,0,0,1,0,6.7805999426992685,0.0,-0.7545777739874484,0
3401,0,1,1,0,1,0.0,0.0,-0.5039307341558069,1
3402,1,0,0,0,1,10.468453032706144,0.0,-0.10889251991267435,0
3403,0,0,1,0,1,19.966729339071605,0.0,-0.756595786022854,0
3404,1,0,0,1,1,3.7274740265154556,0.0,-0.7394875696674996,0
3405,1,0,0,1,1,0.0,0.0,0.07638409004847485,0
3406,1,0,0,1,1,7.9334583398519225,0.0,-1.1344472095633429,0
3407,0,0,0,0,1,8.899731023517779,0.0,-0.4157032464882859,1
3408,0,1,1,0,1,5.470564822279966,0.0,-0.4762899793402746,0
3409,0,0,1,0,1,9.669411038889518,0.0,-1.6231941334528381,1
3410,0,1,0,1,1,0.0,0.0,1.127538783582341,0
3411,1,0,1,0,1,0.0,0.0,2.1059768842777773,0
3412,0,1,0,0,0,5.009433964544636,0.0,1.512652153694613,0
3413,1,0,0,0,1,2.851360981024302,20.20716894440738,0.14459658478248505,0
3414,1,1,0,0,1,6.718639142519206,0.0,-0.6711564067020377,0
3415,1,1,0,1,1,6.228731669725311,0.0,-0.2172559669539081,1
3416,1,1,0,0,1,0.0,0.0,1.5029872133981808,0
3417,1,0,0,1,1,21.789436955997978,0.0,-3.2003030617899713,0
3418,1,0,0,0,1,17.874061143676162,0.0,-0.7449730872241291,0
3419,1,1,1,0,1,0.0,16.184991742005224,1.2896683772726611,0
3420,0,0,1,0,1,5.958643465480811,0.0,-1.5369988891961646,1
3421,0,0,1,0,1,6.441644179492067,0.0,0.4619370038342869,0
3422,1,1,0,0,0,0.0,16.778770076541218,0.6325462665800826,1
3423,0,0,1,0,1,8.093092048101767,0.0,-1.94154551073599,1
3424,1,1,0,0,1,2.405674589187951,0.0,0.2613319809829551,0
3425,1,1,1,0,1,0.0,0.0,-0.4403299430419454,1
3426,0,0,0,1,1,7.058489391216982,0.0,0.2526063051309224,1
3427,1,1,0,1,1,0.0,0.0,1.0073295179408173,0
3428,0,0,0,0,1,5.018178302038994,0.0,0.230641835229633,1
3429,1,0,1,0,1,0.0,0.0,0.012918175031163368,0
3430,1,0,1,0,1,1.6040584542818341,0.0,0.2897552287008927,0
3431,1,0,0,1,1,13.807765371038386,0.0,-1.7853633138124856,0
3432,0,0,1,0,1,0.0,0.0,-0.11936228334492607,0
3433,1,0,1,0,1,16.850741394670194,0.0,-1.099498555804167,0
3434,1,1,0,0,1,0.0,0.0,1.4703696044634236,1
3435,1,1,1,0,1,1.0635539331893038,11.059968162506689,1.2245448396562435,0
3436,1,0,0,1,1,7.073145842875384,0.0,0.5909137281534338,0
3437,1,1,0,1,1,0.3645190034184657,0.0,2.3432691913778965,0
3438,0,1,0,0,1,6.76713302979695,0.0,-0.27237115494444675,0
3439,1,1,1,0,1,10.937807766525905,0.0,-0.35272941082988796,0
3440,1,0,1,0,1,4.222300289102998,0.0,-0.5326114768095271,0
3441,1,1,0,0,1,3.1984617221785685,0.0,-1.900862602032901,0
3442,1,1,0,1,1,29.76091280632528,0.0,-1.80018639468289,0
3443,0,1,0,1,1,0.0,0.0,0.945011851479183,0
3444,0,1,1,0,1,0.0,0.0,-1.4357793675824997,0
3445,1,0,1,0,1,10.201477089687392,0.0,-1.4558880832128758,0
3446,1,1,0,0,1,0.0,0.0,0.01979855730565097,0
3447,1,0,0,1,1,0.0,0.0,-0.8076513315042136,1
3448,0,0,0,1,0,2.235078999706048,87.88657022364771,0.8536350179789658,0
3449,0,1,0,1,1,3.602204626438944,0.0,0.2273904704019135,0
3450,0,0,0,1,0,0.0,0.0,-1.3020399093404154,0
3451,1,0,0,0,1,0.0,0.0,0.9636902524711415,1
3452,1,0,0,0,1,5.207119525572824,0.0,0.6528529725936412,0
3453,0,1,0,1,1,10.578612926559446,0.0,-1.656058800094591,0
3454,1,1,1,0,1,0.0,0.0,0.6729013051648418,0
3455,1,0,0,1,1,8.845390544729185,0.0,-1.19529829066899,0
3456,0,0,0,0,0,10.358609732027897,0.0,-1.229040374784215,0
3457,0,0,1,0,0,1.4699655022312124,0.0,2.3129787664800125,0
3458,1,0,1,0,1,0.0,0.0,0.07906737721828863,0
3459,1,1,0,1,1,5.81669384105514,0.0,-0.12844926529785194,0
3460,0,0,0,0,1,0.0,0.0,-0.17126243162160593,0
3461,1,0,1,0,1,10.020844828116374,0.0,1.0390275364214958,1
3462,0,0,0,1,1,6.248655039016717,0.0,-1.1780537292204083,0
3463,1,1,0,1,1,4.114320518360924,0.0,-0.5294879608844825,0
3464,0,1,0,0,1,0.0,0.0,0.9905394664272993,0
3465,0,0,0,0,1,14.869655126718508,0.0,-2.220978291827673,1
3466,1,0,0,1,1,5.805398823338711,0.0,0.9881879563638927,0
3467,1,0,1,0,1,16.905558703397933,11.637353730562074,-2.1346300605741573,1
3468,1,1,0,1,0,0.0,0.0,-0.1645815149765239,0
3469,0,1,0,0,1,19.002639857897176,0.0,-1.8965060776541942,1
3470,1,0,0,1,1,16.62879004933228,0.0,-1.632002127275959,0
3471,1,0,1,0,1,0.3429094328385493,0.0,1.58101357901434,0
3472,0,0,0,0,0,0.0,0.0,1.0569060785084425,1
3473,0,0,1,0,1,0.0,16.926688840781342,1.3936925437159737,0
3474,0,1,0,1,1,20.461297184713427,0.0,-1.704705002929159,0
3475,1,0,0,1,1,33.67028118385417,0.0,-1.6253518824981288,0
3476,0,0,1,0,1,14.19426585580471,27.410549376828833,0.3550368881038488,0
3477,0,0,1,0,1,0.0,0.0,0.8356063874295656,1
3478,1,0,0,0,1,7.869848144242345,0.0,-1.3033775169262398,0
3479,0,0,0,0,0,11.018243735173732,0.0,-1.0210193696562202,0
3480,1,0,0,0,1,7.254906484449611,0.0,-1.7281249869550532,1
3481,0,0,0,0,1,9.083244167411388,9.761984436079322,1.8425539719443724,0
3482,0,0,0,1,1,17.29212989938605,0.0,-0.8879434227885014,0
3483,1,0,1,0,1,0.0,0.0,-0.03994585137566095,1
3484,1,0,1,0,1,0.0,6.647100835248828,0.027065090844962933,0
3485,1,0,0,0,1,1.9116337510650077,0.0,1.135194180446476,0
3486,1,0,0,1,1,5.788593593753874,19.245509257848255,-1.4991572027294837,0
3487,0,0,0,0,0,0.08958010212684486,0.0,1.2153738678094768,0
3488,0,0,0,1,0,14.771812865581207,0.0,-1.9167625159957649,0
3489,1,1,0,0,1,1.1097304667626373,0.0,1.6421219299554863,0
3490,1,0,1,0,1,22.561680049006412,0.0,-2.275583468934076,0
3491,1,0,1,0,1,0.0,0.0,-0.213831234391174,0
3492,1,1,0,0,1,0.0,7.133890210096865,2.230559643779704,0
3493,1,0,1,0,1,0.0,0.0,0.8124878185544382,0
3494,1,0,0,1,1,1.5351804925278425,0.0,0.25919012946079856,0
3495,1,1,1,0,1,11.481929546504649,0.0,-0.9919713812789409,0
3496,1,0,0,1,1,0.0,0.0,-1.2205455925354975,0
3497,0,0,0,0,1,0.0,0.0,1.4408266509198833,0
3498,1,0,0,1,1,0.0,0.0,0.32459454880893557,0
3499,1,1,0,0,1,3.882797267955514,0.0,1.289519036160722,0
3500,0,0,0,1,1,6.422595642018691,0.0,-0.18554392002465164,0
3501,0,1,0,0,1,5.00708159720539,0.0,-0.21061629953726135,0
3502,1,0,1,0,1,5.923729907957902,0.0,0.9013268870085525,0
3503,0,1,1,0,0,0.595944563742125,0.0,0.6819718841036412,1
3504,0,0,0,0,1,3.713960760317831,0.0,-0.49754880139269575,0
3505,0,0,0,1,0,12.969506740398622,0.0,-2.0899290323729938,0
3506,1,0,1,0,1,0.8285294746296912,0.0,1.141002620569057,0
3507,1,0,0,0,1,3.821574932990094,0.0,0.28323367889841145,1
3508,1,0,0,1,1,7.548151146455755,0.0,-1.056015422909252,0
3509,0,0,0,1,1,0.0,0.0,1.2294434996839052,0
3510,0,1,0,1,1,0.0,0.0,0.46207999880527934,0
3511,1,0,1,0,1,9.200369650261964,0.0,0.2571505140416984,0
3512,1,0,0,1,0,4.941898707671191,0.0,0.8513863375933892,0
3513,1,0,0,1,1,0.0,27.01893019444762,0.5759444739907826,0
3514,1,0,0,0,0,4.071056632515315,20.275115758755124,0.09590333328748157,0
3515,0,0,0,0,1,6.833959225291742,0.0,-0.5213888685375961,1
3516,1,0,0,0,1,1.2636665672862986,0.0,2.2590901174201976,0
3517,1,0,1,0,1,39.20475341562757,0.0,-1.0192650507059382,0
3518,1,1,1,0,1,0.23513497267821676,0.0,1.3048439539124224,0
3519,0,0,1,0,1,3.1572408879020655,0.0,-0.18733973295657844,0
3520,0,0,0,0,1,2.0770633565716925,0.0,0.30203344315285896,1
3521,1,0,0,1,1,3.1109230707866358,0.0,1.2987818475139494,0
3522,1,0,1,0,1,7.951217124291796,0.0,-0.4788203865200536,0
3523,0,1,1,0,1,1.1828967529629768,0.0,1.1203505179310902,0
3524,0,1,0,0,0,0.0,6.098023664440042,0.48991331905250907,0
3525,1,0,1,0,1,10.689616114486178,0.0,-0.9008659126762462,0
3526,1,0,0,0,1,4.854965764495859,0.0,1.330366718360586,0
3527,1,1,0,0,1,4.958124341788914,0.0,1.0603203784625799,0
3528,1,1,1,0,1,0.68324936851226,0.0,-0.20622391233493564,0
3529,1,0,0,1,0,0.0,0.0,1.132600034864742,0
3530,0,0,0,1,0,4.72798870992507,0.0,-1.344217152093482,1
3531,1,1,0,1,1,4.399698285592701,0.0,0.1129641435070303,0
3532,0,1,1,0,1,4.205106307054754,0.0,-0.19940650823182793,0
3533,1,0,0,0,0,0.0,49.509569602361104,0.6816793459455883,0
3534,1,1,1,0,1,1.875584273772724,8.33787924380369,-0.26399469508241,1
3535,1,0,0,0,1,7.214339278956388,0.0,0.6908583897101362,0
3536,1,0,0,0,1,1.518890987469383,0.0,0.4809089825139645,0
3537,0,1,0,1,1,7.683606998397863,55.15354355446924,-0.33031890868886093,0
3538,1,0,0,1,1,0.0,0.0,2.0620385170640674,0
3539,1,1,0,0,1,6.042296546827051,0.0,-0.8039003516460357,0
3540,0,1,0,1,0,27.120738046949977,0.0,-1.6535380301526539,0
3541,1,0,0,1,1,15.147798084353003,0.0,0.8158068949359221,0
3542,1,0,0,1,0,9.214043652533471,0.0,-3.0312421642079483,0
3543,0,0,1,0,1,0.8949974220405956,91.541345916645,1.8295255377032182,0
3544,1,1,1,0,1,1.9934484443015763,0.0,0.4802449619537491,0
3545,1,1,0,1,1,35.40560964970224,8.237192966755952,-1.6765408957507046,0
3546,1,0,0,1,1,10.997951246160836,0.0,-1.4940345631710354,0
3547,1,0,0,1,0,32.39146487027612,0.0,-2.3716335046592176,1
3548,1,0,0,1,1,5.822993758327058,27.461278949322267,0.21009017946053443,0
3549,0,1,0,0,0,4.140938682466514,0.0,-1.5484501388700904,0
3550,1,0,0,0,1,0.9423635604471343,0.0,0.3626739592908139,0
3551,0,0,0,0,1,5.137259143944437,0.0,-0.6701749138605753,1
3552,1,0,0,1,1,32.92289030427709,0.0,-0.8884660994714806,1
3553,1,1,1,0,1,2.6357085491929584,0.0,1.0019628375828395,0
3554,1,0,0,1,1,7.99584812983662,0.0,0.5180945019239576,0
3555,1,1,0,1,1,0.0,3.9645072329018136,1.6166276762181826,0
3556,1,0,0,1,1,0.0,8.60583477312683,-1.0912362703751919,0
3557,0,0,0,1,1,0.0,53.983166732665985,-0.31815611220599094,1
3558,0,0,0,1,1,0.0,0.0,-1.0932187296402056,0
3559,0,0,0,1,1,5.340370142558546,0.6984125227896141,-0.07137603130010314,0
3560,1,0,1,0,1,5.362513440977065,0.0,-1.0762107971457684,0
3561,0,0,0,0,1,13.509717943265215,0.0,-0.8228438150406627,0
3562,1,0,0,1,1,10.433279920480443,0.0,-0.81632065250696,0
3563,0,0,0,1,1,0.0,0.0,0.09550200835483008,0
3564,0,1,1,0,1,0.0,42.91932788839534,0.35378235806026015,1
3565,1,0,1,0,1,3.3455360956927116,7.8739770762787415,0.568066055383962,1
3566,1,0,1,0,1,0.0,0.0,-0.21695562514677558,1
3567,0,0,0,1,1,6.2828411466944925,38.85789542625654,-1.022083413516118,0
3568,1,0,0,0,1,8.115416554434091,0.0,-0.03515789151043447,0
3569,0,0,0,1,1,3.138252707170005,15.065681526418533,-1.4539954475402723,0
3570,0,1,1,0,1,0.0,0.0,1.0785220041975725,0
3571,1,0,1,0,1,26.77453823646289,0.0,-0.4453954405949971,0
3572,1,1,1,0,1,4.263205149649954,0.0,0.6117848444154048,0
3573,1,1,0,0,1,4.708789249079967,0.0,0.431630726329935,0
3574,0,0,1,0,1,0.0,0.0,1.9699782200134903,0
3575,1,1,1,0,0,0.0,0.0,0.8384271380003576,1
3576,1,1,1,0,1,2.5075850919503453,0.0,0.44372025992930814,0
3577,1,0,1,0,1,0.0,0.0,-0.9662346494213825,0
3578,0,1,0,1,0,7.358534424652849,3.0225439740069984,1.1770529983110456,0
3579,0,0,0,1,0,0.0,0.0,-0.6258630661280278,0
3580,1,1,0,0,1,10.835303574989082,0.0,-1.802614586785856,0
3581,0,0,0,0,0,7.368819692983207,0.0,-0.5297129244945034,1
3582,0,0,1,0,1,0.0,0.0,0.16510693679131375,0
3583,0,1,1,0,1,0.0,2.8643743446053582,-0.6976872929954375,1
3584,1,0,1,0,1,1.4530432710398191,0.0,-0.23127079054046012,0
3585,1,0,0,0,1,0.0,0.0,-0.371498030910851,0
3586,0,0,0,0,1,6.7509073367584,0.0,-0.3515621046730487,0
3587,1,1,0,0,1,0.10481982340508789,0.0,1.7303415932357822,0
3588,1,0,1,0,1,3.433870309799042,0.0,-1.758794062316431,0
3589,0,0,0,1,1,0.0,0.0,2.323267147757522,0
3590,1,1,1,0,1,2.2367113680951394,0.0,0.3079707901552536,0
3591,1,0,0,1,1,5.436221891633455,31.48441720173156,0.46267037945915157,0
3592,1,1,0,1,0,2.7202776255470305,0.0,0.31363042116845463,0
3593,1,0,1,0,1,16.485258283550362,0.0,-2.2893101718594444,0
3594,1,1,0,0,1,5.143231036490691,0.0,-1.202419398381921,0
3595,1,1,1,0,1,4.487113775170698,0.0,-0.3210731259363704,0
3596,1,0,0,1,1,4.590158633110369,0.0,0.991961367189715,0
3597,0,0,0,0,1,12.759345804950595,66.44540044628656,-2.0519310537596342,0
3598,1,0,0,0,1,8.834059304718762,0.0,-1.3753439066125859,1
3599,1,0,1,0,1,7.374503198016978,0.0,0.1310090755561678,0
3600,1,0,0,1,1,6.960036859337325,0.0,0.32525625316215845,0
3601,1,1,1,0,1,0.0,0.0,0.9166827223443212,1
3602,1,1,1,0,1,0.0,0.0,-0.909526545566356,0
3603,1,0,0,1,1,12.576949676178028,0.0,-2.325428941044917,0
3604,1,1,1,0,1,2.125350798118741,0.0,1.0399963433126818,0
3605,1,0,1,0,1,0.0,0.0,1.7543986451708529,1
3606,1,1,0,0,1,5.881424977443594,0.0,-0.2919860676808778,0
3607,1,1,1,0,1,25.9012866142181,0.0,-1.1151987001395618,0
3608,0,1,0,0,0,5.691834535449475,208.95675111433675,-0.40024681275499946,0
3609,0,1,0,0,1,2.3668169670621118,0.0,0.6544000939324552,0
3610,0,1,0,1,0,4.238132815807144,0.0,-0.1484232406740908,0
3611,1,0,1,0,1,0.0,25.6293560712633,1.72120786113896,0
3612,1,1,0,0,1,2.245551050515106,0.0,1.3339625208374881,0
3613,1,0,0,1,1,2.7593242817332717,0.0,-0.04404727525855806,0
3614,1,0,1,0,1,0.0,108.78065068531076,-2.5815333115255834,0
3615,1,0,0,0,0,6.216181894723884,0.0,-1.166097444916634,0
3616,1,0,1,0,1,14.92599990288645,0.0,-0.7814685777224524,0
3617,1,1,1,0,0,1.2556384556671194,0.0,-0.605668456509432,0
3618,0,1,0,0,1,0.0,32.4365390576556,0.39425122798710394,1
3619,0,1,0,0,0,0.7784033692735866,5.561382383544685,0.4206458637250943,1
3620,1,0,1,0,0,20.93312446908338,41.75655921520556,-2.22281583123868,0
3621,1,0,0,0,1,2.6442617928162235,0.0,0.7498855194382734,0
3622,1,1,0,0,0,0.6887282548121272,0.0,0.17063834409770495,1
3623,1,0,1,0,1,8.00901147823942,0.0,0.377781009291022,0
3624,1,0,1,0,1,0.075695119173141,69.91916082902992,0.8733777086317112,0
3625,1,0,0,1,1,10.028621425545612,0.0,-1.2617212407554121,0
3626,1,0,0,1,1,4.109109399406889,0.0,1.3313992823242489,0
3627,0,0,1,0,1,14.254515095435135,0.0,-0.26149575307158174,0
3628,1,0,0,1,1,0.0,0.0,1.6560604500056773,1
3629,1,0,0,1,1,8.089246059223909,0.0,-1.4242335171599039,0
3630,1,1,1,0,1,0.0,0.0,2.1909556568715396,0
3631,1,1,0,1,1,13.678402337426181,0.0,-1.0070995511904741,0
3632,1,0,0,1,1,0.0,0.0,2.9824400468551557,0
3633,0,0,0,1,1,50.06636176732071,24.96998026230996,-1.498347217131646,0
3634,1,1,0,1,0,0.0,146.78275717651545,1.5024310021829026,0
3635,1,0,0,1,0,9.908574413176458,0.0,-0.7438646063264029,0
3636,0,1,0,1,0,1.5355780327546045,0.0,1.0652286510931819,0
3637,1,0,0,1,1,0.0,0.0,-0.3318720859208546,0
3638,1,1,1,0,1,6.549996456061479,0.0,-1.0467748804642731,0
3639,1,0,0,1,0,11.062165091692616,3.88749611502395,-3.859942601359899,0
3640,1,0,0,0,1,0.0,0.0,2.929706619126903,0
3641,0,1,0,0,1,0.9797114091547607,0.0,0.24347100878721656,0
3642,1,1,0,0,1,31.11569170984714,5.405715504487545,-3.617718499754313,0
3643,0,0,1,0,1,2.609278841989429,0.0,0.3073390162750806,0
3644,1,1,0,1,1,0.16583045177940584,7.359079103480985,1.032670920358178,0
3645,0,1,0,0,1,10.2514701044447,0.0,-0.7653034028979178,0
3646,0,0,1,0,1,0.0,0.0,-0.9866938085166148,1
3647,0,1,0,0,1,2.6923855587662606,0.0,0.12460243578882138,1
3648,0,1,0,0,1,0.35261428616840695,0.0,1.6893206153755838,1
3649,0,1,1,0,1,0.0,0.0,0.4779489533734741,1
3650,1,0,0,1,1,0.0,0.0,1.5929283895583817,0
3651,1,1,1,0,1,0.5741557568312439,0.0,1.7979605408387092,0
3652,1,1,1,0,1,0.6846544632544613,0.0,0.0571554889427075,1
3653,1,1,1,0,1,40.594606048251386,23.612112784985243,-1.6602704117672582,1
3654,1,1,0,0,1,14.669473902721453,0.0,-0.14013867365933236,0
3655,0,1,1,0,1,0.0,0.0,1.023897472505626,0
3656,0,1,1,0,0,0.0,0.0,0.4266636497657207,0
3657,0,1,0,0,1,0.0,0.0,0.9620637845648572,0
3658,1,1,1,0,1,2.2076419214364913,0.0,1.4551775694716418,0
3659,0,0,0,1,0,2.2498406853533197,3.103436058385478,0.3994989483723329,1
3660,0,1,1,0,1,1.8774937183942009,0.0,-0.0024205491869767615,0
3661,0,1,0,1,1,6.654198549588511,0.0,0.8154508479897755,0
3662,0,0,0,1,1,0.9309920463087498,0.0,2.581419816357042,0
3663,1,0,0,0,1,8.191164884750185,0.0,-2.1870458376588955,0
3664,1,0,1,0,1,7.408889788153587,0.0,0.5437279576210687,0
3665,0,1,0,1,1,0.17541588818641635,20.536565225250104,2.4949642048713376,0
3666,0,1,0,0,1,2.066138133688005,14.561844726536131,-1.3534751949880834,0
3667,0,1,0,0,1,0.3933619180209497,0.0,1.4314081175627718,1
3668,0,1,1,0,1,0.0,85.08299058387018,1.8024380730452823,1
3669,0,1,0,0,1,11.233046892772471,1.5400073788216635,-1.7403630782833455,0
3670,0,0,0,1,0,4.260022702093936,0.0,0.6318229944552846,1
3671,0,1,1,0,1,8.718697172338643,0.0,0.002715646513754111,0
3672,0,0,0,0,1,5.556446038717048,0.0,-0.3573706195326119,0
3673,1,1,0,1,1,3.321336510289365,0.0,-0.26594204828121515,0
3674,1,1,0,0,1,0.0,8.573137460889798,1.8302420370363282,1
3675,1,0,1,0,1,11.047617452724406,0.0,-0.2235149061112669,0
3676,1,0,1,0,1,6.655825799894047,0.0,-0.6730413243528091,1
3677,0,1,0,0,1,6.030294277756356,0.0,-0.42136065707802856,0
3678,0,0,0,1,0,5.759730213325807,0.0,-0.7164671435380343,1
3679,1,1,0,1,0,0.0,0.0,-1.2318054655110868,0
3680,1,1,1,0,1,17.595676210709442,41.30328113886152,-0.2543315936889302,0
3681,1,0,0,1,1,4.003730200115923,0.0,-0.12938288037962323,0
3682,0,1,0,1,1,3.313813408942937,0.0,0.6676082175776141,0
3683,1,1,1,0,1,-0.08099856417865381,0.0,1.8911699940387923,0
3684,1,0,0,0,0,8.414438692302003,0.0,0.028452991413448814,0
3685,1,1,0,1,1,2.1348232638716222,0.0,-0.45732125388399186,0
3686,1,1,0,0,1,19.857972645552945,0.0,-1.1441311920831465,1
3687,1,1,0,1,1,0.0,0.0,0.5269432074324503,0
3688,0,0,0,1,1,9.535042173331101,0.0,-0.43023459937003283,0
3689,0,0,1,0,1,6.372461079340024,0.0,-0.1879260723381435,1
3690,1,1,0,1,1,2.590188406449839,0.0,0.4860377819495651,0
3691,1,1,0,0,1,2.344050129562337,0.0,0.8148180239932543,0
3692,1,0,1,0,1,6.068949118713973,0.0,0.26526108689468203,0
3693,1,1,1,0,1,3.904132497901144,0.0,0.13173682784678226,1
3694,1,0,1,0,1,16.948985022930678,0.0,-1.105768709175593,0
3695,1,0,1,0,1,0.0,0.0,-0.8643645041613255,0
3696,1,1,0,0,0,5.582059309344943,0.0,1.2357725761605498,0
3697,0,1,0,1,1,3.683395376647435,0.0,-0.3921903851478023,0
3698,1,1,0,0,1,5.669782262565153,0.0,-1.5729347743199507,0
3699,0,1,0,0,1,1.8980003953969309,0.0,1.6342555923356576,0
3700,1,0,1,0,1,13.345178385623598,0.0,-1.2862444700554487,0
3701,1,0,1,0,1,1.4856373780754741,0.0,-0.03488370712701146,1
3702,1,1,0,0,1,1.677757472135386,0.0,0.7786887490680978,0
3703,1,0,0,0,1,1.1804226406555567,0.0,-0.27588047931164433,1
3704,1,0,1,0,1,17.94932915572082,0.0,-3.2520165065107642,0
3705,0,1,0,0,1,1.6107175685372024,0.0,0.6498246356566099,1
3706,0,1,0,0,1,0.0,0.0,1.8478729601605277,0
3707,1,1,0,0,0,0.9082179016897101,0.0,1.1567612518398167,0
3708,1,0,0,0,0,17.10782686445422,0.0,-2.9987122969541993,1
3709,1,0,0,0,1,0.0,0.0,2.4428727334434575,0
3710,0,0,1,0,1,43.0355016833057,8.53069771513302,-1.7770899864759153,0
3711,1,0,0,1,1,7.090351454893913,0.0,-1.6603769083450182,0
3712,1,0,0,1,0,7.054490095726269,0.0,0.7208033197277328,0
3713,0,0,1,0,1,0.0,0.0,0.4996370571421656,0
3714,0,0,0,1,1,1.6469106734072159,0.0,-0.177171065293045,0
3715,1,0,1,0,1,4.922948333617666,38.23491471306383,-0.8088399900114465,0
3716,1,0,0,1,1,0.0,14.759069085316302,1.423496612134165,0
3717,1,0,0,1,1,0.0,0.0,-0.3303370882324992,0
3718,1,0,0,1,1,8.832326196528795,0.0,-2.2842457723194274,0
3719,1,0,1,0,1,0.0,0.0,1.497343935972433,0
3720,0,0,1,0,1,22.896103232909866,0.0,0.2006847909979837,0
3721,1,0,1,0,1,0.0,0.0,1.3472085853286009,0
3722,0,0,0,0,0,0.0,9.822611531123798,0.45286223802345527,1
3723,1,0,1,0,1,0.0,0.0,2.98127711514328,0
3724,0,0,1,0,1,15.049580674952455,0.0,-0.4767619478940514,0
3725,1,0,0,0,1,3.11274006039348,0.0,-0.2594006511088397,0
3726,1,0,1,0,1,6.5119498879509035,0.0,0.8413832242685335,0
3727,1,0,0,0,1,0.0,0.0,-0.6688541258325857,0
3728,0,1,0,0,0,0.0,0.0,1.1773762673027726,0
3729,1,0,1,0,1,68.05597938187054,0.0,-3.8526887244642243,0
3730,1,0,0,0,1,12.535821963220151,0.0,-0.3731625674568657,1
3731,0,0,0,1,1,4.6345629352224815,0.0,-0.41183035989306527,1
3732,0,0,0,1,1,8.168674889826086,0.0,-0.4581954732648168,0
3733,1,0,1,0,1,5.456389848178641,0.0,-1.2024664940908112,0
3734,0,0,0,1,1,0.0,0.0,0.879837233339263,0
3735,1,1,1,0,1,0.0,64.9470120857126,-0.29568937442807863,1
3736,1,0,1,0,1,7.638125617515678,0.0,0.17635123209214199,0
3737,1,1,0,1,1,7.8140863716942235,7.869990248345392,0.10243054116562572,0
3738,1,0,1,0,1,0.0,0.0,0.5604661860528604,0
3739,1,0,1,0,1,0.0,0.0,1.7516298225969753,1
3740,1,0,0,1,1,4.872550637704605,0.0,-0.030267065326889747,1
3741,1,1,1,0,1,0.5952300204399368,0.0,1.4269881937683109,0
3742,1,1,0,1,1,3.641666485019326,0.0,0.33543381995467203,0
3743,1,0,0,0,1,4.830642157388217,71.88304088354239,-0.9276904882259069,0
3744,0,0,0,0,1,3.9186364962768545,0.0,-0.4611936467967248,0
3745,0,1,0,1,1,6.364101197083813,319.6507929795227,-0.21293424822119972,0
3746,1,0,0,0,1,6.303806168776748,0.0,0.4472475288570047,1
3747,0,1,0,1,1,2.704823219006471,0.0,0.2865146141045555,0
3748,1,0,0,1,1,0.0,0.0,-1.2966586656793624,1
3749,1,1,0,1,0,0.0,0.0,-0.13411169806489953,0
3750,1,1,0,0,1,7.712922490134943,0.0,-1.8031733748173908,0
3751,1,1,1,0,1,13.630445957591943,0.0,0.11370791852746517,0
3752,1,0,0,1,1,5.702157842583222,0.0,-0.2783284890825616,0
3753,0,0,0,0,1,0.0,0.0,2.034813696494002,0
3754,1,0,0,1,1,0.0,0.0,1.4460186378809285,0
3755,1,0,0,1,0,13.961825810273806,58.193014780407275,-1.6036154849873714,0
3756,1,1,0,1,1,26.893476931249587,0.0,0.40826485674467783,0
3757,1,1,0,1,1,2.3677481421619944,0.0,0.4307172020762636,0
3758,0,1,0,0,1,9.66761589244587,0.0,-0.14495981153893112,0
3759,0,0,1,0,0,6.62827039655429,0.0,-0.2933613118479572,0
3760,0,1,0,1,1,9.826116110127602,0.0,-0.3030556714140113,0
3761,1,0,0,0,1,-0.15229099075353017,6.759581016630114,2.1170668632106313,0
3762,1,1,1,0,0,14.672546796308456,0.0,-0.18271584439544875,0
3763,1,1,0,1,0,0.0,22.62412843387391,0.5863995438070633,1
3764,0,1,0,1,1,16.149276327167257,0.0,-3.0871585711733345,0
3765,1,1,0,1,1,3.7348263650784777,0.0,1.2041675307518156,0
3766,1,0,0,1,1,2.9472525800120217,0.0,1.2358461532831182,0
3767,1,0,0,1,0,0.0,0.0,-1.6265984372487965,0
3768,1,1,0,0,1,0.6397485246584764,0.0,-0.505215040113177,0
3769,1,0,0,0,1,14.184364853208438,0.0,0.2979245057617661,1
3770,0,0,1,0,1,4.767411385870193,0.0,-0.05509031115206789,1
3771,1,0,0,1,1,2.9363740330936694,0.0,0.31695307586460564,0
3772,1,0,0,1,1,0.0,0.0,-0.6476685626557039,0
3773,1,0,0,0,1,0.0,0.0,2.104979695425948,0
3774,1,0,1,0,1,6.405396716732511,0.0,-0.9372673691379323,0
3775,1,0,0,0,1,0.0,0.0,3.165215632701716,0
3776,0,0,0,0,0,0.0,0.0,1.3096626142068941,0
3777,1,0,0,0,1,1.2401805606198804,0.0,0.7851075678519328,1
3778,1,1,1,0,1,11.648287269300292,0.0,-0.9818113719773441,1
3779,1,0,0,1,0,6.835584304433905,0.0,0.8843934511295648,0
3780,1,0,0,0,1,0.0,0.0,0.4930411912711873,0
3781,0,1,0,0,0,14.373253371346157,0.0,-2.563101315421346,0
3782,1,0,0,1,1,16.088480983115694,0.0,-2.0778883932431667,0
3783,0,0,0,1,1,0.0,18.302406542476934,0.1777637458118363,0
3784,1,1,1,0,1,12.51081471126761,0.0,0.17937635626776358,0
3785,1,0,0,0,1,7.128389303833812,0.0,-0.9410921082250636,0
3786,0,0,1,0,1,1.9535295249894014,0.0,1.3010549689029915,0
3787,1,0,1,0,1,8.960562665381792,125.70187552882676,-1.2112374891767357,0
3788,0,1,0,1,1,2.584075986269677,4.461082889846834,-0.43270840706055574,0
3789,1,1,0,0,1,1.6064789234372374,0.0,-0.6781981286617034,0
3790,1,0,1,0,1,4.289439123979159,0.0,0.5730166500860516,1
3791,0,1,0,1,1,15.658326609318664,0.0,-2.050906495770892,0
3792,1,1,0,0,1,5.174993552836605,0.0,-0.487019970368518,0
3793,0,1,0,0,1,11.065187388081588,0.0,-2.0551394824482383,0
3794,0,1,1,0,1,2.0907530959627136,0.0,-0.05048060830962536,0
3795,1,0,0,1,1,4.464896121184387,6.408225990568521,0.6455027324896252,0
3796,1,0,1,0,1,3.724048533480123,0.0,0.8683475139163019,0
3797,0,0,0,1,1,13.243307552933407,25.448377753435388,-1.2113258659423618,0
3798,1,0,0,1,1,0.0,0.0,0.40265209973238947,0
3799,0,1,0,0,1,0.0,0.0,-0.08700918047352166,0
3800,1,1,0,1,1,3.3659891994775313,0.0,1.8921887655403624,1
3801,1,1,0,0,1,0.0,0.0,-0.016352462686654384,0
3802,1,1,0,1,1,32.42521778978611,0.0,-3.6555006237225234,0
3803,0,1,0,0,1,0.0,0.0,1.2951916911500456,1
3804,0,1,0,1,1,0.0,0.0,-0.43764697502603384,0
3805,1,1,0,1,1,3.602588533761444,0.0,-0.2009759387512754,0
3806,1,1,0,0,1,2.985146854060569,0.0,0.5799820444678416,0
3807,1,0,0,0,1,7.137930553779341,0.0,-2.1036261287356632,1
3808,1,0,1,0,1,18.934063055557427,0.0,0.015556575844670795,0
3809,1,0,0,0,1,0.35976391057541496,0.0,0.40415615345346156,0
3810,1,0,0,0,1,12.260117880629538,0.0,0.1860021625127286,0
3811,1,0,0,0,1,11.869017935561034,15.491860755674931,-1.046632001322779,0
3812,1,1,0,1,0,0.0,0.0,1.4196729133071933,0
3813,1,0,1,0,1,0.0,0.0,-1.3567948150348086,0
3814,0,1,0,0,1,7.8054555463293,0.0,-0.6506676894442676,0
3815,1,0,0,1,1,1.132431267095816,0.0,-0.45408183747474495,0
3816,0,1,0,1,1,0.0,0.0,0.5281994998679664,0
3817,1,0,0,0,1,10.668816973287116,37.91461661658474,-0.6954154474956692,1
3818,1,1,1,0,1,0.0,0.0,1.9225912307220399,0
3819,0,0,1,0,1,3.440773884741626,0.0,0.2979663534094746,0
3820,1,0,0,0,1,0.6106213948605796,0.0,-0.18315780646416863,0
3821,0,0,0,1,1,12.854677653712283,0.0,0.052974283677659884,0
3822,1,0,0,0,0,5.2205440517365735,0.0,0.6581195916309766,0
3823,1,0,0,0,1,0.8393440286378948,35.44189391604801,0.028191863220501767,1
3824,1,1,0,1,1,14.851507012571002,0.0,-2.166181546430825,0
3825,1,0,0,1,0,3.9290903393284564,0.0,1.1145713459569546,0
3826,1,0,0,1,1,4.632047809805398,0.0,-0.12681573366259458,0
3827,1,1,0,0,1,0.979846398000366,0.0,1.0266115932438356,0
3828,1,1,0,0,1,3.182759689593645,0.0,-0.36960771332244396,0
3829,1,0,1,0,1,14.787905026005745,0.0,-2.418197178991243,0
3830,0,0,1,0,1,28.777353944535868,0.0,-2.9970043134391506,1
3831,1,0,0,0,1,18.17397339690033,0.0,-1.4887907703779455,1
3832,0,0,0,1,1,0.0,0.0,0.3821366231776647,0
3833,1,1,0,1,0,0.0,0.0,1.8113004223542748,0
3834,1,0,1,0,1,6.2458952669488275,0.0,0.3065231683531741,0
3835,1,1,0,1,1,8.314857883504445,0.0,-1.1968510839989301,1
3836,0,0,1,0,1,0.0,0.0,-1.0836789038638688,0
3837,0,0,0,0,1,6.192829663918375,0.0,1.461802366273506,0
3838,1,1,0,1,1,19.633814468968726,0.0,-1.527799514293184,1
3839,1,0,1,0,1,0.6063457681819326,0.0,2.610269288338385,0
3840,0,1,0,0,1,0.5011169904769359,0.0,2.5513280330555252,1
3841,1,0,0,0,1,2.224933152467,23.53426363474466,2.4524442494334533,1
3842,1,0,1,0,1,9.720537993252226,0.0,0.4072979039800888,0
3843,0,0,1,0,1,4.12525543364902,0.0,-0.5171517665260731,0
3844,1,0,0,1,1,2.3046647999790597,1.0788894668425,0.1761232206739663,0
3845,1,0,1,0,1,3.5423481657130083,0.0,1.0829887373464866,0
3846,0,0,1,0,1,4.170029007882768,7.389523298726729,-0.9129931594116085,0
3847,1,0,0,0,1,3.6671305688972797,0.0,-1.6895401444174862,1
3848,1,0,0,1,0,4.410495365571929,0.0,-0.6434387123592489,0
3849,1,1,1,0,1,7.304431344657566,4.030012049541865,-0.6385539552414294,0
3850,0,1,1,0,1,3.8658190404648316,0.0,1.938334692672461,0
3851,1,1,0,0,1,3.4715845674772376,0.0,-0.6390297775735232,0
3852,1,1,0,0,1,3.0921232635788867,0.0,0.27242107724459846,1
3853,1,1,1,0,1,0.0,17.677613182347958,1.6082918663780386,0
3854,1,1,0,0,0,0.0,3.1122216266952503,1.7881981572426744,0
3855,1,0,0,0,1,3.2884687319490222,0.0,-0.01304411922595683,0
3856,1,1,1,0,1,3.0771046446196415,0.0,0.8418991828649622,1
3857,1,0,0,1,1,5.7073183122898925,0.0,-1.5817480032044486,1
3858,1,0,0,0,1,1.6238476608821943,0.0,1.029512508062597,0
3859,1,0,0,0,1,0.0,0.0,1.3373097501405018,0
3860,1,1,0,0,1,15.235123440054007,0.0,-2.244051932696474,0
3861,1,0,1,0,1,0.037856563295212226,0.0,2.176570650285596,0
3862,1,1,0,1,1,5.450325424573773,30.27047235282675,-0.7468441175940035,0
3863,1,0,0,0,1,0.0,6.3689042912228455,0.4811275368131501,1
3864,1,1,0,1,1,2.0389559164730655,0.0,0.24927900776433626,0
3865,0,0,0,0,1,10.525029528625348,0.0,-0.3572810830215375,1
3866,1,1,0,0,0,4.007011954063842,3.0140702615831145,-0.11434301219438592,0
3867,1,0,0,0,1,30.99901181972198,0.0,-1.5504810649901515,0
3868,1,1,0,1,1,0.0,0.0,0.8204998536294112,1
3869,1,0,0,0,1,0.0,0.0,-0.6461371760072754,0
3870,1,0,0,1,0,22.744557509523954,0.0,-1.956060571295221,0
3871,0,1,0,1,1,7.342738731589932,10.973437974207835,-1.1748060012147659,0
3872,1,1,0,1,0,3.7272332173806824,0.0,-1.5043312175249715,0
3873,1,1,0,0,1,0.0,16.755848711674528,-0.5214759043865833,0
3874,1,1,0,0,0,1.6118503662008594,0.0,0.77092711479342,0
3875,1,0,0,0,1,6.9353191727408845,0.0,-1.1902311047665664,1
3876,1,1,0,1,1,0.0,0.0,1.3985651926228766,0
3877,0,1,1,0,1,1.0419465105331027,24.205452796151164,0.19740546634577513,0
3878,0,0,0,0,1,4.270277550060361,0.0,-0.650438299956954,1
3879,1,1,1,0,0,0.0,0.0,0.37145975077896837,1
3880,1,1,1,0,1,0.0,0.0,2.135798312648092,1
3881,1,0,0,0,1,9.416617438310446,0.0,-2.0353135256861536,0
3882,1,0,0,0,1,0.8881486555958995,0.0,1.8401497234165045,0
3883,1,0,0,0,1,3.470287190899027,0.0,0.9490049394235327,0
3884,1,0,0,0,1,4.716447016045278,0.0,-0.30772031364787034,1
3885,0,0,0,1,1,2.659112615948385,0.0,1.2342728765057454,0
3886,1,1,0,0,0,0.0,42.76005165775265,-0.2627652506551201,1
3887,0,0,1,0,0,2.545988620280292,53.04317012747511,0.28566832041852824,1
3888,0,0,0,1,1,29.274640114282985,0.0,-0.973010569653418,0
3889,1,0,1,0,1,0.0,0.0,1.1570882097731752,0
3890,1,1,1,0,0,0.9963960972231518,0.0,-0.5552871747016543,0
3891,1,1,0,1,0,0.0,5.494565302032,0.08424923007777214,1
3892,0,0,1,0,1,2.0205323410313203,0.0,0.7892976874562507,1
3893,1,0,1,0,1,3.122082767094862,0.0,1.2616827411048732,0
3894,0,0,0,1,1,10.020322388104361,0.0,-1.3310784534641693,0
3895,1,0,0,0,1,5.325722824413014,0.0,0.6840169409540681,0
3896,1,0,0,1,1,0.0,7.6259456382631114,-1.5369409038415094,1
3897,0,1,0,0,1,0.0,0.0,-2.6024234567794293,0
3898,1,1,0,1,1,12.393116703447626,0.0,-0.8075214684554075,0
3899,0,1,0,1,1,-0.1548510041660773,0.0,1.2183647693776862,1
3900,1,1,0,1,1,1.2490742278538187,260.1249811782707,0.13436239490835547,0
3901,1,1,1,0,1,2.6577807978548518,0.0,-0.33479740384792733,0
3902,1,0,0,0,0,1.7537960345764887,0.0,-0.20898774593150937,0
3903,1,0,0,1,1,4.470855666453699,0.0,-0.25132841853855326,0
3904,0,0,0,0,1,2.668718902068243,0.0,0.5160301425463375,1
3905,1,1,1,0,0,17.300529812901285,0.0,-1.7129887032648297,0
3906,1,0,0,1,1,6.28928676212033,0.0,-0.41101178474818345,0
3907,1,0,0,0,1,4.9730643048654795,0.0,-0.12092509242684901,0
3908,1,0,0,1,0,11.852547293880265,0.0,-2.0276738097334484,0
3909,0,0,0,0,1,7.950897040475073,0.0,-2.045225499180334,0
3910,1,0,1,0,0,12.27667440537358,0.0,-0.5468267762974587,0
3911,0,0,0,1,0,12.966091387826934,0.0,-0.2690889174142399,0
3912,1,0,0,1,1,2.6780039097928525,0.0,-0.26458108792892215,0
3913,1,0,1,0,1,0.0,0.0,-0.7921260561193537,0
3914,1,1,1,0,1,3.1268908628198586,84.42313678179721,-0.4145882789979187,0
3915,1,1,1,0,1,2.5121817325917095,0.0,-0.15582569149346504,0
3916,0,1,0,1,1,4.056062331024187,0.0,0.5321078545263914,0
3917,0,0,1,0,1,0.0,0.0,1.513114888695447,1
3918,1,0,0,1,0,23.922059569210518,0.0,-3.1221080146484734,0
3919,0,0,1,0,1,2.8064392393847775,103.3739646380238,0.7174427152663367,0
3920,1,0,1,0,1,12.394141936826633,0.0,-0.2222741263276541,0
3921,0,1,0,0,1,1.427518072397834,13.749470577372294,0.8229245198065096,1
3922,1,0,0,0,1,0.0,0.0,1.2374954716940656,0
3923,1,1,0,0,1,17.156628999768724,132.91820085470073,-0.8165613770452158,1
3924,1,0,0,0,1,0.0,0.0,0.9287099877084759,0
3925,0,1,0,1,1,6.408081137441233,0.0,-1.4551748663397486,0
3926,0,0,0,0,1,10.779105433752632,0.0,-0.11667298205791282,0
3927,1,0,0,1,1,10.090508827681932,2.985927250304031,-0.5904214647500586,0
3928,1,0,0,0,1,0.0,0.0,-0.22076228095054296,1
3929,1,1,0,0,1,2.9534846359192906,0.0,-1.11596388460736,0
3930,1,0,0,1,0,5.69237212818438,0.0,0.27921082374425776,0
3931,1,0,0,1,1,0.0,0.0,1.7504476998589193,0
3932,1,0,0,1,1,0.0,0.0,-1.5239767946449645,1
3933,0,0,1,0,1,8.225044122746896,2.9315077303805133,0.16274626772892545,0
3934,1,1,1,0,1,1.5529303234041425,0.0,1.445517594981137,0
3935,1,0,0,1,1,9.015829911617248,0.0,-0.6598281320517763,0
3936,0,1,0,0,1,0.0,0.0,1.8913029395925212,0
3937,1,1,0,0,1,7.709886318569556,40.75908012164915,-0.4000010770159554,0
3938,1,0,1,0,1,3.4018303066691207,0.0,-0.22885722009445755,0
3939,0,0,1,0,1,23.75249653553793,0.0,-1.3512373714260115,0
3940,1,1,1,0,0,0.0,0.0,0.5120356570493299,0
3941,1,1,1,0,1,0.0,0.0,0.35386937023868176,0
3942,1,1,0,0,1,0.0,0.0,0.9639535934014289,0
3943,0,1,0,1,0,5.8380990874085725,0.0,-0.6643437317405363,1
3944,1,0,1,0,1,15.814469389737564,0.0,-0.9529543994247349,0
3945,1,1,1,0,1,0.264042044960521,0.0,0.9419899109119764,1
3946,1,0,0,0,1,1.9388113765224553,0.0,1.5084038272954416,0
3947,1,1,0,1,0,0.45983548863782325,0.0,0.9551331169676596,0
3948,1,1,0,0,1,0.0,0.0,2.5146876782222654,0
3949,1,0,1,0,1,1.1658797895884576,0.0,0.6307935631640997,0
3950,0,1,0,0,0,0.0,44.463917876554596,0.8146948554935916,0
3951,1,1,1,0,1,1.2633224758105492,0.0,1.2194948872574964,0
3952,0,0,0,0,1,3.616934886579924,0.0,1.624858567397329,0
3953,0,0,0,1,1,0.0,0.0,1.3040896846299987,0
3954,0,0,0,1,1,12.554875822736292,0.0,-1.6686441383792252,0
3955,0,1,0,0,1,3.7725228989941604,0.0,1.1747448161408909,0
3956,1,0,1,0,0,11.103648142788453,0.0,0.25965632742209044,0
3957,0,0,1,0,1,3.4397918064406543,0.0,-0.3283648203378273,1
3958,1,0,1,0,1,39.303940955881025,0.0,-2.3493493189854986,0
3959,1,1,0,0,1,10.015640942203488,0.0,-1.8214059651331567,0
3960,1,1,1,0,1,0.0,0.0,-0.11651804174476676,0
3961,1,1,0,1,0,11.682955712242087,0.0,-1.7246771307964728,0
3962,1,1,0,1,1,4.424097925427291,298.2940442005749,-0.2900087280050105,1
3963,0,0,0,1,1,1.2049017391872594,0.0,0.634356803535305,0
3964,1,1,0,1,0,2.5309029034087165,0.0,-0.5936240940238802,1
3965,1,1,0,0,0,0.0,29.880340657118172,0.2568321315215829,0
3966,1,1,0,1,1,8.994235722336217,0.0,-1.2195385065972062,0
3967,0,0,0,0,1,0.0,0.0,0.10242212476266438,1
3968,1,1,0,0,1,0.0,0.0,0.8004133010810444,0
3969,1,0,0,0,1,9.535117245291888,0.0,-2.101355848978102,0
3970,0,1,0,0,1,1.8285479443575055,0.0,-0.8124144596454252,0
3971,0,0,1,0,1,0.0,0.0,-1.7019779422814152,1
3972,1,1,0,1,1,0.0,0.0,0.8017949399268502,0
3973,1,0,0,0,1,4.245561807989677,0.0,-0.0700716024983287,0
3974,1,1,1,0,1,1.8155883237141661,3.0769841683056818,0.28636890337845766,1
3975,0,1,1,0,1,7.466933856293936,0.0,0.18579963117911127,1
3976,1,1,1,0,1,2.186879316597956,0.0,0.7632293573537164,0
3977,0,1,1,0,1,2.169031187490131,55.278544743188725,0.788849909774599,0
3978,1,1,1,0,1,3.045190942281132,0.0,-0.2843391920813346,0
3979,1,0,0,1,1,7.314500494491819,0.0,-1.0935639089541316,1
3980,1,0,1,0,1,0.0,0.0,-0.15551384964719187,1
3981,1,1,1,0,1,1.1657033354535948,0.0,0.10713933056034378,1
3982,1,0,0,0,1,0.0,0.0,2.3576732480631275,0
3983,0,0,1,0,1,12.911211721057589,0.0,-0.5713851806349836,0
3984,1,1,1,0,1,2.4179312924584466,0.0,0.7207715995064048,0
3985,0,1,1,0,1,0.0,0.0,0.9463859050024309,0
3986,1,1,1,0,1,2.9476779239667357,0.0,2.1426710919861653,0
3987,1,1,0,1,1,11.142511164627269,0.0,-0.8883162774350526,1
3988,1,0,0,1,1,0.0,0.0,1.4347492213013389,0
3989,1,0,0,1,0,0.0,0.0,-0.46866633513067635,0
3990,0,0,1,0,1,0.0,0.0,3.121721893947395,0
3991,1,0,1,0,1,3.1320711346977106,0.0,0.38413084060947134,0
3992,0,1,1,0,1,5.512053443735096,0.0,-1.2230292855691105,0
3993,1,1,1,0,1,2.4772475725188943,0.0,0.09763689901710709,0
3994,0,1,1,0,1,6.938840094365439,0.0,2.0604247773801645,0
3995,1,1,0,0,0,0.0,19.13157891281561,0.2543726776463705,0
3996,1,1,1,0,1,6.8822691026980065,36.20756983647922,0.27367947827570616,0
3997,0,1,0,0,1,0.0,0.0,1.0703163697506357,0
3998,1,0,0,1,1,21.436631106087003,0.0,-0.7215970440544692,0
3999,1,1,0,0,1,3.244695998929153,0.0,-0.11973846500215918,0
4000,0,1,0,1,0,7.213423406864202,0.0,-1.0591833727123836,0
4001,0,0,0,1,1,-0.02741547708738482,0.0,1.9328905996369794,0
4002,1,1,0,0,1,16.30256291122464,80.53606714031345,-1.4149424374368407,0
4003,1,0,0,1,0,0.0,0.0,-0.06308267550273491,0
4004,1,1,1,0,0,0.6704400952435243,0.0,0.9642522215448743,0
4005,0,0,0,0,1,12.8738443658564,0.0,-0.29747343349563127,0
4006,1,1,1,0,1,3.1754276534104804,0.0,-1.2549443782269738,0
4007,1,0,0,0,1,17.15461918152401,0.0,-1.5584179554702509,1
4008,0,1,0,0,0,0.0,0.0,0.8188216554964716,1
4009,1,1,0,0,1,14.129554972133999,0.0,-0.8482455150030774,1
4010,1,0,0,1,1,26.290461005533807,0.0,-2.932182044785235,0
4011,0,1,1,0,1,0.0,38.85895466325756,0.8453322531700469,1
4012,1,1,0,1,1,0.0,0.0,-0.9667940863433997,1
4013,1,0,1,0,1,0.0,0.0,0.7279606701699217,0
4014,0,1,0,1,1,4.117863527151906,0.0,-0.10807526172708448,0
4015,0,0,1,0,1,3.1319189591120917,0.0,-0.3997597804976684,0
4016,0,0,1,0,1,4.424346483401929,0.0,-0.013135125738144585,1
4017,1,1,0,1,1,24.742988131111627,0.0,-1.307271462477288,0
4018,1,0,0,0,1,16.586671999221114,0.0,-1.3365799521249426,0
4019,1,1,0,0,1,2.0273465352770548,0.0,-0.18270278240596893,0
4020,1,0,0,1,1,33.20715986630782,0.0,-1.7447589437063298,0
4021,0,1,0,1,1,2.8011086580904103,0.0,1.063686604110903,0
4022,1,1,0,0,1,7.725796534388646,15.995867177280804,-0.2434450950247556,1
4023,1,1,1,0,1,0.0,0.0,-1.5052788501131609,0
4024,1,0,1,0,1,10.460058645638815,0.0,-0.7955570928499567,0
4025,1,0,0,0,1,1.2681504264037926,0.0,-0.15046071689995832,0
4026,1,0,0,0,1,16.14618604234168,0.0,-0.8509957804952152,1
4027,1,0,0,0,1,0.6583473792713508,0.0,0.23176433458648227,1
4028,1,0,0,1,1,8.062532297690105,0.0,0.4547665273761764,0
4029,0,0,1,0,1,0.0,0.0,2.994176353219987,1
4030,0,0,0,1,1,4.886927956218288,0.0,1.1928245777417286,0
4031,1,0,0,0,1,19.199741341915182,0.0,-2.374554040785073,1
4032,0,1,0,1,1,0.0,0.0,-0.31109758079830346,0
4033,1,0,0,0,0,7.486416389829586,0.0,-0.6213008543333967,0
4034,1,0,0,1,1,5.045225715385677,0.0,0.45609078070353803,0
4035,1,1,0,1,1,8.903256378422975,0.0,-1.0449901704981908,0
4036,0,1,0,1,1,16.66798951271925,0.0,-0.5300027701738734,0
4037,1,1,0,1,1,12.18965133966254,0.0,-1.4428472011639324,0
4038,1,0,1,0,1,3.5205605116556553,0.0,-0.8509001260691307,0
4039,0,1,0,0,1,3.700793293288511,0.0,-0.5731559004826594,0
4040,0,0,1,0,1,0.0,0.0,-0.48064744045618124,0
4041,0,0,0,0,0,27.5681255610367,0.0,-1.798736303257289,0
4042,1,0,0,0,1,1.7542807042921442,0.0,0.9769929464331426,1
4043,0,1,1,0,1,0.0,0.0,0.9544337444267329,0
4044,1,0,1,0,1,15.728402809256437,1.7550722441575757,-1.9345021090744965,0
4045,1,0,0,0,0,7.956250410754466,0.0,-0.24675463786569202,1
4046,0,1,0,1,1,4.722160186031359,0.0,-1.8535262460704627,0
4047,1,1,1,0,1,0.0,0.0,2.0680873293140896,0
4048,0,1,1,0,1,0.0,0.0,2.416058717640483,0
4049,1,1,0,1,1,2.172021633910271,17.52778191685629,0.0786562638226619,1
4050,1,0,0,0,1,8.901314348755601,0.0,-1.3713858142139748,1
4051,1,0,0,1,1,21.627065180126106,0.0,-1.130264739322338,0
4052,0,0,0,0,1,11.103733242151833,56.10775872684099,-0.8607898653130303,0
4053,0,0,0,0,1,3.7045757920914673,0.0,-0.41673886198348753,1
4054,0,0,0,1,1,0.0,0.0,1.4742011486800994,0
4055,1,0,1,0,1,7.255131223596617,0.0,1.1431703171956022,0
4056,1,0,0,0,1,2.6207886002381597,0.0,0.9628857647796425,0
4057,1,1,1,0,1,0.0,0.0,0.5683401864612458,0
4058,0,0,1,0,0,18.951659495465027,0.0,-1.5566230066453972,0
4059,1,1,1,0,1,0.00573583870067724,0.0,-0.6356725883284846,0
4060,0,0,0,0,1,0.0,98.6302145749778,-0.20227678316488867,1
4061,1,0,0,1,1,0.0,0.0,-1.817408123960438,0
4062,1,0,0,0,0,0.0,0.0,0.10909817670669653,1
4063,1,1,0,0,1,5.789480799882251,0.0,1.1805581074052456,0
4064,1,0,0,0,1,10.677800393260437,0.0,0.4180421017066558,0
4065,1,1,0,0,1,3.5382424454469428,0.0,0.7966425253354652,0
4066,1,0,0,0,1,0.0,0.0,-2.6688417919441925,1
4067,0,1,0,0,0,0.0,0.0,1.8566954197390029,0
4068,1,0,1,0,1,34.70794880306267,0.0,-2.086253222440978,1
4069,0,0,1,0,1,15.955017048563999,192.11648741667983,-0.27551899372265365,0
4070,1,1,0,1,1,2.439943841718751,0.0,0.9417357360461747,0
4071,1,1,1,0,0,0.0,0.0,0.8090048332605735,0
4072,1,0,0,0,1,12.088051718591709,0.0,-1.9156304986188306,1
4073,1,1,0,1,1,8.3473753713983,0.0,-1.255856797316731,0
4074,1,1,1,0,1,0.0,0.0,0.7174516766806804,0
4075,1,1,0,1,1,0.0,0.0,0.8038816176249481,0
4076,1,1,0,0,1,10.139375907069638,0.0,-1.2672209211044196,0
4077,0,0,0,1,1,0.0,0.0,0.22251857787516993,0
4078,1,0,0,1,0,17.09726163310908,0.0,-2.219550054008402,0
4079,1,1,0,1,0,2.50810807668354,0.0,0.9492182493488512,0
4080,0,0,0,1,1,11.787591589795323,0.0,-1.4113175318617988,0
4081,1,1,0,1,1,6.058922277186025,0.0,0.2530572261353021,0
4082,0,1,0,0,1,6.228809804783694,29.122658761317616,0.0381309538617528,0
4083,1,0,0,1,1,11.552683480170067,0.0,1.2056413797264234,0
4084,1,1,0,0,1,2.0291789898735226,0.0,0.45992643673643197,0
4085,1,0,1,0,1,9.85597813808501,0.0,-0.8468503739398601,0
4086,1,0,1,0,1,5.033062907893189,0.0,0.38027866309654274,1
4087,1,0,0,1,1,0.0,0.0,2.462288946202852,0
4088,1,0,1,0,1,1.1468880356610391,0.0,0.867357339247149,0
4089,1,1,0,0,0,1.4984447787394566,0.0,0.0742662224208698,0
4090,1,1,0,1,1,6.5098660543416775,0.0,-0.9170246033126097,0
4091,1,1,0,1,1,1.7755736578631987,0.0,-0.6391091207778763,0
4092,1,0,0,1,1,3.057273238582172,0.0,0.5903909396930948,0
4093,1,0,1,0,1,0.0,9.49674244434413,-1.213827292571742,0
4094,1,1,1,0,1,2.5860943367917617,0.0,0.3534416141812932,0
4095,1,1,0,1,1,2.770514001446409,0.0,1.9901522077944462,1
4096,1,1,0,1,1,1.3461821603541764,0.0,0.34250226307027754,0
4097,1,0,0,1,1,20.670880449334415,0.0,-1.6612886928607122,0
4098,1,0,0,0,1,0.0,1.2059777004327228,2.507645251420941,0
4099,0,0,0,0,1,0.0,0.0,1.9759338213707645,0
4100,1,0,1,0,1,0.0,0.0,0.5615059947252385,0
4101,1,1,1,0,1,0.0,0.0,1.9829669265140315,0
4102,1,0,1,0,1,3.7063987733977477,0.0,-0.4217339918519117,0
4103,1,0,0,0,0,2.8770001735529918,0.0,0.6473017314117762,0
4104,1,1,0,0,1,1.2240067430012371,0.0,-0.39213095063136255,0
4105,0,0,0,1,1,18.421302742751802,0.0,-2.014931238342342,0
4106,0,1,1,0,1,0.0,0.0,3.667660941876066,0
4107,0,0,0,0,0,25.4320343533849,0.0,-2.080368725277829,0
4108,0,0,0,0,1,7.524979254002631,0.0,0.10087440775412154,0
4109,1,0,0,0,1,13.763001706227179,0.0,0.08592215702805894,0
4110,0,0,1,0,1,15.263497771010492,0.0,0.5804871477625835,0
4111,1,1,1,0,1,6.454606512541043,0.0,0.23520413927443515,0
4112,0,0,1,0,1,3.886983008208391,0.0,-0.18143979933197704,0
4113,1,0,0,0,1,21.003843739620653,0.0,-0.10283298126038198,0
4114,1,0,1,0,0,1.5933032827674865,0.0,0.5342316561162048,0
4115,1,0,0,1,1,0.0,0.0,-0.28232494263069474,0
4116,1,1,0,0,1,12.33952173650179,0.0,0.06249773334413329,0
4117,1,0,0,0,0,20.4949135469734,0.0,-1.9710207269624003,0
4118,0,0,0,1,1,-0.1939268297781064,0.0,2.297513561212644,0
4119,1,1,0,0,1,0.6136355339193569,0.0,0.8356949111070289,0
4120,0,0,1,0,1,6.915924361825346,0.0,0.18740065446931853,0
4121,1,0,0,1,1,5.4058555409527935,0.0,-1.0793181367547011,0
4122,1,0,0,1,1,7.625301185237889,0.0,-1.564626166847801,0
4123,1,0,0,1,1,11.964050031366266,41.849529775263406,0.8207826535008464,0
4124,1,1,0,1,0,0.0,0.0,-0.05462385290820812,0
4125,1,0,0,0,1,4.468400286174777,0.0,0.5149626682533054,1
4126,1,1,0,1,1,8.286549460949521,0.0,-1.580752171137472,0
4127,1,0,0,0,1,3.8615725626424897,0.0,1.6999742002900888,0
4128,0,0,0,1,1,0.0,0.0,0.8737631173240796,0
4129,1,0,1,0,1,1.025675588714995,0.0,-0.1837602467387423,0
4130,0,0,0,1,1,0.20660002793679036,0.0,0.31856053558132147,0
4131,0,0,0,1,1,0.0,0.0,0.668485580204564,1
4132,1,0,0,0,1,24.308340919541486,0.0,-1.9913351045305216,1
4133,0,0,0,1,1,1.7686828053901524,110.18538670197022,1.8676184209765376,0
4134,0,0,0,0,1,7.525998034000551,0.0,0.33857407754619717,0
4135,0,0,1,0,1,15.313147686094123,0.0,-0.9812509280418609,0
4136,0,1,0,1,1,17.66143624192979,0.0,-1.2536373205306388,0
4137,1,0,1,0,1,3.13661244909639,0.0,1.1834851089715805,0
4138,0,0,0,1,1,0.0,0.0,-0.00971622754943341,0
4139,1,0,1,0,1,3.892885156288762,0.0,0.5377291557530797,0
4140,1,0,0,0,1,0.0,0.0,-0.2458693701679618,1
4141,0,1,0,0,1,0.0,17.845877408527546,-1.133511922145346,0
4142,1,0,0,0,0,0.0,43.07158897841222,0.3710307711079899,0
4143,1,1,0,0,1,0.0,0.0,-0.10284497811258403,1
4144,1,1,1,0,1,2.3616015422609933,0.0,0.3222353580887812,0
4145,1,0,1,0,1,0.0,5.2629160911753905,2.9625634633031384,0
4146,0,1,0,1,1,0.3427273343454972,18.674471546540055,1.2624084963388273,0
4147,1,1,0,1,1,1.5899398426255131,0.0,1.3362590844901445,0
4148,1,0,0,1,0,0.0,0.0,3.202269603120074,0
4149,1,0,0,1,1,2.9219042631931513,0.0,0.21225455639055263,0
4150,0,1,1,0,1,5.988242316166616,0.0,0.5032256466551208,0
4151,0,1,0,1,1,4.590659096412865,0.0,-0.7193854072207897,0
4152,1,0,1,0,1,2.68293530152838,0.0,-0.6592663785310031,0
4153,0,0,0,0,0,48.932189562331175,0.0,-2.9002928211817105,1
4154,1,0,1,0,0,0.0,0.0,0.9317418736724159,0
4155,0,0,0,0,1,23.060037309188928,0.0,-1.9016588765573124,0
4156,1,1,0,1,0,3.4830198100883623,10.098136427458163,1.3055020569033657,0
4157,1,0,1,0,1,3.0165470499750375,0.0,-0.13507330170953466,0
4158,1,1,0,0,1,2.2274282297758132,0.0,0.31391515489838806,0
4159,1,0,0,0,1,12.05617587768189,0.0,-0.33423095058483077,0
4160,1,1,0,1,1,0.0,38.03369476195997,1.9241752689701968,0
4161,1,0,0,1,1,0.0,0.0,1.2680862207186288,0
4162,1,1,1,0,1,0.0,0.0,0.3130190007620834,1
4163,1,0,1,0,1,26.913521960284548,0.0,-1.2307252178090193,0
4164,1,1,0,1,1,0.9264811423509709,6.359426179042609,1.3325780548250106,0
4165,1,0,1,0,1,12.85005178981776,0.0,-1.3274559634115346,0
4166,0,1,0,1,0,7.960441742515112,6.246643515383811,-1.8402224526312467,0
4167,1,1,1,0,1,0.0,0.0,0.9878878316642912,0
4168,1,1,0,0,1,0.3643131870934482,0.0,1.7096670999081296,0
4169,0,0,0,1,1,6.413224640104777,0.0,-0.7985090147761615,0
4170,1,0,0,0,1,0.0,0.0,0.23778264094049373,0
4171,1,0,0,0,1,12.192640303265454,0.0,-0.8120624790242559,0
4172,1,0,1,0,1,0.0,0.0,0.844151486317847,0
4173,0,0,0,0,1,5.2299811914147005,0.0,1.1216379986076357,0
4174,1,1,0,1,1,2.4203483036460143,0.0,-0.18646747453698925,0
4175,1,0,1,0,1,9.625442661985067,0.0,-1.3953320418848374,0
4176,1,0,0,0,1,22.547436909888248,0.0,-2.1449991713427705,1
4177,0,0,0,1,1,0.0,0.0,0.9048811935491179,0
4178,1,0,1,0,1,4.728656374750116,0.0,-1.5348051093860182,0
4179,0,0,1,0,1,0.0,0.0,0.3961910287390294,0
4180,1,0,0,0,1,1.947407360190624,0.0,0.7150810476064204,0
4181,1,0,1,0,1,13.510396766253809,0.0,-0.7216664045446957,0
4182,1,1,1,0,1,11.955432415918631,0.0,0.13725011176965657,0
4183,0,0,0,1,1,-0.03536357071686126,0.0,0.9987756128086689,1
4184,1,0,0,1,1,7.010459599083511,16.36636372051885,-1.3144880477884926,0
4185,1,0,1,0,1,11.872172291445647,0.0,-1.2444308544436444,0
4186,0,0,1,0,1,6.529999717339996,0.0,-0.3800207631476106,0
4187,1,1,0,0,1,2.7181651659173736,0.0,1.7857282074577574,0
4188,1,1,1,0,1,0.7475316732242432,0.0,2.411735801092611,1
4189,1,1,1,0,0,2.3469231731871862,0.0,0.22355773383586058,0
4190,1,0,0,1,1,5.202794223835516,0.0,-1.1915156838973444,0
4191,1,1,1,0,1,0.19229042729413567,20.354965838471337,1.712066708377069,0
4192,1,0,0,1,0,11.540982293473602,0.0,-2.4166983445254084,0
4193,1,0,1,0,1,3.1894617106945153,0.0,0.23694189330955545,0
4194,0,0,1,0,1,7.350805831502029,0.0,-0.1362093988341826,0
4195,1,1,0,0,1,1.0158790508791968,0.0,1.806099639711208,0
4196,1,0,0,0,1,1.257995829896283,0.0,1.5056237307371216,1
4197,1,1,0,0,1,3.573471217597982,44.86990422258761,-1.056436554172511,1
4198,1,0,1,0,1,3.067269328219777,97.10770059866553,0.13462788540796816,0
4199,1,1,0,1,1,3.715948458334717,126.9576033366614,-0.5803735580691718,0
4200,0,1,1,0,1,2.320075215166311,0.0,-0.02545905268062748,0
4201,0,1,0,1,1,0.0,0.0,0.9402563514342075,0
4202,1,0,0,0,0,17.565841715503293,0.0,-0.7086644762776735,0
4203,1,1,1,0,1,0.9817186840522849,6.668443448088313,0.5982245843558719,0
4204,1,0,0,1,1,6.6921543060785496,0.0,0.945308371558097,0
4205,1,0,0,1,0,0.0,0.0,1.6594070064587851,0
4206,1,0,0,0,0,0.0,0.0,0.08951058535610162,0
4207,0,1,0,0,1,9.017488943546718,21.265168157392996,0.3007397210113773,0
4208,0,1,0,0,1,6.977711627132383,0.0,-1.2673314041367645,1
4209,1,0,0,1,1,2.6096957216089094,0.0,1.7498220212617215,0
4210,1,1,0,1,1,0.0,26.781733685756283,0.7844973668200304,0
4211,1,0,0,0,1,5.8529400684948145,0.0,-0.10563184065703388,0
4212,1,1,0,0,1,0.0,0.0,0.2588630044117684,1
4213,1,0,0,0,1,5.012229201738113,0.0,0.1816364461507256,0
4214,0,1,0,1,1,2.8355518475927735,0.0,1.1378918270473384,0
4215,1,0,1,0,1,0.0,0.0,1.0663046785671593,0
4216,1,1,0,1,1,0.0,0.0,2.2118264266324554,0
4217,1,0,0,0,1,3.3289024864725523,0.0,0.0306412908961487,0
4218,1,1,0,1,1,0.3791142490272949,0.0,2.3953775606597167,0
4219,0,0,1,0,0,5.259234514399946,4.240565221794111,1.2738857977376783,0
4220,0,0,1,0,0,4.293200263674146,0.0,-0.1569681678969269,1
4221,0,1,1,0,1,14.827686970587092,24.045907550009797,-1.7842383724074566,1
4222,0,1,1,0,1,3.660914065959438,0.0,0.45951969830013806,0
4223,1,1,0,1,0,0.0,0.0,2.144851590259612,1
4224,0,1,1,0,1,12.586843813380709,0.0,-0.6423368065692294,1
4225,0,1,0,0,0,5.618459660741364,0.0,0.25555218875206664,1
4226,1,0,1,0,1,5.000327537673455,0.0,0.13148020393187312,0
4227,1,0,1,0,1,0.0,0.0,1.1259220375439363,0
4228,1,1,1,0,1,4.570189416327205,0.0,-0.14639878116262034,0
4229,0,0,0,1,1,4.132122595519946,0.0,-1.3928111980227706,0
4230,1,1,1,0,1,0.0,0.0,1.07960275356638,0
4231,0,0,0,0,1,13.275923543181456,9.08922283578565,-1.2315353843681314,0
4232,0,1,0,1,1,4.579739909421458,0.0,-2.1994468507419014,0
4233,0,0,0,1,1,0.0,0.0,2.075676063267667,0
4234,1,0,0,1,1,2.408018267529925,0.0,0.9065992475360671,0
4235,1,1,1,0,1,0.0,8.797610554729584,2.760736365334,0
4236,0,1,0,1,1,0.0,0.0,1.2687363238598859,1
4237,1,1,0,0,1,0.0,0.8521229879287882,1.0208670997663392,1
4238,1,0,0,0,0,2.7446063712504114,0.0,0.1930056107780575,0
4239,0,0,0,1,1,8.799026561927779,0.0,-0.5181162003997161,0
4240,1,0,1,0,1,0.8643838611306822,0.0,0.5754964248385235,0
4241,1,0,1,0,1,6.559641993684083,0.0,-0.7881375799988504,0
4242,0,0,0,0,1,0.0,0.0,-1.6486133407733994,0
4243,1,0,1,0,1,2.6608458881346237,0.0,-0.5052490456589751,0
4244,0,0,1,0,1,0.0,0.0,1.573110132929784,0
4245,1,0,0,0,0,18.062166142908207,0.0,-1.857480559264321,0
4246,1,1,0,0,1,5.6981864601571655,0.0,-1.4071413130241275,0
4247,1,0,0,1,0,2.2422362556917355,0.0,0.47687572827241254,0
4248,1,1,0,1,1,2.96776256547163,27.884988420305238,-0.3813007416789333,0
4249,1,1,0,0,1,1.8922447479145452,0.0,0.7714336578041152,1
4250,0,0,0,0,1,0.0,0.0,0.98701751280569,0
4251,0,1,0,0,1,0.0,0.0,0.740761579850084,0
4252,1,1,0,0,0,0.0,0.0,-0.659274340708413,0
4253,1,1,0,0,1,4.337191112801015,0.0,1.7921552749166145,0
4254,1,0,1,0,1,0.0,0.0,0.8699170337324937,0
4255,1,0,0,1,1,7.088617801209091,0.0,-0.24566034663734015,0
4256,1,1,0,1,0,2.8782458195137,0.0,0.1223739982100081,0
4257,1,1,0,1,1,1.7836849818672613,40.53090169761573,0.6287104505305463,0
4258,1,0,0,1,1,9.277117778594562,0.0,-0.6793391363306296,0
4259,1,0,0,0,1,23.191880430237443,0.0,-2.367942009241677,1
4260,1,1,0,0,1,1.6908489431872389,0.0,1.1102019152149423,0
4261,0,0,0,0,1,2.90364522497408,0.0,0.6041510654351043,1
4262,1,0,0,1,1,31.964222670767285,24.85062374257842,-3.225364436091808,0
4263,1,1,0,1,0,2.5834404726189075,0.0,0.8036654626012842,0
4264,1,0,0,1,1,0.0,0.0,1.968298929778831,0
4265,1,0,0,1,1,13.697706024810394,0.0,-1.7233770920621312,0
4266,0,0,1,0,1,3.9298950271238615,0.0,-0.17381285234010996,1
4267,1,1,0,0,1,2.400456034225903,48.9362939141946,-0.08293736209159519,0
4268,0,0,0,1,1,0.0,0.0,1.8453272759947301,0
4269,1,0,0,1,0,1.7573397537628654,0.0,1.1548122165209112,0
4270,1,0,1,0,1,6.30689525554803,85.653164600545,-1.2043726675359112,0
4271,1,0,1,0,1,0.0,30.87700673662513,0.35791170989891324,0
4272,1,0,1,0,1,0.41050522072091766,0.0,2.8674203293152334,0
4273,1,0,0,0,1,27.493633200470278,0.0,-1.0796261109006569,0
4274,1,0,0,1,1,9.247932814342033,0.0,-0.2942768430839452,0
4275,1,1,1,0,1,1.0043762774154783,0.0,1.0072893484641523,0
4276,1,1,0,1,1,0.0,3.3221675331344738,-0.6308698236406494,0
4277,1,1,1,0,1,0.0,0.0,2.6068999487907143,0
4278,1,0,0,1,1,27.039046905379095,0.0,-0.8850154243629077,0
4279,1,1,0,1,0,10.669637959147083,0.0,-1.6279649652789687,0
4280,0,0,0,1,1,0.0,0.0,-0.9519770098128503,0
4281,1,1,0,1,0,2.2329158633792345,9.424206183293716,0.9858657103182975,0
4282,1,1,1,0,1,6.756131702523608,9.950796288179033,-0.6716628809654445,0
4283,1,0,0,0,0,0.0,0.0,0.10681521774989133,0
4284,1,1,0,1,1,1.0122959797462658,0.0,0.8700645633813326,0
4285,0,0,0,1,0,16.44699284998567,0.0,-1.8274355738619572,0
4286,1,1,1,0,1,9.286497661066578,0.0,-0.3715388385206071,0
4287,0,0,0,1,0,2.065281772808238,0.0,0.16668270020872622,0
4288,0,1,1,0,1,5.587482114910506,0.0,1.2490875648044981,0
4289,1,0,1,0,1,11.515464636198391,0.0,-0.7696435453025774,0
4290,0,0,0,1,1,4.19802970233081,0.0,-0.08573144288252343,0
4291,1,1,1,0,1,2.8803275880783645,0.0,-0.013438399674574997,0
4292,0,1,1,0,1,0.0,0.0,1.2816482186247602,0
4293,1,1,0,0,0,0.0,0.0,0.8148493813319777,0
4294,0,0,0,1,1,15.745915352990615,0.0,-0.7580582594504609,0
4295,1,0,0,0,0,3.7699336526476204,0.0,0.332408129531082,0
4296,1,1,0,1,1,6.970047056920584,0.0,-0.37812591589465455,0
4297,0,0,0,0,0,5.717511350623407,0.0,0.3054233015762925,1
4298,1,0,1,0,0,3.565265656149225,0.0,0.5232570180410729,0
4299,1,0,0,1,1,0.0,0.0,2.754939556567691,0
4300,1,0,0,1,1,0.0,0.0,-0.7104156698932619,0
4301,1,0,0,0,1,0.0,0.0,-0.46082366331327057,0
4302,1,0,1,0,1,7.335155803234768,0.0,-0.9084564485019193,0
4303,1,0,0,1,0,5.351719159209332,0.0,-1.6020143331701693,0
4304,1,1,0,1,1,13.870767253921116,0.0,-0.4342694317982974,0
4305,0,1,0,0,1,6.848236502193275,20.081362334090656,1.001328889883184,0
4306,1,1,0,0,1,2.7732446183577304,0.0,1.0939507601271117,1
4307,0,0,0,1,1,0.0,0.0,0.09847020119978217,1
4308,1,1,1,0,1,5.0077421755756175,0.0,-0.028579047078285402,0
4309,0,0,0,0,1,4.813609289182203,0.0,-0.9115199819914359,0
4310,0,0,1,0,0,4.4326275290624,11.170143205076291,-1.253543053391392,0
4311,0,0,0,0,0,3.805873034343972,0.0,-0.9928161292326481,1
4312,1,0,1,0,0,12.936342769474159,32.12550817685865,-1.7377639156893132,1
4313,1,1,0,0,1,0.6387577808435547,0.5161451432555628,1.8880586392008478,0
4314,0,0,0,1,1,0.0,0.0,2.0715539024922176,0
4315,0,1,0,1,1,12.313230324750643,0.0,-2.3279043244799067,0
4316,1,0,0,0,1,8.789088873851915,0.0,0.09025745644878175,0
4317,1,0,0,1,0,3.5634315872860327,0.0,0.06904570285571426,0
4318,0,0,0,1,1,3.315700864747101,54.607762154596806,-0.012724749324630802,0
4319,1,0,0,1,1,6.790187016888274,0.0,-1.0387127311526507,0
4320,1,1,1,0,0,0.0,0.0,1.6588178672072833,0
4321,0,0,0,1,0,4.479726745829686,0.0,0.24541094602055735,0
4322,1,0,1,0,1,3.2388631916130226,0.0,1.243675845073706,0
4323,1,0,0,1,1,0.0,0.0,-1.2240153336483903,0
4324,1,1,0,0,1,48.05850573605478,52.265734197051835,-1.6204739899621505,0
4325,1,1,0,0,1,4.12539447889028,0.0,0.706679077864985,0
4326,1,0,0,1,1,15.918399363391881,0.0,-1.5125679690473643,0
4327,1,1,0,0,1,0.0,0.0,1.4998874954673573,0
4328,1,0,1,0,1,26.484368547063887,0.0,-2.8020752824023467,1
4329,0,0,1,0,1,7.9350021566946864,0.0,-0.6797310654748072,0
4330,0,0,0,1,1,15.802161244533067,0.0,-1.0683799649959251,0
4331,0,1,0,1,1,3.519643739954539,0.0,-0.2754421015451682,0
4332,1,0,0,1,1,5.930980709180992,160.40165440857746,0.05420681211290257,0
4333,1,1,0,1,1,4.140477611114613,0.0,0.6571817420817867,0
4334,0,0,0,0,1,13.178256479316286,0.0,0.5388641309628107,0
4335,1,0,0,0,1,0.0,0.0,0.6863825462907281,0
4336,1,1,0,0,1,9.25369924208885,0.0,-0.0695527688598575,0
4337,1,1,0,0,1,1.0499222925182026,0.0,2.849141582984267,0
4338,1,1,1,0,1,0.5012624301921969,0.0,2.1254756274649456,0
4339,0,0,0,0,0,11.875180918646683,63.00733994258319,-0.6793449160465423,1
4340,1,0,0,0,0,4.104343714135441,0.0,-0.45519832594173226,1
4341,1,1,1,0,0,3.576411386716508,18.02532357680203,-0.0763011746563223,0
4342,1,1,1,0,1,8.127965700813638,0.0,0.8150222257415396,0
4343,1,0,0,1,0,15.974736298762856,0.0,-1.5240804225828477,0
4344,1,1,0,1,1,7.2658351008921525,0.0,-0.860607949982658,0
4345,0,0,1,0,1,26.9395691100481,0.0,-2.854228794130402,0
4346,0,0,0,0,0,7.61946403175131,0.0,-0.7902849648296658,1
4347,0,0,0,1,1,0.19362941032124084,12.876975779103262,1.0828917554867235,0
4348,1,0,0,0,1,0.0,0.0,-0.4746893057913168,1
4349,1,0,0,1,1,0.0,0.0,-0.40308728509397196,0
4350,1,0,1,0,1,2.385428547830558,0.0,0.27604370413505414,0
4351,1,1,1,0,1,6.10370588812393,0.0,-0.9328639139777627,0
4352,0,1,1,0,1,0.0,0.0,0.3823663521846236,0
4353,0,0,1,0,1,1.6589040488040765,0.0,1.0596217542384962,0
4354,1,1,0,1,1,0.0,0.0,0.542400853263336,0
4355,1,0,1,0,1,5.238254807091523,0.0,1.1720508560149874,0
4356,0,0,0,1,1,5.463946698557225,0.0,1.3380888400238828,0
4357,1,0,0,1,1,2.288060307406827,0.0,0.5681148948963932,0
4358,0,1,0,0,1,7.265466621009303,0.0,-0.7631097909504752,1
4359,0,0,0,1,1,3.015798383230859,0.0,-0.7204932654339327,1
4360,1,0,0,0,1,1.4460836865536177,0.0,2.192305731797293,0
4361,0,1,0,1,1,0.0,0.0,0.5521356970604773,1
4362,0,0,0,0,1,5.2644634240943855,0.0,-0.048375565091331396,0
4363,0,0,0,1,1,23.409308674179062,0.0,-1.3807479556786626,0
4364,1,0,0,0,1,11.049067150269211,0.0,-0.3970702791876123,0
4365,1,0,0,0,1,4.452625937198422,0.0,0.636958190275567,1
4366,0,1,0,1,1,3.0012677219562702,0.0,0.16900250943547782,0
4367,1,0,0,0,1,6.252023104611292,0.0,-0.944804140608829,0
4368,1,0,1,0,1,2.489130808332348,22.888348804062474,-0.4478542885726964,1
4369,1,1,0,1,0,0.0,0.0,1.6755364070606045,0
4370,1,0,0,1,1,0.0,48.56062799708549,0.5747594402102234,1
4371,0,1,0,0,0,6.825774997730955,0.0,0.8335714903836615,0
4372,1,1,1,0,1,0.8111857253842922,0.0,0.9143291378542889,0
4373,1,0,0,1,1,13.804453758632082,64.17455691157006,-1.7942783478210862,1
4374,1,1,0,1,0,0.0,0.0,0.49860683103906095,0
4375,1,0,0,0,1,1.2786809198247195,0.0,1.0870495708545584,0
4376,1,1,1,0,1,0.0,0.0,0.016020427238086277,1
4377,1,0,1,0,1,0.0,0.0,1.1711079198218544,0
4378,1,1,0,1,1,0.1788542252131161,0.0,0.8478901997071715,0
4379,1,0,0,0,0,10.52635398902402,10.656833527520979,0.7794212384725834,0
4380,1,1,0,0,0,3.375977540954218,0.0,0.21519870279306358,0
4381,1,0,0,0,1,1.35821190684254,0.0,0.8548295183583916,1
4382,1,1,1,0,1,9.554743962352541,0.0,-1.5247924651784182,0
4383,1,1,1,0,1,2.9706551621759414,0.0,0.3924265218219242,0
4384,0,0,1,0,1,0.0,2.126971080464108,0.832659022179226,0
4385,1,0,1,0,0,3.6108459031370392,0.0,0.29926339359482057,0
4386,1,0,0,0,0,3.5620082895299996,0.0,1.1223982796851666,1
4387,0,1,1,0,1,6.783364569865609,0.0,0.14891350374893372,1
4388,0,1,0,0,1,2.073549124448891,0.0,-0.5507427494464743,0
4389,1,0,0,0,1,11.66468574162429,0.0,-2.37801599892782,0
4390,1,0,1,0,1,0.0,70.80626097468215,-0.42939712047730955,0
4391,0,1,0,0,1,1.5383600174657701,0.0,0.811599931929551,0
4392,1,0,1,0,1,0.0,0.0,0.8940908975988611,0
4393,0,0,1,0,1,10.395459885001255,0.0,-1.8709575445197066,0
4394,1,0,1,0,1,0.0,11.854891835604892,1.4244161616980897,0
4395,0,1,1,0,1,4.655633488226522,0.0,-0.8972586510460333,0
4396,0,0,0,1,1,2.87096143650635,0.0,-0.43506962085716816,1
4397,0,1,0,0,1,7.270513178009788,7.813975440369678,-0.5780849685216509,0
4398,1,0,1,0,1,0.0,0.0,0.45407985130545553,1
4399,0,1,0,1,0,2.9798459279457052,0.0,0.2704156384535614,0
4400,1,0,1,0,1,6.520967026058731,0.0,0.7877997508733943,0
4401,1,0,0,0,1,0.0,0.0,2.080069906591212,1
4402,0,0,0,0,1,3.238770569597407,0.0,0.2292511654486361,0
4403,1,1,0,1,1,7.089369307195025,0.0,-0.588149937451836,0
4404,0,1,1,0,1,3.104074647444075,0.0,0.9401683552711109,0
4405,1,0,1,0,1,1.0209798999109494,0.0,2.4097782358238415,1
4406,1,0,1,0,1,5.553973249741279,0.0,0.7601155377010667,0
4407,1,0,0,0,1,0.0,0.0,0.930487819596787,0
4408,1,1,0,1,1,8.808166965133752,44.67633024392266,-1.8897778558697205,0
4409,1,0,0,0,1,0.0,0.0,0.21520460666544067,0
4410,1,1,0,0,1,0.0,0.0,-0.19306271990483675,1
4411,0,1,0,1,1,9.848925574886387,0.0,-0.7205598234526935,0
4412,0,1,0,1,1,7.221571061249186,0.0,0.12143382110857187,0
4413,0,0,0,1,1,4.520837240877619,12.58207682000148,-0.14094850393964953,0
4414,1,1,0,1,1,0.0,0.0,-0.6492216345497241,0
4415,1,1,0,1,1,2.602443476751074,0.0,0.39123361306717236,0
4416,1,0,1,0,1,9.336964117999903,0.0,-0.3020634851825748,0
4417,1,0,0,0,1,6.4714225405263575,0.0,0.6191217593806297,0
4418,1,1,0,1,1,2.040334588029057,0.0,0.4412957962503336,0
4419,0,1,1,0,1,1.000824752391829,25.3772779127187,0.8311818993271005,0
4420,1,0,1,0,1,1.326098454931429,3.8330075294037202,1.1736165999189283,0
4421,0,1,1,0,1,0.0,0.0,1.0603435005941926,0
4422,1,1,0,0,1,0.6365295524254948,0.0,0.1422119774603148,0
4423,1,0,0,1,1,16.959847598747732,0.0,-2.9512639360209922,0
4424,1,1,1,0,1,0.0,0.0,1.007571832057613,0
4425,0,0,0,1,0,10.558619612813043,0.0,-1.4472618268890143,0
4426,1,1,0,1,1,3.0573260973705905,0.0,0.03961558438362488,0
4427,0,1,1,0,1,1.3389074679012354,0.0,0.8249401411325177,0
4428,1,1,0,0,1,0.0,0.0,1.8562771504527515,0
4429,0,1,1,0,1,0.0,6.421148470153949,2.708173185856284,0
4430,1,1,1,0,1,9.602987742557161,17.516539279655646,-0.8291594071954115,0
4431,1,1,0,0,0,8.87420797359055,113.3563362434936,-1.5343044817439542,0
4432,0,0,1,0,1,30.19161418979217,0.0,0.3369179765591358,0
4433,0,0,0,1,1,4.225635120693193,0.0,0.030307525168504712,1
4434,1,1,1,0,1,9.757581239450243,0.0,-1.1884011237428487,0
4435,1,0,1,0,0,0.0,0.0,-0.10125184247050675,0
4436,0,0,1,0,0,2.888144792673599,2.986497309000704,0.684852410555848,0
4437,1,0,0,0,0,33.60062530511184,6.2619710467248595,-1.8545942043890253,0
4438,0,1,1,0,1,11.988090110277948,1.135235186269453,-0.9230693019275668,0
4439,1,1,1,0,1,1.3360389222748448,37.920738179299306,-0.4745247172636835,0
4440,1,1,0,1,1,0.0,0.0,-0.12169311872437344,0
4441,1,1,0,1,1,1.8801417996889933,73.37563351036714,1.0382835273925957,0
4442,1,1,0,0,1,3.2044389150281116,0.0,-0.26789526217632936,0
4443,1,0,1,0,0,1.7858627074865705,0.0,-0.009194462688634247,1
4444,0,0,0,0,1,1.1083260916594742,0.0,2.595107622707147,0
4445,1,1,0,0,1,1.8586969154549027,0.0,-1.074077161828797,0
4446,1,0,1,0,1,9.296851980990029,0.0,-0.9158315485456485,0
4447,1,1,1,0,1,3.277667880061543,0.0,1.2179537590923692,0
4448,0,0,1,0,1,0.0,6.625958263752032,1.1846952846499332,0
4449,0,0,0,1,0,4.247238606846201,0.0,0.25094511826687327,0
4450,1,1,0,0,1,2.748978280615535,0.0,2.465478488019628,0
4451,0,0,0,1,1,6.210510167084659,0.0,0.12634359663614625,0
4452,1,0,0,0,1,34.85344416388379,0.0,-2.809412714892553,0
4453,1,0,1,0,1,3.158628916046154,0.0,0.044154479932619464,0
4454,0,0,0,1,1,22.145160424496634,0.0,-1.0108590388448122,0
4455,1,0,0,1,1,2.2455918099589662,0.0,1.4912790385351797,0
4456,1,1,0,0,1,5.322411053867898,12.940673765401806,1.3847188021952346,0
4457,0,1,0,1,1,0.0,0.0,-1.8848041938695812,1
4458,1,0,1,0,0,2.490055714235645,10.314699524215701,1.6484071213920535,1
4459,1,1,1,0,1,2.0788371508710144,0.0,1.5523907440623952,0
4460,1,0,0,0,1,6.876827661237366,0.0,-0.6953115252490591,0
4461,0,1,0,0,0,2.0867907343006187,0.0,0.04959437521187075,0
4462,1,1,0,1,1,0.0,32.564954014379,1.9319866126547462,0
4463,1,1,0,0,0,18.439635125886138,0.0,-2.37353525219194,0
4464,0,0,1,0,0,1.0942193171104742,0.0,0.4901094464508104,0
4465,0,1,0,1,0,1.3564766202863772,0.0,1.5495643329600424,0
4466,1,1,0,0,1,6.853871574869265,0.0,0.036447320688595644,0
4467,1,1,1,0,1,5.523815143602344,52.334780322766726,1.179324560821491,0
4468,1,0,0,1,1,0.0,0.0,-0.14796219320598594,0
4469,1,0,0,0,1,3.919022921794199,0.0,-1.2835702652312548,1
4470,1,1,0,1,0,3.1311541679678934,43.06867793874326,-0.8855584222902435,0
4471,1,0,0,0,1,2.95757055106669,18.11052312281897,0.6312694622452619,0
4472,1,1,0,1,1,0.0,0.0,-0.6637046086888334,0
4473,1,0,1,0,1,10.361911307939716,0.0,-2.031463601146572,0
4474,1,1,1,0,1,6.05846996279963,0.0,0.5066703254035191,0
4475,1,0,0,1,1,5.881330155371718,0.0,-0.9367442188396967,0
4476,0,0,0,1,1,18.29075727441646,0.0,-1.8148584003068293,0
4477,1,0,0,0,1,3.1274418641864266,0.0,-0.18816328567310459,1
4478,0,1,0,1,0,0.0,0.0,1.1321142273113547,0
4479,1,0,0,0,1,2.826716888450465,0.0,-0.2542079178349844,0
4480,1,0,0,1,0,0.0,68.96220019365761,-1.6447882957641589,1
4481,1,0,0,0,1,2.729642439169724,0.0,0.33670855987654635,0
4482,1,0,1,0,1,0.0,0.0,1.2450001690578607,0
4483,0,0,1,0,1,-0.24661734945434824,12.613454236204527,2.7526837290200596,0
4484,1,1,0,0,1,0.9251613722838932,0.0,1.995560358740075,0
4485,1,0,1,0,0,8.144466582682758,157.92013366219865,-1.3668587394543252,0
4486,1,1,0,0,1,3.035145585735002,0.0,1.2483459047610828,0
4487,1,0,1,0,1,3.9974520234152457,52.24563170636601,0.2483506184417248,0
4488,1,1,0,0,1,16.071160729254213,0.0,-1.324686925912679,0
4489,1,1,0,0,1,2.1805529156067944,0.0,0.5132578711321221,1
4490,1,0,1,0,1,0.0,0.0,2.3759061733210767,0
4491,1,0,0,1,1,1.1452923991402857,0.0,1.2507061897205392,0
4492,0,0,0,1,0,4.6571136311858154,0.0,-1.577215751982897,0
4493,1,0,0,1,1,3.550616720685772,0.0,-0.2624419623872791,0
4494,0,1,0,0,1,0.8747719170693922,0.0,0.7793432707927637,1
4495,1,1,0,0,0,5.3380894595586685,0.0,-2.0642766100981076,0
4496,1,1,0,1,1,14.434123196560986,0.0,-2.0201603375226704,0
4497,1,0,0,1,1,0.0,0.0,-0.08207635954091352,0
4498,1,0,0,0,1,6.080862026910713,0.0,-0.06537593608445622,0
4499,1,0,0,1,1,26.807669837179763,0.0,-2.6336882348323227,0
4500,0,0,0,1,1,1.2827801301107282,0.0,0.21660611290576126,1
4501,0,1,0,1,1,2.3867516269680684,0.0,1.5413122604779739,0
4502,1,0,1,0,1,2.8531041692442622,0.0,-0.3594261361337754,0
4503,1,0,0,1,0,4.074852226141912,0.0,-0.20344091367529177,0
4504,0,0,0,1,1,0.8334469554120361,0.0,0.4514069973558359,0
4505,0,1,0,1,1,0.0,0.0,0.7119574736563907,0
4506,1,1,0,0,1,0.0,0.0,-1.9858368027714772,0
4507,1,1,0,0,1,3.0300949993368596,0.0,-1.008555125905432,0
4508,1,1,0,0,1,2.1278376456752928,0.0,-0.35669239832142025,0
4509,1,0,1,0,1,9.084689468169362,0.0,-1.1818586250063179,0
4510,1,1,0,0,0,0.8219877312627348,0.0,2.027719677410732,1
4511,1,0,0,1,1,6.823138274069821,0.0,0.5321292009822501,0
4512,1,0,0,1,1,11.905952176424135,0.0,-1.700448519419647,0
4513,1,0,0,1,1,12.882528640635877,0.0,-0.5543497699769662,0
4514,1,1,1,0,1,1.7183431236534736,0.0,1.7969019354244202,0
4515,1,1,1,0,1,2.649974826246028,0.0,-0.47718642097708586,0
4516,1,1,0,0,1,0.0,-0.38282454040247527,1.2400273335606495,0
4517,1,0,1,0,0,5.821704450156747,0.0,1.6904700039176384,0
4518,1,1,0,1,1,3.51357571724973,0.0,1.7066604347476049,0
4519,0,0,0,1,1,9.230060095538368,0.0,-0.04908269493269868,0
4520,1,1,1,0,1,2.481379648042818,41.239109172593245,1.9513119965635704,0
4521,1,1,1,0,1,6.382616597371612,0.0,-0.3184646612291978,0
4522,1,1,0,0,0,0.0,0.0,3.3319281125710027,0
4523,0,0,1,0,1,4.898003130725109,0.0,0.2282874130362097,1
4524,1,0,0,1,1,0.0,0.0,1.1878965275006663,0
4525,1,0,0,1,1,5.882314157158339,0.0,-0.743371339539346,0
4526,1,0,0,0,0,5.174958999873956,0.0,0.35925060256190955,0
4527,1,0,0,0,0,0.0,0.0,0.4156332552465598,0
4528,0,0,0,1,1,4.607549245699127,0.0,-1.4689071030592222,1
4529,1,1,0,1,1,20.821650310745806,0.0,-1.07680751348705,0
4530,0,0,0,1,1,10.393267579691097,32.472716500078526,-0.541763272220854,0
4531,0,0,1,0,0,2.102922080018845,41.038720328836035,1.3348256561228682,0
4532,0,1,0,0,1,12.880442650108687,0.0,-2.194227384121624,0
4533,0,0,1,0,1,0.0,0.0,-0.5444470012066509,0
4534,1,0,1,0,0,1.4499004009804692,0.0,1.5966369572687142,0
4535,1,0,1,0,1,5.011842670008857,20.1615821492941,-1.6571256236002374,0
4536,1,1,1,0,1,0.7468867834572939,0.0,1.9549928489673598,0
4537,1,0,1,0,1,0.0,0.0,-1.5235750100066205,1
4538,0,0,0,0,1,14.693451727221204,0.0,-1.453173266028033,0
4539,1,1,1,0,1,0.0,0.0,0.16155612431873992,0
4540,1,1,1,0,0,0.6912889641204747,0.0,2.7480276075275984,0
4541,0,1,0,1,1,0.7125419883253719,0.0,-0.6692092114077643,0
4542,1,1,0,0,1,35.72851489876914,0.0,-2.0681923691036537,1
4543,1,0,1,0,1,8.310416373661148,0.0,-1.8744781407732802,0
4544,0,0,0,0,1,3.6105845106609875,0.0,0.9128936835488137,1
4545,1,1,0,0,1,9.684946924857504,0.0,-1.5840675649181206,0
4546,1,1,0,0,1,1.6663932017502137,0.0,1.6705946566158931,0
4547,1,0,0,1,1,6.115196371905703,0.0,-0.190667748991225,1
4548,1,1,0,1,1,3.8900875264886663,0.0,0.10869282993287215,0
4549,1,0,0,1,0,1.9383620627335403,28.615526258422246,0.10054943482810585,1
4550,1,1,1,0,1,26.845479215315198,0.0,-0.6751780299478672,0
4551,1,1,0,1,1,5.118859614867949,0.0,0.3264760595138458,0
4552,0,0,0,1,1,13.757396979729362,0.0,-1.8071334358234297,0
4553,1,1,1,0,1,0.0,0.0,2.076580389957203,0
4554,1,0,1,0,1,5.607223504000352,0.0,-1.3949378942856574,0
4555,1,1,0,0,0,4.796875435869904,23.967742997755405,0.7117672127023311,0
4556,1,0,0,0,0,0.0,0.0,-1.6044803868935833,1
4557,1,0,0,1,1,0.0,0.0,-0.9625018707090036,0
4558,1,0,1,0,0,0.0,0.0,-0.5585050037245569,1
4559,1,1,0,1,1,0.0,0.0,3.9661254155793277,0
4560,0,0,0,0,1,2.309858987134907,0.0,-0.29849099102107784,0
4561,1,0,1,0,1,0.0,6.722790531916498,-1.131558140211463,0
4562,0,1,0,1,1,4.206319173725591,0.0,-0.4190311830705627,0
4563,1,1,0,1,0,32.117455123328924,0.0,-1.7759808662880348,0
4564,0,0,1,0,1,0.0,0.0,-0.2883659794624742,1
4565,1,1,1,0,1,0.0,0.0,2.719390930443351,0
4566,0,0,0,1,1,4.016629765890262,0.0,0.15013059965443382,0
4567,0,0,0,1,1,9.615021088101194,0.0,0.876353215650373,0
4568,1,1,0,1,1,0.0,0.0,-1.0147278589505335,0
4569,1,0,0,1,0,5.927467001896661,0.0,-0.5402779766293848,1
4570,0,0,0,1,1,13.947481272630402,0.0,-0.01900462687210336,0
4571,0,1,1,0,1,10.32244393315128,0.0,-0.5783927429456017,0
4572,0,0,0,1,1,10.100577495950281,11.816569258654436,0.23200862301578873,0
4573,1,1,0,1,1,0.0,0.0,0.937748371441621,0
4574,1,1,0,0,1,0.0,0.0,0.844845505070771,1
4575,1,0,1,0,1,3.027387663998045,0.0,-0.2733865949930826,1
4576,0,1,0,1,1,0.20537241427026423,109.19820577587002,1.5463664648352777,0
4577,1,0,0,1,1,22.935830703613334,0.0,-0.6097503213036534,0
4578,1,1,0,1,1,4.69415607738766,17.44080682420738,-0.2964906083549168,0
4579,1,0,0,0,1,0.0,0.0,1.5651699290885877,0
4580,1,1,1,0,1,12.89386912869808,122.35180654161408,-1.0669168636167385,0
4581,0,0,1,0,1,0.0,0.0,-2.259800218605415,0
4582,1,0,0,1,1,0.0,0.0,-1.3908048847847594,0
4583,0,0,0,1,1,16.99968342708474,0.0,0.21566966614789085,0
4584,1,0,1,0,1,0.5140149001877079,69.22455833726166,1.5629964985154405,0
4585,1,0,0,1,1,0.0,0.0,-1.1254636904724675,0
4586,1,0,1,0,1,0.6747226119795826,0.0,2.2429920259717377,0
4587,1,0,0,0,0,0.0,11.964498545704727,-0.2451873865263192,0
4588,1,0,0,0,0,2.4467262433033543,0.0,-0.4278778204136831,0
4589,0,0,0,1,1,11.1622307813822,0.0,-1.367920820249035,1
4590,1,0,0,0,1,0.4497249870494585,0.0,2.217734615853611,0
4591,1,1,0,1,1,5.988907461093249,0.0,-0.04236976386430333,0
4592,0,0,1,0,1,12.83734790707853,0.0,-1.784944673525391,0
4593,1,0,0,0,1,0.0,13.309401173420031,2.8658158961029896,1
4594,1,1,0,1,1,1.2888432434150618,0.0,0.6538977201310043,0
4595,1,1,1,0,1,4.866521914848233,38.518304116330604,1.3725029767734789,0
4596,1,0,1,0,1,2.7510865130689397,0.0,2.0723970826761255,0
4597,1,0,0,1,1,0.0,0.0,0.5065121055416846,0
4598,1,1,0,0,1,0.0,42.60011800430877,1.3978583770169029,0
4599,1,1,0,1,0,0.5885389689672449,0.0,0.21953609257991025,0
4600,1,1,0,1,0,0.0,0.0,1.0891773279170849,0
4601,1,0,1,0,1,10.086409795511177,0.0,-0.12372200263248218,0
4602,1,0,0,1,1,11.977987750801617,0.0,-0.3058689098765619,0
4603,1,0,0,0,0,5.302110716261122,0.0,-0.12676255163654834,0
4604,1,0,1,0,1,0.0,0.0,-0.5879233869391136,0
4605,1,0,0,1,0,8.49186486383211,0.0,0.3656036292299758,0
4606,1,1,0,0,0,0.0,13.291716940608502,0.7923618242753365,0
4607,0,0,0,1,1,2.6962639818301355,0.0,0.7682132478650752,0
4608,1,1,1,0,1,0.7110900502039448,0.0,1.1686963392454046,0
4609,1,1,1,0,1,0.0,0.0,2.9100551060685134,0
4610,1,0,0,0,1,4.350836364547109,0.0,1.067366066734806,0
4611,1,0,1,0,1,4.940438665991922,6.137365895875016,-0.3452824197306805,0
4612,1,1,0,0,1,0.0,0.0,0.729931524897169,0
4613,1,0,0,1,1,0.0,0.0,1.5282535861248199,0
4614,1,0,0,1,1,18.266486641482143,0.0,-1.4959656819398794,0
4615,1,1,0,0,1,0.0,0.0,2.728229495188699,1
4616,1,1,0,1,1,2.9385116517030356,49.44909309501204,-0.8415384751997705,1
4617,1,1,1,0,1,0.0,0.0,1.5023525033443512,0
4618,1,0,0,0,1,5.6227162361092455,0.0,-0.2715514365126521,0
4619,1,0,1,0,1,7.0747307345952315,0.0,-0.1451934718904841,0
4620,1,0,0,1,1,7.487514114478767,0.0,-1.9477284782692164,0
4621,0,1,0,1,1,3.525523114490114,0.0,1.3116001214984339,0
4622,1,0,0,0,1,32.87073994850778,0.0,-1.9290984769352608,0
4623,1,0,0,0,0,19.79316537482842,0.0,-2.1267458980630014,1
4624,0,0,0,0,1,0.0,0.0,1.2044198635604173,0
4625,1,1,0,1,1,0.0,0.0,2.440695162615141,1
4626,1,0,1,0,1,4.930364740670994,0.0,-0.9340745807756712,0
4627,1,0,1,0,1,3.909893616412842,0.0,1.2039798062787017,0
4628,0,1,0,0,0,0.0,0.0,1.1695537323490284,1
4629,1,1,0,0,1,1.986026823455933,0.0,0.03285607025730722,0
4630,0,1,0,0,1,3.69663199189253,0.0,1.8598456084534072,1
4631,0,1,1,0,1,4.4798679579371115,0.0,0.14056360924599817,0
4632,1,0,0,0,1,6.878177278464037,3.0505827355348396,0.3824437060083521,1
4633,1,1,0,0,0,5.578673622584684,0.0,-1.4548254506786036,1
4634,0,1,0,1,1,0.0,0.0,-1.4001179265933728,0
4635,0,0,0,1,1,2.3765995128507784,0.0,1.216377554929639,0
4636,0,1,0,0,1,4.9031553942096,0.0,0.8555426708139666,0
4637,1,1,0,1,0,2.6473463165695765,0.0,-0.03234480120053662,0
4638,0,0,0,0,1,0.0,0.0,2.162041857234528,1
4639,0,1,0,0,1,0.0,0.0,2.5785640599450526,1
4640,0,1,0,0,0,9.77267833043507,0.0,0.7121350396929711,0
4641,1,1,0,1,1,7.407359415557028,0.0,-1.7132385513385124,0
4642,0,1,1,0,1,4.043954873389849,44.85191668754399,0.20715329535956994,0
4643,0,0,0,1,1,15.136560360815,0.0,-1.345704742394582,0
4644,0,1,1,0,1,0.8455514929477015,0.0,0.46457739624058836,0
4645,0,1,0,0,0,1.401083884260193,35.92741812460322,-1.0484603732192437,0
4646,0,0,1,0,1,6.593674540810801,0.0,-1.6111691832660546,0
4647,1,0,1,0,0,40.31452647109456,0.0,-2.9761449519687075,0
4648,1,1,0,1,1,9.806886682158027,0.0,0.36408936128124153,0
4649,1,1,1,0,1,8.572989493136692,66.43260822464462,-2.5924167894772387,0
4650,0,0,0,1,1,3.442690414248582,0.0,-0.6899080432014175,0
4651,1,0,1,0,1,9.279356181427417,10.077930002318865,0.808828125778297,0
4652,1,0,0,0,1,7.012016045325987,11.521889400245351,-1.2042824796211957,0
4653,0,1,0,1,1,6.048933397826334,0.0,-1.2385804966393232,1
4654,0,1,0,1,1,9.741379689586914,0.0,0.06315589432485998,0
4655,1,1,1,0,1,12.899629815568897,0.0,-0.7106150764487046,0
4656,0,0,1,0,1,8.90259722511232,0.0,0.1576421414302343,0
4657,1,0,0,1,1,4.101838096016365,0.0,-1.602022227855066,0
4658,1,1,1,0,1,1.2491179589193213,0.0,0.21624777448572863,0
4659,1,0,1,0,1,13.906804464703969,22.255591508207274,-0.5234185239551485,0
4660,0,1,0,1,1,4.550988692786229,5.334695728943786,0.1352523321451572,0
4661,1,0,0,0,0,0.0,0.0,1.8129940403419973,0
4662,1,0,0,0,1,4.319618265063582,0.0,-0.02424208010603529,0
4663,0,0,0,0,1,8.939156652271176,0.0,0.36568847649155356,0
4664,1,1,0,0,1,14.372288399541736,0.0,-0.6497351473262694,0
4665,0,0,1,0,1,0.0,0.0,0.20576821618348312,0
4666,1,1,0,0,1,2.71724156370219,0.0,-0.2017484034661549,0
4667,0,0,1,0,1,4.570010508132276,0.0,-0.042040267893303035,0
4668,1,1,0,1,1,0.0,0.0,0.9806503307078966,0
4669,0,0,0,1,1,18.927048836220628,0.0,-0.9202993155160741,0
4670,0,1,0,0,0,5.479311617546082,217.74688404481017,-0.3594981580907421,1
4671,1,1,0,1,1,3.578885357190547,0.0,-0.47261077668080925,0
4672,1,1,0,1,1,10.238160549408104,0.0,-0.49732114356093465,0
4673,0,1,0,1,1,9.230116891174742,0.0,0.3717410951342268,0
4674,1,1,0,0,1,1.5669662320186744,0.0,-0.3158968644129574,0
4675,0,0,1,0,1,1.4481673158724102,0.0,1.8373841453805753,0
4676,1,1,0,0,1,0.8683949202886301,3.6931987394229377,3.579328270328533,0
4677,0,1,0,1,1,5.686927691652967,0.0,-0.5769661250397602,0
4678,1,1,0,1,1,1.9874848589917353,0.0,0.5263236585020085,0
4679,1,1,0,0,1,1.819222383331296,0.0,1.4786496973507035,0
4680,1,0,1,0,1,8.421165676736251,0.0,-0.42015879939069234,0
4681,1,0,0,0,0,5.882684427724895,0.0,-1.5528206583113382,1
4682,1,1,1,0,1,0.0,0.0,2.5748618386748903,0
4683,0,0,1,0,1,0.0,3.6901463855052397,0.7982813360706593,1
4684,1,0,0,1,1,3.5835298307988293,0.0,0.12792377980551406,0
4685,0,0,0,0,1,1.0376161964107307,20.32783170240673,1.5766686721676006,0
4686,0,1,0,0,1,1.2100331544244005,0.0,1.1358984624943809,0
4687,1,1,1,0,0,1.5500389744654637,0.0,0.28864315397043666,0
4688,1,0,0,1,1,19.214106090281582,17.3956724943118,-1.53008750816451,0
4689,0,0,0,0,1,4.579822810623261,0.0,-0.911464632863124,1
4690,1,0,0,1,0,0.0,55.59595154273765,1.2621737028332978,0
4691,1,0,0,0,1,2.9642204609370553,0.0,0.5930696381567345,0
4692,0,1,0,1,1,2.4959969243409414,0.0,-0.08893327280342214,0
4693,0,0,0,1,1,0.0,0.0,1.9812008889541708,0
4694,1,0,0,0,1,6.349472542444207,17.023639211971,-0.4812432465802391,0
4695,1,1,1,0,0,0.657847327088958,0.0,1.614022989735882,0
4696,1,0,0,0,1,3.172194782310517,0.0,0.0016499805270202006,0
4697,0,1,0,1,1,0.0,121.7404713753457,2.6241798879011204,0
4698,1,0,0,1,1,0.0,0.0,0.6838982234384988,0
4699,0,0,1,0,1,0.0,0.0,-0.02091586404728092,1
4700,1,0,0,1,0,6.292006222396961,0.0,-0.508865892821555,0
4701,1,0,1,0,0,4.868520130545839,1.722437961376658,-0.09967680135959053,0
4702,1,0,0,1,0,0.0,0.0,-1.208508507062197,0
4703,1,1,1,0,1,9.19237174898621,0.0,-1.3993800160494287,0
4704,0,1,0,0,1,0.0,12.749242125561274,0.5451812993397482,0
4705,1,1,1,0,0,0.0,0.0,-0.332903697106401,0
4706,0,1,0,0,1,5.382493754672924,0.0,-0.5363042785860956,0
4707,1,1,1,0,1,4.976164541302798,0.0,0.23628449721938727,0
4708,0,0,1,0,1,7.0798176961061134,0.0,-0.01315399885149672,0
4709,0,1,0,1,1,4.756988773478374,84.9773425773955,0.15944129482867933,0
4710,1,1,0,1,1,0.0,0.0,2.3750180503148157,0
4711,0,0,0,1,0,3.9084055855083504,0.0,0.5678457189265953,0
4712,1,1,0,0,1,3.8201622369614174,0.0,2.848003940262773,0
4713,1,0,1,0,1,19.32397549303045,0.0,-0.6419076734265801,0
4714,0,0,1,0,1,3.5764844814972987,0.0,0.9231624232041535,0
4715,0,0,0,1,1,6.3527189893747495,0.0,-0.7707680520062151,0
4716,0,1,0,0,1,0.8887838856602099,0.0,-0.568248778143861,0
4717,0,1,1,0,1,0.0,14.342491317352833,3.096294561800153,0
4718,1,0,0,0,1,9.75448518431548,0.0,-1.2632297848260052,0
4719,1,0,0,1,1,20.91025370008565,0.0,-3.136619524124913,0
4720,1,1,0,0,1,5.074219300046145,0.0,-0.7561751157310137,0
4721,1,0,0,0,1,31.30208152298477,0.0,-2.850654287036635,0
4722,1,0,0,0,1,6.197741269270179,0.0,-1.497695361371949,0
4723,1,1,0,1,1,7.820247727836474,0.0,-0.9490922506880262,0
4724,1,0,0,1,1,5.652783429938637,0.0,-0.23483934099001558,0
4725,1,1,0,1,1,8.279435584704041,0.0,-2.473483682918894,0
4726,1,1,1,0,1,4.3355349047791165,61.514104383317346,1.8808188493838487,0
4727,0,0,1,0,1,28.30442512109047,0.0,-2.4809846571621326,1
4728,1,1,0,0,1,2.2334982129826395,0.0,-0.013521052996968458,0
4729,0,0,0,0,1,10.555959381112832,0.0,-0.6949181580641876,0
4730,0,1,0,1,1,0.34030066486356636,0.0,1.2064484606736545,1
4731,1,1,0,1,1,0.0,0.0,0.5999753918729059,1
4732,0,0,0,1,1,6.557380112523601,0.0,1.2391973392137754,0
4733,0,1,0,0,1,0.0,0.0,-0.3126602137318734,0
4734,1,1,1,0,1,5.4195796486485515,0.0,-0.24487581397512592,0
4735,1,0,0,0,0,0.0,0.0,0.24837246086807274,1
4736,1,0,0,1,1,4.581082074990589,0.0,1.0373784057955908,0
4737,1,0,0,0,0,2.8745589878444417,0.0,0.7760884429850301,1
4738,1,1,0,1,0,0.0,0.0,0.5619221932385202,0
4739,0,1,0,1,1,0.0,18.81199503619334,0.4478080029027834,0
4740,0,0,1,0,1,0.0,0.0,-0.1264500784646014,0
4741,0,1,0,0,1,0.0,0.0,0.6747106105368794,0
4742,0,1,0,1,1,0.0,0.0,2.754716088933386,0
4743,1,0,0,0,1,5.9377164720839675,0.0,-0.5904939283928048,0
4744,1,1,1,0,1,0.0,0.0,-0.11654740661173862,0
4745,1,1,0,0,1,1.0711108631065036,0.0,-0.4145515084200642,0
4746,1,1,0,0,1,0.0,0.0,0.6483971303966902,0
4747,0,0,1,0,1,16.207558304521676,23.993742392441312,-2.7958339444440994,0
4748,1,0,0,0,1,3.727081915987535,0.0,-0.4528789800119505,1
4749,1,0,0,0,0,1.4018714524504565,0.0,0.8472279695999698,0
4750,1,1,1,0,1,5.166835143672242,0.0,-0.32357541614364127,0
4751,1,1,1,0,1,0.0,0.0,0.5889819261617245,1
4752,1,0,1,0,1,1.105695982100709,0.0,2.6199493930322664,0
4753,1,1,0,0,0,6.8859279079929125,36.60857639425064,0.5744478399727913,0
4754,1,0,0,1,1,20.329671135464505,0.0,-3.146210075247482,0
4755,1,0,1,0,1,17.953463084895095,0.0,-1.8846519891933555,0
4756,1,0,0,0,0,16.535010095285156,0.0,-0.6012841618207789,0
4757,0,1,1,0,1,5.1636720221427055,0.0,-0.6788971625117745,0
4758,1,0,0,0,1,5.894583068636945,3.186952563438801,-0.14766949657517991,0
4759,1,1,1,0,1,3.0804600242104776,0.0,-0.027057308520660517,0
4760,1,0,0,1,1,0.0,0.0,1.2125715620240638,1
4761,1,0,0,1,1,21.216973508406635,0.0,-1.676904252385977,0
4762,1,0,0,1,1,8.862342488610754,0.0,-0.5455992091863512,0
4763,1,0,0,0,1,4.610646911848762,0.0,-0.0019091362877609042,0
4764,0,0,0,1,1,1.5977835491099182,0.0,0.15665208768251482,0
4765,0,0,1,0,1,4.899123528285491,0.0,0.10791073097984535,0
4766,1,1,0,1,0,15.706851643954785,84.47966955558928,-2.936429981898394,0
4767,1,0,0,1,1,6.8288968675315145,0.0,-0.17338614014967732,0
4768,1,0,0,0,1,7.390249409330634,0.0,-0.4729655972803276,0
4769,1,1,1,0,1,5.1079870378536,0.0,1.4560604837284559,0
4770,1,0,0,1,1,0.0,0.0,0.6454019949688363,1
4771,0,0,0,0,1,1.6402639226029105,48.75539587615065,0.028280974071443032,0
4772,1,1,1,0,1,0.8846139351885056,0.0,0.7508500843593693,0
4773,1,1,0,1,1,0.49935451518689355,0.0,1.8810503670139738,0
4774,1,0,0,1,1,0.0,0.0,1.1923790170824844,0
4775,1,1,1,0,1,0.0,0.0,0.7024249628942865,0
4776,1,1,0,1,1,0.0,0.0,2.896135408161286,0
4777,1,0,1,0,1,10.887524623303147,0.0,-0.8840912954329512,1
4778,1,1,1,0,1,12.36225018526048,0.0,-1.1673671783593313,0
4779,1,1,0,1,1,0.0,32.3637506543498,0.13612735118298214,0
4780,1,0,0,0,1,2.375975704640227,0.0,-0.7584766235212597,0
4781,0,1,0,0,1,11.427869171097464,0.0,-3.005636876119164,0
4782,1,0,0,1,1,14.079263465807573,0.0,-1.115047436788974,0
4783,1,0,0,0,1,5.403659626029711,0.0,0.15978899687010995,0
4784,0,0,0,0,0,3.937891184691633,0.0,-0.35427551456684886,0
4785,0,0,0,1,1,15.944248761583214,0.0,-1.2738706069686077,0
4786,1,0,1,0,1,5.88943052206186,0.0,-0.025823334968227134,0
4787,1,1,0,0,1,0.0,0.0,0.3075327734312158,1
4788,1,0,1,0,1,0.0,0.0,0.8352952113425172,0
4789,1,1,1,0,1,3.0077066769515985,0.0,-0.4711208262765998,0
4790,0,0,1,0,1,0.0,0.0,1.0385366918610643,0
4791,1,0,1,0,1,9.270227074030366,0.0,-1.4760230070519613,0
4792,1,1,1,0,1,2.3407943799388318,0.0,-0.29432245657558687,0
4793,1,1,0,0,1,0.41007326290076057,0.0,2.3247112980489097,1
4794,1,0,0,1,1,0.0,0.0,-1.590563542524396,1
4795,1,1,1,0,1,9.052175841132518,0.0,-0.49322216016743115,0
4796,1,1,0,1,1,12.408498776304121,0.0,-1.453982157560728,1
4797,1,1,1,0,1,3.696782182718704,6.972207793021394,-0.7089009706392403,0
4798,0,0,1,0,1,11.25176587335827,0.0,0.0971048422768247,0
4799,0,0,0,0,1,6.516572411673533,0.0,0.6243741348389754,1
4800,0,0,0,0,1,4.708247721531047,0.0,-0.30385681090390076,1
4801,0,0,0,1,1,7.10525253732461,0.0,-0.6956030070024526,0
4802,0,1,0,0,0,0.0,0.0,-1.4407505742335651,1
4803,0,1,0,1,1,11.71031746658399,0.0,-0.7807269826328893,0
4804,1,0,1,0,1,0.0,0.0,-2.0589258223628177,0
4805,1,0,0,1,1,0.0,2.6250415547940578,0.6627963198522101,0
4806,1,0,0,0,1,0.0,12.909338685015857,0.7517736942684317,0
4807,1,1,1,0,1,2.1643546710980552,26.468293146425676,0.2982270728556204,0
4808,1,0,0,0,1,0.0,0.0,0.28505725937229187,0
4809,1,0,1,0,1,6.1078304969067805,0.0,1.0415776938844532,0
4810,0,0,0,0,0,8.13192616340565,0.0,-0.15045262376634905,1
4811,0,0,1,0,1,0.0,0.0,1.7038216755103048,0
4812,1,0,0,1,1,8.509759126273511,0.0,-1.5904546511893742,0
4813,1,0,0,1,1,8.509183464815603,87.1636084787708,-0.7262978919041494,0
4814,1,0,0,1,1,10.198217647848557,0.0,-0.8787099751009406,0
4815,1,0,0,0,0,7.133872215621798,0.0,0.548464760357771,0
4816,1,1,0,1,1,21.324671563367712,0.0,-1.6857009015373794,0
4817,1,1,1,0,1,0.0,6.553527363844635,2.2034074971066255,0
4818,1,0,1,0,1,1.6124578143522688,0.0,0.6390712070336673,0
4819,1,0,0,0,1,0.0,0.0,1.9603769249510037,0
4820,1,0,0,1,0,6.987431217618016,0.0,-0.3319311531324396,0
4821,1,0,1,0,1,15.785290104733498,136.04498772087882,-0.7844087026992081,0
4822,1,1,1,0,1,0.3079795392002562,0.0,1.1910957948940326,0
4823,0,0,0,1,1,0.0,217.62348780303023,1.0391232997302706,0
4824,1,0,0,0,1,0.0,0.0,-1.194458675803575,0
4825,0,1,1,0,1,5.564134317902889,0.0,-2.2069235297070766,0
4826,1,1,0,1,0,6.139668182847335,0.0,-2.1876197016246723,0
4827,1,1,0,1,1,6.441242829855171,0.0,0.48457270508413514,0
4828,0,1,1,0,1,0.0,0.0,2.3214424164766996,0
4829,0,0,0,0,0,11.955060477280684,108.96126519488088,-1.9450734925542568,1
4830,1,0,1,0,1,15.369905450245625,0.0,-0.4286289193298219,0
4831,0,0,0,0,1,3.913909129064626,0.0,-0.7260154268568842,0
4832,1,1,1,0,0,0.0,0.0,2.8082810460478083,0
4833,0,0,1,0,1,3.3975964492046096,12.646693929914923,2.8111305639518864,0
4834,1,0,1,0,0,0.0,0.0,0.46329944100172643,1
