claim_id,year,policyholder_age_group,female,marital_status,make,vehicle_category,vehicle_price,vehicle_age,n_cars,base_policy,deductible_100usd,driver_rating,agent_internal,past_claims,days_policy_to_accident,days_policy_to_claim,address_change,fault_policy_holder,accident_rural,witness_present,police_report_filed,n_supplements,fraud_found
1,1994,26_to_30,1,single,honda,sport,gt_69k,3y,3_to_4,liability,3.0,1,0,none,gt_30,gt_30,1y,1,0,0,0,none,0
3,1994,41_to_50,0,married,honda,sport,gt_69k,7y,1,collision,4.0,3,0,1,gt_30,gt_30,no_change,1,0,0,0,none,0
6,1994,21_to_25,0,single,honda,sport,gt_69k,5y,1,collision,4.0,3,0,none,gt_30,gt_30,no_change,0,0,0,0,3_to_5,0
9,1994,31_to_35,0,single,honda,sport,gt_69k,6y,1,collision,4.0,4,0,none,gt_30,gt_30,no_change,1,0,1,0,3_to_5,0
12,1994,41_to_50,0,married,honda,sport,20k_to_29k,gt_7y,1,liability,4.0,1,0,2_to_4,gt_30,gt_30,no_change,1,0,0,0,none,0
13,1994,31_to_35,0,married,ford,sport,gt_69k,7y,1,liability,4.0,1,0,1,gt_30,gt_30,no_change,1,0,0,0,none,0
16,1994,36_to_40,0,single,ford,sport,gt_69k,6y,1,liability,4.0,1,0,none,gt_30,gt_30,no_change,1,0,0,0,none,0
22,1994,41_to_50,0,married,chevrolet,sedan,20k_to_29k,gt_7y,2,collision,4.0,2,0,1,gt_30,gt_30,4_to_8y,1,0,0,0,none,0
25,1994,36_to_40,0,married,mazda,sedan,gt_69k,gt_7y,1,all_perils,4.0,3,0,gt_4,gt_30,gt_30,no_change,1,0,0,1,none,0
28,1994,36_to_40,0,married,acura,sedan,30k_to_39k,7y,1,all_perils,4.0,3,0,2_to_4,gt_30,gt_30,no_change,1,0,0,0,1_to_2,0
29,1994,16_to_17,0,single,honda,sedan,gt_69k,new,1,all_perils,4.0,1,0,none,gt_30,gt_30,no_change,1,0,0,0,none,1
35,1994,36_to_40,0,married,ford,utility,gt_69k,7y,1,all_perils,4.0,1,0,2_to_4,gt_30,gt_30,no_change,1,0,0,0,none,0
36,1994,31_to_35,0,single,chevrolet,sport,20k_to_29k,7y,1,liability,4.0,3,0,2_to_4,gt_30,gt_30,no_change,0,0,0,0,gt_5,0
37,1994,31_to_35,0,married,honda,sedan,20k_to_29k,6y,1,collision,4.0,4,0,none,gt_30,gt_30,no_change,0,0,0,0,gt_5,0
38,1994,31_to_35,0,single,mazda,sedan,30k_to_39k,7y,1,collision,4.0,2,0,none,gt_30,gt_30,no_change,1,0,0,0,gt_5,0
43,1994,36_to_40,1,single,toyota,sport,20k_to_29k,4y,2,liability,4.0,4,0,none,gt_30,gt_30,4_to_8y,1,0,0,0,none,0
46,1994,31_to_35,1,married,pontiac,sedan,lt_20k,5y,1,all_perils,4.0,3,0,2_to_4,gt_30,gt_30,no_change,0,0,0,0,none,0
47,1994,31_to_35,0,single,pontiac,sedan,30k_to_39k,6y,1,collision,4.0,4,1,none,gt_30,gt_30,no_change,0,0,0,0,none,0
53,1994,26_to_30,0,married,honda,sport,gt_69k,4y,1,collision,4.0,4,0,none,gt_30,gt_30,no_change,1,1,0,0,3_to_5,1
57,1994,31_to_35,0,single,honda,sedan,20k_to_29k,6y,1,all_perils,4.0,4,0,2_to_4,gt_30,gt_30,no_change,1,0,0,0,none,0
60,1994,31_to_35,1,single,chevrolet,sedan,20k_to_29k,6y,1,collision,4.0,4,0,none,gt_30,gt_30,no_change,1,0,0,0,1_to_2,0
61,1994,31_to_35,0,single,toyota,sedan,30k_to_39k,5y,1,all_perils,4.0,4,0,none,gt_30,gt_30,no_change,1,0,0,0,none,0
63,1994,16_to_17,0,single,honda,sedan,gt_69k,new,1,all_perils,4.0,2,0,2_to_4,gt_30,gt_30,no_change,0,0,0,0,none,0
64,1994,31_to_35,0,married,toyota,sport,20k_to_29k,7y,2,liability,4.0,3,0,2_to_4,gt_30,gt_30,4_to_8y,1,0,0,0,gt_5,0
66,1994,31_to_35,0,single,mazda,sedan,20k_to_29k,7y,1,all_perils,4.0,3,0,none,gt_30,gt_30,no_change,1,0,0,0,none,0
67,1994,36_to_40,0,single,other,sedan,gt_69k,7y,1,collision,4.0,2,0,1,gt_30,gt_30,no_change,0,0,0,0,gt_5,0
68,1994,51_to_65,0,married,mazda,sport,30k_to_39k,gt_7y,1,liability,4.0,1,0,2_to_4,gt_30,gt_30,no_change,1,0,0,0,gt_5,0
70,1994,41_to_50,0,married,honda,sport,20k_to_29k,7y,1,liability,4.0,2,0,2_to_4,gt_30,gt_30,no_change,1,0,0,0,gt_5,0
76,1994,31_to_35,0,married,ford,sedan,30k_to_39k,6y,1,collision,4.0,4,0,gt_4,gt_30,gt_30,no_change,0,0,0,0,none,0
80,1994,31_to_35,1,married,toyota,sedan,30k_to_39k,7y,1,collision,4.0,1,0,2_to_4,gt_30,gt_30,no_change,0,0,0,0,gt_5,0
82,1994,36_to_40,0,single,mazda,sport,20k_to_29k,7y,1,liability,4.0,2,0,1,gt_30,gt_30,no_change,0,0,0,0,none,0
86,1994,31_to_35,0,married,chevrolet,utility,gt_69k,6y,1,liability,4.0,4,0,1,gt_30,gt_30,no_change,1,1,0,0,gt_5,0
90,1994,26_to_30,0,single,honda,sport,20k_to_29k,4y,1,liability,4.0,2,0,2_to_4,gt_30,gt_30,no_change,1,0,0,0,none,0
92,1994,36_to_40,0,single,pontiac,sport,20k_to_29k,7y,1,liability,4.0,2,0,gt_4,gt_30,gt_30,1y,1,0,0,0,3_to_5,0
95,1994,31_to_35,0,single,honda,sport,gt_69k,7y,1,collision,4.0,3,0,none,gt_30,gt_30,no_change,1,0,0,0,3_to_5,1
97,1994,36_to_40,0,married,toyota,sedan,20k_to_29k,7y,1,collision,4.0,2,0,1,gt_30,gt_30,no_change,1,0,0,0,none,1
98,1994,36_to_40,0,single,toyota,sedan,lt_20k,7y,1,all_perils,4.0,4,0,1,gt_30,gt_30,no_change,1,0,0,0,none,0
100,1994,36_to_40,0,married,pontiac,sedan,20k_to_29k,7y,1,all_perils,4.0,1,0,1,gt_30,gt_30,no_change,1,0,0,0,none,0
101,1994,31_to_35,0,married,chevrolet,utility,gt_69k,7y,1,all_perils,4.0,1,0,gt_4,gt_30,gt_30,no_change,1,0,0,0,gt_5,1
102,1994,31_to_35,1,married,pontiac,sedan,20k_to_29k,6y,1,all_perils,4.0,4,0,1,gt_30,gt_30,no_change,0,0,0,0,none,0
109,1994,41_to_50,0,married,chevrolet,sedan,20k_to_29k,gt_7y,1,all_perils,4.0,1,0,1,gt_30,gt_30,no_change,1,0,0,0,none,0
110,1994,36_to_40,0,married,honda,sport,20k_to_29k,6y,1,liability,4.0,4,0,none,gt_30,gt_30,no_change,1,0,0,0,none,0
113,1994,31_to_35,0,married,honda,sedan,20k_to_29k,6y,1,all_perils,4.0,1,0,none,gt_30,gt_30,no_change,0,0,0,0,none,0
116,1994,18_to_20,0,single,honda,sport,gt_69k,4y,1,collision,4.0,1,0,2_to_4,gt_30,gt_30,no_change,0,0,0,0,3_to_5,0
117,1994,31_to_35,0,married,pontiac,sedan,30k_to_39k,7y,1,collision,4.0,2,0,1,gt_30,gt_30,no_change,0,0,1,0,gt_5,0
118,1994,31_to_35,0,single,pontiac,sport,20k_to_29k,6y,1,liability,4.0,3,0,2_to_4,gt_30,gt_30,no_change,1,0,0,0,3_to_5,0
122,1994,21_to_25,1,married,honda,sport,gt_69k,2y,1,collision,4.0,4,0,none,gt_30,gt_30,no_change,0,1,0,0,1_to_2,0
124,1994,41_to_50,0,married,honda,sedan,20k_to_29k,gt_7y,3_to_4,collision,4.0,4,0,gt_4,gt_30,gt_30,no_change,1,0,0,0,none,0
126,1994,31_to_35,1,married,pontiac,sport,20k_to_29k,7y,1,liability,4.0,4,0,2_to_4,gt_30,gt_30,no_change,1,0,0,0,gt_5,0
134,1994,41_to_50,0,married,ford,sedan,gt_69k,gt_7y,1,collision,4.0,3,0,none,gt_30,gt_30,no_change,1,0,0,0,gt_5,0
141,1994,41_to_50,0,married,honda,sport,gt_69k,gt_7y,1,collision,4.0,4,0,1,gt_30,gt_30,no_change,1,0,0,0,3_to_5,0
150,1994,41_to_50,0,widow,mazda,sedan,20k_to_29k,gt_7y,1,collision,4.0,4,0,none,gt_30,gt_30,no_change,1,0,0,0,none,0
152,1994,26_to_30,0,single,pontiac,sport,30k_to_39k,5y,1,liability,4.0,4,0,gt_4,gt_30,gt_30,no_change,1,0,0,0,3_to_5,0
155,1994,31_to_35,1,single,honda,sport,20k_to_29k,6y,1,liability,4.0,3,0,2_to_4,gt_30,gt_30,no_change,0,0,0,0,none,0
159,1994,31_to_35,0,single,honda,sport,20k_to_29k,6y,1,liability,4.0,4,0,2_to_4,gt_30,gt_30,no_change,1,0,0,0,3_to_5,0
163,1994,36_to_40,1,single,chevrolet,sport,gt_69k,7y,1,liability,4.0,3,0,1,gt_30,gt_30,no_change,0,0,0,0,1_to_2,0
164,1994,36_to_40,0,married,toyota,sedan,lt_20k,7y,1,all_perils,4.0,3,0,none,gt_30,gt_30,no_change,0,0,0,0,none,0
174,1994,31_to_35,0,single,toyota,sport,30k_to_39k,6y,1,liability,4.0,4,0,2_to_4,gt_30,gt_30,no_change,1,0,0,0,1_to_2,0
176,1994,31_to_35,0,single,chevrolet,sedan,20k_to_29k,6y,1,all_perils,4.0,2,0,none,gt_30,gt_30,no_change,1,0,0,0,none,0
184,1994,41_to_50,0,married,toyota,sedan,20k_to_29k,gt_7y,1,all_perils,4.0,1,0,gt_4,gt_30,gt_30,no_change,0,0,0,0,gt_5,0
187,1994,16_to_17,0,single,honda,sport,gt_69k,new,1,liability,4.0,4,0,2_to_4,gt_30,gt_30,no_change,0,0,0,0,none,0
189,1994,36_to_40,0,married,chevrolet,sport,30k_to_39k,7y,1,liability,4.0,1,0,gt_4,gt_30,gt_30,no_change,1,0,0,0,gt_5,0
190,1994,36_to_40,0,married,mazda,sedan,30k_to_39k,gt_7y,2,all_perils,4.0,2,0,2_to_4,gt_30,gt_30,4_to_8y,1,0,0,0,none,1
192,1994,41_to_50,0,married,toyota,sedan,20k_to_29k,gt_7y,1,all_perils,4.0,2,0,2_to_4,gt_30,gt_30,no_change,1,0,0,0,3_to_5,0
195,1994,36_to_40,0,married,honda,sport,gt_69k,gt_7y,1,collision,4.0,3,0,none,gt_30,gt_30,no_change,1,0,0,0,none,1
197,1994,36_to_40,0,married,honda,sedan,30k_to_39k,7y,1,collision,4.0,3,0,2_to_4,gt_30,gt_30,no_change,0,0,0,0,none,0
200,1994,31_to_35,0,married,pontiac,sedan,lt_20k,6y,1,all_perils,4.0,4,0,none,gt_30,gt_30,no_change,0,0,0,0,1_to_2,0
209,1994,26_to_30,0,single,toyota,sedan,20k_to_29k,5y,1,collision,4.0,2,0,1,gt_30,gt_30,no_change,0,0,0,0,none,0
211,1994,36_to_40,0,single,pontiac,sedan,20k_to_29k,gt_7y,2,collision,4.0,1,0,none,gt_30,gt_30,4_to_8y,1,0,0,0,gt_5,0
214,1994,36_to_40,0,married,pontiac,sedan,20k_to_29k,7y,1,all_perils,4.0,4,0,none,gt_30,gt_30,no_change,1,0,0,0,1_to_2,0
221,1994,26_to_30,0,single,toyota,sport,20k_to_29k,6y,1,liability,4.0,1,0,2_to_4,gt_30,gt_30,no_change,1,0,0,0,3_to_5,0
222,1994,36_to_40,0,married,pontiac,sport,lt_20k,7y,1,liability,4.0,4,0,gt_4,gt_30,gt_30,no_change,1,0,0,0,none,0
228,1994,31_to_35,1,single,other,sedan,gt_69k,6y,1,collision,4.0,1,0,2_to_4,gt_30,gt_30,no_change,1,0,0,0,3_to_5,0
230,1994,51_to_65,0,married,pontiac,sport,gt_69k,7y,1,liability,4.0,4,0,gt_4,gt_30,gt_30,no_change,1,0,0,0,3_to_5,0
232,1994,36_to_40,0,married,mazda,sedan,20k_to_29k,6y,2,all_perils,4.0,2,0,2_to_4,gt_30,gt_30,4_to_8y,1,0,0,0,none,0
233,1994,31_to_35,0,married,chevrolet,sedan,20k_to_29k,7y,1,collision,4.0,2,0,2_to_4,gt_30,gt_30,no_change,1,0,0,0,none,1
243,1994,26_to_30,1,single,mazda,sport,20k_to_29k,5y,1,liability,4.0,3,0,gt_4,gt_30,gt_30,no_change,1,0,0,0,1_to_2,0
245,1994,31_to_35,0,single,pontiac,sedan,lt_20k,6y,1,collision,4.0,1,0,1,gt_30,gt_30,no_change,0,0,0,0,3_to_5,0
247,1994,36_to_40,0,married,ford,sedan,lt_20k,7y,3_to_4,all_perils,4.0,4,0,1,gt_30,gt_30,no_change,1,0,0,0,3_to_5,0
248,1994,36_to_40,0,married,acura,sport,30k_to_39k,7y,1,liability,4.0,2,0,2_to_4,gt_30,gt_30,no_change,1,1,0,0,none,0
252,1994,31_to_35,0,married,pontiac,sedan,20k_to_29k,7y,1,all_perils,4.0,1,0,2_to_4,gt_30,gt_30,no_change,1,0,0,0,none,0
271,1994,31_to_35,1,married,chevrolet,sport,20k_to_29k,3y,1,liability,4.0,3,0,2_to_4,gt_30,gt_30,no_change,1,0,0,0,3_to_5,0
276,1994,36_to_40,0,single,honda,sport,gt_69k,7y,1,collision,4.0,4,0,none,gt_30,gt_30,no_change,1,0,0,0,3_to_5,0
288,1994,16_to_17,0,single,honda,sport,gt_69k,new,3_to_4,liability,4.0,4,0,2_to_4,gt_30,gt_30,no_change,1,0,0,0,none,0
295,1994,16_to_17,0,single,honda,sport,gt_69k,new,2,liability,4.0,1,0,2_to_4,gt_30,gt_30,4_to_8y,1,0,0,0,none,0
296,1994,over_65,1,single,pontiac,sedan,lt_20k,6y,1,all_perils,4.0,1,0,none,gt_30,gt_30,no_change,1,0,0,0,none,0
297,1994,36_to_40,0,single,honda,sport,20k_to_29k,7y,1,liability,4.0,1,0,1,gt_30,gt_30,no_change,0,0,0,0,none,0
299,1994,31_to_35,0,married,honda,sedan,30k_to_39k,6y,1,collision,4.0,4,0,1,gt_30,gt_30,no_change,0,0,0,0,none,0
305,1994,31_to_35,0,single,toyota,sedan,20k_to_29k,7y,1,all_perils,4.0,1,0,2_to_4,gt_30,gt_30,no_change,1,1,0,0,3_to_5,0
306,1994,31_to_35,0,single,other,sedan,gt_69k,5y,1,all_perils,4.0,2,0,2_to_4,gt_30,gt_30,no_change,1,0,0,0,3_to_5,0
308,1994,41_to_50,0,married,pontiac,sport,20k_to_29k,6y,1,liability,4.0,4,0,gt_4,gt_30,gt_30,no_change,1,1,0,0,3_to_5,0
314,1994,31_to_35,0,single,honda,sedan,30k_to_39k,7y,1,collision,4.0,3,0,none,gt_30,gt_30,no_change,1,0,0,0,3_to_5,0
315,1994,36_to_40,1,married,pontiac,sport,20k_to_29k,7y,1,liability,4.0,2,0,1,gt_30,gt_30,no_change,0,1,0,0,none,0
322,1994,41_to_50,0,married,other,sedan,20k_to_29k,7y,1,all_perils,4.0,1,0,none,gt_30,gt_30,no_change,1,0,0,0,gt_5,0
325,1994,36_to_40,0,married,honda,sedan,20k_to_29k,7y,1,all_perils,4.0,2,0,2_to_4,gt_30,gt_30,no_change,0,0,0,0,none,0
326,1994,36_to_40,1,single,mazda,sport,30k_to_39k,7y,1,liability,4.0,2,0,2_to_4,gt_30,gt_30,no_change,1,0,0,0,gt_5,0
328,1994,31_to_35,0,married,honda,sedan,30k_to_39k,7y,1,collision,4.0,3,0,gt_4,gt_30,gt_30,no_change,0,0,0,0,gt_5,0
334,1994,41_to_50,0,single,other,sedan,gt_69k,gt_7y,1,all_perils,4.0,3,0,none,gt_30,gt_30,no_change,1,0,0,0,none,0
336,1994,31_to_35,1,married,toyota,sedan,20k_to_29k,7y,1,collision,4.0,2,0,none,gt_30,gt_30,no_change,1,0,0,0,3_to_5,0
340,1994,51_to_65,0,married,pontiac,sedan,lt_20k,gt_7y,1,all_perils,4.0,4,0,1,gt_30,gt_30,no_change,1,0,0,0,1_to_2,0
345,1994,51_to_65,0,married,chevrolet,sedan,20k_to_29k,gt_7y,1,all_perils,4.0,2,0,1,gt_30,gt_30,no_change,1,0,0,0,3_to_5,0
346,1994,31_to_35,0,single,pontiac,sedan,20k_to_29k,6y,1,collision,4.0,3,0,1,gt_30,gt_30,no_change,1,0,0,0,gt_5,0
356,1994,41_to_50,0,married,pontiac,sedan,30k_to_39k,gt_7y,1,all_perils,4.0,4,0,1,gt_30,gt_30,no_change,0,0,0,0,none,0
358,1994,36_to_40,0,married,toyota,sedan,lt_20k,7y,2,all_perils,5.0,4,0,1,gt_30,gt_30,2_to_3y,1,1,0,0,1_to_2,0
359,1994,31_to_35,0,single,other,sedan,gt_69k,6y,1,collision,4.0,4,0,none,gt_30,gt_30,no_change,1,0,0,0,none,0
361,1994,31_to_35,0,married,mazda,sedan,20k_to_29k,7y,1,collision,4.0,3,0,none,gt_30,gt_30,no_change,0,0,0,0,none,0
375,1994,31_to_35,0,single,honda,sedan,gt_69k,6y,1,all_perils,4.0,4,0,none,gt_30,gt_30,no_change,1,0,0,0,gt_5,0
378,1994,31_to_35,1,single,toyota,sport,20k_to_29k,6y,1,liability,4.0,4,0,2_to_4,gt_30,gt_30,no_change,1,0,0,0,1_to_2,0
379,1994,31_to_35,0,married,chevrolet,sport,40k_to_59k,7y,2,liability,4.0,3,0,2_to_4,gt_30,gt_30,4_to_8y,1,0,0,0,none,0
380,1994,31_to_35,0,married,honda,sport,30k_to_39k,6y,1,liability,4.0,3,0,1,gt_30,gt_30,no_change,1,0,0,0,gt_5,0
390,1994,31_to_35,0,single,pontiac,sport,30k_to_39k,7y,1,liability,4.0,2,0,2_to_4,gt_30,gt_30,no_change,1,0,0,0,1_to_2,0
391,1994,41_to_50,0,married,chevrolet,sport,60k_to_69k,7y,1,liability,4.0,2,0,2_to_4,gt_30,gt_30,no_change,0,0,0,0,3_to_5,0
399,1994,51_to_65,0,married,honda,sedan,20k_to_29k,gt_7y,1,all_perils,4.0,3,0,1,gt_30,gt_30,no_change,0,0,0,0,gt_5,0
400,1994,41_to_50,0,married,mazda,sport,20k_to_29k,7y,2,liability,4.0,4,0,gt_4,gt_30,gt_30,4_to_8y,1,0,0,0,none,0
403,1994,41_to_50,0,married,other,sedan,gt_69k,gt_7y,1,all_perils,4.0,4,0,none,gt_30,gt_30,no_change,0,0,0,0,none,0
404,1994,41_to_50,0,married,honda,sedan,20k_to_29k,gt_7y,1,all_perils,7.0,3,0,none,gt_30,gt_30,no_change,1,1,0,0,1_to_2,0
405,1994,31_to_35,1,single,mazda,sedan,30k_to_39k,6y,1,collision,4.0,2,0,none,gt_30,gt_30,no_change,1,0,0,0,3_to_5,0
411,1994,36_to_40,0,single,pontiac,sport,20k_to_29k,7y,3_to_4,liability,4.0,1,0,gt_4,gt_30,gt_30,no_change,1,0,0,0,gt_5,0
413,1994,31_to_35,1,married,pontiac,sedan,lt_20k,6y,1,all_perils,4.0,4,0,none,gt_30,gt_30,no_change,1,0,0,0,none,0
414,1994,51_to_65,0,married,toyota,sedan,20k_to_29k,7y,1,collision,4.0,1,0,none,gt_30,gt_30,no_change,1,0,0,0,3_to_5,0
420,1994,31_to_35,1,single,pontiac,sport,20k_to_29k,5y,1,liability,4.0,4,0,2_to_4,gt_30,gt_30,no_change,1,0,0,0,none,0
421,1994,36_to_40,1,married,chevrolet,sedan,20k_to_29k,gt_7y,2,collision,4.0,3,0,none,gt_30,gt_30,4_to_8y,1,0,0,0,none,0
428,1994,36_to_40,0,married,honda,sport,20k_to_29k,7y,1,liability,4.0,2,0,1,gt_30,gt_30,no_change,1,0,0,0,3_to_5,0
433,1994,31_to_35,0,married,toyota,sport,30k_to_39k,7y,1,liability,4.0,2,0,gt_4,gt_30,gt_30,no_change,1,1,0,0,gt_5,0
435,1994,16_to_17,0,single,honda,sport,gt_69k,new,1,liability,4.0,2,0,2_to_4,gt_30,gt_30,no_change,1,0,0,0,none,0
437,1994,36_to_40,0,married,pontiac,sedan,30k_to_39k,7y,1,all_perils,4.0,4,0,2_to_4,gt_30,gt_30,no_change,1,0,0,0,3_to_5,0
439,1994,31_to_35,0,married,honda,sport,20k_to_29k,7y,1,liability,4.0,1,0,gt_4,gt_30,gt_30,no_change,1,0,0,0,1_to_2,0
442,1994,16_to_17,0,single,honda,sedan,gt_69k,new,2,collision,4.0,4,0,none,gt_30,gt_30,4_to_8y,0,0,0,0,none,0
445,1994,36_to_40,0,single,toyota,sport,20k_to_29k,7y,1,liability,4.0,3,0,none,gt_30,gt_30,no_change,1,0,0,0,1_to_2,0
450,1994,31_to_35,1,single,honda,sedan,lt_20k,5y,1,all_perils,4.0,1,0,1,gt_30,gt_30,no_change,1,1,0,0,none,1
452,1994,31_to_35,1,single,mazda,sedan,20k_to_29k,6y,3_to_4,all_perils,4.0,3,0,none,gt_30,gt_30,no_change,0,0,0,0,3_to_5,0
459,1994,41_to_50,0,married,toyota,sedan,20k_to_29k,gt_7y,1,collision,4.0,2,0,gt_4,gt_30,gt_30,no_change,1,0,0,0,gt_5,0
470,1994,51_to_65,0,married,ford,sedan,lt_20k,7y,1,all_perils,4.0,4,0,2_to_4,gt_30,gt_30,no_change,1,0,0,0,1_to_2,0
474,1994,31_to_35,0,single,toyota,sedan,20k_to_29k,5y,1,all_perils,4.0,3,0,2_to_4,gt_30,gt_30,no_change,1,0,0,0,3_to_5,0
475,1994,36_to_40,0,married,mazda,sport,30k_to_39k,7y,1,liability,4.0,3,0,2_to_4,gt_30,gt_30,no_change,1,0,0,0,none,0
476,1994,41_to_50,0,married,ford,sedan,40k_to_59k,gt_7y,1,collision,4.0,4,0,2_to_4,gt_30,gt_30,no_change,0,0,0,0,none,0
477,1994,26_to_30,0,single,pontiac,sedan,20k_to_29k,5y,1,collision,4.0,3,0,2_to_4,gt_30,gt_30,no_change,0,0,0,0,none,0
480,1994,31_to_35,0,married,pontiac,sedan,30k_to_39k,7y,1,collision,4.0,3,0,2_to_4,gt_30,gt_30,no_change,1,0,0,0,gt_5,0
487,1994,41_to_50,0,married,pontiac,sedan,lt_20k,gt_7y,1,all_perils,4.0,3,0,1,gt_30,gt_30,no_change,1,0,0,0,none,0
492,1994,31_to_35,0,single,mazda,sedan,20k_to_29k,6y,1,collision,4.0,3,0,none,gt_30,gt_30,no_change,0,0,0,0,none,0
494,1994,16_to_17,0,single,honda,sedan,gt_69k,new,1,all_perils,4.0,4,0,none,gt_30,gt_30,no_change,0,0,0,0,none,0
501,1994,41_to_50,0,married,pontiac,sedan,20k_to_29k,7y,1,collision,4.0,1,0,none,gt_30,gt_30,no_change,0,0,0,0,gt_5,0
508,1994,36_to_40,0,married,toyota,sedan,lt_20k,gt_7y,1,all_perils,4.0,2,0,none,gt_30,gt_30,no_change,0,0,0,0,none,0
510,1994,36_to_40,0,married,ford,sport,40k_to_59k,gt_7y,1,liability,4.0,3,1,gt_4,gt_30,gt_30,no_change,0,1,0,0,3_to_5,0
514,1994,51_to_65,0,married,toyota,sport,30k_to_39k,gt_7y,1,liability,4.0,4,0,gt_4,gt_30,gt_30,no_change,1,0,0,0,3_to_5,0
516,1994,over_65,0,married,pontiac,sedan,20k_to_29k,7y,1,all_perils,4.0,4,0,2_to_4,gt_30,gt_30,no_change,1,0,0,0,gt_5,0
518,1994,41_to_50,0,married,pontiac,sedan,20k_to_29k,gt_7y,1,collision,4.0,4,0,none,gt_30,gt_30,no_change,1,1,0,0,gt_5,0
520,1994,51_to_65,0,married,toyota,sedan,lt_20k,gt_7y,1,collision,4.0,4,0,1,gt_30,gt_30,no_change,1,1,0,0,none,0
522,1994,16_to_17,0,single,honda,sport,gt_69k,new,1,liability,4.0,2,0,none,gt_30,gt_30,no_change,1,0,0,0,none,0
525,1994,36_to_40,1,married,mazda,sport,20k_to_29k,7y,1,liability,4.0,2,0,none,gt_30,gt_30,no_change,1,0,0,0,gt_5,0
528,1994,31_to_35,0,married,honda,sedan,20k_to_29k,5y,1,all_perils,4.0,1,0,1,gt_30,gt_30,no_change,0,0,0,0,none,0
534,1994,31_to_35,0,married,pontiac,sedan,20k_to_29k,5y,3_to_4,collision,4.0,3,0,2_to_4,gt_30,gt_30,no_change,1,0,0,0,1_to_2,1
537,1994,31_to_35,0,married,chevrolet,sedan,20k_to_29k,7y,1,collision,4.0,1,0,none,gt_30,gt_30,no_change,1,0,0,0,none,1
540,1994,51_to_65,0,married,chevrolet,sedan,20k_to_29k,7y,1,collision,4.0,3,0,2_to_4,gt_30,gt_30,no_change,1,0,0,0,none,0
541,1994,31_to_35,1,single,chevrolet,sedan,20k_to_29k,6y,1,all_perils,4.0,2,0,1,gt_30,gt_30,no_change,1,0,0,0,gt_5,0
543,1994,16_to_17,0,single,honda,sedan,gt_69k,new,1,all_perils,4.0,4,0,none,gt_30,gt_30,no_change,1,0,0,0,none,1
554,1994,51_to_65,0,single,other,sedan,gt_69k,gt_7y,1,all_perils,4.0,3,0,none,gt_30,gt_30,no_change,1,1,0,0,1_to_2,0
555,1994,41_to_50,0,married,mazda,sedan,20k_to_29k,7y,1,collision,4.0,3,0,none,gt_30,gt_30,no_change,1,0,0,0,none,0
561,1994,36_to_40,1,married,mazda,sedan,lt_20k,7y,1,all_perils,4.0,4,0,none,gt_30,gt_30,no_change,0,0,0,0,1_to_2,0
562,1994,31_to_35,0,single,pontiac,sedan,lt_20k,6y,1,collision,5.0,2,0,2_to_4,gt_30,gt_30,2_to_3y,1,0,0,0,1_to_2,0
563,1994,36_to_40,0,married,pontiac,sedan,20k_to_29k,gt_7y,1,all_perils,4.0,4,0,none,gt_30,gt_30,no_change,0,0,0,0,none,0
572,1994,31_to_35,0,married,pontiac,sedan,20k_to_29k,6y,1,collision,4.0,3,0,none,gt_30,gt_30,no_change,1,0,0,0,none,0
573,1994,31_to_35,0,married,mazda,sedan,30k_to_39k,6y,1,all_perils,4.0,4,0,none,gt_30,gt_30,no_change,1,0,0,0,none,0
577,1994,26_to_30,0,single,honda,sedan,20k_to_29k,5y,1,collision,4.0,3,0,none,gt_30,gt_30,no_change,1,0,0,0,none,0
578,1994,36_to_40,0,married,mazda,sport,20k_to_29k,6y,1,liability,4.0,2,0,none,gt_30,gt_30,no_change,1,0,0,0,none,0
587,1994,36_to_40,0,married,pontiac,sedan,20k_to_29k,7y,1,all_perils,4.0,4,0,1,gt_30,gt_30,no_change,0,0,0,0,gt_5,0
589,1994,31_to_35,0,single,mazda,sedan,20k_to_29k,7y,2,collision,4.0,2,0,none,gt_30,gt_30,4_to_8y,0,0,0,0,1_to_2,0
593,1994,31_to_35,0,single,toyota,sedan,20k_to_29k,7y,1,all_perils,4.0,1,0,1,gt_30,gt_30,no_change,0,0,0,0,none,0
596,1994,31_to_35,0,married,ford,sedan,30k_to_39k,7y,1,collision,4.0,1,0,2_to_4,gt_30,gt_30,no_change,1,0,0,0,1_to_2,0
600,1994,36_to_40,1,married,pontiac,sedan,20k_to_29k,gt_7y,1,collision,4.0,3,0,2_to_4,gt_30,gt_30,no_change,1,1,0,0,3_to_5,0
602,1994,31_to_35,0,single,toyota,sedan,30k_to_39k,6y,1,collision,4.0,1,0,1,gt_30,gt_30,no_change,1,0,0,0,none,0
603,1994,41_to_50,0,married,pontiac,sedan,30k_to_39k,gt_7y,1,all_perils,4.0,2,0,2_to_4,gt_30,gt_30,no_change,0,0,0,0,1_to_2,0
607,1994,26_to_30,0,single,pontiac,sedan,lt_20k,5y,1,all_perils,4.0,1,0,2_to_4,gt_30,gt_30,no_change,1,0,0,0,none,1
608,1994,31_to_35,0,single,honda,sport,20k_to_29k,7y,1,liability,4.0,4,0,1,gt_30,gt_30,no_change,1,0,0,0,gt_5,0
609,1994,31_to_35,0,married,pontiac,sedan,20k_to_29k,7y,1,all_perils,4.0,1,0,none,gt_30,gt_30,no_change,0,0,0,0,1_to_2,0
610,1994,41_to_50,0,married,pontiac,sedan,30k_to_39k,7y,2,collision,4.0,2,0,gt_4,gt_30,gt_30,4_to_8y,1,1,0,0,none,0
611,1994,31_to_35,0,single,pontiac,sport,30k_to_39k,6y,1,liability,4.0,4,0,2_to_4,gt_30,gt_30,no_change,0,0,0,0,none,0
612,1994,31_to_35,0,single,toyota,sedan,20k_to_29k,6y,1,all_perils,4.0,2,0,1,gt_30,gt_30,no_change,0,1,0,0,none,0
616,1994,36_to_40,0,married,honda,sport,30k_to_39k,7y,3_to_4,liability,4.0,2,0,1,gt_30,gt_30,no_change,1,0,0,0,gt_5,0
617,1994,31_to_35,0,married,honda,sport,20k_to_29k,4y,1,liability,4.0,1,0,2_to_4,gt_30,gt_30,no_change,1,0,0,0,3_to_5,0
622,1994,41_to_50,1,married,mazda,sport,20k_to_29k,7y,1,liability,4.0,2,0,2_to_4,gt_30,gt_30,no_change,1,0,0,0,none,0
623,1994,36_to_40,0,married,honda,sedan,20k_to_29k,7y,1,collision,4.0,4,0,none,gt_30,gt_30,no_change,1,0,0,0,1_to_2,0
624,1994,31_to_35,0,married,honda,sedan,lt_20k,6y,1,all_perils,4.0,3,0,none,gt_30,gt_30,no_change,1,0,0,0,none,0
628,1994,31_to_35,0,married,pontiac,sport,20k_to_29k,7y,1,liability,4.0,1,0,gt_4,gt_30,gt_30,no_change,1,0,0,0,3_to_5,0
630,1994,31_to_35,0,married,ford,sport,30k_to_39k,6y,1,liability,4.0,2,0,2_to_4,gt_30,gt_30,no_change,1,0,0,0,none,0
632,1994,36_to_40,1,married,pontiac,sedan,20k_to_29k,7y,1,all_perils,4.0,4,0,none,gt_30,gt_30,no_change,1,0,0,0,1_to_2,0
635,1994,41_to_50,0,single,mazda,sport,20k_to_29k,7y,1,liability,4.0,3,0,2_to_4,gt_30,gt_30,no_change,1,0,0,0,1_to_2,0
638,1994,26_to_30,0,single,honda,sport,gt_69k,5y,1,collision,4.0,3,0,none,gt_30,gt_30,1y,1,0,0,0,none,0
640,1994,36_to_40,0,married,toyota,sedan,20k_to_29k,gt_7y,1,collision,4.0,2,0,2_to_4,gt_30,gt_30,no_change,1,0,0,0,1_to_2,0
642,1994,41_to_50,0,married,pontiac,sedan,20k_to_29k,gt_7y,1,all_perils,4.0,2,0,1,gt_30,gt_30,no_change,0,1,0,0,none,0
645,1994,36_to_40,1,married,toyota,sedan,20k_to_29k,3y,1,all_perils,4.0,3,0,none,gt_30,gt_30,no_change,0,0,0,0,gt_5,0
653,1994,31_to_35,0,married,pontiac,sedan,20k_to_29k,6y,1,all_perils,4.0,3,0,none,gt_30,gt_30,no_change,1,0,0,0,none,0
657,1994,41_to_50,0,married,pontiac,sport,lt_20k,gt_7y,3_to_4,liability,4.0,3,0,1,gt_30,gt_30,no_change,1,0,0,0,3_to_5,0
659,1994,36_to_40,0,married,other,sedan,20k_to_29k,7y,1,all_perils,4.0,4,0,1,gt_30,gt_30,no_change,0,0,0,0,1_to_2,0
661,1994,16_to_17,0,single,honda,sport,gt_69k,new,1,liability,4.0,3,0,1,gt_30,gt_30,no_change,0,0,0,0,none,0
662,1994,over_65,0,married,pontiac,sedan,lt_20k,7y,1,collision,4.0,3,0,2_to_4,gt_30,gt_30,no_change,0,0,0,0,1_to_2,0
663,1994,31_to_35,1,single,honda,sedan,20k_to_29k,5y,1,collision,4.0,1,0,1,gt_30,gt_30,no_change,1,0,0,0,3_to_5,0
664,1994,31_to_35,0,married,other,sedan,60k_to_69k,7y,1,all_perils,5.0,4,0,1,gt_30,gt_30,2_to_3y,0,0,0,0,none,1
673,1994,31_to_35,0,single,mazda,sedan,20k_to_29k,6y,2,collision,4.0,4,0,2_to_4,gt_30,gt_30,4_to_8y,0,0,0,0,none,0
676,1994,31_to_35,0,single,toyota,sedan,20k_to_29k,5y,1,all_perils,4.0,4,0,2_to_4,gt_30,gt_30,no_change,0,0,0,0,none,0
681,1994,51_to_65,0,married,ford,sport,40k_to_59k,gt_7y,1,liability,4.0,4,0,2_to_4,gt_30,gt_30,no_change,1,0,0,0,3_to_5,0
686,1994,over_65,0,married,toyota,sedan,lt_20k,gt_7y,1,all_perils,4.0,4,0,none,gt_30,gt_30,no_change,1,0,0,0,none,0
691,1994,41_to_50,0,married,ford,sport,20k_to_29k,7y,1,liability,4.0,3,0,none,gt_30,gt_30,no_change,0,0,0,0,none,0
692,1994,36_to_40,0,married,pontiac,sedan,20k_to_29k,7y,1,all_perils,4.0,1,0,none,gt_30,gt_30,no_change,1,1,0,0,none,0
695,1994,36_to_40,0,married,pontiac,sedan,20k_to_29k,7y,1,collision,4.0,2,0,2_to_4,gt_30,gt_30,no_change,0,0,0,0,none,0
698,1994,41_to_50,1,married,mazda,sport,20k_to_29k,7y,3_to_4,liability,4.0,4,0,none,gt_30,gt_30,no_change,1,0,0,0,none,0
701,1994,31_to_35,0,single,mazda,sedan,20k_to_29k,6y,1,all_perils,4.0,1,0,1,gt_30,gt_30,no_change,1,1,0,0,none,1
702,1994,36_to_40,1,married,honda,sport,20k_to_29k,7y,1,liability,4.0,2,0,2_to_4,gt_30,gt_30,no_change,0,0,0,0,gt_5,0
705,1994,31_to_35,0,single,toyota,sport,30k_to_39k,6y,1,liability,4.0,4,0,2_to_4,gt_30,gt_30,no_change,1,0,0,0,none,0
706,1994,41_to_50,0,single,mazda,sedan,30k_to_39k,gt_7y,1,collision,4.0,2,0,none,gt_30,gt_30,no_change,0,0,0,0,none,0
707,1994,31_to_35,0,married,toyota,sedan,20k_to_29k,6y,1,collision,4.0,1,0,2_to_4,gt_30,gt_30,no_change,1,0,0,0,none,0
712,1994,41_to_50,0,married,toyota,sport,30k_to_39k,gt_7y,1,liability,4.0,4,0,2_to_4,gt_30,gt_30,no_change,1,0,0,0,gt_5,0
713,1994,36_to_40,0,married,pontiac,sedan,20k_to_29k,7y,1,all_perils,4.0,4,0,2_to_4,gt_30,gt_30,no_change,0,0,0,0,3_to_5,0
714,1994,31_to_35,1,married,toyota,sedan,20k_to_29k,5y,1,all_perils,4.0,4,0,2_to_4,gt_30,gt_30,no_change,1,0,0,0,3_to_5,1
715,1994,36_to_40,0,married,toyota,sedan,30k_to_39k,7y,2,collision,5.0,1,0,1,gt_30,gt_30,2_to_3y,1,0,0,0,none,0
716,1994,36_to_40,0,married,honda,sport,20k_to_29k,7y,1,liability,4.0,3,0,none,gt_30,gt_30,no_change,1,0,0,0,none,0
717,1994,36_to_40,1,married,honda,sport,20k_to_29k,6y,1,liability,4.0,4,0,2_to_4,gt_30,gt_30,no_change,1,0,0,0,3_to_5,0
718,1994,31_to_35,0,single,other,sedan,30k_to_39k,6y,1,all_perils,4.0,3,0,2_to_4,gt_30,gt_30,no_change,0,0,0,0,none,0
719,1994,36_to_40,0,married,toyota,sport,20k_to_29k,7y,1,liability,4.0,3,0,1,gt_30,gt_30,no_change,0,0,0,0,none,0
721,1994,41_to_50,0,married,ford,sedan,60k_to_69k,gt_7y,1,collision,4.0,2,0,none,gt_30,gt_30,no_change,0,1,0,0,gt_5,0
723,1994,31_to_35,0,single,honda,sport,20k_to_29k,6y,1,liability,4.0,2,0,gt_4,gt_30,gt_30,no_change,1,0,0,0,none,0
724,1994,31_to_35,0,single,chevrolet,sedan,20k_to_29k,7y,1,collision,4.0,3,0,1,gt_30,gt_30,no_change,1,0,0,0,gt_5,0
731,1994,36_to_40,0,married,mazda,sedan,30k_to_39k,7y,1,collision,4.0,2,0,2_to_4,gt_30,gt_30,no_change,1,1,0,0,none,0
732,1994,36_to_40,0,married,pontiac,sedan,30k_to_39k,7y,1,all_perils,4.0,2,0,2_to_4,none,gt_30,no_change,1,0,0,0,none,0
733,1994,36_to_40,0,married,pontiac,sedan,30k_to_39k,7y,1,all_perils,4.0,4,0,none,gt_30,gt_30,no_change,0,1,0,0,none,0
734,1994,41_to_50,0,married,pontiac,sport,20k_to_29k,7y,1,liability,4.0,1,0,2_to_4,gt_30,gt_30,no_change,1,0,0,0,none,0
738,1994,36_to_40,0,married,mazda,utility,gt_69k,7y,1,all_perils,4.0,4,0,1,gt_30,gt_30,no_change,1,0,0,0,gt_5,0
739,1994,36_to_40,0,married,other,sport,30k_to_39k,7y,3_to_4,liability,4.0,2,0,2_to_4,gt_30,gt_30,no_change,1,0,0,0,none,0
740,1994,36_to_40,0,married,pontiac,sedan,20k_to_29k,gt_7y,1,collision,4.0,1,0,2_to_4,gt_30,gt_30,no_change,0,0,0,0,1_to_2,0
741,1994,31_to_35,0,single,mazda,sedan,20k_to_29k,7y,1,collision,4.0,2,0,2_to_4,gt_30,gt_30,no_change,1,0,0,0,gt_5,0
743,1994,36_to_40,0,married,toyota,sport,20k_to_29k,7y,1,liability,4.0,3,0,gt_4,gt_30,gt_30,no_change,1,0,0,0,gt_5,0
749,1994,31_to_35,0,married,mazda,sport,gt_69k,6y,1,liability,4.0,4,0,2_to_4,gt_30,gt_30,no_change,1,0,0,0,3_to_5,0
752,1994,18_to_20,0,single,honda,sport,gt_69k,2y,1,collision,4.0,3,0,none,gt_30,gt_30,no_change,1,0,0,0,1_to_2,0
753,1994,31_to_35,0,single,toyota,sport,20k_to_29k,6y,1,liability,4.0,4,0,none,gt_30,gt_30,no_change,0,0,0,1,none,0
755,1994,31_to_35,1,single,pontiac,sport,30k_to_39k,6y,1,liability,4.0,4,0,2_to_4,gt_30,gt_30,no_change,1,0,0,0,none,0
757,1994,over_65,0,single,toyota,sedan,lt_20k,gt_7y,2,all_perils,4.0,2,0,none,gt_30,gt_30,4_to_8y,1,0,0,0,gt_5,0
762,1994,36_to_40,0,married,mazda,sport,gt_69k,7y,1,collision,4.0,1,0,none,gt_30,gt_30,no_change,0,0,0,0,none,0
763,1994,36_to_40,0,single,toyota,sport,gt_69k,gt_7y,1,liability,4.0,2,0,gt_4,gt_30,gt_30,no_change,1,0,0,0,gt_5,0
774,1994,51_to_65,0,married,pontiac,sport,20k_to_29k,gt_7y,1,liability,4.0,4,0,2_to_4,gt_30,gt_30,no_change,1,0,0,0,none,0
776,1994,41_to_50,0,married,mazda,utility,gt_69k,gt_7y,1,all_perils,7.0,4,0,1,gt_30,gt_30,no_change,1,1,0,0,none,0
779,1994,31_to_35,1,single,honda,sedan,gt_69k,new,1,all_perils,4.0,4,0,gt_4,gt_30,gt_30,no_change,0,0,0,0,none,0
780,1994,31_to_35,0,married,toyota,sedan,20k_to_29k,7y,3_to_4,collision,4.0,4,0,1,gt_30,gt_30,no_change,1,0,0,0,3_to_5,0
781,1994,31_to_35,1,married,mazda,sport,20k_to_29k,7y,1,liability,4.0,3,0,1,gt_30,gt_30,no_change,1,0,0,0,none,0
784,1994,36_to_40,0,married,pontiac,sedan,gt_69k,7y,1,collision,4.0,2,0,2_to_4,gt_30,gt_30,no_change,1,1,0,0,none,0
787,1994,26_to_30,0,married,honda,sport,20k_to_29k,5y,1,liability,4.0,2,0,gt_4,gt_30,gt_30,no_change,1,0,0,0,none,0
789,1994,41_to_50,0,married,pontiac,sedan,30k_to_39k,gt_7y,1,all_perils,4.0,3,0,gt_4,gt_30,gt_30,no_change,1,0,0,0,none,0
798,1994,31_to_35,0,single,honda,sedan,20k_to_29k,6y,1,all_perils,4.0,3,0,none,gt_30,gt_30,no_change,1,0,0,0,gt_5,0
800,1994,36_to_40,0,married,pontiac,sedan,30k_to_39k,7y,1,collision,4.0,4,0,1,gt_30,gt_30,no_change,0,0,0,0,gt_5,0
803,1994,36_to_40,0,married,honda,sedan,20k_to_29k,6y,1,all_perils,4.0,4,0,none,gt_30,gt_30,no_change,0,0,0,0,none,0
805,1994,31_to_35,0,married,mazda,sedan,20k_to_29k,6y,1,collision,4.0,4,0,1,8_to_15,gt_30,no_change,1,0,0,0,none,0
806,1994,31_to_35,0,single,pontiac,sedan,lt_20k,6y,1,all_perils,4.0,4,0,2_to_4,gt_30,gt_30,no_change,1,0,0,0,1_to_2,0
807,1994,31_to_35,0,married,toyota,sport,20k_to_29k,6y,1,liability,4.0,1,0,gt_4,gt_30,gt_30,no_change,1,0,0,0,none,0
815,1994,41_to_50,0,married,mazda,sedan,30k_to_39k,gt_7y,1,all_perils,4.0,2,0,none,gt_30,gt_30,no_change,0,0,0,0,gt_5,0
831,1994,36_to_40,0,married,chevrolet,sport,30k_to_39k,7y,1,liability,4.0,3,0,gt_4,gt_30,gt_30,no_change,1,0,0,0,none,1
834,1994,51_to_65,0,married,pontiac,sedan,30k_to_39k,gt_7y,1,collision,4.0,2,0,none,gt_30,gt_30,no_change,1,0,0,0,none,0
836,1994,31_to_35,0,married,pontiac,sedan,lt_20k,7y,1,all_perils,4.0,3,0,none,gt_30,gt_30,no_change,1,0,0,0,1_to_2,0
839,1994,36_to_40,0,married,chevrolet,sport,30k_to_39k,gt_7y,1,liability,4.0,4,0,1,gt_30,gt_30,no_change,0,0,0,0,gt_5,0
843,1994,36_to_40,0,married,pontiac,sedan,20k_to_29k,gt_7y,1,all_perils,4.0,3,0,2_to_4,gt_30,gt_30,no_change,1,0,0,0,none,0
844,1994,31_to_35,0,married,other,sedan,30k_to_39k,6y,1,collision,4.0,4,0,2_to_4,gt_30,gt_30,no_change,1,1,0,0,none,0
846,1994,31_to_35,0,married,toyota,sedan,20k_to_29k,6y,1,collision,4.0,4,0,1,gt_30,gt_30,no_change,1,0,0,0,none,0
853,1994,41_to_50,0,married,pontiac,sedan,20k_to_29k,gt_7y,5_to_8,all_perils,4.0,4,0,1,gt_30,gt_30,no_change,0,0,0,0,none,0
856,1994,36_to_40,0,married,acura,utility,gt_69k,gt_7y,1,all_perils,4.0,1,0,none,gt_30,gt_30,no_change,1,1,0,0,none,0
857,1994,31_to_35,1,married,mazda,sedan,gt_69k,7y,1,all_perils,4.0,4,0,1,gt_30,gt_30,no_change,0,1,0,0,none,0
858,1994,51_to_65,0,married,honda,sedan,20k_to_29k,gt_7y,1,collision,4.0,4,0,gt_4,gt_30,gt_30,no_change,1,0,0,0,gt_5,0
859,1994,41_to_50,0,single,pontiac,utility,gt_69k,gt_7y,1,all_perils,4.0,1,0,2_to_4,gt_30,gt_30,no_change,1,0,0,0,gt_5,0
864,1994,36_to_40,1,married,honda,sport,20k_to_29k,5y,1,liability,4.0,1,0,none,gt_30,gt_30,no_change,1,0,0,0,1_to_2,0
869,1994,31_to_35,0,married,mazda,sport,gt_69k,6y,1,collision,4.0,2,0,1,gt_30,gt_30,no_change,0,0,0,0,none,0
871,1994,36_to_40,0,married,toyota,sedan,20k_to_29k,gt_7y,1,all_perils,4.0,4,0,2_to_4,gt_30,gt_30,no_change,0,0,0,0,gt_5,0
876,1994,36_to_40,0,married,honda,sport,gt_69k,7y,1,collision,4.0,2,0,2_to_4,gt_30,gt_30,no_change,0,0,0,0,gt_5,0
883,1994,36_to_40,0,married,honda,sedan,30k_to_39k,7y,2,all_perils,4.0,4,0,1,gt_30,gt_30,4_to_8y,1,0,0,0,1_to_2,0
886,1994,31_to_35,1,single,toyota,sport,20k_to_29k,7y,1,liability,4.0,3,0,2_to_4,gt_30,gt_30,no_change,1,0,0,1,1_to_2,0
887,1994,36_to_40,1,married,pontiac,sedan,30k_to_39k,7y,1,all_perils,4.0,2,0,none,gt_30,gt_30,no_change,1,0,0,0,none,0
891,1994,41_to_50,0,married,pontiac,sedan,20k_to_29k,7y,1,collision,4.0,4,0,none,gt_30,gt_30,no_change,1,0,0,0,none,1
893,1994,41_to_50,1,married,honda,sedan,lt_20k,6y,1,collision,4.0,2,0,none,gt_30,gt_30,no_change,0,0,0,0,gt_5,0
895,1994,26_to_30,0,married,other,sedan,30k_to_39k,5y,1,collision,4.0,1,0,2_to_4,gt_30,gt_30,no_change,1,1,0,0,gt_5,1
897,1994,31_to_35,0,single,pontiac,sport,20k_to_29k,6y,1,liability,4.0,3,0,gt_4,gt_30,gt_30,no_change,1,0,0,0,1_to_2,0
901,1994,31_to_35,0,single,pontiac,sedan,40k_to_59k,6y,1,all_perils,4.0,1,0,none,gt_30,gt_30,no_change,1,1,0,0,none,1
903,1994,36_to_40,1,married,toyota,sedan,20k_to_29k,6y,3_to_4,collision,4.0,3,0,1,gt_30,gt_30,no_change,0,0,0,0,none,0
904,1994,31_to_35,0,single,pontiac,sedan,20k_to_29k,7y,2,collision,4.0,3,0,gt_4,gt_30,gt_30,4_to_8y,1,0,0,0,gt_5,0
907,1994,31_to_35,0,single,mazda,sedan,20k_to_29k,7y,1,collision,4.0,2,0,gt_4,gt_30,gt_30,no_change,1,0,0,0,none,0
912,1994,36_to_40,1,married,mazda,sport,20k_to_29k,7y,1,liability,4.0,1,0,2_to_4,gt_30,gt_30,no_change,1,0,0,0,none,0
913,1994,36_to_40,1,divorced,chevrolet,sedan,20k_to_29k,7y,1,collision,4.0,2,0,2_to_4,gt_30,gt_30,no_change,1,0,0,0,gt_5,0
916,1994,31_to_35,1,single,mazda,sport,20k_to_29k,5y,1,liability,4.0,3,0,1,gt_30,gt_30,no_change,1,0,0,0,none,0
918,1994,16_to_17,0,single,honda,sport,gt_69k,new,1,liability,4.0,1,0,2_to_4,gt_30,gt_30,no_change,1,0,0,0,none,0
921,1994,51_to_65,0,married,pontiac,sedan,20k_to_29k,gt_7y,1,all_perils,4.0,2,0,2_to_4,gt_30,gt_30,no_change,1,0,0,0,3_to_5,0
922,1994,31_to_35,0,married,honda,sport,20k_to_29k,6y,1,liability,4.0,3,0,1,gt_30,gt_30,no_change,1,0,0,0,gt_5,0
923,1994,26_to_30,0,married,pontiac,sedan,20k_to_29k,6y,1,all_perils,4.0,4,0,1,gt_30,gt_30,no_change,1,0,0,0,none,0
928,1994,51_to_65,0,married,toyota,sedan,20k_to_29k,gt_7y,1,collision,4.0,2,0,none,gt_30,gt_30,no_change,1,0,0,0,none,0
930,1994,31_to_35,0,married,pontiac,sedan,20k_to_29k,6y,1,collision,4.0,3,0,none,gt_30,gt_30,no_change,1,0,0,0,3_to_5,0
935,1994,36_to_40,1,married,pontiac,sedan,20k_to_29k,gt_7y,1,all_perils,4.0,3,0,none,gt_30,gt_30,no_change,0,0,0,0,none,0
940,1994,36_to_40,0,married,mazda,sedan,20k_to_29k,7y,1,all_perils,4.0,4,0,2_to_4,gt_30,gt_30,no_change,0,0,0,0,1_to_2,0
943,1994,31_to_35,0,married,honda,sport,20k_to_29k,5y,1,liability,4.0,2,0,gt_4,gt_30,gt_30,no_change,1,0,0,0,none,0
944,1994,51_to_65,0,married,other,sedan,30k_to_39k,gt_7y,3_to_4,all_perils,4.0,4,0,2_to_4,gt_30,gt_30,no_change,0,1,0,0,3_to_5,0
946,1994,41_to_50,0,married,mazda,sedan,20k_to_29k,5y,2,all_perils,4.0,3,0,2_to_4,gt_30,gt_30,4_to_8y,1,1,0,0,1_to_2,1
947,1994,21_to_25,0,single,pontiac,sedan,20k_to_29k,3y,1,all_perils,4.0,2,0,gt_4,gt_30,gt_30,no_change,0,0,0,0,gt_5,0
949,1994,41_to_50,0,married,pontiac,sedan,30k_to_39k,gt_7y,1,all_perils,4.0,1,0,none,gt_30,gt_30,no_change,0,1,0,0,none,0
954,1994,51_to_65,0,married,honda,sport,20k_to_29k,gt_7y,1,liability,4.0,3,0,none,gt_30,gt_30,no_change,1,0,0,0,gt_5,0
963,1994,over_65,0,married,pontiac,sedan,30k_to_39k,gt_7y,1,collision,4.0,2,0,1,gt_30,gt_30,no_change,1,0,0,0,none,0
965,1994,36_to_40,0,married,toyota,sedan,lt_20k,7y,1,all_perils,4.0,1,0,1,gt_30,gt_30,no_change,0,0,0,0,none,0
966,1994,51_to_65,0,married,honda,sport,20k_to_29k,7y,1,liability,4.0,1,0,gt_4,gt_30,gt_30,no_change,0,0,0,0,none,0
971,1994,31_to_35,1,single,mazda,sport,20k_to_29k,5y,1,liability,4.0,1,0,1,gt_30,gt_30,no_change,1,0,0,0,gt_5,0
972,1994,51_to_65,0,married,pontiac,sedan,20k_to_29k,gt_7y,1,all_perils,4.0,3,0,none,gt_30,gt_30,no_change,0,0,0,0,none,0
976,1994,31_to_35,0,married,toyota,sport,20k_to_29k,5y,1,liability,4.0,1,0,none,gt_30,gt_30,no_change,1,0,0,0,3_to_5,0
985,1994,31_to_35,0,single,honda,sedan,gt_69k,new,3_to_4,all_perils,4.0,4,0,none,gt_30,gt_30,no_change,0,0,0,0,none,0
991,1994,36_to_40,0,married,honda,sedan,30k_to_39k,6y,1,all_perils,4.0,3,0,none,gt_30,gt_30,no_change,1,0,0,0,none,0
992,1994,41_to_50,0,married,pontiac,sedan,20k_to_29k,6y,1,all_perils,4.0,3,0,2_to_4,gt_30,gt_30,no_change,1,0,0,0,none,0
995,1994,36_to_40,0,married,toyota,sport,30k_to_39k,7y,1,liability,4.0,1,0,1,gt_30,gt_30,no_change,0,0,0,0,3_to_5,0
998,1994,31_to_35,0,single,pontiac,sedan,20k_to_29k,6y,1,collision,4.0,3,0,2_to_4,gt_30,gt_30,no_change,1,0,0,0,none,0
999,1994,31_to_35,0,married,pontiac,sedan,20k_to_29k,7y,1,all_perils,4.0,2,0,none,gt_30,gt_30,no_change,1,1,0,0,3_to_5,1
1004,1994,31_to_35,0,married,toyota,sedan,20k_to_29k,7y,1,collision,4.0,4,0,1,gt_30,gt_30,no_change,1,0,0,0,gt_5,0
1011,1994,36_to_40,1,married,honda,sedan,20k_to_29k,7y,1,all_perils,4.0,4,0,none,gt_30,gt_30,no_change,0,0,0,0,gt_5,0
1013,1994,41_to_50,0,married,mazda,sport,20k_to_29k,gt_7y,1,liability,4.0,3,0,2_to_4,gt_30,gt_30,no_change,0,0,0,0,none,0
1016,1994,36_to_40,0,married,chevrolet,sport,gt_69k,gt_7y,1,liability,4.0,4,0,none,gt_30,gt_30,no_change,1,0,0,0,none,0
1018,1994,36_to_40,0,married,mazda,sedan,20k_to_29k,5y,1,collision,4.0,1,0,2_to_4,gt_30,gt_30,no_change,1,0,0,0,gt_5,0
1019,1994,31_to_35,0,married,honda,sedan,lt_20k,7y,1,collision,4.0,4,0,none,gt_30,gt_30,no_change,1,1,0,0,none,0
1024,1994,31_to_35,0,married,acura,sedan,30k_to_39k,7y,1,all_perils,7.0,1,0,2_to_4,gt_30,gt_30,no_change,1,0,0,0,1_to_2,1
1025,1994,36_to_40,0,married,acura,sedan,gt_69k,gt_7y,1,all_perils,4.0,1,0,2_to_4,gt_30,gt_30,no_change,0,0,0,0,gt_5,0
1027,1994,21_to_25,0,single,mazda,sedan,20k_to_29k,2y,1,collision,4.0,1,0,2_to_4,1_to_7,gt_30,no_change,1,0,0,0,none,0
1029,1994,36_to_40,1,married,toyota,sport,20k_to_29k,7y,1,liability,4.0,3,0,gt_4,gt_30,gt_30,no_change,1,0,0,0,none,0
1032,1994,31_to_35,0,married,honda,sport,gt_69k,new,1,liability,4.0,4,0,gt_4,gt_30,gt_30,no_change,1,0,0,0,none,0
1040,1994,31_to_35,1,single,chevrolet,sedan,20k_to_29k,6y,1,collision,4.0,3,0,2_to_4,gt_30,gt_30,no_change,1,0,0,0,3_to_5,0
1042,1994,31_to_35,0,single,chevrolet,sedan,30k_to_39k,6y,1,collision,4.0,2,0,2_to_4,gt_30,gt_30,no_change,1,1,0,0,gt_5,0
1043,1994,31_to_35,0,married,pontiac,sedan,20k_to_29k,7y,1,collision,4.0,4,0,1,gt_30,gt_30,no_change,1,1,0,0,none,0
1048,1994,41_to_50,0,married,honda,sport,gt_69k,gt_7y,1,collision,4.0,1,0,1,gt_30,gt_30,no_change,0,0,0,0,none,0
1049,1994,41_to_50,0,married,honda,sport,gt_69k,7y,1,collision,4.0,3,0,1,gt_30,gt_30,no_change,0,0,0,0,none,0
1060,1994,41_to_50,0,married,mazda,sedan,gt_69k,gt_7y,1,all_perils,4.0,2,0,2_to_4,gt_30,gt_30,no_change,1,0,0,0,1_to_2,0
1061,1994,31_to_35,1,married,toyota,sedan,lt_20k,5y,1,all_perils,4.0,1,0,none,gt_30,gt_30,no_change,1,1,0,0,3_to_5,0
1062,1994,36_to_40,0,single,pontiac,sedan,20k_to_29k,6y,1,collision,4.0,4,0,2_to_4,gt_30,gt_30,no_change,1,0,0,0,none,0
1065,1994,41_to_50,0,married,ford,sedan,lt_20k,gt_7y,1,all_perils,4.0,2,0,1,gt_30,gt_30,no_change,1,0,0,0,1_to_2,0
1067,1994,36_to_40,0,married,mazda,sedan,20k_to_29k,7y,3_to_4,all_perils,4.0,2,0,1,gt_30,gt_30,no_change,0,0,0,0,gt_5,0
1075,1994,41_to_50,0,married,pontiac,sport,30k_to_39k,7y,1,liability,4.0,2,0,2_to_4,gt_30,gt_30,no_change,1,0,0,0,none,0
1077,1994,51_to_65,1,married,honda,sport,gt_69k,7y,1,liability,4.0,3,0,2_to_4,gt_30,gt_30,no_change,1,0,0,0,gt_5,0
1084,1994,36_to_40,0,married,honda,sedan,20k_to_29k,7y,1,all_perils,4.0,1,0,none,gt_30,gt_30,no_change,1,0,0,0,1_to_2,0
1086,1994,26_to_30,0,single,toyota,sedan,gt_69k,5y,1,collision,4.0,4,0,1,gt_30,gt_30,no_change,0,0,0,0,none,0
1090,1994,36_to_40,0,married,other,sedan,30k_to_39k,7y,1,collision,4.0,4,0,none,gt_30,gt_30,no_change,1,0,0,0,none,0
1091,1994,36_to_40,0,single,pontiac,sport,20k_to_29k,7y,1,liability,4.0,1,0,none,gt_30,gt_30,no_change,1,1,0,0,none,0
1097,1994,41_to_50,0,married,toyota,sport,20k_to_29k,gt_7y,1,liability,4.0,2,0,2_to_4,gt_30,gt_30,no_change,1,0,0,0,none,0
1101,1994,36_to_40,0,married,mazda,sedan,30k_to_39k,6y,1,collision,4.0,1,0,2_to_4,gt_30,gt_30,no_change,0,0,0,0,1_to_2,0
1103,1994,36_to_40,0,single,mazda,sedan,20k_to_29k,6y,1,collision,4.0,3,0,2_to_4,gt_30,gt_30,no_change,1,0,0,1,1_to_2,0
1105,1994,36_to_40,0,married,honda,sedan,20k_to_29k,7y,1,all_perils,4.0,3,0,none,gt_30,gt_30,no_change,0,0,0,0,gt_5,0
1108,1994,31_to_35,1,single,toyota,sedan,lt_20k,5y,3_to_4,collision,4.0,4,0,none,gt_30,gt_30,no_change,1,0,0,0,3_to_5,0
1110,1994,36_to_40,1,single,toyota,sedan,20k_to_29k,gt_7y,1,collision,4.0,1,0,none,gt_30,gt_30,no_change,0,0,0,0,none,0
1111,1994,31_to_35,0,married,chevrolet,sport,gt_69k,7y,1,liability,4.0,4,0,2_to_4,gt_30,gt_30,no_change,1,0,0,0,none,0
1112,1994,51_to_65,0,married,toyota,sedan,20k_to_29k,gt_7y,1,collision,4.0,4,0,2_to_4,gt_30,gt_30,no_change,1,1,0,0,none,0
1113,1994,41_to_50,0,married,chevrolet,sedan,gt_69k,gt_7y,1,all_perils,4.0,3,0,none,gt_30,gt_30,no_change,0,0,0,0,3_to_5,0
1114,1994,36_to_40,0,single,mazda,sedan,20k_to_29k,7y,2,collision,4.0,4,0,none,gt_30,gt_30,4_to_8y,1,0,0,0,gt_5,0
1116,1994,31_to_35,0,married,pontiac,sedan,20k_to_29k,6y,1,collision,4.0,4,0,none,gt_30,gt_30,no_change,1,0,0,0,none,0
1119,1994,36_to_40,0,married,other,sedan,30k_to_39k,gt_7y,1,collision,4.0,4,0,none,gt_30,gt_30,no_change,1,0,0,0,none,0
1122,1994,31_to_35,0,single,pontiac,sport,20k_to_29k,7y,1,liability,4.0,4,0,2_to_4,gt_30,gt_30,no_change,1,0,0,0,gt_5,0
1123,1994,41_to_50,0,married,chevrolet,sedan,40k_to_59k,7y,1,collision,5.0,2,0,gt_4,gt_30,gt_30,2_to_3y,0,0,0,0,gt_5,0
1129,1994,41_to_50,0,married,pontiac,sport,30k_to_39k,gt_7y,1,liability,4.0,1,0,gt_4,gt_30,gt_30,no_change,1,0,0,0,none,0
1135,1994,31_to_35,0,married,pontiac,sedan,20k_to_29k,5y,2,all_perils,4.0,1,0,1,gt_30,gt_30,4_to_8y,1,0,0,0,none,0
1137,1994,31_to_35,0,single,mazda,sport,20k_to_29k,6y,1,liability,4.0,3,0,2_to_4,gt_30,gt_30,no_change,1,0,0,0,none,0
1138,1994,41_to_50,1,married,pontiac,sport,20k_to_29k,7y,1,liability,4.0,3,0,1,gt_30,gt_30,no_change,1,0,0,0,none,0
1141,1994,26_to_30,0,single,chevrolet,sport,20k_to_29k,5y,1,liability,4.0,4,0,2_to_4,gt_30,gt_30,no_change,1,0,0,0,none,0
1142,1994,36_to_40,0,single,honda,sport,30k_to_39k,7y,1,liability,4.0,3,0,1,gt_30,gt_30,no_change,1,0,0,0,none,0
1145,1994,31_to_35,0,married,pontiac,sport,20k_to_29k,7y,1,liability,4.0,2,0,2_to_4,gt_30,gt_30,no_change,1,0,0,0,gt_5,0
1147,1994,36_to_40,0,married,chevrolet,utility,gt_69k,gt_7y,1,all_perils,4.0,4,0,2_to_4,gt_30,gt_30,no_change,1,0,0,0,3_to_5,0
1151,1994,41_to_50,0,married,honda,sedan,30k_to_39k,gt_7y,1,all_perils,4.0,3,0,1,gt_30,gt_30,no_change,1,0,0,0,gt_5,0
1152,1994,36_to_40,0,married,chevrolet,sport,40k_to_59k,7y,1,liability,4.0,3,0,2_to_4,gt_30,gt_30,no_change,1,0,0,0,none,0
1153,1994,26_to_30,1,single,toyota,sedan,20k_to_29k,5y,1,all_perils,4.0,2,0,none,gt_30,gt_30,no_change,1,0,0,0,none,0
1155,1994,26_to_30,0,single,pontiac,sedan,lt_20k,3y,1,all_perils,4.0,2,0,1,gt_30,gt_30,no_change,1,0,0,0,none,0
1159,1994,41_to_50,0,single,chevrolet,sedan,gt_69k,7y,1,all_perils,4.0,3,0,2_to_4,gt_30,gt_30,no_change,1,0,0,0,gt_5,0
1164,1994,36_to_40,0,married,mazda,sport,20k_to_29k,7y,1,liability,4.0,2,0,1,8_to_15,15_to_30,no_change,1,0,0,0,none,0
1166,1994,51_to_65,0,married,toyota,sedan,20k_to_29k,7y,1,all_perils,4.0,1,0,2_to_4,gt_30,gt_30,no_change,0,0,0,0,3_to_5,0
1170,1994,26_to_30,1,single,honda,sport,gt_69k,6y,1,collision,4.0,1,0,none,gt_30,gt_30,no_change,0,0,0,0,none,0
1173,1994,36_to_40,0,married,toyota,sport,20k_to_29k,7y,1,liability,4.0,4,0,2_to_4,gt_30,gt_30,no_change,1,1,0,0,gt_5,0
1176,1994,36_to_40,0,married,toyota,sedan,20k_to_29k,7y,1,collision,4.0,3,0,1,gt_30,gt_30,no_change,1,0,0,0,none,0
1179,1994,18_to_20,1,single,honda,sport,gt_69k,3y,1,collision,4.0,3,0,none,gt_30,gt_30,no_change,0,0,0,0,3_to_5,0
1180,1994,41_to_50,0,married,honda,sport,gt_69k,5y,1,collision,4.0,1,0,none,gt_30,gt_30,no_change,1,0,0,0,none,0
1181,1994,36_to_40,0,single,pontiac,sport,20k_to_29k,7y,1,liability,4.0,2,0,gt_4,gt_30,gt_30,no_change,1,0,0,0,none,0
1185,1994,51_to_65,0,married,chevrolet,sedan,30k_to_39k,gt_7y,1,all_perils,4.0,3,0,none,gt_30,gt_30,no_change,1,1,0,0,3_to_5,0
1190,1994,31_to_35,0,married,other,sedan,30k_to_39k,6y,3_to_4,all_perils,4.0,1,0,none,gt_30,gt_30,no_change,0,1,0,0,none,0
1191,1994,26_to_30,0,single,honda,sedan,lt_20k,5y,1,all_perils,4.0,2,0,1,gt_30,gt_30,no_change,1,0,0,0,1_to_2,0
1193,1994,36_to_40,0,married,toyota,sedan,20k_to_29k,6y,1,all_perils,4.0,1,0,none,gt_30,gt_30,no_change,0,0,0,0,3_to_5,0
1194,1994,36_to_40,1,married,mazda,sport,20k_to_29k,6y,1,liability,4.0,4,0,gt_4,gt_30,gt_30,no_change,1,0,0,0,none,0
1196,1994,36_to_40,1,married,mazda,sport,30k_to_39k,7y,1,liability,4.0,4,0,gt_4,gt_30,gt_30,no_change,1,0,0,0,none,0
1197,1994,over_65,0,married,ford,sedan,40k_to_59k,7y,1,collision,4.0,2,0,1,gt_30,gt_30,no_change,1,0,0,0,gt_5,0
1198,1994,31_to_35,0,single,pontiac,sport,20k_to_29k,7y,2,liability,4.0,4,0,2_to_4,gt_30,gt_30,4_to_8y,1,0,0,0,gt_5,0
1200,1994,31_to_35,0,single,pontiac,sedan,30k_to_39k,6y,1,collision,4.0,3,0,1,gt_30,gt_30,no_change,1,1,0,0,none,1
1208,1994,31_to_35,1,single,pontiac,sedan,lt_20k,6y,1,all_perils,4.0,3,0,none,gt_30,gt_30,no_change,1,0,0,0,none,0
1210,1994,36_to_40,0,married,other,sport,30k_to_39k,7y,1,liability,7.0,2,0,gt_4,gt_30,gt_30,no_change,1,0,0,1,gt_5,0
1214,1994,31_to_35,0,single,toyota,sedan,20k_to_29k,6y,1,collision,4.0,1,0,2_to_4,gt_30,gt_30,no_change,1,0,0,0,1_to_2,0
1220,1994,31_to_35,0,single,pontiac,sedan,20k_to_29k,5y,1,collision,4.0,3,0,1,gt_30,gt_30,no_change,1,0,0,0,gt_5,0
1223,1994,31_to_35,0,married,toyota,sedan,20k_to_29k,6y,1,collision,4.0,1,0,gt_4,gt_30,gt_30,no_change,0,0,0,0,1_to_2,0
1230,1994,51_to_65,0,single,chevrolet,sedan,30k_to_39k,gt_7y,1,all_perils,4.0,4,0,1,gt_30,gt_30,no_change,0,1,0,0,none,0
1232,1994,41_to_50,0,married,mazda,sedan,20k_to_29k,7y,1,all_perils,4.0,3,0,none,gt_30,gt_30,no_change,1,0,0,0,none,1
1233,1994,41_to_50,1,married,honda,sedan,20k_to_29k,5y,1,all_perils,4.0,4,0,none,gt_30,gt_30,no_change,1,0,0,0,none,0
1235,1994,36_to_40,0,married,honda,sedan,20k_to_29k,7y,1,all_perils,4.0,3,0,1,gt_30,gt_30,no_change,0,0,0,0,none,0
1236,1994,31_to_35,0,single,pontiac,sport,20k_to_29k,6y,1,liability,4.0,1,0,2_to_4,gt_30,gt_30,no_change,1,0,0,0,1_to_2,0
1239,1994,51_to_65,0,married,pontiac,sedan,30k_to_39k,gt_7y,1,collision,4.0,2,0,none,gt_30,gt_30,no_change,1,1,0,0,3_to_5,0
1243,1994,51_to_65,0,married,other,sedan,30k_to_39k,gt_7y,1,all_perils,4.0,3,0,2_to_4,gt_30,gt_30,no_change,0,0,0,0,3_to_5,0
1244,1994,16_to_17,0,single,honda,sport,gt_69k,new,1,all_perils,4.0,2,0,1,gt_30,gt_30,no_change,1,0,0,0,none,0
1247,1994,36_to_40,0,married,toyota,sedan,20k_to_29k,7y,1,all_perils,4.0,3,0,none,gt_30,gt_30,no_change,0,0,0,0,none,0
1251,1994,36_to_40,0,married,toyota,sedan,lt_20k,7y,1,all_perils,4.0,4,0,none,gt_30,gt_30,no_change,1,0,0,0,3_to_5,0
1253,1994,31_to_35,0,single,honda,sport,20k_to_29k,6y,1,liability,4.0,4,0,gt_4,gt_30,gt_30,no_change,1,0,0,0,none,0
1264,1994,36_to_40,0,married,toyota,sedan,30k_to_39k,7y,1,collision,4.0,4,0,2_to_4,gt_30,gt_30,no_change,1,0,0,0,none,0
1269,1994,36_to_40,0,married,pontiac,utility,gt_69k,7y,1,all_perils,4.0,4,0,none,gt_30,gt_30,no_change,0,0,0,0,1_to_2,0
1276,1994,36_to_40,0,single,other,sedan,gt_69k,gt_7y,1,collision,5.0,4,1,2_to_4,gt_30,gt_30,2_to_3y,1,0,0,0,gt_5,0
1277,1994,31_to_35,0,single,toyota,sedan,20k_to_29k,6y,1,collision,4.0,2,0,2_to_4,gt_30,gt_30,no_change,0,0,0,0,1_to_2,0
1280,1994,36_to_40,1,married,pontiac,sport,20k_to_29k,gt_7y,1,liability,4.0,4,0,gt_4,gt_30,gt_30,no_change,1,0,0,0,none,0
1281,1994,36_to_40,0,single,mazda,sport,30k_to_39k,7y,1,liability,4.0,3,0,2_to_4,gt_30,gt_30,no_change,1,0,0,0,none,0
1282,1994,26_to_30,0,single,mazda,sport,30k_to_39k,6y,1,liability,4.0,4,1,2_to_4,gt_30,gt_30,no_change,1,0,0,0,none,0
1283,1994,41_to_50,0,married,other,sport,40k_to_59k,gt_7y,1,liability,4.0,3,0,1,gt_30,gt_30,no_change,1,0,0,0,3_to_5,0
1284,1994,31_to_35,0,married,pontiac,sedan,20k_to_29k,6y,1,collision,4.0,2,0,2_to_4,gt_30,gt_30,no_change,1,0,0,0,1_to_2,0
1285,1994,36_to_40,0,married,acura,utility,gt_69k,7y,1,all_perils,4.0,4,0,1,gt_30,gt_30,no_change,0,0,0,0,none,0
1286,1994,36_to_40,1,single,ford,sport,30k_to_39k,6y,1,liability,4.0,1,0,2_to_4,gt_30,gt_30,no_change,1,0,0,1,none,0
1289,1994,31_to_35,0,single,mazda,sedan,20k_to_29k,6y,1,all_perils,4.0,3,0,none,gt_30,gt_30,no_change,1,1,0,0,none,0
1290,1994,36_to_40,0,married,chevrolet,sport,40k_to_59k,7y,1,liability,4.0,4,0,2_to_4,gt_30,gt_30,no_change,1,0,0,0,3_to_5,0
1292,1994,31_to_35,0,married,toyota,sport,20k_to_29k,7y,1,liability,4.0,3,0,2_to_4,gt_30,gt_30,no_change,0,0,0,0,gt_5,0
1296,1994,31_to_35,1,single,pontiac,sedan,20k_to_29k,5y,1,collision,4.0,1,0,2_to_4,gt_30,gt_30,no_change,1,0,0,0,gt_5,0
1298,1994,36_to_40,0,married,acura,sedan,gt_69k,6y,1,collision,4.0,4,0,1,gt_30,gt_30,no_change,1,0,0,0,gt_5,0
1299,1994,36_to_40,0,married,honda,sport,30k_to_39k,7y,1,liability,4.0,2,0,gt_4,gt_30,gt_30,no_change,1,0,0,0,none,0
1303,1994,36_to_40,0,married,mazda,sport,30k_to_39k,gt_7y,2,liability,7.0,3,0,1,gt_30,gt_30,4_to_8y,1,0,0,0,none,0
1304,1994,36_to_40,0,married,mazda,sport,20k_to_29k,7y,1,liability,4.0,2,0,2_to_4,gt_30,gt_30,no_change,1,0,0,0,3_to_5,0
1309,1994,36_to_40,1,married,mazda,sport,20k_to_29k,7y,1,liability,4.0,3,0,none,none,gt_30,no_change,0,0,0,0,none,0
1312,1994,41_to_50,1,single,ford,sport,30k_to_39k,gt_7y,1,liability,4.0,3,0,2_to_4,gt_30,gt_30,no_change,1,0,0,0,gt_5,0
1321,1994,36_to_40,0,married,pontiac,sedan,20k_to_29k,7y,1,all_perils,4.0,1,0,none,gt_30,gt_30,no_change,0,0,0,0,none,0
1324,1994,51_to_65,0,married,pontiac,sedan,20k_to_29k,gt_7y,2,all_perils,4.0,2,0,2_to_4,gt_30,gt_30,4_to_8y,1,0,0,0,none,0
1325,1994,36_to_40,1,married,honda,sport,20k_to_29k,7y,1,liability,4.0,2,0,gt_4,gt_30,gt_30,no_change,1,0,0,0,1_to_2,0
1329,1994,36_to_40,0,married,honda,sport,gt_69k,6y,1,collision,4.0,1,0,none,gt_30,gt_30,no_change,0,0,0,0,gt_5,0
1330,1994,31_to_35,0,married,pontiac,sport,20k_to_29k,6y,1,liability,4.0,1,0,2_to_4,gt_30,gt_30,no_change,1,0,0,0,1_to_2,0
1335,1994,31_to_35,0,married,pontiac,sedan,20k_to_29k,6y,1,collision,4.0,1,0,2_to_4,gt_30,gt_30,no_change,0,0,0,0,gt_5,0
1344,1994,31_to_35,0,single,pontiac,sedan,20k_to_29k,7y,1,all_perils,4.0,1,0,2_to_4,gt_30,gt_30,no_change,0,0,0,0,3_to_5,0
1346,1994,41_to_50,0,married,honda,sport,gt_69k,7y,1,collision,4.0,2,0,1,gt_30,gt_30,no_change,0,0,0,0,gt_5,0
1350,1994,41_to_50,0,married,other,sedan,20k_to_29k,gt_7y,1,collision,4.0,1,0,gt_4,gt_30,gt_30,no_change,1,0,0,0,1_to_2,0
1355,1994,36_to_40,1,single,toyota,sedan,20k_to_29k,7y,1,collision,4.0,1,0,none,gt_30,gt_30,no_change,1,0,0,0,gt_5,0
1359,1994,31_to_35,0,single,toyota,sedan,20k_to_29k,6y,1,collision,4.0,3,0,1,gt_30,gt_30,no_change,0,0,0,0,none,0
1366,1994,31_to_35,0,married,honda,sedan,20k_to_29k,7y,2,collision,4.0,1,0,2_to_4,gt_30,gt_30,1y,1,0,0,0,gt_5,0
1370,1994,51_to_65,0,married,pontiac,sport,30k_to_39k,7y,1,liability,4.0,3,0,gt_4,gt_30,gt_30,no_change,1,0,0,0,none,0
1376,1994,41_to_50,0,single,toyota,sedan,30k_to_39k,7y,1,collision,4.0,2,0,2_to_4,gt_30,gt_30,no_change,0,0,0,0,gt_5,0
1385,1994,31_to_35,0,married,honda,sport,gt_69k,7y,1,collision,4.0,4,0,none,gt_30,gt_30,no_change,1,0,0,0,none,0
1386,1994,31_to_35,0,single,honda,sedan,20k_to_29k,4y,1,collision,4.0,4,0,none,gt_30,gt_30,no_change,1,0,0,0,none,0
1390,1994,41_to_50,0,married,mazda,sedan,20k_to_29k,gt_7y,1,collision,4.0,4,0,none,gt_30,gt_30,no_change,1,0,0,0,none,0
1392,1994,36_to_40,0,married,ford,sport,30k_to_39k,gt_7y,1,liability,4.0,3,0,gt_4,gt_30,gt_30,no_change,1,0,0,0,gt_5,0
1393,1994,26_to_30,0,single,pontiac,sedan,20k_to_29k,5y,1,all_perils,4.0,3,0,1,gt_30,gt_30,no_change,1,0,0,0,none,0
1396,1994,51_to_65,0,married,honda,sedan,20k_to_29k,gt_7y,1,collision,7.0,1,0,1,gt_30,gt_30,no_change,1,0,0,0,1_to_2,0
1399,1994,31_to_35,0,married,toyota,sedan,20k_to_29k,6y,1,all_perils,4.0,4,0,gt_4,gt_30,gt_30,no_change,0,0,0,0,gt_5,0
1403,1994,41_to_50,0,single,pontiac,utility,gt_69k,7y,1,all_perils,4.0,3,0,gt_4,gt_30,gt_30,no_change,0,0,0,0,1_to_2,0
1405,1994,41_to_50,1,single,pontiac,sport,20k_to_29k,7y,1,liability,4.0,1,0,none,gt_30,gt_30,no_change,1,0,0,0,3_to_5,0
1407,1994,51_to_65,0,married,honda,sedan,20k_to_29k,7y,1,all_perils,4.0,4,0,1,gt_30,gt_30,no_change,0,0,0,0,gt_5,0
1412,1994,31_to_35,1,single,honda,sedan,20k_to_29k,6y,1,all_perils,4.0,1,0,none,gt_30,gt_30,no_change,1,0,0,0,none,0
1415,1994,36_to_40,0,married,mazda,utility,gt_69k,6y,1,all_perils,4.0,2,0,2_to_4,gt_30,gt_30,no_change,1,0,0,0,none,0
1419,1994,31_to_35,1,single,pontiac,sport,20k_to_29k,5y,1,liability,4.0,3,0,1,gt_30,gt_30,no_change,1,0,0,0,none,1
1421,1994,36_to_40,0,married,chevrolet,sport,40k_to_59k,7y,1,liability,4.0,2,0,gt_4,gt_30,gt_30,no_change,1,0,0,0,1_to_2,0
1422,1994,31_to_35,0,single,chevrolet,sedan,gt_69k,6y,1,all_perils,4.0,4,0,1,gt_30,gt_30,no_change,0,0,0,0,1_to_2,0
1429,1994,31_to_35,0,single,toyota,sedan,20k_to_29k,6y,2,all_perils,5.0,2,0,none,gt_30,gt_30,2_to_3y,1,0,0,0,none,1
1430,1994,41_to_50,0,married,ford,sedan,40k_to_59k,gt_7y,1,all_perils,4.0,1,0,none,gt_30,gt_30,no_change,0,1,1,0,gt_5,0
1431,1994,31_to_35,0,married,honda,sport,30k_to_39k,6y,1,liability,4.0,1,0,2_to_4,gt_30,gt_30,no_change,1,0,0,0,none,0
1435,1994,36_to_40,0,married,chevrolet,sedan,20k_to_29k,gt_7y,1,all_perils,4.0,3,0,2_to_4,gt_30,gt_30,no_change,0,0,0,0,none,0
1437,1994,41_to_50,0,married,chevrolet,sedan,gt_69k,gt_7y,1,all_perils,4.0,4,0,2_to_4,gt_30,gt_30,no_change,1,1,0,0,gt_5,1
1443,1994,31_to_35,0,single,mazda,sport,30k_to_39k,7y,1,liability,4.0,3,0,2_to_4,gt_30,gt_30,no_change,1,0,0,0,3_to_5,0
1445,1994,41_to_50,1,married,chevrolet,sedan,20k_to_29k,6y,1,collision,4.0,2,0,1,gt_30,gt_30,no_change,1,1,0,0,none,0
1448,1994,51_to_65,0,married,other,utility,40k_to_59k,gt_7y,1,all_perils,4.0,2,0,gt_4,gt_30,gt_30,no_change,1,0,0,0,1_to_2,0
1449,1994,31_to_35,0,single,chevrolet,sedan,20k_to_29k,6y,1,collision,4.0,2,0,2_to_4,gt_30,gt_30,no_change,0,0,0,0,gt_5,0
1451,1994,26_to_30,0,single,honda,sedan,20k_to_29k,5y,1,collision,4.0,4,0,2_to_4,gt_30,gt_30,no_change,1,0,0,0,3_to_5,0
1458,1994,41_to_50,0,married,toyota,sedan,20k_to_29k,7y,1,all_perils,7.0,4,0,2_to_4,gt_30,gt_30,no_change,1,0,0,0,1_to_2,0
1459,1994,36_to_40,1,married,honda,sedan,20k_to_29k,7y,1,collision,4.0,3,0,none,gt_30,gt_30,no_change,1,0,0,0,1_to_2,0
1460,1994,31_to_35,0,married,mazda,sport,20k_to_29k,7y,1,liability,4.0,4,0,2_to_4,gt_30,gt_30,no_change,1,0,0,0,none,0
1465,1994,51_to_65,0,married,chevrolet,utility,gt_69k,gt_7y,1,all_perils,4.0,2,0,1,gt_30,gt_30,no_change,1,0,0,0,3_to_5,0
1467,1994,36_to_40,0,married,toyota,sedan,20k_to_29k,7y,1,all_perils,4.0,1,0,1,gt_30,gt_30,no_change,1,0,0,0,3_to_5,0
1471,1994,36_to_40,0,married,pontiac,sedan,20k_to_29k,7y,2,collision,4.0,1,0,1,gt_30,gt_30,4_to_8y,1,0,0,0,1_to_2,0
1477,1994,36_to_40,0,married,toyota,sport,20k_to_29k,7y,3_to_4,liability,4.0,2,0,1,gt_30,gt_30,no_change,1,0,0,0,gt_5,0
1478,1994,41_to_50,0,married,chevrolet,sedan,30k_to_39k,gt_7y,1,collision,4.0,4,1,2_to_4,gt_30,gt_30,no_change,1,0,0,0,gt_5,0
1484,1994,36_to_40,0,married,honda,sedan,gt_69k,7y,1,all_perils,4.0,1,0,2_to_4,gt_30,gt_30,no_change,1,0,0,0,none,1
1488,1994,51_to_65,0,married,toyota,sport,30k_to_39k,gt_7y,1,liability,4.0,2,0,1,gt_30,gt_30,no_change,1,0,0,0,none,0
1490,1994,31_to_35,0,married,mazda,utility,gt_69k,6y,1,all_perils,4.0,4,0,2_to_4,gt_30,gt_30,no_change,1,0,0,0,gt_5,0
1493,1994,41_to_50,0,married,toyota,sedan,lt_20k,5y,1,all_perils,4.0,4,0,1,gt_30,gt_30,no_change,0,0,0,0,none,0
1495,1994,36_to_40,0,married,honda,sport,20k_to_29k,7y,1,liability,4.0,3,0,2_to_4,gt_30,gt_30,no_change,1,0,0,0,none,0
1498,1994,41_to_50,0,married,chevrolet,sport,gt_69k,gt_7y,1,liability,4.0,2,0,gt_4,gt_30,gt_30,no_change,1,0,0,0,none,0
1499,1994,41_to_50,0,married,pontiac,sedan,20k_to_29k,gt_7y,1,all_perils,4.0,2,0,2_to_4,gt_30,gt_30,no_change,1,0,0,0,1_to_2,0
1507,1994,36_to_40,0,married,mazda,sedan,20k_to_29k,7y,1,collision,4.0,1,0,gt_4,gt_30,gt_30,no_change,1,0,0,0,3_to_5,0
1509,1994,36_to_40,0,married,pontiac,sport,20k_to_29k,7y,1,liability,4.0,4,0,2_to_4,gt_30,gt_30,no_change,0,0,0,0,gt_5,0
1515,1994,36_to_40,0,married,pontiac,sport,30k_to_39k,7y,1,liability,4.0,4,0,2_to_4,gt_30,gt_30,no_change,1,0,0,0,none,0
1518,1994,31_to_35,1,single,mazda,sedan,20k_to_29k,6y,3_to_4,collision,4.0,3,0,2_to_4,gt_30,gt_30,no_change,1,0,0,0,none,0
1519,1994,36_to_40,1,married,chevrolet,sedan,20k_to_29k,7y,1,collision,4.0,3,0,2_to_4,gt_30,gt_30,no_change,1,0,0,0,1_to_2,0
1525,1994,26_to_30,0,single,mazda,sport,20k_to_29k,5y,1,liability,4.0,1,0,2_to_4,gt_30,gt_30,no_change,1,0,0,0,gt_5,0
1527,1994,51_to_65,0,married,mazda,sport,30k_to_39k,gt_7y,1,liability,4.0,4,0,gt_4,gt_30,gt_30,no_change,1,0,0,1,gt_5,0
1530,1994,31_to_35,0,married,ford,sedan,40k_to_59k,6y,1,all_perils,4.0,3,0,gt_4,gt_30,gt_30,no_change,1,0,0,0,3_to_5,0
1531,1994,16_to_17,0,single,honda,sport,gt_69k,new,1,liability,4.0,2,0,2_to_4,gt_30,gt_30,2_to_3y,1,0,0,0,none,0
1534,1994,41_to_50,0,married,toyota,sport,30k_to_39k,gt_7y,2,liability,4.0,1,0,gt_4,gt_30,gt_30,4_to_8y,1,0,0,0,3_to_5,0
1536,1994,51_to_65,0,married,acura,utility,gt_69k,gt_7y,1,all_perils,4.0,3,0,gt_4,gt_30,gt_30,no_change,0,0,1,0,none,0
1537,1994,31_to_35,1,single,toyota,sport,20k_to_29k,6y,1,liability,4.0,2,0,2_to_4,gt_30,gt_30,no_change,1,0,0,0,none,0
1543,1994,36_to_40,0,single,mazda,sport,20k_to_29k,7y,1,liability,4.0,1,0,gt_4,gt_30,gt_30,no_change,1,0,0,0,none,0
1544,1994,31_to_35,0,married,toyota,sedan,gt_69k,7y,1,collision,4.0,1,0,1,gt_30,gt_30,no_change,1,0,0,0,none,0
1545,1994,over_65,0,married,mazda,sport,20k_to_29k,gt_7y,1,liability,4.0,2,0,none,gt_30,gt_30,no_change,1,0,0,0,none,0
1546,1994,36_to_40,1,married,other,sport,20k_to_29k,7y,1,liability,4.0,2,0,1,gt_30,gt_30,no_change,1,0,0,0,gt_5,0
1548,1994,26_to_30,0,single,honda,sedan,20k_to_29k,5y,1,collision,4.0,2,0,1,gt_30,gt_30,1y,0,0,0,0,gt_5,0
1558,1994,36_to_40,0,married,acura,sport,30k_to_39k,7y,1,liability,4.0,4,0,gt_4,gt_30,gt_30,no_change,1,0,0,0,gt_5,0
1560,1994,over_65,0,married,mazda,sedan,20k_to_29k,gt_7y,1,all_perils,4.0,2,0,1,gt_30,gt_30,no_change,0,0,0,0,none,0
1562,1994,36_to_40,1,married,toyota,sedan,20k_to_29k,7y,1,all_perils,4.0,3,0,none,gt_30,gt_30,no_change,0,0,0,0,none,0
1569,1994,41_to_50,0,married,mazda,sport,20k_to_29k,6y,1,liability,4.0,4,0,2_to_4,gt_30,gt_30,no_change,1,1,1,1,gt_5,0
1579,1994,51_to_65,0,married,toyota,sedan,20k_to_29k,6y,1,collision,4.0,2,0,none,gt_30,gt_30,no_change,0,0,0,0,none,0
1583,1994,36_to_40,0,married,chevrolet,sedan,20k_to_29k,5y,1,collision,4.0,1,0,none,gt_30,gt_30,no_change,1,0,0,0,1_to_2,0
1584,1994,36_to_40,0,married,acura,sport,30k_to_39k,7y,1,liability,4.0,2,0,2_to_4,gt_30,gt_30,no_change,0,0,0,0,3_to_5,0
1585,1994,31_to_35,0,single,mazda,sedan,gt_69k,4y,1,all_perils,4.0,4,0,1,gt_30,gt_30,no_change,0,0,0,0,none,0
1588,1994,26_to_30,0,single,pontiac,sedan,30k_to_39k,5y,1,collision,4.0,3,0,1,gt_30,gt_30,no_change,1,0,1,1,1_to_2,1
1590,1994,41_to_50,0,married,chevrolet,sedan,30k_to_39k,gt_7y,1,collision,4.0,2,0,1,gt_30,gt_30,no_change,1,0,0,0,none,0
1593,1994,41_to_50,1,single,toyota,sport,20k_to_29k,7y,1,liability,4.0,2,0,gt_4,gt_30,gt_30,no_change,1,0,0,0,gt_5,0
1594,1994,41_to_50,0,married,chevrolet,sedan,gt_69k,7y,1,all_perils,4.0,3,0,1,gt_30,gt_30,no_change,0,0,0,0,none,0
1597,1994,31_to_35,1,single,toyota,sport,20k_to_29k,6y,2,liability,4.0,2,0,2_to_4,gt_30,gt_30,4_to_8y,1,0,0,0,none,0
1604,1994,36_to_40,1,married,honda,sedan,lt_20k,7y,1,all_perils,4.0,3,0,none,gt_30,gt_30,no_change,1,0,0,0,3_to_5,0
1607,1994,31_to_35,0,single,pontiac,sedan,20k_to_29k,6y,1,all_perils,4.0,4,0,none,gt_30,gt_30,no_change,0,0,0,0,gt_5,0
1610,1994,31_to_35,1,married,mazda,sport,20k_to_29k,6y,1,liability,4.0,3,0,2_to_4,gt_30,gt_30,no_change,1,0,0,0,3_to_5,0
1611,1994,41_to_50,0,married,mazda,sedan,30k_to_39k,gt_7y,1,all_perils,4.0,4,0,2_to_4,gt_30,gt_30,no_change,1,0,0,0,none,0
1617,1994,41_to_50,0,married,other,sedan,30k_to_39k,gt_7y,1,collision,4.0,3,0,none,gt_30,gt_30,no_change,0,0,0,0,none,0
1619,1994,41_to_50,0,married,honda,sedan,20k_to_29k,gt_7y,1,collision,4.0,3,0,2_to_4,gt_30,gt_30,no_change,0,0,0,0,3_to_5,0
1623,1994,41_to_50,0,married,chevrolet,utility,gt_69k,7y,1,collision,4.0,1,0,gt_4,gt_30,gt_30,no_change,1,0,0,0,none,0
1626,1994,31_to_35,0,single,honda,sport,gt_69k,6y,1,collision,4.0,3,0,none,gt_30,gt_30,no_change,0,0,0,0,none,0
1629,1994,31_to_35,1,single,toyota,sport,20k_to_29k,6y,1,liability,4.0,4,0,none,gt_30,gt_30,no_change,1,0,0,0,gt_5,0
1637,1994,36_to_40,0,single,honda,sedan,20k_to_29k,7y,1,all_perils,4.0,2,0,1,gt_30,gt_30,no_change,1,0,0,0,none,0
1638,1994,41_to_50,0,married,honda,sedan,lt_20k,7y,1,all_perils,4.0,4,0,none,gt_30,gt_30,no_change,0,0,0,0,none,0
1643,1994,41_to_50,0,married,honda,sport,30k_to_39k,gt_7y,1,liability,4.0,2,0,gt_4,gt_30,gt_30,no_change,1,0,0,0,gt_5,0
1646,1994,31_to_35,1,single,chevrolet,sport,20k_to_29k,5y,1,liability,4.0,4,0,gt_4,gt_30,gt_30,no_change,1,0,0,0,gt_5,0
1647,1994,31_to_35,1,single,mazda,sport,20k_to_29k,5y,1,liability,4.0,4,0,2_to_4,gt_30,gt_30,no_change,1,0,0,0,3_to_5,0
1649,1994,31_to_35,0,single,pontiac,sedan,20k_to_29k,6y,1,collision,4.0,4,0,1,gt_30,gt_30,no_change,1,0,0,1,1_to_2,0
1650,1994,31_to_35,0,married,mazda,sedan,gt_69k,7y,1,collision,4.0,4,0,2_to_4,gt_30,gt_30,no_change,1,0,0,0,3_to_5,0
1652,1994,36_to_40,1,married,mazda,sedan,20k_to_29k,7y,1,all_perils,4.0,4,0,1,gt_30,gt_30,no_change,0,0,0,0,3_to_5,0
1658,1994,41_to_50,0,married,pontiac,sedan,lt_20k,gt_7y,1,all_perils,4.0,4,0,none,gt_30,gt_30,no_change,0,0,0,0,none,0
1663,1994,31_to_35,0,single,chevrolet,sedan,20k_to_29k,6y,1,all_perils,4.0,3,0,none,gt_30,gt_30,no_change,1,0,0,0,3_to_5,0
1667,1994,31_to_35,0,married,honda,sedan,30k_to_39k,6y,1,collision,4.0,4,0,2_to_4,gt_30,gt_30,no_change,1,0,0,0,1_to_2,0
1668,1994,36_to_40,0,single,pontiac,sedan,lt_20k,7y,1,collision,4.0,1,0,1,gt_30,gt_30,no_change,0,0,0,0,none,0
1669,1994,16_to_17,0,single,honda,sedan,gt_69k,new,1,collision,4.0,3,0,none,gt_30,gt_30,no_change,1,0,0,0,none,0
1674,1994,31_to_35,0,married,other,sedan,30k_to_39k,6y,1,collision,4.0,4,0,none,gt_30,gt_30,no_change,1,0,0,0,none,0
1676,1994,16_to_17,0,single,honda,sedan,gt_69k,new,1,all_perils,4.0,4,0,none,gt_30,gt_30,no_change,1,0,0,0,none,1
1678,1994,36_to_40,0,married,pontiac,sport,30k_to_39k,6y,1,liability,4.0,4,0,2_to_4,gt_30,gt_30,no_change,1,0,0,0,1_to_2,0
1681,1994,36_to_40,1,single,toyota,sedan,lt_20k,7y,2,all_perils,4.0,3,0,none,gt_30,gt_30,4_to_8y,1,0,0,0,none,0
1682,1994,51_to_65,0,married,pontiac,sport,30k_to_39k,gt_7y,3_to_4,liability,4.0,1,0,1,gt_30,gt_30,no_change,1,1,0,0,none,0
1683,1994,36_to_40,0,married,acura,sedan,30k_to_39k,7y,1,all_perils,4.0,2,0,2_to_4,gt_30,gt_30,no_change,1,0,0,0,none,1
1685,1994,31_to_35,0,single,chevrolet,sedan,gt_69k,5y,1,all_perils,4.0,2,0,1,gt_30,gt_30,no_change,1,1,0,0,none,1
1686,1994,31_to_35,0,single,pontiac,sport,20k_to_29k,6y,1,liability,4.0,1,0,gt_4,gt_30,gt_30,no_change,1,0,0,0,gt_5,0
1687,1994,31_to_35,0,single,ford,sedan,40k_to_59k,3y,1,collision,4.0,2,0,2_to_4,gt_30,gt_30,no_change,1,0,0,0,3_to_5,1
1691,1994,31_to_35,0,married,other,sedan,30k_to_39k,6y,1,collision,4.0,2,0,1,gt_30,gt_30,no_change,1,0,0,0,none,0
1697,1994,31_to_35,0,married,ford,sport,60k_to_69k,7y,1,liability,4.0,3,0,gt_4,gt_30,gt_30,no_change,1,0,0,0,gt_5,0
1699,1994,41_to_50,0,married,toyota,sedan,20k_to_29k,gt_7y,1,collision,4.0,3,0,2_to_4,gt_30,gt_30,no_change,1,0,0,0,gt_5,0
1701,1994,41_to_50,0,married,pontiac,sedan,30k_to_39k,gt_7y,1,collision,4.0,2,0,1,gt_30,gt_30,no_change,1,0,0,0,gt_5,0
1707,1994,41_to_50,0,married,acura,sedan,30k_to_39k,gt_7y,1,collision,4.0,4,0,none,gt_30,gt_30,no_change,1,0,0,0,gt_5,0
1718,1994,41_to_50,0,married,chevrolet,sedan,30k_to_39k,gt_7y,1,collision,4.0,1,1,1,gt_30,gt_30,no_change,1,0,0,0,1_to_2,0
1720,1994,31_to_35,1,single,chevrolet,sedan,20k_to_29k,5y,1,collision,4.0,3,0,2_to_4,gt_30,gt_30,no_change,0,1,0,0,1_to_2,0
1723,1994,31_to_35,1,single,toyota,sedan,20k_to_29k,6y,3_to_4,collision,4.0,2,0,2_to_4,gt_30,gt_30,4_to_8y,1,0,0,0,none,0
1724,1994,41_to_50,0,married,honda,sport,30k_to_39k,7y,1,liability,4.0,3,0,2_to_4,gt_30,gt_30,no_change,1,0,0,0,none,0
1728,1994,41_to_50,0,single,other,sport,40k_to_59k,7y,1,liability,4.0,3,0,1,gt_30,gt_30,no_change,0,0,0,0,gt_5,0
1729,1994,41_to_50,0,married,pontiac,sedan,30k_to_39k,gt_7y,1,collision,4.0,2,0,2_to_4,gt_30,gt_30,no_change,0,0,0,0,gt_5,0
1731,1994,31_to_35,1,married,pontiac,sedan,20k_to_29k,7y,1,collision,4.0,3,0,1,gt_30,gt_30,no_change,1,0,0,0,3_to_5,0
1732,1994,36_to_40,1,married,honda,sport,gt_69k,7y,1,collision,4.0,4,0,none,gt_30,gt_30,no_change,1,0,0,0,none,0
1734,1994,36_to_40,0,married,acura,sport,gt_69k,gt_7y,1,liability,4.0,2,0,1,gt_30,gt_30,no_change,1,0,0,0,3_to_5,0
1735,1994,41_to_50,0,married,toyota,sport,20k_to_29k,gt_7y,1,liability,5.0,2,0,gt_4,gt_30,gt_30,2_to_3y,1,0,0,0,gt_5,0
1739,1994,31_to_35,0,single,honda,sport,20k_to_29k,5y,1,liability,4.0,2,0,none,gt_30,gt_30,no_change,1,0,0,0,none,0
1741,1994,31_to_35,0,married,toyota,sport,30k_to_39k,7y,1,liability,4.0,1,0,gt_4,gt_30,gt_30,no_change,1,0,0,0,none,0
1742,1994,31_to_35,1,single,mazda,sedan,30k_to_39k,6y,1,collision,4.0,4,0,2_to_4,gt_30,gt_30,no_change,1,0,0,0,none,0
1749,1994,36_to_40,0,single,toyota,sport,30k_to_39k,7y,1,liability,4.0,2,0,gt_4,gt_30,gt_30,no_change,1,0,0,0,none,0
1754,1994,41_to_50,0,married,chevrolet,sedan,gt_69k,gt_7y,1,all_perils,4.0,1,0,2_to_4,gt_30,gt_30,no_change,0,0,0,0,3_to_5,0
1756,1994,36_to_40,0,married,ford,sedan,gt_69k,gt_7y,1,collision,4.0,2,0,none,gt_30,gt_30,no_change,1,0,0,0,none,0
1761,1994,41_to_50,0,single,pontiac,sedan,20k_to_29k,gt_7y,1,collision,4.0,4,0,none,gt_30,gt_30,no_change,1,0,0,0,gt_5,0
1764,1994,36_to_40,0,married,toyota,sport,20k_to_29k,7y,3_to_4,liability,4.0,4,0,2_to_4,gt_30,gt_30,no_change,1,0,0,0,1_to_2,0
1769,1994,36_to_40,1,single,other,sedan,gt_69k,6y,1,all_perils,4.0,2,0,2_to_4,gt_30,gt_30,no_change,1,0,0,0,none,0
1770,1994,31_to_35,1,single,pontiac,sedan,30k_to_39k,7y,1,all_perils,4.0,3,0,2_to_4,gt_30,gt_30,no_change,1,1,0,0,none,0
1771,1994,31_to_35,0,single,pontiac,sport,20k_to_29k,7y,1,liability,4.0,1,0,2_to_4,gt_30,gt_30,no_change,1,0,0,0,none,0
1774,1994,31_to_35,0,married,acura,sport,20k_to_29k,7y,1,liability,4.0,3,1,none,gt_30,gt_30,no_change,1,0,0,0,3_to_5,0
1776,1994,31_to_35,0,single,other,sedan,30k_to_39k,7y,1,collision,4.0,3,0,none,gt_30,gt_30,no_change,1,0,0,0,gt_5,0
1779,1994,31_to_35,0,single,other,sedan,20k_to_29k,6y,1,collision,4.0,4,0,2_to_4,gt_30,gt_30,no_change,0,1,0,0,gt_5,0
1782,1994,31_to_35,0,single,toyota,sedan,20k_to_29k,6y,1,collision,4.0,4,0,1,gt_30,gt_30,no_change,1,0,0,0,none,0
1783,1994,41_to_50,0,married,toyota,sport,20k_to_29k,gt_7y,1,liability,4.0,4,0,gt_4,gt_30,gt_30,no_change,1,0,0,0,3_to_5,0
1784,1994,41_to_50,0,married,mazda,sport,40k_to_59k,gt_7y,1,liability,4.0,3,0,2_to_4,gt_30,gt_30,no_change,1,0,0,0,gt_5,0
1786,1994,51_to_65,0,married,pontiac,sedan,lt_20k,7y,2,all_perils,5.0,4,0,2_to_4,gt_30,gt_30,2_to_3y,1,0,0,0,1_to_2,0
1787,1994,31_to_35,0,single,chevrolet,sedan,20k_to_29k,5y,1,collision,4.0,3,0,none,gt_30,gt_30,no_change,1,0,0,0,gt_5,0
1788,1994,36_to_40,0,married,pontiac,sedan,20k_to_29k,7y,1,collision,4.0,2,0,2_to_4,gt_30,gt_30,no_change,0,1,0,0,gt_5,0
1792,1994,16_to_17,0,single,honda,sedan,gt_69k,new,1,all_perils,4.0,2,0,2_to_4,gt_30,gt_30,no_change,1,0,0,0,none,0
1794,1994,41_to_50,0,married,pontiac,sport,20k_to_29k,6y,1,liability,4.0,2,0,2_to_4,gt_30,gt_30,no_change,1,0,0,0,none,0
1796,1994,31_to_35,0,single,pontiac,sedan,20k_to_29k,7y,1,collision,4.0,2,0,2_to_4,gt_30,gt_30,no_change,0,1,0,0,1_to_2,0
1802,1994,31_to_35,0,single,pontiac,sedan,30k_to_39k,6y,1,all_perils,4.0,2,0,1,gt_30,gt_30,no_change,0,0,0,0,3_to_5,0
1803,1994,36_to_40,1,single,chevrolet,sedan,20k_to_29k,7y,1,collision,4.0,1,0,gt_4,gt_30,gt_30,no_change,1,1,0,0,none,0
1804,1994,31_to_35,0,single,pontiac,sedan,20k_to_29k,7y,1,all_perils,4.0,1,0,2_to_4,gt_30,gt_30,no_change,1,0,0,0,none,0
1807,1994,51_to_65,0,married,pontiac,sedan,20k_to_29k,6y,2,collision,4.0,3,0,none,gt_30,gt_30,4_to_8y,1,0,0,0,gt_5,0
1809,1994,31_to_35,1,single,honda,sedan,lt_20k,6y,1,all_perils,4.0,2,0,none,gt_30,gt_30,no_change,1,0,0,0,1_to_2,0
1811,1994,31_to_35,0,married,toyota,sport,gt_69k,6y,1,liability,4.0,4,0,gt_4,gt_30,gt_30,no_change,1,0,0,0,none,0
1814,1994,31_to_35,0,married,chevrolet,sport,30k_to_39k,6y,1,liability,4.0,1,0,gt_4,gt_30,gt_30,no_change,1,0,0,0,none,0
1815,1994,31_to_35,0,married,chevrolet,sedan,gt_69k,7y,1,all_perils,4.0,1,0,gt_4,gt_30,gt_30,no_change,0,0,0,0,gt_5,0
1819,1994,36_to_40,0,married,other,sedan,30k_to_39k,gt_7y,1,collision,4.0,1,0,1,gt_30,gt_30,no_change,0,0,0,0,gt_5,0
1823,1994,31_to_35,0,married,mazda,sedan,20k_to_29k,7y,1,collision,4.0,3,0,gt_4,gt_30,gt_30,no_change,0,0,0,0,1_to_2,0
1830,1994,41_to_50,0,single,chevrolet,sedan,30k_to_39k,gt_7y,1,collision,7.0,2,0,none,gt_30,gt_30,no_change,0,0,0,1,gt_5,0
1832,1994,31_to_35,0,married,mazda,sport,20k_to_29k,7y,1,liability,4.0,2,0,gt_4,gt_30,gt_30,no_change,1,0,0,0,gt_5,0
1833,1994,31_to_35,0,single,toyota,sedan,20k_to_29k,6y,1,collision,4.0,1,0,1,gt_30,gt_30,no_change,1,0,0,0,none,0
1838,1994,31_to_35,0,single,honda,sedan,20k_to_29k,6y,1,collision,4.0,4,0,2_to_4,gt_30,gt_30,no_change,1,0,0,0,none,0
1842,1994,36_to_40,0,married,pontiac,sport,30k_to_39k,gt_7y,1,liability,4.0,3,0,2_to_4,gt_30,gt_30,no_change,1,0,0,0,gt_5,0
1843,1994,36_to_40,1,married,toyota,sedan,20k_to_29k,6y,1,all_perils,4.0,4,0,1,gt_30,gt_30,no_change,1,0,0,0,gt_5,0
1845,1994,26_to_30,0,single,pontiac,sedan,20k_to_29k,5y,1,all_perils,4.0,4,0,2_to_4,gt_30,gt_30,no_change,0,0,0,0,none,0
1846,1994,36_to_40,0,married,pontiac,sedan,gt_69k,7y,3_to_4,all_perils,4.0,2,0,1,gt_30,gt_30,no_change,0,0,0,0,1_to_2,0
1854,1994,36_to_40,0,married,pontiac,sedan,20k_to_29k,5y,1,all_perils,4.0,3,0,1,gt_30,gt_30,no_change,1,1,0,0,gt_5,0
1855,1994,31_to_35,0,single,pontiac,sedan,30k_to_39k,6y,1,collision,4.0,3,1,2_to_4,gt_30,gt_30,no_change,1,0,0,0,gt_5,0
1858,1994,36_to_40,1,married,mazda,sport,20k_to_29k,7y,1,liability,4.0,3,0,1,gt_30,gt_30,no_change,1,0,0,0,gt_5,0
1859,1994,over_65,0,married,mazda,sport,20k_to_29k,gt_7y,1,liability,4.0,2,0,gt_4,gt_30,gt_30,no_change,1,0,0,0,1_to_2,0
1864,1994,51_to_65,1,married,toyota,sport,lt_20k,gt_7y,1,liability,4.0,1,0,1,gt_30,gt_30,no_change,1,0,0,0,none,0
1869,1994,31_to_35,0,single,pontiac,sedan,lt_20k,6y,1,all_perils,4.0,3,0,none,gt_30,gt_30,no_change,1,0,0,0,gt_5,0
1873,1994,over_65,0,married,toyota,sedan,20k_to_29k,gt_7y,1,all_perils,4.0,2,0,1,gt_30,gt_30,no_change,1,0,0,0,none,0
1874,1994,41_to_50,0,married,ford,sport,30k_to_39k,6y,1,liability,4.0,3,0,2_to_4,gt_30,gt_30,no_change,1,0,0,0,1_to_2,0
1876,1994,over_65,0,single,honda,sport,gt_69k,new,1,liability,4.0,1,0,1,gt_30,gt_30,no_change,1,0,0,0,none,0
1879,1994,31_to_35,0,single,pontiac,sedan,20k_to_29k,4y,1,all_perils,4.0,2,0,none,gt_30,gt_30,no_change,1,0,0,0,none,0
1884,1994,36_to_40,0,married,honda,sport,30k_to_39k,7y,1,liability,4.0,3,0,2_to_4,gt_30,gt_30,no_change,1,0,0,0,none,0
1885,1994,31_to_35,0,married,pontiac,sedan,20k_to_29k,6y,1,all_perils,4.0,2,0,1,gt_30,gt_30,no_change,1,0,0,0,none,0
1896,1994,31_to_35,1,single,pontiac,sport,30k_to_39k,6y,1,liability,4.0,4,0,gt_4,gt_30,gt_30,no_change,1,0,0,0,none,0
1897,1994,31_to_35,0,married,honda,sedan,30k_to_39k,7y,1,collision,4.0,2,0,1,gt_30,gt_30,no_change,1,0,0,0,none,0
1898,1994,31_to_35,1,single,pontiac,sport,20k_to_29k,6y,1,liability,4.0,4,0,gt_4,gt_30,gt_30,no_change,1,0,0,0,3_to_5,0
1901,1994,16_to_17,0,single,honda,sport,gt_69k,new,1,liability,4.0,4,0,2_to_4,gt_30,gt_30,no_change,1,0,0,0,none,0
1902,1994,31_to_35,0,married,pontiac,sedan,30k_to_39k,5y,1,all_perils,4.0,3,0,none,gt_30,gt_30,no_change,0,0,0,0,gt_5,0
1904,1994,31_to_35,0,divorced,honda,sedan,20k_to_29k,7y,1,all_perils,4.0,1,0,2_to_4,gt_30,gt_30,no_change,0,0,0,0,none,0
1906,1994,16_to_17,0,single,honda,sedan,gt_69k,new,1,collision,4.0,2,0,none,gt_30,gt_30,no_change,0,0,0,0,none,0
1910,1994,36_to_40,0,married,honda,sedan,20k_to_29k,7y,1,all_perils,4.0,2,0,1,gt_30,gt_30,no_change,0,0,0,0,gt_5,0
1916,1994,51_to_65,0,married,toyota,sedan,20k_to_29k,gt_7y,1,all_perils,4.0,3,0,none,gt_30,gt_30,no_change,0,1,0,0,none,0
1921,1994,41_to_50,0,married,pontiac,sport,30k_to_39k,gt_7y,1,liability,4.0,1,0,none,gt_30,gt_30,no_change,1,0,0,0,gt_5,0
1924,1994,36_to_40,0,married,acura,sedan,gt_69k,7y,1,all_perils,4.0,2,0,gt_4,gt_30,gt_30,no_change,1,0,0,0,none,0
1925,1994,36_to_40,0,married,toyota,sedan,gt_69k,gt_7y,1,all_perils,4.0,3,0,1,gt_30,gt_30,no_change,1,0,0,0,none,0
1926,1994,31_to_35,0,single,mazda,sport,30k_to_39k,7y,1,liability,4.0,4,0,2_to_4,gt_30,gt_30,no_change,1,0,0,0,none,0
1930,1994,31_to_35,0,single,toyota,sedan,20k_to_29k,6y,1,collision,4.0,4,0,1,gt_30,gt_30,no_change,0,1,0,0,none,0
1932,1994,41_to_50,0,married,pontiac,sport,20k_to_29k,7y,1,liability,4.0,4,0,gt_4,gt_30,gt_30,no_change,1,0,0,0,none,0
1936,1994,36_to_40,0,married,toyota,sedan,20k_to_29k,7y,1,all_perils,4.0,3,0,2_to_4,gt_30,gt_30,no_change,1,0,0,0,none,0
1938,1994,51_to_65,0,married,toyota,sport,20k_to_29k,gt_7y,1,liability,4.0,4,0,2_to_4,gt_30,gt_30,no_change,1,0,0,0,none,0
1945,1994,31_to_35,0,single,toyota,sedan,20k_to_29k,4y,1,collision,4.0,4,0,1,gt_30,gt_30,no_change,1,0,0,0,none,0
1961,1994,31_to_35,0,single,acura,utility,gt_69k,6y,1,all_perils,4.0,2,0,none,gt_30,gt_30,no_change,1,0,0,0,none,0
1966,1994,36_to_40,0,married,toyota,sport,20k_to_29k,7y,1,liability,4.0,3,0,2_to_4,gt_30,gt_30,no_change,1,0,0,0,none,0
1967,1994,41_to_50,0,married,honda,sedan,20k_to_29k,gt_7y,1,all_perils,4.0,2,0,2_to_4,gt_30,gt_30,no_change,0,0,0,0,none,0
1970,1994,31_to_35,0,married,pontiac,sedan,20k_to_29k,6y,1,all_perils,4.0,1,0,none,gt_30,gt_30,no_change,0,0,0,0,none,0
1971,1994,41_to_50,0,married,pontiac,sport,30k_to_39k,gt_7y,1,liability,4.0,3,0,gt_4,gt_30,gt_30,no_change,1,0,0,0,3_to_5,0
1972,1994,31_to_35,0,single,toyota,sedan,20k_to_29k,5y,1,all_perils,4.0,3,0,none,gt_30,gt_30,no_change,1,1,0,0,none,0
1976,1994,36_to_40,0,married,mazda,sport,gt_69k,7y,1,collision,4.0,2,0,none,gt_30,gt_30,no_change,0,0,0,0,1_to_2,0
1978,1994,31_to_35,0,married,mazda,sedan,20k_to_29k,6y,1,collision,4.0,4,0,2_to_4,gt_30,gt_30,no_change,1,0,0,0,none,0
1986,1994,36_to_40,0,married,honda,sedan,20k_to_29k,7y,1,all_perils,4.0,1,0,2_to_4,gt_30,gt_30,no_change,0,0,0,0,none,0
1987,1994,over_65,0,married,pontiac,sedan,20k_to_29k,gt_7y,1,all_perils,4.0,4,0,none,gt_30,gt_30,no_change,1,1,1,0,1_to_2,0
1993,1994,36_to_40,0,married,pontiac,sedan,30k_to_39k,gt_7y,1,all_perils,4.0,4,0,1,gt_30,gt_30,no_change,0,0,0,0,1_to_2,0
1997,1994,31_to_35,1,single,honda,sport,20k_to_29k,6y,1,liability,4.0,2,0,1,gt_30,gt_30,no_change,1,0,0,0,gt_5,0
2000,1994,36_to_40,0,single,honda,sport,gt_69k,7y,1,collision,4.0,2,0,none,gt_30,gt_30,no_change,1,0,0,0,none,0
2003,1994,36_to_40,0,single,ford,sport,30k_to_39k,7y,1,liability,4.0,2,1,2_to_4,gt_30,gt_30,1y,1,0,0,0,3_to_5,0
2004,1994,36_to_40,1,married,mazda,sedan,20k_to_29k,6y,1,all_perils,4.0,4,0,none,gt_30,gt_30,no_change,1,0,0,0,1_to_2,1
2009,1994,51_to_65,0,single,honda,sedan,gt_69k,new,1,all_perils,4.0,3,0,none,gt_30,gt_30,no_change,0,0,0,0,none,0
2012,1994,31_to_35,0,single,chevrolet,sedan,gt_69k,5y,1,collision,4.0,3,0,2_to_4,gt_30,gt_30,no_change,1,0,0,0,1_to_2,0
2014,1994,51_to_65,0,single,pontiac,sport,20k_to_29k,gt_7y,1,liability,4.0,1,0,1,gt_30,gt_30,no_change,1,0,0,0,1_to_2,0
2018,1994,36_to_40,0,married,chevrolet,sedan,20k_to_29k,7y,1,collision,4.0,4,0,2_to_4,gt_30,gt_30,no_change,0,0,0,0,3_to_5,0
2019,1994,36_to_40,0,married,mazda,sedan,20k_to_29k,7y,1,collision,4.0,2,0,none,gt_30,gt_30,no_change,1,0,0,0,3_to_5,0
2021,1994,31_to_35,0,single,toyota,sport,30k_to_39k,6y,1,liability,4.0,1,0,2_to_4,gt_30,gt_30,no_change,1,1,0,0,gt_5,0
2022,1994,26_to_30,0,single,toyota,sedan,20k_to_29k,4y,1,collision,4.0,1,0,2_to_4,gt_30,gt_30,no_change,1,0,0,0,none,0
2024,1994,26_to_30,0,single,mazda,sport,gt_69k,5y,1,collision,4.0,1,0,2_to_4,gt_30,gt_30,no_change,0,1,0,0,none,0
2025,1994,31_to_35,0,married,chevrolet,sedan,gt_69k,6y,1,all_perils,4.0,3,0,1,gt_30,gt_30,no_change,1,0,0,0,none,0
2026,1994,41_to_50,0,married,pontiac,sport,20k_to_29k,gt_7y,1,liability,4.0,4,0,gt_4,gt_30,gt_30,no_change,1,0,0,0,3_to_5,0
2029,1994,41_to_50,0,married,chevrolet,sport,20k_to_29k,7y,1,liability,4.0,2,0,gt_4,gt_30,gt_30,no_change,1,0,0,0,3_to_5,0
2032,1994,31_to_35,0,single,honda,sedan,20k_to_29k,6y,1,all_perils,4.0,3,0,1,gt_30,gt_30,no_change,0,0,0,0,1_to_2,0
2035,1994,31_to_35,1,single,honda,sport,20k_to_29k,6y,1,liability,4.0,1,0,2_to_4,gt_30,gt_30,no_change,0,0,0,0,none,0
2036,1994,36_to_40,0,single,mazda,sedan,20k_to_29k,7y,1,collision,4.0,2,0,1,gt_30,gt_30,no_change,1,0,0,0,none,0
2037,1994,36_to_40,0,married,pontiac,sedan,20k_to_29k,gt_7y,1,all_perils,4.0,2,0,none,gt_30,gt_30,no_change,0,0,0,0,none,0
2038,1994,31_to_35,0,single,pontiac,sedan,20k_to_29k,6y,2,collision,4.0,4,0,2_to_4,gt_30,gt_30,4_to_8y,0,1,0,0,none,0
2039,1994,36_to_40,0,married,chevrolet,utility,gt_69k,5y,1,all_perils,4.0,4,0,2_to_4,gt_30,gt_30,no_change,1,0,0,0,gt_5,0
2044,1994,36_to_40,0,married,toyota,sedan,30k_to_39k,7y,1,collision,4.0,4,0,2_to_4,gt_30,gt_30,no_change,1,0,0,0,gt_5,0
2048,1994,51_to_65,0,married,honda,sedan,20k_to_29k,gt_7y,1,all_perils,4.0,4,0,2_to_4,gt_30,gt_30,no_change,0,0,0,0,1_to_2,0
2058,1994,36_to_40,0,married,other,sedan,20k_to_29k,gt_7y,1,collision,4.0,4,0,1,gt_30,gt_30,no_change,1,0,0,0,gt_5,0
2060,1994,41_to_50,0,married,pontiac,sport,30k_to_39k,gt_7y,1,liability,4.0,3,0,2_to_4,gt_30,gt_30,no_change,1,0,0,0,gt_5,0
2071,1994,31_to_35,1,single,pontiac,sedan,lt_20k,6y,1,all_perils,4.0,4,0,1,gt_30,gt_30,no_change,1,0,0,0,3_to_5,0
2081,1994,36_to_40,0,married,honda,sedan,20k_to_29k,6y,1,collision,4.0,1,0,1,gt_30,gt_30,no_change,1,0,0,0,3_to_5,0
2085,1994,31_to_35,1,single,toyota,sport,20k_to_29k,6y,1,liability,4.0,4,0,1,gt_30,gt_30,no_change,1,0,0,0,gt_5,0
2087,1994,31_to_35,0,single,toyota,sedan,20k_to_29k,6y,1,collision,4.0,1,0,none,gt_30,gt_30,no_change,1,1,0,0,1_to_2,0
2092,1994,36_to_40,0,married,pontiac,sport,20k_to_29k,7y,3_to_4,liability,5.0,2,1,none,gt_30,gt_30,2_to_3y,1,0,0,0,gt_5,0
2093,1994,36_to_40,0,married,mazda,sedan,20k_to_29k,7y,1,collision,4.0,4,0,2_to_4,gt_30,gt_30,no_change,1,0,0,0,1_to_2,0
2095,1994,36_to_40,0,married,mazda,sport,30k_to_39k,7y,1,liability,4.0,3,0,gt_4,gt_30,gt_30,no_change,1,0,0,0,gt_5,0
2096,1994,36_to_40,0,married,toyota,sedan,30k_to_39k,gt_7y,1,collision,4.0,3,0,1,gt_30,gt_30,no_change,0,1,0,0,gt_5,0
2099,1994,36_to_40,0,married,toyota,sport,30k_to_39k,7y,1,liability,4.0,4,0,gt_4,gt_30,gt_30,no_change,1,1,0,0,none,0
2100,1994,31_to_35,0,married,mazda,sedan,20k_to_29k,7y,1,all_perils,4.0,4,0,1,gt_30,gt_30,no_change,0,0,0,0,none,0
2105,1994,41_to_50,1,married,mazda,sport,20k_to_29k,6y,1,liability,4.0,3,0,2_to_4,gt_30,gt_30,no_change,1,0,0,0,1_to_2,0
2106,1994,51_to_65,0,married,pontiac,sedan,gt_69k,gt_7y,1,all_perils,4.0,3,0,2_to_4,gt_30,gt_30,no_change,0,0,0,0,none,0
2109,1994,31_to_35,1,married,mazda,sport,20k_to_29k,6y,1,liability,4.0,3,0,gt_4,gt_30,gt_30,no_change,0,0,0,0,none,0
2111,1994,31_to_35,0,single,mazda,sedan,20k_to_29k,6y,1,collision,4.0,2,0,2_to_4,gt_30,gt_30,no_change,0,1,0,0,1_to_2,0
2116,1994,31_to_35,0,single,acura,utility,gt_69k,5y,1,all_perils,4.0,2,0,none,gt_30,gt_30,no_change,1,0,0,0,none,0
2117,1994,51_to_65,0,married,pontiac,sedan,20k_to_29k,gt_7y,1,all_perils,4.0,4,0,1,gt_30,gt_30,no_change,0,0,0,0,none,0
2122,1994,31_to_35,1,married,acura,sport,20k_to_29k,7y,2,liability,4.0,2,0,1,gt_30,gt_30,4_to_8y,1,0,0,0,none,0
2123,1994,41_to_50,1,single,toyota,sedan,20k_to_29k,7y,1,collision,4.0,4,0,none,gt_30,gt_30,no_change,0,0,0,0,gt_5,0
2124,1994,36_to_40,0,married,chevrolet,utility,gt_69k,7y,1,liability,4.0,3,0,2_to_4,gt_30,gt_30,no_change,1,0,0,0,none,0
2125,1994,36_to_40,0,married,acura,sport,30k_to_39k,7y,1,liability,4.0,1,0,2_to_4,gt_30,gt_30,no_change,1,0,0,0,3_to_5,0
2127,1994,16_to_17,0,single,honda,sedan,gt_69k,new,1,collision,4.0,4,0,1,gt_30,gt_30,no_change,1,0,0,0,none,0
2128,1994,31_to_35,1,married,toyota,sedan,20k_to_29k,6y,1,collision,4.0,1,0,2_to_4,gt_30,gt_30,no_change,0,0,0,0,gt_5,0
2129,1994,over_65,0,married,mazda,sedan,20k_to_29k,gt_7y,1,all_perils,4.0,1,0,1,gt_30,gt_30,no_change,1,0,0,0,none,0
2131,1994,26_to_30,1,single,toyota,sedan,20k_to_29k,4y,1,collision,4.0,2,0,none,gt_30,gt_30,no_change,1,0,0,0,none,0
2140,1994,51_to_65,0,married,honda,sedan,lt_20k,gt_7y,1,collision,7.0,4,0,none,gt_30,gt_30,no_change,1,0,0,0,none,0
2141,1994,31_to_35,0,single,mazda,sedan,20k_to_29k,6y,1,all_perils,4.0,1,0,2_to_4,gt_30,gt_30,no_change,1,0,0,0,1_to_2,0
2142,1994,31_to_35,0,single,chevrolet,sedan,20k_to_29k,6y,1,all_perils,4.0,2,0,2_to_4,gt_30,gt_30,no_change,1,0,0,0,none,1
2144,1994,41_to_50,0,married,ford,sedan,40k_to_59k,7y,1,all_perils,4.0,4,0,1,gt_30,gt_30,no_change,1,0,0,0,none,1
2153,1994,31_to_35,0,single,other,sport,30k_to_39k,6y,1,liability,4.0,1,0,2_to_4,gt_30,gt_30,no_change,1,0,0,0,gt_5,0
2154,1994,31_to_35,0,married,toyota,sport,20k_to_29k,6y,1,liability,4.0,4,0,2_to_4,gt_30,gt_30,no_change,1,0,0,0,gt_5,0
2156,1994,41_to_50,0,married,toyota,sedan,20k_to_29k,gt_7y,1,collision,4.0,2,0,1,gt_30,gt_30,no_change,1,0,0,0,1_to_2,0
2157,1994,over_65,0,married,honda,sedan,gt_69k,new,1,all_perils,4.0,1,0,none,gt_30,gt_30,no_change,1,0,0,0,none,0
2162,1994,16_to_17,0,single,honda,sedan,gt_69k,new,1,collision,4.0,3,0,1,gt_30,gt_30,no_change,0,0,0,0,none,0
2163,1994,51_to_65,0,married,toyota,sedan,20k_to_29k,gt_7y,1,collision,4.0,4,0,2_to_4,gt_30,gt_30,no_change,0,0,0,0,none,0
2169,1994,31_to_35,0,married,ford,sedan,30k_to_39k,5y,1,all_perils,4.0,3,0,2_to_4,gt_30,gt_30,no_change,1,0,0,0,none,0
2171,1994,51_to_65,0,married,pontiac,sedan,20k_to_29k,gt_7y,1,collision,7.0,2,0,2_to_4,gt_30,gt_30,no_change,1,0,0,0,none,0
2173,1994,36_to_40,0,married,pontiac,sedan,20k_to_29k,7y,1,collision,4.0,1,0,none,gt_30,gt_30,no_change,1,0,0,0,1_to_2,0
2174,1994,36_to_40,0,married,toyota,sedan,20k_to_29k,gt_7y,3_to_4,all_perils,4.0,3,0,2_to_4,gt_30,gt_30,no_change,1,1,0,0,gt_5,1
2176,1994,31_to_35,0,married,toyota,sedan,20k_to_29k,6y,1,all_perils,4.0,2,0,none,gt_30,gt_30,no_change,1,0,0,0,1_to_2,0
2182,1994,31_to_35,0,married,other,sedan,40k_to_59k,6y,1,all_perils,4.0,1,0,2_to_4,gt_30,gt_30,no_change,1,0,0,0,none,0
2183,1994,51_to_65,1,married,chevrolet,sport,30k_to_39k,gt_7y,1,liability,4.0,3,0,2_to_4,gt_30,gt_30,no_change,0,0,0,0,1_to_2,0
2186,1994,36_to_40,0,married,pontiac,sedan,lt_20k,gt_7y,1,collision,4.0,3,0,none,gt_30,gt_30,no_change,1,0,0,0,none,1
2187,1994,51_to_65,0,married,pontiac,utility,gt_69k,7y,1,all_perils,4.0,1,0,2_to_4,gt_30,gt_30,no_change,1,0,0,0,3_to_5,0
2193,1994,41_to_50,0,married,honda,sport,gt_69k,gt_7y,1,liability,4.0,1,0,1,gt_30,gt_30,no_change,0,0,0,0,3_to_5,0
2194,1994,36_to_40,0,married,mazda,sedan,20k_to_29k,gt_7y,1,collision,5.0,2,0,none,gt_30,gt_30,2_to_3y,1,0,0,0,gt_5,0
2196,1994,over_65,1,married,toyota,sedan,20k_to_29k,gt_7y,1,all_perils,4.0,1,0,none,gt_30,gt_30,no_change,1,0,0,0,3_to_5,0
2199,1994,26_to_30,0,single,honda,sedan,20k_to_29k,6y,1,all_perils,4.0,1,0,2_to_4,gt_30,gt_30,no_change,0,0,0,0,3_to_5,0
2200,1994,16_to_17,0,single,honda,sport,gt_69k,new,1,liability,4.0,1,0,2_to_4,gt_30,gt_30,no_change,1,0,0,0,none,0
2204,1994,31_to_35,0,single,chevrolet,sedan,20k_to_29k,6y,1,collision,4.0,3,0,gt_4,gt_30,gt_30,no_change,1,1,0,0,none,0
2205,1994,51_to_65,0,married,toyota,sedan,20k_to_29k,gt_7y,1,collision,4.0,1,0,none,gt_30,gt_30,no_change,1,0,0,0,none,1
2209,1994,31_to_35,0,married,toyota,sedan,20k_to_29k,5y,1,all_perils,4.0,3,0,1,gt_30,gt_30,no_change,0,0,0,0,none,0
2210,1994,41_to_50,1,married,mazda,sedan,20k_to_29k,gt_7y,1,collision,4.0,4,0,none,gt_30,gt_30,no_change,1,0,0,0,gt_5,0
2220,1994,51_to_65,0,married,toyota,sport,20k_to_29k,7y,1,liability,4.0,3,0,gt_4,gt_30,gt_30,no_change,1,0,0,0,gt_5,0
2228,1994,31_to_35,0,married,pontiac,sedan,30k_to_39k,7y,1,collision,4.0,4,0,gt_4,gt_30,gt_30,no_change,1,0,0,0,none,0
2229,1994,36_to_40,0,married,acura,sedan,30k_to_39k,gt_7y,1,collision,4.0,4,0,2_to_4,gt_30,gt_30,no_change,1,0,0,0,none,0
2238,1994,31_to_35,0,married,toyota,sport,30k_to_39k,7y,1,liability,4.0,4,0,gt_4,gt_30,gt_30,no_change,1,0,0,0,none,0
2241,1994,41_to_50,0,married,toyota,sedan,gt_69k,gt_7y,1,all_perils,4.0,1,0,1,gt_30,gt_30,no_change,1,0,0,0,none,1
2243,1994,16_to_17,0,single,honda,sport,gt_69k,new,1,liability,4.0,3,0,1,gt_30,gt_30,no_change,1,0,0,0,none,0
2245,1994,36_to_40,0,married,toyota,sport,30k_to_39k,7y,1,liability,5.0,4,0,2_to_4,gt_30,gt_30,2_to_3y,0,0,0,0,gt_5,0
2247,1994,31_to_35,1,single,toyota,sedan,lt_20k,6y,1,all_perils,4.0,4,0,2_to_4,gt_30,gt_30,no_change,1,0,0,0,none,0
2248,1994,31_to_35,1,single,honda,sport,gt_69k,5y,2,collision,4.0,2,0,none,gt_30,gt_30,4_to_8y,1,0,0,0,none,0
2250,1994,31_to_35,0,single,toyota,sedan,20k_to_29k,6y,1,collision,4.0,3,0,none,gt_30,gt_30,no_change,1,0,0,0,3_to_5,0
2254,1994,16_to_17,0,single,honda,sedan,gt_69k,new,1,all_perils,4.0,2,0,1,gt_30,gt_30,no_change,1,0,0,0,none,1
2255,1994,31_to_35,1,single,pontiac,sedan,lt_20k,7y,1,all_perils,4.0,3,0,none,gt_30,gt_30,no_change,1,0,0,0,none,0
2257,1994,31_to_35,0,married,pontiac,sedan,20k_to_29k,6y,1,all_perils,4.0,4,0,1,gt_30,gt_30,no_change,0,0,0,0,3_to_5,0
2258,1994,31_to_35,0,married,toyota,sedan,20k_to_29k,7y,1,collision,4.0,2,0,1,gt_30,gt_30,no_change,1,0,0,0,none,0
2259,1994,36_to_40,0,married,mazda,sedan,20k_to_29k,7y,1,collision,4.0,4,0,2_to_4,gt_30,gt_30,no_change,1,0,0,0,gt_5,0
2261,1994,41_to_50,0,married,pontiac,sport,gt_69k,gt_7y,1,liability,4.0,3,0,2_to_4,gt_30,gt_30,no_change,1,0,0,0,gt_5,0
2262,1994,31_to_35,0,single,honda,sedan,20k_to_29k,7y,1,collision,4.0,2,0,2_to_4,gt_30,gt_30,no_change,0,0,0,0,none,0
2266,1994,31_to_35,0,married,ford,utility,gt_69k,6y,1,collision,4.0,1,0,gt_4,gt_30,gt_30,no_change,1,0,0,0,1_to_2,0
2267,1994,31_to_35,0,married,honda,sport,20k_to_29k,7y,1,liability,4.0,4,0,2_to_4,gt_30,gt_30,no_change,1,0,0,0,3_to_5,0
2268,1994,36_to_40,0,married,pontiac,sport,20k_to_29k,gt_7y,1,liability,4.0,4,0,2_to_4,gt_30,gt_30,no_change,0,0,0,0,3_to_5,0
2269,1994,31_to_35,0,married,pontiac,sedan,30k_to_39k,7y,2,collision,4.0,2,0,1,gt_30,gt_30,4_to_8y,1,0,0,0,gt_5,0
2270,1994,36_to_40,0,married,toyota,sport,30k_to_39k,7y,1,liability,4.0,2,0,2_to_4,gt_30,gt_30,no_change,1,0,0,0,none,0
2272,1994,over_65,0,married,toyota,sedan,lt_20k,gt_7y,1,all_perils,4.0,3,0,none,gt_30,gt_30,no_change,1,0,0,0,none,1
2273,1994,31_to_35,0,single,pontiac,sport,gt_69k,5y,1,liability,4.0,4,0,gt_4,gt_30,gt_30,no_change,1,0,0,0,3_to_5,0
2274,1994,31_to_35,0,married,mazda,sport,30k_to_39k,6y,1,liability,4.0,4,0,2_to_4,gt_30,gt_30,no_change,1,0,0,0,none,0
2278,1994,36_to_40,1,married,other,sedan,gt_69k,6y,1,all_perils,4.0,4,0,1,gt_30,gt_30,no_change,1,0,0,0,1_to_2,0
2281,1994,31_to_35,1,married,mazda,sedan,30k_to_39k,6y,1,collision,4.0,3,0,none,gt_30,gt_30,no_change,1,1,0,0,none,0
2286,1994,26_to_30,0,single,toyota,sport,20k_to_29k,6y,1,liability,4.0,4,0,gt_4,gt_30,gt_30,no_change,1,0,0,0,none,0
2289,1994,31_to_35,0,single,mazda,sedan,gt_69k,6y,1,collision,4.0,4,0,none,gt_30,gt_30,no_change,0,0,0,0,1_to_2,0
2291,1994,51_to_65,0,married,acura,utility,gt_69k,gt_7y,1,all_perils,4.0,4,0,2_to_4,1_to_7,15_to_30,no_change,1,1,0,0,none,0
2294,1994,41_to_50,0,married,toyota,sedan,lt_20k,gt_7y,1,all_perils,4.0,3,0,none,gt_30,gt_30,no_change,1,0,0,0,none,0
2295,1994,41_to_50,0,married,other,utility,gt_69k,gt_7y,1,collision,7.0,2,0,gt_4,gt_30,gt_30,no_change,0,0,0,0,gt_5,0
2298,1994,31_to_35,0,single,mazda,sedan,20k_to_29k,6y,1,collision,4.0,2,0,gt_4,gt_30,gt_30,no_change,1,0,0,0,none,0
2302,1994,31_to_35,0,married,pontiac,sport,30k_to_39k,7y,1,liability,4.0,2,0,none,gt_30,gt_30,no_change,1,0,0,0,none,0
2303,1994,41_to_50,0,married,chevrolet,sport,40k_to_59k,gt_7y,1,liability,4.0,1,0,2_to_4,gt_30,gt_30,no_change,1,0,0,0,none,0
2308,1994,36_to_40,0,married,pontiac,sport,30k_to_39k,7y,1,liability,4.0,2,0,gt_4,gt_30,gt_30,no_change,1,0,0,0,none,0
2311,1994,31_to_35,1,single,chevrolet,sedan,20k_to_29k,7y,2,collision,4.0,4,0,1,gt_30,gt_30,4_to_8y,1,0,0,0,3_to_5,0
2314,1994,41_to_50,1,married,honda,sport,gt_69k,gt_7y,1,collision,4.0,1,0,none,gt_30,gt_30,no_change,1,0,0,0,none,1
2316,1994,36_to_40,0,married,pontiac,sedan,30k_to_39k,7y,1,collision,4.0,4,0,gt_4,gt_30,gt_30,no_change,1,0,0,0,none,0
2318,1994,36_to_40,0,married,pontiac,sedan,20k_to_29k,7y,1,all_perils,4.0,2,0,1,gt_30,gt_30,no_change,1,0,0,0,none,1
2322,1994,16_to_17,0,single,honda,sedan,gt_69k,new,1,all_perils,4.0,1,0,none,gt_30,gt_30,no_change,1,0,0,0,none,0
2327,1994,31_to_35,1,single,chevrolet,sedan,30k_to_39k,7y,1,collision,4.0,3,0,2_to_4,gt_30,gt_30,no_change,0,0,0,0,none,0
2329,1994,31_to_35,1,single,chevrolet,sport,40k_to_59k,7y,1,liability,4.0,3,0,gt_4,gt_30,gt_30,no_change,1,0,0,0,gt_5,0
2330,1994,36_to_40,0,single,honda,sport,20k_to_29k,7y,1,liability,4.0,2,0,1,gt_30,gt_30,no_change,1,0,0,0,1_to_2,0
2334,1994,31_to_35,0,married,pontiac,sedan,lt_20k,7y,1,collision,4.0,1,0,none,gt_30,gt_30,no_change,1,0,0,0,3_to_5,0
2335,1994,41_to_50,0,married,toyota,sport,20k_to_29k,gt_7y,1,liability,4.0,4,0,2_to_4,gt_30,gt_30,no_change,1,0,0,0,none,0
2339,1994,31_to_35,0,married,chevrolet,sedan,20k_to_29k,6y,1,collision,4.0,1,0,1,gt_30,gt_30,no_change,1,0,0,0,gt_5,1
2342,1994,36_to_40,0,single,pontiac,sport,20k_to_29k,7y,1,liability,4.0,3,0,1,gt_30,gt_30,no_change,1,0,0,0,3_to_5,0
2345,1994,31_to_35,0,single,acura,utility,gt_69k,6y,1,all_perils,4.0,2,0,1,15_to_30,gt_30,no_change,1,0,0,0,none,0
2347,1994,31_to_35,0,single,mazda,sedan,20k_to_29k,6y,1,collision,5.0,1,0,none,gt_30,gt_30,2_to_3y,1,0,0,0,3_to_5,0
2351,1994,36_to_40,0,single,pontiac,sport,lt_20k,7y,1,liability,4.0,4,0,1,gt_30,gt_30,no_change,1,0,0,0,none,0
2352,1994,31_to_35,0,married,toyota,sedan,lt_20k,7y,1,collision,4.0,1,0,1,gt_30,gt_30,no_change,1,0,0,0,gt_5,0
2353,1994,over_65,0,married,other,sedan,40k_to_59k,gt_7y,2,all_perils,4.0,4,0,2_to_4,gt_30,gt_30,4_to_8y,1,1,0,0,1_to_2,0
2363,1994,36_to_40,1,married,toyota,sport,30k_to_39k,7y,1,liability,4.0,2,0,2_to_4,gt_30,gt_30,no_change,0,0,0,0,none,0
2368,1994,31_to_35,1,married,pontiac,sedan,20k_to_29k,6y,1,collision,4.0,1,0,2_to_4,gt_30,gt_30,no_change,0,0,0,0,1_to_2,0
2369,1994,31_to_35,0,single,mazda,sedan,30k_to_39k,7y,1,collision,4.0,4,0,2_to_4,gt_30,gt_30,no_change,1,1,0,0,1_to_2,0
2370,1994,41_to_50,1,married,chevrolet,sport,20k_to_29k,gt_7y,1,liability,4.0,2,0,2_to_4,gt_30,gt_30,no_change,1,0,0,0,gt_5,0
2372,1994,31_to_35,0,married,mazda,sedan,20k_to_29k,6y,1,collision,4.0,2,0,none,gt_30,gt_30,no_change,1,0,0,0,3_to_5,0
2373,1994,51_to_65,0,married,pontiac,sport,20k_to_29k,gt_7y,1,liability,4.0,1,0,none,gt_30,gt_30,no_change,0,0,0,0,3_to_5,0
2374,1994,36_to_40,0,married,pontiac,sedan,20k_to_29k,gt_7y,2,collision,4.0,4,0,2_to_4,gt_30,gt_30,4_to_8y,0,0,0,0,gt_5,0
2386,1994,36_to_40,0,married,honda,sedan,20k_to_29k,gt_7y,1,all_perils,4.0,2,0,none,gt_30,gt_30,no_change,0,0,0,0,none,0
2388,1994,41_to_50,0,married,ford,sedan,20k_to_29k,gt_7y,1,all_perils,7.0,2,0,none,gt_30,gt_30,no_change,1,0,0,0,3_to_5,1
2390,1994,31_to_35,0,single,toyota,sedan,20k_to_29k,6y,1,all_perils,4.0,1,0,none,gt_30,gt_30,no_change,1,0,0,0,none,0
2394,1994,36_to_40,0,married,honda,sport,gt_69k,gt_7y,1,liability,4.0,2,0,2_to_4,gt_30,gt_30,no_change,1,0,0,0,1_to_2,0
2396,1994,31_to_35,0,single,mazda,sport,lt_20k,7y,1,liability,4.0,4,0,2_to_4,gt_30,gt_30,no_change,1,0,0,0,1_to_2,0
2398,1994,41_to_50,0,married,toyota,sport,gt_69k,gt_7y,1,liability,5.0,3,0,2_to_4,gt_30,gt_30,2_to_3y,1,0,0,0,gt_5,0
2401,1994,31_to_35,0,married,toyota,sport,20k_to_29k,6y,1,liability,4.0,4,0,1,gt_30,gt_30,no_change,1,0,0,0,none,0
2403,1994,31_to_35,0,married,toyota,sedan,20k_to_29k,7y,1,all_perils,4.0,4,0,2_to_4,gt_30,gt_30,no_change,0,0,0,0,none,0
2406,1994,26_to_30,0,single,chevrolet,sport,20k_to_29k,5y,1,liability,4.0,3,0,2_to_4,gt_30,gt_30,no_change,1,1,0,0,1_to_2,0
2407,1994,31_to_35,0,married,mazda,sport,30k_to_39k,7y,1,liability,4.0,1,0,2_to_4,gt_30,gt_30,no_change,1,0,0,0,gt_5,0
2408,1994,31_to_35,0,single,toyota,sedan,20k_to_29k,6y,1,collision,4.0,3,0,2_to_4,gt_30,gt_30,no_change,0,0,0,0,none,0
2409,1994,41_to_50,0,married,toyota,sedan,20k_to_29k,7y,1,collision,4.0,4,0,1,gt_30,gt_30,no_change,0,1,0,0,gt_5,0
2411,1994,36_to_40,0,married,pontiac,sedan,gt_69k,7y,1,collision,4.0,1,0,none,gt_30,gt_30,no_change,1,0,0,0,gt_5,0
2412,1994,36_to_40,1,married,toyota,sport,30k_to_39k,7y,1,liability,4.0,4,0,2_to_4,gt_30,gt_30,no_change,1,0,0,0,none,0
2416,1994,31_to_35,0,married,pontiac,sedan,20k_to_29k,6y,2,collision,4.0,4,0,none,gt_30,gt_30,4_to_8y,0,0,0,0,1_to_2,0
2421,1994,31_to_35,0,married,toyota,sport,30k_to_39k,6y,1,liability,4.0,1,0,2_to_4,gt_30,gt_30,no_change,1,0,0,0,none,0
2428,1994,36_to_40,0,married,mazda,sedan,20k_to_29k,7y,1,collision,4.0,2,0,none,gt_30,gt_30,no_change,1,0,0,0,1_to_2,0
2432,1994,31_to_35,1,single,pontiac,sport,20k_to_29k,7y,1,liability,4.0,1,0,gt_4,gt_30,gt_30,no_change,1,0,0,0,3_to_5,0
2433,1994,31_to_35,0,single,toyota,sedan,30k_to_39k,7y,1,all_perils,4.0,3,0,1,gt_30,gt_30,no_change,0,1,0,0,none,0
2442,1994,31_to_35,0,single,honda,sport,30k_to_39k,7y,1,liability,4.0,1,0,none,gt_30,gt_30,no_change,1,0,0,0,3_to_5,0
2444,1994,36_to_40,0,married,pontiac,sedan,30k_to_39k,7y,1,collision,4.0,3,0,2_to_4,gt_30,gt_30,no_change,1,1,0,0,none,0
2447,1994,36_to_40,1,married,honda,sedan,30k_to_39k,7y,1,collision,4.0,1,0,none,gt_30,gt_30,no_change,1,0,0,0,3_to_5,0
2450,1994,31_to_35,0,married,mazda,sport,30k_to_39k,6y,1,liability,4.0,3,0,2_to_4,gt_30,gt_30,no_change,1,0,0,0,gt_5,0
2451,1994,36_to_40,0,married,honda,sport,20k_to_29k,gt_7y,1,liability,4.0,4,1,1,gt_30,gt_30,no_change,1,0,0,0,none,0
2452,1994,41_to_50,0,married,acura,sedan,20k_to_29k,7y,1,collision,4.0,2,0,none,gt_30,gt_30,no_change,1,0,0,0,none,0
2455,1994,41_to_50,0,married,pontiac,sport,20k_to_29k,gt_7y,1,liability,4.0,4,0,2_to_4,gt_30,gt_30,no_change,1,0,0,0,3_to_5,0
2456,1994,36_to_40,0,single,mazda,sport,20k_to_29k,7y,1,liability,4.0,2,1,1,gt_30,gt_30,no_change,1,0,0,0,3_to_5,0
2457,1994,41_to_50,0,married,toyota,sedan,gt_69k,gt_7y,1,all_perils,4.0,1,0,1,gt_30,gt_30,no_change,1,0,0,0,3_to_5,0
2458,1994,36_to_40,0,married,toyota,sport,gt_69k,gt_7y,2,liability,4.0,1,0,gt_4,gt_30,gt_30,1y,1,0,0,0,none,0
2461,1994,36_to_40,0,single,toyota,sedan,gt_69k,gt_7y,3_to_4,all_perils,4.0,1,0,gt_4,gt_30,gt_30,no_change,1,0,0,0,gt_5,0
2464,1994,31_to_35,0,single,chevrolet,sedan,20k_to_29k,6y,1,collision,4.0,2,0,2_to_4,gt_30,gt_30,no_change,0,0,0,0,none,0
2468,1994,41_to_50,0,married,pontiac,sport,20k_to_29k,6y,1,liability,4.0,3,0,none,gt_30,gt_30,no_change,0,0,0,0,1_to_2,0
2469,1994,51_to_65,0,married,toyota,sedan,30k_to_39k,gt_7y,1,all_perils,4.0,4,0,gt_4,gt_30,gt_30,no_change,1,0,0,0,none,1
2472,1994,31_to_35,0,single,mazda,sport,20k_to_29k,5y,1,liability,4.0,1,0,1,gt_30,gt_30,no_change,1,0,0,0,1_to_2,0
2477,1994,51_to_65,1,married,pontiac,sport,20k_to_29k,7y,1,liability,4.0,1,0,1,gt_30,gt_30,no_change,1,0,0,0,none,0
2479,1994,31_to_35,0,married,chevrolet,sedan,30k_to_39k,7y,2,all_perils,4.0,1,0,2_to_4,gt_30,gt_30,4_to_8y,0,0,0,0,none,0
2480,1994,36_to_40,0,single,pontiac,sedan,20k_to_29k,7y,1,collision,4.0,2,0,none,gt_30,gt_30,no_change,1,0,0,0,3_to_5,0
2484,1994,31_to_35,1,single,toyota,sedan,20k_to_29k,5y,1,all_perils,4.0,3,0,1,gt_30,gt_30,no_change,1,0,0,0,none,0
2496,1994,26_to_30,0,single,honda,sedan,20k_to_29k,5y,1,collision,4.0,3,0,1,gt_30,gt_30,no_change,1,1,0,0,none,0
2497,1994,41_to_50,0,married,other,sport,30k_to_39k,gt_7y,1,liability,4.0,1,0,2_to_4,gt_30,gt_30,no_change,1,0,0,0,none,0
2505,1994,31_to_35,0,married,honda,sedan,20k_to_29k,7y,1,collision,4.0,3,0,1,gt_30,gt_30,no_change,1,0,0,0,1_to_2,0
2512,1994,41_to_50,0,married,pontiac,utility,40k_to_59k,gt_7y,1,all_perils,7.0,3,0,1,gt_30,gt_30,no_change,1,0,0,0,none,0
2515,1994,31_to_35,0,married,pontiac,sedan,20k_to_29k,7y,1,collision,4.0,3,0,2_to_4,gt_30,gt_30,no_change,1,0,0,0,none,0
2520,1994,31_to_35,0,married,acura,sedan,30k_to_39k,6y,1,all_perils,4.0,3,0,1,gt_30,gt_30,no_change,0,0,0,0,none,0
2524,1994,31_to_35,0,single,mazda,sport,20k_to_29k,6y,1,liability,4.0,2,0,2_to_4,gt_30,gt_30,no_change,1,0,0,0,gt_5,0
2526,1994,16_to_17,0,single,honda,sport,gt_69k,new,1,liability,4.0,3,0,1,gt_30,gt_30,no_change,1,0,0,0,none,0
2527,1994,36_to_40,0,married,chevrolet,sedan,gt_69k,7y,1,collision,4.0,1,0,none,gt_30,gt_30,no_change,1,1,0,0,none,0
2530,1994,36_to_40,0,married,toyota,sport,30k_to_39k,7y,1,liability,4.0,2,0,gt_4,gt_30,gt_30,no_change,1,0,0,0,3_to_5,0
2532,1994,31_to_35,0,married,toyota,sedan,20k_to_29k,7y,1,all_perils,4.0,1,0,none,gt_30,gt_30,no_change,1,0,0,0,1_to_2,0
2533,1994,31_to_35,0,single,toyota,sport,20k_to_29k,6y,1,liability,4.0,1,0,2_to_4,gt_30,gt_30,no_change,1,0,0,0,none,0
2536,1994,over_65,0,married,honda,sedan,20k_to_29k,gt_7y,1,all_perils,4.0,4,0,2_to_4,gt_30,gt_30,no_change,0,0,0,0,3_to_5,0
2537,1994,51_to_65,0,married,mazda,sedan,20k_to_29k,gt_7y,1,collision,4.0,1,0,none,gt_30,gt_30,no_change,0,0,0,0,1_to_2,0
2539,1994,31_to_35,0,married,pontiac,sedan,20k_to_29k,6y,1,collision,4.0,2,0,2_to_4,gt_30,gt_30,no_change,0,0,0,0,none,0
2540,1994,51_to_65,0,single,honda,sport,30k_to_39k,gt_7y,1,liability,4.0,4,0,gt_4,gt_30,gt_30,no_change,0,0,0,0,none,0
2541,1994,41_to_50,0,married,acura,sedan,30k_to_39k,7y,1,collision,4.0,1,0,1,gt_30,gt_30,no_change,0,0,0,0,gt_5,0
2544,1994,36_to_40,1,married,honda,sedan,20k_to_29k,6y,1,collision,4.0,4,0,1,gt_30,gt_30,no_change,1,0,0,0,1_to_2,0
2548,1994,over_65,0,married,pontiac,sedan,lt_20k,gt_7y,1,all_perils,4.0,3,0,none,gt_30,gt_30,no_change,1,0,0,0,1_to_2,0
2552,1994,31_to_35,0,single,mazda,sport,20k_to_29k,6y,1,liability,4.0,4,0,gt_4,gt_30,gt_30,no_change,1,0,0,0,3_to_5,0
2554,1994,31_to_35,0,married,chevrolet,sedan,20k_to_29k,6y,1,collision,4.0,4,0,gt_4,gt_30,gt_30,no_change,1,0,0,0,3_to_5,0
2555,1994,36_to_40,0,married,honda,sedan,20k_to_29k,5y,1,collision,4.0,3,0,1,gt_30,gt_30,no_change,1,0,0,0,3_to_5,0
2556,1994,31_to_35,0,single,mazda,sedan,20k_to_29k,5y,1,collision,4.0,4,0,none,gt_30,gt_30,no_change,1,1,0,0,none,0
2558,1994,31_to_35,0,single,chevrolet,sedan,20k_to_29k,6y,1,collision,4.0,1,0,gt_4,gt_30,gt_30,no_change,1,0,0,0,3_to_5,0
2559,1994,31_to_35,0,married,honda,sedan,20k_to_29k,6y,1,collision,4.0,2,0,none,gt_30,gt_30,no_change,0,0,0,0,1_to_2,0
2560,1994,51_to_65,0,divorced,toyota,sedan,20k_to_29k,gt_7y,1,collision,4.0,1,0,2_to_4,gt_30,gt_30,no_change,0,0,0,0,none,0
2569,1994,41_to_50,0,single,honda,sport,20k_to_29k,7y,1,liability,4.0,2,0,gt_4,gt_30,gt_30,no_change,1,0,0,0,none,0
2571,1994,36_to_40,0,married,mazda,sport,30k_to_39k,7y,1,liability,4.0,3,0,2_to_4,gt_30,gt_30,no_change,0,0,0,0,gt_5,0
2573,1994,36_to_40,0,married,pontiac,sedan,lt_20k,gt_7y,1,collision,4.0,4,0,2_to_4,gt_30,gt_30,no_change,0,0,0,0,gt_5,0
2574,1994,31_to_35,0,single,chevrolet,sedan,20k_to_29k,5y,1,all_perils,4.0,3,0,2_to_4,gt_30,gt_30,no_change,1,0,0,0,gt_5,0
2576,1994,31_to_35,1,single,chevrolet,sedan,20k_to_29k,4y,1,collision,4.0,4,0,1,gt_30,gt_30,no_change,1,0,0,0,none,0
2583,1994,36_to_40,0,married,toyota,sedan,20k_to_29k,7y,1,all_perils,4.0,3,0,none,gt_30,gt_30,no_change,1,0,0,0,gt_5,0
2585,1994,41_to_50,0,married,toyota,sedan,20k_to_29k,gt_7y,1,all_perils,4.0,1,0,2_to_4,gt_30,gt_30,no_change,0,0,0,0,1_to_2,0
2586,1994,31_to_35,0,single,ford,sedan,20k_to_29k,6y,1,collision,4.0,1,0,1,gt_30,gt_30,no_change,1,0,0,0,gt_5,1
2587,1994,36_to_40,0,married,mazda,sport,20k_to_29k,7y,1,liability,4.0,4,0,2_to_4,gt_30,gt_30,no_change,0,0,0,0,1_to_2,0
2588,1994,26_to_30,1,single,mazda,sport,20k_to_29k,5y,1,liability,4.0,3,0,2_to_4,gt_30,gt_30,no_change,1,0,0,0,none,0
2589,1994,41_to_50,1,married,toyota,sedan,20k_to_29k,gt_7y,1,collision,4.0,2,0,2_to_4,gt_30,gt_30,no_change,0,0,0,0,none,0
2593,1994,41_to_50,1,married,honda,sedan,lt_20k,gt_7y,1,collision,4.0,3,0,none,gt_30,gt_30,no_change,1,0,0,0,1_to_2,0
2596,1994,41_to_50,0,married,pontiac,sedan,20k_to_29k,gt_7y,1,collision,4.0,4,0,gt_4,gt_30,gt_30,no_change,1,0,0,0,gt_5,0
2600,1994,36_to_40,0,married,other,sedan,30k_to_39k,7y,1,collision,4.0,4,0,none,gt_30,gt_30,no_change,1,0,0,0,none,0
2601,1994,31_to_35,0,married,other,sedan,30k_to_39k,7y,1,all_perils,4.0,3,0,2_to_4,gt_30,gt_30,no_change,1,0,0,0,gt_5,0
2605,1994,41_to_50,0,married,toyota,sedan,20k_to_29k,gt_7y,2,collision,7.0,1,0,none,gt_30,gt_30,4_to_8y,0,0,0,0,none,0
2606,1994,36_to_40,0,single,pontiac,sport,20k_to_29k,7y,1,liability,4.0,2,0,2_to_4,gt_30,gt_30,no_change,1,0,0,0,1_to_2,0
2610,1994,36_to_40,0,married,toyota,sport,20k_to_29k,7y,1,liability,4.0,4,0,gt_4,gt_30,gt_30,no_change,0,0,0,0,3_to_5,0
2611,1994,36_to_40,1,married,chevrolet,sedan,20k_to_29k,6y,1,collision,4.0,2,0,2_to_4,gt_30,gt_30,no_change,0,0,0,0,none,0
2614,1994,36_to_40,0,single,honda,sport,gt_69k,gt_7y,1,liability,4.0,2,0,gt_4,gt_30,gt_30,no_change,1,0,0,0,gt_5,0
2626,1994,41_to_50,0,married,acura,sedan,30k_to_39k,gt_7y,2,collision,4.0,4,0,2_to_4,gt_30,gt_30,4_to_8y,0,0,0,0,gt_5,0
2630,1994,51_to_65,0,married,pontiac,sport,20k_to_29k,gt_7y,1,liability,4.0,4,0,2_to_4,gt_30,gt_30,no_change,0,0,0,0,none,0
2632,1994,51_to_65,0,married,pontiac,sedan,20k_to_29k,gt_7y,1,all_perils,4.0,2,0,none,gt_30,gt_30,no_change,0,0,0,0,none,0
2634,1994,26_to_30,0,single,honda,sedan,30k_to_39k,5y,1,collision,4.0,2,0,none,gt_30,gt_30,no_change,1,0,0,0,none,0
2637,1994,31_to_35,0,married,toyota,sedan,20k_to_29k,6y,1,all_perils,4.0,1,0,2_to_4,gt_30,gt_30,no_change,0,0,0,0,gt_5,0
2642,1994,16_to_17,0,single,honda,sedan,gt_69k,new,1,all_perils,4.0,3,0,none,gt_30,gt_30,no_change,1,0,0,0,none,1
2647,1994,51_to_65,1,married,pontiac,sedan,20k_to_29k,gt_7y,2,collision,4.0,4,0,gt_4,gt_30,gt_30,4_to_8y,1,0,0,0,none,0
2652,1994,31_to_35,0,married,pontiac,sport,30k_to_39k,7y,1,liability,4.0,1,0,gt_4,gt_30,gt_30,no_change,1,0,0,1,3_to_5,0
2653,1994,31_to_35,1,single,toyota,sport,gt_69k,7y,1,liability,5.0,2,0,gt_4,gt_30,gt_30,2_to_3y,0,0,0,0,3_to_5,0
2655,1994,31_to_35,0,married,acura,sport,20k_to_29k,7y,1,liability,4.0,1,0,1,gt_30,gt_30,no_change,1,0,0,0,none,0
2657,1994,36_to_40,0,married,honda,sport,30k_to_39k,7y,1,liability,4.0,2,0,gt_4,gt_30,gt_30,no_change,0,0,0,0,none,0
2662,1994,51_to_65,0,married,toyota,sedan,gt_69k,7y,1,collision,4.0,4,0,1,gt_30,gt_30,no_change,0,0,0,0,none,0
2663,1994,26_to_30,0,single,pontiac,sedan,20k_to_29k,5y,1,all_perils,4.0,1,0,none,gt_30,gt_30,no_change,1,0,0,0,none,0
2664,1994,51_to_65,0,married,toyota,sport,gt_69k,6y,1,liability,4.0,1,0,1,gt_30,gt_30,no_change,1,0,0,0,none,0
2669,1994,31_to_35,0,single,pontiac,sedan,20k_to_29k,7y,1,collision,4.0,1,0,1,gt_30,gt_30,no_change,1,0,0,0,3_to_5,0
2672,1994,36_to_40,0,married,toyota,sport,20k_to_29k,7y,1,liability,4.0,3,0,none,gt_30,gt_30,no_change,0,0,0,0,none,0
2675,1994,31_to_35,1,married,toyota,sport,20k_to_29k,6y,1,liability,4.0,1,0,none,gt_30,gt_30,no_change,1,0,0,0,gt_5,0
2678,1994,31_to_35,0,married,ford,sedan,20k_to_29k,6y,1,all_perils,4.0,2,0,none,gt_30,gt_30,no_change,1,1,0,0,none,1
2680,1994,31_to_35,1,divorced,pontiac,sedan,20k_to_29k,6y,1,collision,4.0,3,0,none,gt_30,gt_30,no_change,1,1,0,0,gt_5,0
2684,1994,41_to_50,0,married,pontiac,sedan,20k_to_29k,6y,1,all_perils,4.0,3,0,1,gt_30,gt_30,no_change,1,0,0,0,none,0
2689,1994,36_to_40,0,married,toyota,sport,30k_to_39k,7y,2,liability,4.0,2,0,2_to_4,gt_30,gt_30,4_to_8y,1,0,0,0,none,0
2695,1994,36_to_40,0,single,pontiac,sport,20k_to_29k,7y,1,liability,4.0,1,0,1,gt_30,gt_30,no_change,0,1,0,0,gt_5,0
2700,1994,31_to_35,0,married,toyota,sedan,20k_to_29k,7y,1,all_perils,4.0,2,0,2_to_4,gt_30,gt_30,no_change,1,0,0,0,1_to_2,0
2701,1994,36_to_40,0,married,chevrolet,sport,30k_to_39k,7y,1,liability,4.0,2,1,1,gt_30,gt_30,no_change,0,0,0,0,gt_5,0
2702,1994,36_to_40,1,married,honda,sedan,lt_20k,6y,1,collision,4.0,1,0,2_to_4,gt_30,gt_30,no_change,1,1,0,0,gt_5,0
2703,1994,31_to_35,1,single,toyota,sedan,20k_to_29k,5y,1,all_perils,4.0,2,0,2_to_4,gt_30,gt_30,no_change,1,0,0,0,none,0
2706,1994,31_to_35,0,married,honda,sport,gt_69k,7y,1,collision,4.0,2,0,1,15_to_30,gt_30,no_change,0,0,0,0,none,0
2707,1994,41_to_50,0,married,chevrolet,sport,20k_to_29k,7y,3_to_4,liability,4.0,3,0,gt_4,gt_30,gt_30,no_change,1,0,0,0,3_to_5,0
2709,1994,51_to_65,1,single,pontiac,sedan,20k_to_29k,6y,1,collision,4.0,4,0,none,gt_30,gt_30,no_change,1,0,0,0,3_to_5,0
2710,1994,31_to_35,0,married,honda,sedan,30k_to_39k,6y,2,all_perils,4.0,2,0,2_to_4,gt_30,gt_30,4_to_8y,1,0,0,0,none,0
2712,1994,31_to_35,0,married,pontiac,sedan,20k_to_29k,5y,1,collision,4.0,4,0,none,gt_30,gt_30,no_change,0,0,0,0,none,0
2713,1994,51_to_65,0,married,mazda,sedan,lt_20k,7y,1,collision,4.0,4,0,1,gt_30,gt_30,no_change,1,0,0,0,gt_5,0
2715,1994,41_to_50,0,married,other,sedan,gt_69k,gt_7y,1,collision,4.0,1,0,none,gt_30,gt_30,no_change,1,0,0,0,none,0
2716,1994,36_to_40,1,married,toyota,sport,20k_to_29k,7y,1,liability,4.0,4,0,2_to_4,gt_30,gt_30,no_change,0,0,0,0,gt_5,0
2722,1994,31_to_35,0,single,other,sedan,30k_to_39k,5y,1,collision,4.0,1,0,2_to_4,gt_30,gt_30,no_change,1,0,0,0,none,0
2725,1994,36_to_40,0,married,ford,sport,gt_69k,7y,1,liability,4.0,2,1,2_to_4,gt_30,gt_30,no_change,1,0,0,0,gt_5,0
2726,1994,36_to_40,1,married,honda,sedan,gt_69k,7y,1,all_perils,4.0,4,0,2_to_4,gt_30,gt_30,no_change,1,0,0,0,1_to_2,0
2729,1994,51_to_65,0,married,honda,sport,gt_69k,gt_7y,1,collision,7.0,1,0,none,gt_30,gt_30,no_change,0,0,0,0,none,0
2734,1994,31_to_35,0,single,mazda,sedan,30k_to_39k,6y,1,collision,4.0,1,0,1,gt_30,gt_30,no_change,0,0,0,0,none,0
2736,1994,31_to_35,0,married,toyota,sedan,30k_to_39k,7y,1,collision,4.0,1,0,1,gt_30,gt_30,no_change,1,0,0,0,none,0
2737,1994,31_to_35,0,single,pontiac,sedan,20k_to_29k,7y,1,all_perils,4.0,1,0,none,gt_30,gt_30,no_change,0,0,1,1,3_to_5,0
2739,1994,36_to_40,1,single,ford,sedan,30k_to_39k,4y,1,collision,4.0,2,0,none,gt_30,gt_30,no_change,1,1,0,0,none,0
2743,1994,26_to_30,0,single,toyota,sport,20k_to_29k,5y,1,liability,4.0,2,0,2_to_4,gt_30,gt_30,no_change,1,0,0,0,3_to_5,0
2745,1994,51_to_65,0,married,mazda,sedan,20k_to_29k,gt_7y,1,collision,4.0,3,0,none,gt_30,gt_30,no_change,1,0,0,0,gt_5,0
2746,1994,41_to_50,0,married,toyota,sedan,20k_to_29k,gt_7y,1,collision,4.0,1,0,2_to_4,gt_30,gt_30,no_change,0,0,0,0,3_to_5,0
2751,1994,31_to_35,0,married,honda,sport,20k_to_29k,7y,1,liability,4.0,2,0,2_to_4,gt_30,gt_30,no_change,1,0,0,0,3_to_5,0
2752,1994,31_to_35,0,single,toyota,sedan,20k_to_29k,5y,2,collision,4.0,3,0,1,gt_30,gt_30,4_to_8y,0,0,0,0,none,0
2754,1994,36_to_40,0,single,honda,sport,gt_69k,7y,1,liability,4.0,4,0,2_to_4,gt_30,gt_30,no_change,0,0,0,0,gt_5,0
2755,1994,36_to_40,0,married,pontiac,sport,20k_to_29k,gt_7y,1,liability,5.0,4,0,gt_4,gt_30,gt_30,2_to_3y,1,0,0,0,3_to_5,0
2756,1994,51_to_65,0,married,toyota,sedan,20k_to_29k,gt_7y,1,all_perils,4.0,1,0,none,gt_30,gt_30,no_change,1,0,0,0,none,0
2757,1994,36_to_40,1,divorced,chevrolet,sedan,20k_to_29k,7y,1,all_perils,4.0,2,0,none,gt_30,gt_30,no_change,1,0,0,0,gt_5,1
2760,1994,31_to_35,0,single,pontiac,sedan,20k_to_29k,6y,1,collision,4.0,4,0,none,gt_30,gt_30,no_change,1,1,0,0,3_to_5,0
2763,1994,31_to_35,0,married,mazda,sport,gt_69k,7y,1,collision,4.0,3,0,1,gt_30,gt_30,no_change,0,0,0,0,none,0
2767,1994,31_to_35,0,married,toyota,sedan,lt_20k,5y,1,collision,4.0,2,0,1,gt_30,gt_30,no_change,1,0,0,0,1_to_2,0
2769,1994,41_to_50,0,married,mazda,sedan,20k_to_29k,gt_7y,1,collision,4.0,1,0,none,gt_30,gt_30,no_change,1,0,0,0,1_to_2,0
2772,1994,31_to_35,0,single,mazda,sedan,20k_to_29k,6y,1,all_perils,4.0,1,0,none,gt_30,gt_30,no_change,0,0,0,0,none,0
2778,1994,41_to_50,1,married,toyota,sport,lt_20k,gt_7y,1,liability,4.0,4,0,2_to_4,gt_30,gt_30,no_change,1,0,0,0,gt_5,0
2780,1994,36_to_40,0,married,chevrolet,sedan,30k_to_39k,7y,1,collision,4.0,4,0,2_to_4,gt_30,gt_30,no_change,1,0,0,0,1_to_2,0
2785,1994,31_to_35,0,married,other,sedan,40k_to_59k,7y,1,all_perils,4.0,1,0,1,gt_30,gt_30,no_change,1,0,0,0,none,0
2786,1994,31_to_35,0,single,toyota,sedan,20k_to_29k,6y,1,collision,4.0,2,0,2_to_4,gt_30,gt_30,no_change,1,0,0,0,gt_5,0
2787,1994,36_to_40,0,married,toyota,sport,20k_to_29k,7y,1,liability,4.0,4,0,1,gt_30,gt_30,no_change,1,0,0,0,1_to_2,0
2790,1994,36_to_40,0,married,toyota,sedan,20k_to_29k,7y,1,all_perils,4.0,4,0,1,gt_30,gt_30,no_change,1,0,0,0,1_to_2,1
2791,1994,31_to_35,0,single,honda,sport,gt_69k,6y,1,collision,4.0,4,0,none,gt_30,gt_30,no_change,1,0,0,0,none,0
2793,1994,26_to_30,0,married,pontiac,sedan,30k_to_39k,4y,1,collision,4.0,4,0,1,gt_30,gt_30,no_change,0,0,0,0,none,0
2795,1994,over_65,0,married,pontiac,sport,20k_to_29k,gt_7y,1,liability,4.0,3,0,2_to_4,gt_30,gt_30,no_change,1,0,0,0,none,0
2800,1994,41_to_50,0,married,pontiac,sedan,20k_to_29k,gt_7y,1,all_perils,4.0,4,0,none,gt_30,gt_30,no_change,0,0,0,0,none,0
2802,1994,31_to_35,0,married,mazda,sport,gt_69k,6y,1,collision,4.0,1,0,1,gt_30,gt_30,no_change,0,0,0,0,1_to_2,0
2805,1994,36_to_40,0,single,pontiac,sport,30k_to_39k,gt_7y,1,liability,4.0,2,0,gt_4,gt_30,gt_30,no_change,1,0,0,0,3_to_5,0
2806,1994,36_to_40,0,married,ford,sedan,20k_to_29k,7y,1,all_perils,5.0,1,0,none,gt_30,gt_30,2_to_3y,1,0,0,0,gt_5,1
2807,1994,31_to_35,1,single,chevrolet,sport,20k_to_29k,6y,1,liability,4.0,1,0,none,gt_30,gt_30,no_change,1,0,0,0,none,0
2823,1994,36_to_40,0,married,toyota,sport,gt_69k,6y,1,liability,4.0,4,0,gt_4,gt_30,gt_30,no_change,1,0,0,0,3_to_5,0
2826,1994,31_to_35,0,single,pontiac,sedan,20k_to_29k,7y,1,all_perils,4.0,3,0,1,gt_30,gt_30,no_change,1,1,0,0,none,0
2828,1994,26_to_30,1,single,other,sport,lt_20k,5y,1,liability,4.0,1,0,2_to_4,gt_30,gt_30,no_change,1,0,0,0,none,0
2832,1994,31_to_35,0,married,toyota,sedan,20k_to_29k,6y,1,collision,4.0,2,0,1,gt_30,gt_30,no_change,1,0,0,0,gt_5,0
2835,1994,31_to_35,1,married,honda,sedan,20k_to_29k,5y,1,collision,4.0,3,0,1,gt_30,gt_30,no_change,0,0,0,0,none,0
2837,1994,51_to_65,0,married,other,sport,40k_to_59k,gt_7y,1,liability,4.0,3,0,2_to_4,gt_30,gt_30,no_change,1,0,0,0,none,0
2843,1994,36_to_40,0,married,pontiac,sedan,20k_to_29k,7y,1,collision,4.0,4,0,none,gt_30,gt_30,no_change,1,0,0,0,none,0
2846,1994,31_to_35,0,single,chevrolet,sedan,gt_69k,5y,1,collision,4.0,3,0,2_to_4,gt_30,gt_30,no_change,0,0,0,0,gt_5,0
2847,1994,26_to_30,0,single,mazda,sedan,20k_to_29k,5y,1,collision,4.0,4,0,2_to_4,gt_30,gt_30,no_change,1,0,0,0,none,0
2853,1994,41_to_50,0,married,ford,sport,gt_69k,gt_7y,1,liability,7.0,3,0,2_to_4,gt_30,gt_30,no_change,1,0,0,0,gt_5,0
2854,1994,36_to_40,0,married,toyota,sedan,20k_to_29k,7y,1,all_perils,4.0,2,0,1,gt_30,gt_30,no_change,1,0,0,0,gt_5,0
2855,1994,36_to_40,1,married,mazda,sport,20k_to_29k,7y,1,liability,4.0,1,0,2_to_4,gt_30,gt_30,no_change,1,0,0,0,gt_5,0
2857,1994,36_to_40,0,married,pontiac,sedan,20k_to_29k,7y,2,all_perils,5.0,2,0,none,gt_30,gt_30,2_to_3y,0,0,0,0,none,1
2860,1994,41_to_50,1,married,toyota,sport,30k_to_39k,gt_7y,1,liability,4.0,2,0,2_to_4,gt_30,gt_30,no_change,1,0,0,0,none,0
2864,1994,31_to_35,0,married,pontiac,sedan,30k_to_39k,5y,1,collision,4.0,2,0,2_to_4,gt_30,gt_30,no_change,1,0,0,0,none,1
2865,1994,31_to_35,0,single,pontiac,sedan,20k_to_29k,6y,1,collision,4.0,3,0,2_to_4,gt_30,gt_30,no_change,1,0,0,0,none,0
2873,1994,31_to_35,0,married,pontiac,sport,20k_to_29k,7y,1,liability,4.0,3,1,none,gt_30,gt_30,no_change,1,0,0,0,gt_5,0
2882,1994,41_to_50,0,married,chevrolet,sedan,30k_to_39k,gt_7y,1,collision,4.0,2,0,2_to_4,gt_30,gt_30,no_change,1,0,0,0,3_to_5,0
2883,1994,41_to_50,0,single,ford,sport,gt_69k,6y,1,liability,4.0,4,0,gt_4,gt_30,gt_30,no_change,1,0,0,0,none,0
2884,1994,31_to_35,0,single,toyota,sedan,20k_to_29k,6y,1,collision,4.0,4,0,none,8_to_15,15_to_30,no_change,0,0,0,0,none,0
2887,1994,41_to_50,1,married,toyota,sport,20k_to_29k,7y,1,liability,4.0,1,0,gt_4,gt_30,gt_30,no_change,1,0,0,0,none,0
2889,1994,41_to_50,0,single,mazda,sport,30k_to_39k,gt_7y,1,liability,4.0,3,0,2_to_4,gt_30,gt_30,no_change,1,0,0,0,gt_5,0
2890,1994,31_to_35,0,single,pontiac,sedan,30k_to_39k,6y,1,all_perils,4.0,4,0,1,gt_30,gt_30,no_change,0,1,0,0,none,0
2894,1994,31_to_35,1,single,honda,sport,gt_69k,6y,1,collision,4.0,3,0,none,gt_30,gt_30,no_change,0,0,0,1,gt_5,0
2895,1994,31_to_35,0,single,mazda,sedan,20k_to_29k,6y,1,collision,4.0,3,0,none,gt_30,gt_30,no_change,1,0,0,0,gt_5,0
2896,1994,31_to_35,0,single,mazda,sedan,20k_to_29k,7y,1,all_perils,4.0,4,0,1,gt_30,gt_30,no_change,1,1,0,0,gt_5,0
2903,1994,36_to_40,0,married,pontiac,sport,20k_to_29k,7y,1,liability,4.0,2,0,1,gt_30,gt_30,no_change,1,0,0,0,gt_5,0
2906,1994,36_to_40,0,married,other,sport,20k_to_29k,7y,1,liability,4.0,3,0,2_to_4,gt_30,gt_30,no_change,1,0,0,0,1_to_2,0
2907,1994,31_to_35,1,married,honda,sport,30k_to_39k,3y,1,liability,4.0,1,0,1,gt_30,gt_30,no_change,1,0,0,0,gt_5,0
2908,1994,36_to_40,0,married,honda,sedan,20k_to_29k,7y,1,collision,5.0,3,0,1,gt_30,gt_30,2_to_3y,1,1,0,0,gt_5,0
2910,1994,31_to_35,1,single,toyota,sedan,20k_to_29k,7y,1,all_perils,4.0,1,0,2_to_4,gt_30,gt_30,no_change,1,1,0,0,none,1
2912,1994,36_to_40,0,single,pontiac,sport,30k_to_39k,7y,3_to_4,liability,4.0,2,0,1,gt_30,gt_30,no_change,1,0,0,0,none,0
2915,1994,36_to_40,0,married,honda,sedan,20k_to_29k,7y,1,all_perils,7.0,2,0,1,gt_30,gt_30,no_change,1,0,0,0,3_to_5,0
2917,1994,36_to_40,0,married,mazda,sedan,20k_to_29k,7y,1,collision,4.0,3,0,1,gt_30,gt_30,no_change,1,0,0,0,gt_5,0
2920,1994,31_to_35,0,married,pontiac,sport,20k_to_29k,6y,2,liability,4.0,3,0,2_to_4,gt_30,gt_30,4_to_8y,0,0,0,0,none,0
2923,1994,31_to_35,0,single,ford,sedan,20k_to_29k,6y,1,collision,4.0,4,0,2_to_4,gt_30,gt_30,no_change,1,1,0,0,none,1
2927,1994,36_to_40,0,married,acura,sedan,20k_to_29k,gt_7y,1,all_perils,4.0,3,0,none,gt_30,gt_30,no_change,1,0,0,0,none,0
2931,1994,36_to_40,1,married,honda,sport,gt_69k,7y,1,collision,4.0,4,0,none,1_to_7,15_to_30,no_change,0,0,0,0,none,0
2934,1994,31_to_35,0,single,honda,sport,20k_to_29k,6y,1,liability,4.0,4,0,none,gt_30,gt_30,no_change,1,0,0,0,none,0
2938,1994,36_to_40,0,married,mazda,sedan,20k_to_29k,7y,1,collision,4.0,1,0,1,gt_30,gt_30,no_change,0,0,0,0,none,0
2939,1994,41_to_50,0,married,honda,sedan,20k_to_29k,gt_7y,1,collision,4.0,4,0,1,gt_30,gt_30,no_change,1,0,0,0,none,1
2941,1994,36_to_40,0,married,honda,sedan,20k_to_29k,gt_7y,2,collision,4.0,1,0,none,gt_30,gt_30,4_to_8y,0,0,0,0,1_to_2,0
2942,1994,31_to_35,0,married,pontiac,sport,20k_to_29k,6y,1,liability,4.0,4,0,2_to_4,gt_30,gt_30,no_change,1,0,0,0,1_to_2,0
2946,1994,31_to_35,0,single,chevrolet,sedan,20k_to_29k,6y,1,collision,4.0,3,0,none,gt_30,gt_30,no_change,1,0,0,0,none,0
2951,1994,31_to_35,0,married,mazda,sedan,30k_to_39k,6y,1,collision,4.0,2,0,2_to_4,gt_30,gt_30,no_change,0,0,0,0,3_to_5,0
2953,1994,31_to_35,0,married,honda,sport,20k_to_29k,7y,3_to_4,liability,4.0,4,0,gt_4,gt_30,gt_30,no_change,1,0,0,0,gt_5,0
2954,1994,31_to_35,0,married,mazda,sedan,30k_to_39k,6y,1,collision,4.0,2,0,2_to_4,gt_30,gt_30,no_change,1,0,0,0,gt_5,1
2962,1994,41_to_50,1,married,chevrolet,sedan,gt_69k,7y,2,all_perils,4.0,1,0,2_to_4,gt_30,gt_30,4_to_8y,0,0,0,0,gt_5,0
2963,1994,36_to_40,0,married,honda,sedan,30k_to_39k,gt_7y,1,all_perils,4.0,1,0,2_to_4,gt_30,gt_30,no_change,1,0,0,0,gt_5,1
2967,1994,31_to_35,0,single,toyota,sport,gt_69k,6y,1,liability,4.0,3,0,2_to_4,gt_30,gt_30,no_change,1,0,0,0,none,0
2970,1994,51_to_65,0,married,other,sedan,30k_to_39k,gt_7y,1,collision,4.0,1,0,1,gt_30,gt_30,no_change,0,0,0,0,gt_5,0
2972,1994,31_to_35,1,single,mazda,sport,30k_to_39k,7y,1,liability,4.0,2,0,2_to_4,gt_30,gt_30,no_change,1,0,0,0,none,0
2973,1994,31_to_35,1,married,chevrolet,sedan,20k_to_29k,6y,1,collision,4.0,4,0,1,gt_30,gt_30,no_change,1,0,0,0,1_to_2,0
2974,1994,31_to_35,0,married,honda,sport,gt_69k,6y,1,collision,4.0,4,0,none,gt_30,gt_30,no_change,1,0,0,0,none,1
2975,1994,36_to_40,0,married,toyota,sedan,30k_to_39k,7y,1,collision,4.0,4,0,2_to_4,gt_30,gt_30,no_change,0,0,0,0,gt_5,0
2976,1994,41_to_50,0,married,chevrolet,sedan,20k_to_29k,gt_7y,1,all_perils,4.0,4,0,none,gt_30,gt_30,no_change,1,0,0,0,gt_5,0
2977,1994,31_to_35,0,single,mazda,sedan,20k_to_29k,6y,1,all_perils,4.0,3,0,none,gt_30,gt_30,no_change,0,0,0,0,none,0
2978,1994,31_to_35,1,single,toyota,sedan,20k_to_29k,5y,1,collision,4.0,4,0,2_to_4,15_to_30,gt_30,no_change,1,0,0,0,1_to_2,0
2979,1994,41_to_50,0,married,pontiac,sedan,20k_to_29k,gt_7y,1,all_perils,4.0,4,0,1,gt_30,gt_30,no_change,1,0,0,0,1_to_2,0
2982,1994,31_to_35,0,single,other,sedan,20k_to_29k,7y,1,all_perils,4.0,4,0,1,gt_30,gt_30,no_change,1,0,0,0,1_to_2,0
2983,1994,31_to_35,0,married,honda,sedan,20k_to_29k,6y,2,all_perils,4.0,2,0,2_to_4,gt_30,gt_30,4_to_8y,0,0,0,0,none,0
2986,1994,41_to_50,1,married,chevrolet,sport,40k_to_59k,gt_7y,1,liability,4.0,2,0,gt_4,gt_30,gt_30,no_change,1,0,0,0,1_to_2,0
2990,1994,31_to_35,0,married,mazda,sport,20k_to_29k,7y,1,liability,4.0,1,0,2_to_4,gt_30,gt_30,no_change,0,0,0,0,none,0
2991,1994,51_to_65,0,married,honda,sport,20k_to_29k,gt_7y,1,liability,4.0,4,0,gt_4,gt_30,gt_30,no_change,1,0,0,0,gt_5,0
2992,1994,31_to_35,0,single,toyota,sedan,20k_to_29k,7y,1,collision,4.0,3,0,1,gt_30,gt_30,no_change,1,0,0,0,none,0
2994,1994,36_to_40,0,married,mazda,sedan,30k_to_39k,7y,3_to_4,collision,4.0,4,0,none,gt_30,gt_30,no_change,1,1,0,0,none,0
2996,1994,36_to_40,1,married,other,sport,gt_69k,7y,1,liability,4.0,1,0,2_to_4,gt_30,gt_30,no_change,1,0,0,0,none,0
2999,1994,41_to_50,0,married,pontiac,sport,30k_to_39k,7y,1,liability,4.0,3,0,2_to_4,gt_30,gt_30,no_change,1,0,0,0,gt_5,0
3002,1994,51_to_65,0,married,toyota,sedan,20k_to_29k,gt_7y,1,all_perils,4.0,2,0,none,gt_30,gt_30,no_change,1,1,0,0,none,0
3004,1994,41_to_50,0,married,mazda,sport,20k_to_29k,gt_7y,2,liability,4.0,2,0,gt_4,gt_30,gt_30,1y,1,0,0,0,3_to_5,0
3010,1994,26_to_30,0,single,pontiac,sedan,20k_to_29k,5y,1,all_perils,4.0,4,0,none,gt_30,gt_30,2_to_3y,0,0,0,0,3_to_5,0
3022,1994,31_to_35,0,single,chevrolet,sedan,20k_to_29k,5y,1,collision,4.0,1,0,1,gt_30,gt_30,no_change,1,0,0,0,none,0
3023,1994,51_to_65,0,married,mazda,sedan,20k_to_29k,gt_7y,1,collision,4.0,1,0,1,gt_30,gt_30,no_change,1,0,0,0,none,0
3029,1994,31_to_35,0,married,mazda,sedan,20k_to_29k,7y,1,collision,4.0,3,0,1,gt_30,gt_30,no_change,0,0,0,0,none,0
3030,1994,31_to_35,0,single,toyota,sedan,20k_to_29k,4y,1,collision,4.0,3,0,none,gt_30,gt_30,no_change,1,0,0,1,none,0
3034,1994,31_to_35,0,married,honda,sedan,20k_to_29k,6y,1,collision,4.0,2,0,none,gt_30,gt_30,no_change,1,0,0,0,none,0
3038,1994,36_to_40,0,married,toyota,sedan,lt_20k,7y,1,all_perils,4.0,3,0,2_to_4,gt_30,gt_30,no_change,0,0,0,0,1_to_2,0
3039,1994,41_to_50,1,married,chevrolet,sport,40k_to_59k,7y,1,liability,7.0,3,0,2_to_4,gt_30,gt_30,no_change,1,0,0,0,gt_5,0
3040,1994,51_to_65,0,married,pontiac,sedan,20k_to_29k,7y,1,collision,4.0,3,0,2_to_4,gt_30,gt_30,no_change,1,0,0,0,1_to_2,0
3044,1994,36_to_40,1,single,mazda,sport,30k_to_39k,gt_7y,1,liability,4.0,2,1,none,gt_30,gt_30,no_change,0,0,0,1,3_to_5,0
3046,1994,31_to_35,0,single,pontiac,sedan,20k_to_29k,6y,2,collision,4.0,1,0,2_to_4,gt_30,gt_30,4_to_8y,0,0,0,0,none,0
3053,1994,31_to_35,0,single,mazda,sport,gt_69k,6y,1,collision,4.0,4,0,none,gt_30,gt_30,no_change,0,0,0,0,none,0
3058,1994,31_to_35,0,married,pontiac,utility,40k_to_59k,7y,1,all_perils,4.0,4,0,gt_4,gt_30,gt_30,no_change,1,0,1,0,none,0
3060,1994,41_to_50,0,married,toyota,sport,20k_to_29k,gt_7y,1,liability,4.0,2,0,gt_4,gt_30,gt_30,no_change,1,0,0,0,none,0
3061,1994,over_65,0,married,pontiac,sedan,20k_to_29k,gt_7y,1,collision,5.0,3,0,none,gt_30,gt_30,2_to_3y,0,0,0,0,none,0
3063,1994,31_to_35,0,single,mazda,sedan,20k_to_29k,6y,1,all_perils,4.0,1,0,2_to_4,gt_30,gt_30,no_change,1,0,0,0,none,0
3072,1994,31_to_35,1,single,pontiac,sedan,20k_to_29k,7y,1,collision,4.0,3,0,2_to_4,gt_30,gt_30,no_change,0,0,0,0,gt_5,0
3077,1994,41_to_50,1,single,mazda,sport,20k_to_29k,7y,1,liability,4.0,3,0,2_to_4,gt_30,gt_30,no_change,1,0,0,0,gt_5,0
3078,1994,over_65,0,married,mazda,sedan,20k_to_29k,gt_7y,1,all_perils,4.0,4,0,2_to_4,gt_30,gt_30,no_change,0,0,0,0,3_to_5,0
3080,1994,41_to_50,0,married,chevrolet,sedan,30k_to_39k,6y,1,collision,4.0,3,0,none,gt_30,gt_30,no_change,1,0,0,0,gt_5,0
3085,1994,36_to_40,1,single,pontiac,sport,30k_to_39k,7y,1,liability,4.0,2,0,gt_4,gt_30,gt_30,no_change,1,0,0,0,gt_5,0
3086,1994,41_to_50,0,married,toyota,sedan,20k_to_29k,gt_7y,1,collision,4.0,3,0,none,none,gt_30,no_change,1,0,0,0,none,0
3099,1994,31_to_35,0,married,pontiac,sedan,20k_to_29k,5y,1,all_perils,4.0,4,0,1,gt_30,gt_30,no_change,0,0,0,0,none,0
3102,1994,41_to_50,0,married,honda,sport,30k_to_39k,7y,1,liability,4.0,2,0,1,gt_30,gt_30,no_change,1,0,0,0,none,0
3111,1994,36_to_40,0,married,toyota,sport,30k_to_39k,gt_7y,1,liability,4.0,4,0,2_to_4,gt_30,gt_30,no_change,1,1,0,0,gt_5,0
3116,1994,over_65,0,married,mazda,sport,20k_to_29k,gt_7y,1,liability,4.0,4,0,1,gt_30,gt_30,no_change,1,0,0,0,none,0
3118,1994,41_to_50,0,married,acura,sedan,20k_to_29k,7y,1,all_perils,4.0,4,0,2_to_4,gt_30,gt_30,no_change,1,0,0,0,none,1
3120,1994,31_to_35,0,single,pontiac,sedan,30k_to_39k,5y,1,collision,4.0,4,0,2_to_4,gt_30,gt_30,no_change,1,0,0,0,1_to_2,0
3121,1994,31_to_35,0,single,pontiac,sport,30k_to_39k,7y,1,liability,4.0,1,1,2_to_4,gt_30,gt_30,no_change,1,0,0,0,gt_5,0
3126,1994,31_to_35,0,married,pontiac,sedan,30k_to_39k,7y,1,collision,4.0,2,0,2_to_4,gt_30,gt_30,no_change,0,0,0,0,3_to_5,0
3132,1994,36_to_40,0,married,toyota,sport,30k_to_39k,7y,1,liability,7.0,3,0,2_to_4,gt_30,gt_30,no_change,1,0,0,0,none,1
3134,1994,31_to_35,0,single,pontiac,sedan,gt_69k,6y,1,collision,4.0,3,0,2_to_4,gt_30,gt_30,no_change,1,0,0,0,none,0
3146,1994,51_to_65,0,married,pontiac,sport,gt_69k,6y,1,liability,4.0,4,0,2_to_4,gt_30,gt_30,no_change,0,0,0,0,gt_5,0
3149,1994,36_to_40,0,married,honda,sedan,20k_to_29k,7y,1,collision,4.0,3,0,none,gt_30,gt_30,no_change,0,0,0,0,none,0
3152,1994,31_to_35,1,single,toyota,sedan,20k_to_29k,5y,1,collision,4.0,1,0,1,gt_30,gt_30,no_change,1,1,0,0,none,0
3156,1994,31_to_35,0,single,mazda,sport,20k_to_29k,6y,1,liability,4.0,1,0,2_to_4,gt_30,gt_30,no_change,1,0,0,0,1_to_2,0
3159,1994,31_to_35,0,married,chevrolet,sedan,gt_69k,6y,1,all_perils,4.0,1,0,none,gt_30,gt_30,no_change,1,0,0,1,1_to_2,0
3160,1994,31_to_35,0,married,mazda,sedan,30k_to_39k,7y,1,collision,4.0,1,0,1,gt_30,gt_30,no_change,1,0,0,0,1_to_2,0
3162,1994,36_to_40,1,married,honda,sport,gt_69k,3y,1,liability,4.0,3,0,2_to_4,gt_30,gt_30,no_change,1,0,0,0,none,0
3163,1994,36_to_40,0,married,pontiac,sedan,20k_to_29k,gt_7y,1,all_perils,7.0,4,0,none,gt_30,gt_30,2_to_3y,1,0,0,0,1_to_2,0
3165,1994,36_to_40,0,married,mazda,sport,gt_69k,7y,1,collision,4.0,4,0,none,gt_30,gt_30,no_change,1,0,0,0,none,0
3175,1994,41_to_50,0,married,pontiac,sedan,20k_to_29k,6y,1,collision,4.0,2,0,2_to_4,gt_30,gt_30,no_change,1,1,0,0,gt_5,0
3176,1994,31_to_35,0,married,chevrolet,sport,30k_to_39k,6y,1,liability,4.0,2,0,2_to_4,gt_30,gt_30,no_change,0,0,0,0,gt_5,0
3179,1994,31_to_35,0,married,acura,sedan,20k_to_29k,7y,1,all_perils,4.0,1,0,none,gt_30,gt_30,no_change,0,0,0,0,3_to_5,0
3180,1994,41_to_50,0,married,chevrolet,utility,gt_69k,gt_7y,1,all_perils,4.0,4,0,2_to_4,gt_30,gt_30,no_change,0,0,0,0,gt_5,0
3183,1994,31_to_35,0,married,pontiac,sedan,gt_69k,7y,1,collision,4.0,1,1,none,gt_30,gt_30,no_change,1,1,0,0,gt_5,0
3186,1994,41_to_50,0,married,mazda,sport,20k_to_29k,gt_7y,1,liability,4.0,1,0,gt_4,gt_30,gt_30,1y,1,0,0,0,1_to_2,0
3193,1994,51_to_65,0,married,toyota,sedan,30k_to_39k,gt_7y,2,collision,4.0,3,0,1,gt_30,gt_30,4_to_8y,1,0,0,0,none,1
3196,1994,31_to_35,0,married,honda,sedan,20k_to_29k,7y,1,collision,4.0,1,0,2_to_4,gt_30,gt_30,no_change,0,0,0,0,gt_5,0
3197,1994,36_to_40,0,married,pontiac,sport,30k_to_39k,7y,1,liability,4.0,2,0,2_to_4,gt_30,gt_30,no_change,1,0,0,0,gt_5,0
3198,1994,41_to_50,0,married,honda,sedan,20k_to_29k,7y,1,collision,4.0,1,0,gt_4,gt_30,gt_30,no_change,1,0,0,0,gt_5,0
3200,1994,26_to_30,0,married,toyota,sedan,20k_to_29k,5y,1,collision,4.0,3,0,1,gt_30,gt_30,no_change,1,0,0,0,none,0
3201,1994,26_to_30,0,single,pontiac,sedan,20k_to_29k,2y,1,all_perils,4.0,1,0,none,gt_30,gt_30,no_change,0,0,0,0,1_to_2,0
3204,1994,41_to_50,0,married,chevrolet,sedan,30k_to_39k,gt_7y,1,all_perils,4.0,1,0,1,gt_30,gt_30,no_change,1,0,0,0,1_to_2,0
3208,1994,31_to_35,1,single,mazda,sport,20k_to_29k,6y,1,liability,4.0,4,0,none,gt_30,gt_30,no_change,0,0,0,0,gt_5,0
3211,1994,31_to_35,0,married,toyota,sport,30k_to_39k,7y,1,liability,4.0,4,0,gt_4,gt_30,gt_30,no_change,1,0,0,0,gt_5,0
3214,1994,16_to_17,0,single,honda,sedan,gt_69k,new,2,collision,3.0,1,0,1,gt_30,gt_30,2_to_3y,1,0,0,0,none,0
3216,1994,41_to_50,0,married,toyota,sedan,20k_to_29k,gt_7y,1,all_perils,4.0,3,0,none,gt_30,gt_30,no_change,1,0,0,0,1_to_2,0
3222,1994,26_to_30,1,single,mazda,sport,20k_to_29k,2y,1,liability,4.0,4,0,2_to_4,gt_30,gt_30,no_change,1,0,0,0,gt_5,0
3223,1994,41_to_50,0,married,pontiac,sedan,30k_to_39k,gt_7y,1,collision,4.0,2,0,none,gt_30,gt_30,no_change,1,1,0,0,3_to_5,0
3226,1994,31_to_35,1,married,pontiac,sedan,lt_20k,7y,1,collision,4.0,1,0,1,gt_30,gt_30,no_change,0,0,0,0,none,0
3229,1994,36_to_40,0,married,honda,sedan,20k_to_29k,7y,1,all_perils,4.0,2,0,1,gt_30,gt_30,no_change,1,0,0,0,gt_5,0
3231,1994,36_to_40,0,married,ford,sport,20k_to_29k,7y,1,liability,4.0,1,0,gt_4,gt_30,gt_30,no_change,1,0,0,0,gt_5,0
3232,1994,36_to_40,0,married,toyota,sedan,20k_to_29k,7y,1,collision,4.0,3,0,gt_4,gt_30,gt_30,no_change,1,0,0,0,1_to_2,0
3239,1994,31_to_35,0,single,pontiac,sport,20k_to_29k,5y,1,liability,4.0,2,0,2_to_4,gt_30,gt_30,no_change,1,0,0,0,3_to_5,0
3244,1994,51_to_65,0,married,toyota,sport,20k_to_29k,gt_7y,1,liability,4.0,2,0,gt_4,gt_30,gt_30,no_change,1,0,0,0,none,0
3254,1994,31_to_35,0,married,pontiac,sport,gt_69k,7y,1,liability,4.0,1,0,2_to_4,gt_30,gt_30,no_change,0,0,0,0,gt_5,0
3258,1994,41_to_50,0,married,chevrolet,sport,30k_to_39k,gt_7y,1,liability,4.0,4,0,none,gt_30,gt_30,no_change,1,0,0,0,gt_5,0
3261,1994,31_to_35,0,married,pontiac,sedan,20k_to_29k,6y,1,collision,4.0,4,0,2_to_4,gt_30,gt_30,no_change,1,0,0,0,3_to_5,0
3264,1994,36_to_40,0,married,pontiac,sport,20k_to_29k,7y,1,liability,4.0,2,0,gt_4,gt_30,gt_30,no_change,1,0,0,0,3_to_5,0
3269,1994,31_to_35,0,single,chevrolet,sport,20k_to_29k,5y,1,liability,4.0,1,0,1,gt_30,gt_30,no_change,0,0,0,0,none,0
3270,1994,41_to_50,0,married,chevrolet,sedan,30k_to_39k,gt_7y,1,all_perils,4.0,3,0,1,gt_30,gt_30,no_change,0,0,0,0,3_to_5,0
3271,1994,36_to_40,0,single,chevrolet,sport,30k_to_39k,7y,1,liability,4.0,2,0,gt_4,gt_30,gt_30,no_change,1,0,0,0,gt_5,0
3272,1994,36_to_40,0,married,pontiac,sport,gt_69k,7y,1,liability,4.0,3,0,2_to_4,gt_30,gt_30,no_change,1,0,0,0,gt_5,0
3273,1994,31_to_35,0,married,toyota,sedan,20k_to_29k,7y,1,all_perils,4.0,3,0,1,gt_30,gt_30,no_change,1,0,0,0,gt_5,0
3275,1994,41_to_50,1,married,pontiac,sport,30k_to_39k,gt_7y,1,liability,4.0,3,0,2_to_4,gt_30,gt_30,no_change,1,0,0,0,1_to_2,0
3276,1994,31_to_35,0,married,chevrolet,sedan,20k_to_29k,6y,1,collision,4.0,4,0,gt_4,gt_30,gt_30,no_change,1,0,0,0,none,1
3278,1994,41_to_50,0,married,mazda,sedan,30k_to_39k,6y,1,all_perils,4.0,3,0,none,gt_30,gt_30,no_change,0,0,0,0,none,0
3279,1994,41_to_50,0,married,toyota,sport,20k_to_29k,7y,1,liability,4.0,1,0,2_to_4,gt_30,gt_30,no_change,1,0,0,0,none,0
3284,1994,31_to_35,0,single,chevrolet,sedan,20k_to_29k,7y,1,collision,4.0,2,0,1,gt_30,gt_30,no_change,1,0,0,1,1_to_2,0
3286,1994,41_to_50,0,married,ford,sport,60k_to_69k,6y,1,liability,4.0,3,0,2_to_4,gt_30,gt_30,no_change,1,0,0,0,1_to_2,0
3293,1994,36_to_40,0,married,other,sedan,30k_to_39k,6y,1,collision,4.0,4,0,none,8_to_15,8_to_15,no_change,1,0,0,0,none,0
3294,1994,31_to_35,0,married,pontiac,sport,30k_to_39k,7y,1,liability,4.0,4,0,2_to_4,gt_30,gt_30,no_change,0,0,0,0,none,0
3298,1994,41_to_50,0,married,toyota,sedan,20k_to_29k,7y,2,collision,4.0,1,0,1,gt_30,gt_30,4_to_8y,1,0,0,0,none,1
3303,1994,31_to_35,1,married,pontiac,sedan,20k_to_29k,6y,1,collision,4.0,1,0,1,gt_30,gt_30,no_change,0,0,0,0,none,0
3304,1994,41_to_50,0,married,honda,sedan,20k_to_29k,7y,1,collision,4.0,3,0,1,gt_30,gt_30,no_change,1,0,0,0,none,0
3307,1994,26_to_30,1,single,honda,sedan,20k_to_29k,3y,1,all_perils,4.0,1,0,none,gt_30,gt_30,no_change,1,0,0,0,none,0
3311,1994,over_65,0,married,honda,sport,gt_69k,7y,1,collision,4.0,3,0,none,gt_30,gt_30,no_change,0,0,0,0,none,0
3314,1994,51_to_65,0,married,toyota,sport,20k_to_29k,gt_7y,1,liability,4.0,2,0,2_to_4,gt_30,gt_30,no_change,1,0,0,0,1_to_2,0
3317,1994,36_to_40,0,married,honda,sedan,20k_to_29k,7y,1,collision,4.0,4,0,2_to_4,gt_30,gt_30,no_change,0,0,0,0,gt_5,0
3319,1994,41_to_50,0,single,mazda,sport,30k_to_39k,7y,2,liability,4.0,3,0,gt_4,gt_30,gt_30,4_to_8y,1,0,0,0,none,0
3321,1994,31_to_35,0,married,mazda,sport,gt_69k,7y,1,liability,4.0,3,0,2_to_4,gt_30,gt_30,no_change,1,0,0,0,gt_5,0
3322,1994,36_to_40,0,married,pontiac,sport,30k_to_39k,gt_7y,3_to_4,liability,4.0,2,0,2_to_4,gt_30,gt_30,no_change,0,0,0,0,gt_5,0
3323,1994,31_to_35,0,single,toyota,sedan,30k_to_39k,5y,1,collision,4.0,2,0,2_to_4,gt_30,gt_30,no_change,0,0,0,0,none,0
3325,1994,31_to_35,0,single,chevrolet,sport,30k_to_39k,6y,1,liability,4.0,1,0,gt_4,gt_30,gt_30,no_change,0,0,0,0,gt_5,0
3330,1994,31_to_35,0,single,pontiac,sedan,20k_to_29k,7y,1,all_perils,4.0,2,0,1,gt_30,gt_30,no_change,1,0,0,0,3_to_5,0
3332,1994,31_to_35,1,single,mazda,sport,20k_to_29k,4y,1,liability,4.0,4,0,2_to_4,gt_30,gt_30,no_change,1,0,0,0,none,0
3334,1994,41_to_50,0,married,pontiac,sedan,20k_to_29k,gt_7y,1,all_perils,4.0,2,0,2_to_4,gt_30,gt_30,no_change,0,0,0,0,3_to_5,0
3339,1994,51_to_65,0,married,chevrolet,sedan,20k_to_29k,gt_7y,1,collision,4.0,4,0,2_to_4,gt_30,gt_30,no_change,1,0,0,0,gt_5,0
3340,1994,31_to_35,0,single,toyota,sedan,20k_to_29k,6y,2,collision,4.0,3,0,1,gt_30,gt_30,4_to_8y,1,0,0,0,gt_5,0
3341,1994,31_to_35,1,married,honda,sport,gt_69k,6y,1,collision,4.0,2,0,none,gt_30,gt_30,no_change,0,0,0,0,none,0
3347,1994,41_to_50,0,single,ford,sedan,lt_20k,gt_7y,1,all_perils,4.0,4,0,1,gt_30,gt_30,no_change,0,0,0,0,3_to_5,0
3357,1994,41_to_50,0,married,pontiac,sedan,20k_to_29k,gt_7y,1,all_perils,4.0,4,0,none,gt_30,gt_30,no_change,0,0,0,0,none,0
3358,1994,31_to_35,1,single,honda,sedan,20k_to_29k,6y,1,collision,4.0,2,0,none,gt_30,gt_30,no_change,1,0,0,0,none,0
3362,1994,31_to_35,0,single,honda,sedan,20k_to_29k,6y,1,collision,4.0,4,0,none,gt_30,gt_30,no_change,1,0,0,0,1_to_2,0
3364,1994,51_to_65,0,married,pontiac,sedan,30k_to_39k,gt_7y,1,all_perils,4.0,1,0,none,gt_30,gt_30,no_change,0,0,0,0,3_to_5,0
3369,1994,31_to_35,1,married,mazda,sport,20k_to_29k,4y,1,liability,4.0,4,0,none,gt_30,gt_30,no_change,1,0,0,0,1_to_2,0
3373,1994,31_to_35,0,married,pontiac,sedan,20k_to_29k,6y,1,collision,4.0,3,0,none,gt_30,gt_30,no_change,1,0,0,0,gt_5,0
3377,1994,36_to_40,0,married,toyota,sport,gt_69k,gt_7y,1,liability,4.0,3,0,none,gt_30,gt_30,no_change,1,0,0,0,none,0
3379,1994,26_to_30,0,single,mazda,sedan,20k_to_29k,5y,1,collision,4.0,2,0,2_to_4,gt_30,gt_30,no_change,0,0,0,0,none,0
3384,1994,51_to_65,0,married,acura,sedan,20k_to_29k,gt_7y,1,all_perils,4.0,4,0,1,gt_30,gt_30,no_change,1,0,0,1,1_to_2,0
3385,1994,31_to_35,0,single,chevrolet,sedan,20k_to_29k,4y,1,collision,4.0,3,0,2_to_4,gt_30,gt_30,no_change,1,0,0,0,none,0
3386,1994,26_to_30,0,single,honda,sport,gt_69k,6y,1,collision,4.0,4,0,2_to_4,gt_30,gt_30,no_change,0,0,0,0,none,0
3394,1994,31_to_35,0,married,mazda,sedan,gt_69k,6y,1,collision,4.0,3,0,2_to_4,gt_30,gt_30,no_change,0,0,0,0,none,0
3397,1994,31_to_35,0,married,mazda,sport,30k_to_39k,6y,1,liability,4.0,4,0,2_to_4,gt_30,gt_30,no_change,1,0,0,0,none,0
3398,1994,51_to_65,0,married,pontiac,sedan,20k_to_29k,gt_7y,1,collision,4.0,1,0,1,gt_30,gt_30,no_change,1,1,0,0,none,0
3400,1994,36_to_40,0,married,mazda,sedan,20k_to_29k,7y,1,collision,4.0,4,0,none,gt_30,gt_30,no_change,1,0,0,0,gt_5,0
3401,1994,36_to_40,1,married,pontiac,sedan,20k_to_29k,7y,1,collision,4.0,4,0,1,gt_30,gt_30,no_change,0,0,0,0,none,0
3406,1994,36_to_40,0,married,chevrolet,utility,gt_69k,gt_7y,1,all_perils,4.0,3,0,gt_4,gt_30,gt_30,no_change,0,0,0,0,gt_5,0
3410,1994,31_to_35,0,single,chevrolet,sport,20k_to_29k,7y,1,liability,4.0,2,0,1,gt_30,gt_30,no_change,1,0,0,0,none,0
3414,1994,31_to_35,0,married,toyota,sedan,20k_to_29k,7y,1,all_perils,4.0,1,0,none,gt_30,gt_30,no_change,1,0,0,0,gt_5,0
3415,1994,31_to_35,0,married,pontiac,sedan,20k_to_29k,7y,1,all_perils,4.0,2,0,none,gt_30,gt_30,no_change,1,0,0,0,1_to_2,0
3416,1994,36_to_40,0,married,honda,sport,30k_to_39k,7y,1,liability,4.0,4,0,2_to_4,gt_30,gt_30,no_change,1,0,0,0,gt_5,0
3420,1994,31_to_35,0,married,honda,sedan,lt_20k,6y,1,all_perils,4.0,3,0,2_to_4,gt_30,gt_30,no_change,1,1,0,0,1_to_2,0
3423,1994,31_to_35,0,divorced,honda,sedan,30k_to_39k,6y,1,all_perils,4.0,1,0,2_to_4,gt_30,gt_30,no_change,1,0,0,0,none,1
3428,1994,31_to_35,1,single,mazda,sport,20k_to_29k,6y,1,liability,4.0,3,0,2_to_4,gt_30,gt_30,no_change,1,0,0,0,3_to_5,0
3431,1994,41_to_50,0,married,other,sedan,20k_to_29k,7y,1,all_perils,4.0,4,0,2_to_4,gt_30,gt_30,no_change,1,0,0,0,none,0
3432,1994,51_to_65,1,married,pontiac,sport,20k_to_29k,7y,1,liability,4.0,3,0,2_to_4,gt_30,gt_30,no_change,0,0,0,0,3_to_5,0
3433,1994,36_to_40,0,married,chevrolet,utility,gt_69k,6y,1,all_perils,4.0,2,0,gt_4,gt_30,gt_30,no_change,1,0,0,0,3_to_5,0
3434,1994,36_to_40,0,married,pontiac,sedan,20k_to_29k,gt_7y,1,collision,4.0,3,0,2_to_4,gt_30,gt_30,no_change,0,0,0,0,none,0
3436,1994,41_to_50,0,single,pontiac,sport,20k_to_29k,7y,1,liability,4.0,3,0,1,gt_30,gt_30,no_change,1,0,0,0,1_to_2,0
3437,1994,36_to_40,0,single,acura,sedan,20k_to_29k,7y,1,all_perils,4.0,3,0,2_to_4,gt_30,gt_30,no_change,1,0,0,0,1_to_2,0
3438,1994,41_to_50,0,married,toyota,sedan,20k_to_29k,gt_7y,1,all_perils,4.0,1,0,2_to_4,gt_30,gt_30,no_change,1,0,0,0,gt_5,0
3440,1994,26_to_30,1,single,pontiac,sedan,20k_to_29k,5y,1,collision,4.0,1,0,gt_4,gt_30,gt_30,no_change,0,0,1,1,1_to_2,0
3447,1994,31_to_35,0,single,pontiac,sedan,20k_to_29k,7y,1,collision,4.0,1,0,none,gt_30,gt_30,no_change,1,0,0,0,1_to_2,0
3449,1994,26_to_30,0,single,chevrolet,sedan,20k_to_29k,5y,1,collision,4.0,1,0,gt_4,gt_30,gt_30,no_change,1,0,0,0,none,0
3453,1994,31_to_35,0,married,honda,sport,gt_69k,6y,1,collision,4.0,2,0,none,gt_30,gt_30,no_change,0,0,0,0,none,0
3455,1994,36_to_40,0,married,pontiac,sport,20k_to_29k,7y,1,liability,4.0,4,0,gt_4,gt_30,gt_30,no_change,1,0,0,0,gt_5,0
3456,1994,31_to_35,0,single,toyota,sport,20k_to_29k,6y,1,liability,4.0,3,0,1,gt_30,gt_30,no_change,1,0,0,0,gt_5,0
3457,1994,31_to_35,0,single,mazda,sedan,20k_to_29k,7y,1,collision,4.0,1,0,1,gt_30,gt_30,no_change,1,1,0,0,none,1
3465,1994,51_to_65,0,married,pontiac,sedan,30k_to_39k,gt_7y,1,collision,4.0,3,0,none,gt_30,gt_30,no_change,0,1,0,0,1_to_2,0
3472,1994,over_65,0,married,toyota,sedan,lt_20k,7y,1,all_perils,4.0,3,0,1,gt_30,gt_30,no_change,1,1,0,0,none,0
3475,1994,31_to_35,0,single,chevrolet,utility,gt_69k,7y,1,all_perils,4.0,2,0,2_to_4,gt_30,gt_30,no_change,1,0,0,0,1_to_2,0
3476,1994,36_to_40,0,married,pontiac,sedan,lt_20k,7y,1,collision,4.0,2,0,none,gt_30,gt_30,no_change,1,0,0,0,gt_5,0
3477,1994,41_to_50,0,married,ford,sedan,30k_to_39k,gt_7y,1,collision,4.0,2,0,none,gt_30,gt_30,no_change,0,0,0,0,none,0
3488,1994,51_to_65,0,married,mazda,sedan,20k_to_29k,gt_7y,1,collision,4.0,1,0,1,gt_30,gt_30,no_change,0,0,0,0,gt_5,0
3489,1994,21_to_25,0,single,chevrolet,sedan,20k_to_29k,4y,1,collision,4.0,2,0,1,gt_30,gt_30,no_change,1,0,0,0,gt_5,0
3493,1994,41_to_50,0,married,honda,sedan,lt_20k,gt_7y,1,all_perils,4.0,3,0,none,gt_30,gt_30,no_change,1,0,0,0,none,1
3503,1994,41_to_50,0,married,pontiac,sedan,20k_to_29k,7y,1,all_perils,4.0,1,0,none,gt_30,gt_30,no_change,0,0,0,0,gt_5,0
3504,1994,41_to_50,1,married,toyota,sedan,20k_to_29k,4y,1,collision,4.0,1,0,1,gt_30,gt_30,no_change,1,0,0,0,none,0
3506,1994,36_to_40,1,single,chevrolet,sedan,30k_to_39k,7y,1,collision,4.0,4,0,2_to_4,gt_30,gt_30,no_change,1,0,0,0,none,0
3507,1994,31_to_35,1,married,mazda,sedan,20k_to_29k,5y,1,collision,4.0,4,0,none,gt_30,gt_30,no_change,1,0,0,0,1_to_2,0
3512,1994,31_to_35,0,married,pontiac,sedan,lt_20k,3y,1,all_perils,4.0,1,0,2_to_4,gt_30,gt_30,no_change,0,1,0,0,gt_5,0
3518,1994,over_65,0,married,toyota,sport,20k_to_29k,7y,1,liability,4.0,3,0,2_to_4,gt_30,gt_30,no_change,1,0,0,0,3_to_5,0
3522,1994,41_to_50,0,married,acura,sedan,gt_69k,gt_7y,1,all_perils,4.0,2,0,1,gt_30,gt_30,no_change,1,0,0,0,gt_5,0
3523,1994,36_to_40,0,married,other,sedan,20k_to_29k,gt_7y,1,all_perils,4.0,4,0,none,gt_30,gt_30,no_change,1,0,0,0,gt_5,0
3527,1994,36_to_40,0,married,pontiac,sport,30k_to_39k,7y,3_to_4,liability,4.0,3,1,2_to_4,gt_30,gt_30,no_change,0,0,0,0,1_to_2,0
3529,1994,36_to_40,1,single,honda,sedan,20k_to_29k,7y,2,collision,4.0,1,0,none,gt_30,gt_30,4_to_8y,1,1,0,0,3_to_5,0
3534,1994,51_to_65,0,married,toyota,sedan,20k_to_29k,gt_7y,1,collision,4.0,3,0,2_to_4,gt_30,gt_30,no_change,0,0,0,0,gt_5,0
3539,1994,21_to_25,1,single,pontiac,sedan,20k_to_29k,4y,1,all_perils,4.0,2,0,none,gt_30,gt_30,no_change,1,0,0,0,gt_5,0
3542,1994,31_to_35,0,married,acura,sedan,gt_69k,7y,1,all_perils,4.0,4,0,2_to_4,gt_30,gt_30,no_change,1,0,0,0,3_to_5,0
3544,1994,16_to_17,0,single,honda,sedan,gt_69k,new,1,all_perils,4.0,3,0,none,gt_30,gt_30,no_change,1,0,0,0,none,0
3546,1994,31_to_35,0,married,pontiac,sedan,30k_to_39k,5y,1,collision,4.0,4,0,1,gt_30,gt_30,no_change,1,1,0,0,none,0
3548,1994,36_to_40,0,married,honda,sport,20k_to_29k,7y,1,liability,4.0,1,0,gt_4,gt_30,gt_30,no_change,1,0,0,0,none,0
3549,1994,51_to_65,1,married,chevrolet,sport,20k_to_29k,3y,1,liability,4.0,1,0,2_to_4,gt_30,gt_30,no_change,1,0,0,0,none,0
3553,1994,31_to_35,0,single,pontiac,sport,30k_to_39k,6y,1,liability,4.0,3,0,2_to_4,gt_30,gt_30,no_change,1,0,0,0,gt_5,0
3554,1994,31_to_35,0,married,ford,sedan,40k_to_59k,7y,1,collision,4.0,1,0,2_to_4,gt_30,gt_30,no_change,1,0,0,0,gt_5,0
3558,1994,51_to_65,0,married,ford,sedan,40k_to_59k,gt_7y,1,collision,4.0,3,0,none,gt_30,gt_30,no_change,1,0,0,0,none,0
3560,1994,31_to_35,0,married,pontiac,sport,40k_to_59k,7y,1,liability,4.0,2,0,2_to_4,gt_30,gt_30,no_change,1,0,0,0,none,0
3571,1994,31_to_35,0,single,chevrolet,sport,20k_to_29k,7y,2,liability,5.0,2,0,none,gt_30,gt_30,2_to_3y,0,0,0,0,3_to_5,0
3573,1994,31_to_35,0,single,toyota,sport,30k_to_39k,7y,1,liability,4.0,1,0,gt_4,gt_30,gt_30,no_change,1,1,0,0,none,0
3577,1994,36_to_40,0,married,pontiac,sedan,20k_to_29k,5y,1,collision,4.0,4,0,none,gt_30,gt_30,no_change,1,0,0,0,none,0
3578,1994,36_to_40,1,married,pontiac,sedan,20k_to_29k,5y,1,collision,4.0,1,0,2_to_4,gt_30,gt_30,no_change,1,0,0,0,gt_5,0
3581,1994,51_to_65,0,married,chevrolet,sedan,20k_to_29k,gt_7y,1,collision,4.0,1,0,none,gt_30,gt_30,no_change,1,0,0,0,none,0
3587,1994,36_to_40,0,married,pontiac,sport,20k_to_29k,gt_7y,1,liability,4.0,1,0,2_to_4,gt_30,gt_30,no_change,0,0,0,0,1_to_2,0
3589,1994,31_to_35,0,single,pontiac,sedan,20k_to_29k,6y,1,all_perils,4.0,4,0,none,gt_30,gt_30,no_change,1,1,0,0,3_to_5,1
3605,1994,51_to_65,0,married,toyota,sedan,20k_to_29k,gt_7y,1,all_perils,4.0,2,0,2_to_4,gt_30,gt_30,no_change,0,0,0,0,none,0
3610,1994,16_to_17,0,single,honda,sport,gt_69k,new,1,liability,4.0,3,0,gt_4,gt_30,gt_30,no_change,1,0,0,0,none,0
3611,1994,31_to_35,0,single,honda,sport,20k_to_29k,6y,1,liability,4.0,4,0,gt_4,gt_30,gt_30,no_change,1,0,0,0,gt_5,0
3617,1994,31_to_35,0,married,honda,sport,20k_to_29k,7y,1,liability,4.0,2,0,none,gt_30,gt_30,no_change,1,1,0,0,gt_5,0
3618,1994,41_to_50,1,married,chevrolet,sedan,30k_to_39k,7y,1,all_perils,4.0,1,0,none,gt_30,gt_30,no_change,0,0,0,0,none,0
3623,1994,41_to_50,0,married,mazda,sedan,20k_to_29k,gt_7y,1,all_perils,4.0,1,0,1,gt_30,gt_30,no_change,1,1,0,0,none,0
3624,1994,36_to_40,0,married,honda,sedan,gt_69k,new,1,all_perils,4.0,2,0,none,gt_30,gt_30,no_change,0,0,0,0,none,0
3629,1994,36_to_40,0,married,pontiac,sedan,20k_to_29k,7y,1,all_perils,4.0,3,0,2_to_4,gt_30,gt_30,no_change,0,0,0,0,3_to_5,0
3632,1994,36_to_40,1,married,other,sedan,30k_to_39k,7y,1,collision,4.0,3,0,none,gt_30,gt_30,no_change,1,1,0,0,3_to_5,0
3636,1994,31_to_35,0,single,other,sport,gt_69k,7y,1,liability,4.0,2,0,1,gt_30,gt_30,no_change,1,0,0,0,gt_5,0
3637,1994,41_to_50,0,married,chevrolet,sport,30k_to_39k,gt_7y,1,liability,4.0,3,0,2_to_4,gt_30,gt_30,no_change,0,0,0,0,3_to_5,0
3640,1994,36_to_40,0,married,pontiac,sedan,lt_20k,6y,1,all_perils,4.0,2,0,none,gt_30,gt_30,no_change,1,1,0,0,3_to_5,0
3641,1994,31_to_35,1,single,honda,sport,20k_to_29k,6y,1,liability,4.0,3,0,1,gt_30,gt_30,1y,1,0,0,0,none,0
3645,1994,41_to_50,0,married,pontiac,sedan,20k_to_29k,gt_7y,1,all_perils,4.0,3,0,2_to_4,gt_30,gt_30,no_change,1,0,0,0,1_to_2,0
3648,1994,36_to_40,0,married,pontiac,sport,20k_to_29k,gt_7y,1,liability,4.0,2,0,2_to_4,gt_30,gt_30,no_change,1,0,0,0,none,0
3649,1994,26_to_30,0,single,mazda,sport,gt_69k,5y,1,collision,4.0,1,0,none,gt_30,gt_30,no_change,0,0,0,0,gt_5,0
3650,1994,31_to_35,0,single,pontiac,sedan,30k_to_39k,6y,3_to_4,collision,4.0,1,0,2_to_4,gt_30,gt_30,no_change,1,1,0,0,gt_5,1
3652,1994,31_to_35,1,single,toyota,sport,20k_to_29k,5y,1,liability,4.0,3,0,2_to_4,gt_30,gt_30,no_change,1,0,0,0,none,0
3653,1994,31_to_35,1,single,pontiac,sport,20k_to_29k,5y,1,liability,4.0,2,0,1,gt_30,gt_30,no_change,1,0,0,0,1_to_2,0
3654,1994,31_to_35,0,married,pontiac,sedan,20k_to_29k,7y,1,all_perils,4.0,1,0,none,gt_30,gt_30,no_change,1,0,0,0,3_to_5,0
3655,1994,31_to_35,0,single,pontiac,sport,gt_69k,5y,2,liability,4.0,1,0,2_to_4,gt_30,gt_30,4_to_8y,1,0,0,0,1_to_2,0
3658,1994,36_to_40,0,married,honda,sport,20k_to_29k,7y,1,liability,4.0,2,0,1,gt_30,gt_30,no_change,1,0,0,0,3_to_5,0
3660,1994,36_to_40,0,married,honda,sedan,20k_to_29k,7y,1,all_perils,4.0,3,0,none,gt_30,gt_30,no_change,0,0,0,0,gt_5,0
3661,1994,31_to_35,1,single,honda,sedan,gt_69k,5y,1,collision,4.0,4,0,none,gt_30,gt_30,no_change,1,0,0,0,gt_5,0
3664,1994,41_to_50,0,single,toyota,sedan,lt_20k,gt_7y,1,all_perils,4.0,4,0,1,gt_30,gt_30,no_change,1,0,0,0,none,0
3666,1994,41_to_50,1,married,toyota,sedan,20k_to_29k,7y,1,collision,4.0,4,0,2_to_4,gt_30,gt_30,no_change,1,0,0,0,1_to_2,0
3668,1994,over_65,0,married,chevrolet,sedan,20k_to_29k,gt_7y,1,all_perils,4.0,2,0,2_to_4,gt_30,gt_30,no_change,1,0,0,0,3_to_5,0
3676,1994,31_to_35,0,married,pontiac,sedan,20k_to_29k,6y,2,collision,4.0,4,0,2_to_4,gt_30,gt_30,4_to_8y,1,0,0,0,none,1
3677,1994,36_to_40,0,married,other,sedan,30k_to_39k,7y,1,collision,4.0,3,0,gt_4,gt_30,gt_30,no_change,0,0,0,0,3_to_5,0
3679,1994,36_to_40,1,single,honda,sport,20k_to_29k,7y,1,liability,4.0,3,0,2_to_4,gt_30,gt_30,no_change,1,0,0,0,gt_5,0
3680,1994,41_to_50,0,married,pontiac,sedan,20k_to_29k,6y,1,all_perils,4.0,3,0,2_to_4,gt_30,gt_30,no_change,1,0,0,0,3_to_5,0
3683,1994,31_to_35,0,married,toyota,sport,20k_to_29k,6y,1,liability,4.0,3,0,1,gt_30,gt_30,no_change,1,0,0,0,none,0
3686,1994,36_to_40,0,married,pontiac,sedan,20k_to_29k,6y,1,collision,4.0,2,0,1,gt_30,gt_30,no_change,0,0,0,0,none,0
3690,1994,31_to_35,0,married,other,sedan,30k_to_39k,7y,1,collision,7.0,3,0,none,gt_30,gt_30,no_change,0,0,0,0,gt_5,0
3692,1994,31_to_35,0,single,honda,sedan,30k_to_39k,7y,1,collision,4.0,4,0,1,gt_30,gt_30,no_change,1,0,0,0,none,0
3694,1994,26_to_30,0,single,pontiac,sedan,20k_to_29k,6y,1,all_perils,4.0,2,0,none,gt_30,gt_30,no_change,1,0,0,0,1_to_2,1
3699,1994,31_to_35,0,married,toyota,sport,20k_to_29k,5y,1,liability,4.0,1,0,2_to_4,gt_30,gt_30,no_change,1,0,0,0,none,0
3700,1994,31_to_35,0,single,toyota,sedan,20k_to_29k,6y,1,all_perils,4.0,3,0,none,gt_30,gt_30,no_change,1,0,0,0,none,0
3706,1994,36_to_40,0,married,ford,sedan,40k_to_59k,7y,1,collision,4.0,1,0,none,gt_30,gt_30,no_change,1,0,0,0,none,0
3710,1994,31_to_35,0,married,toyota,sedan,20k_to_29k,7y,1,collision,4.0,1,0,2_to_4,gt_30,gt_30,no_change,1,0,0,0,1_to_2,0
3712,1994,31_to_35,0,married,ford,sedan,lt_20k,6y,1,all_perils,4.0,3,0,1,gt_30,gt_30,no_change,1,0,0,0,3_to_5,0
3717,1994,41_to_50,1,married,toyota,sedan,20k_to_29k,6y,1,all_perils,4.0,3,0,1,gt_30,gt_30,no_change,1,0,0,0,none,0
3718,1994,41_to_50,0,married,honda,sport,20k_to_29k,gt_7y,2,liability,4.0,1,0,gt_4,gt_30,gt_30,4_to_8y,1,0,0,0,none,0
3723,1994,31_to_35,0,single,other,sedan,30k_to_39k,7y,1,all_perils,4.0,1,0,2_to_4,gt_30,gt_30,no_change,1,0,0,0,3_to_5,0
3724,1994,36_to_40,0,single,toyota,sport,30k_to_39k,7y,1,liability,5.0,3,0,gt_4,gt_30,gt_30,2_to_3y,1,0,0,0,gt_5,0
3728,1994,31_to_35,0,single,toyota,sport,20k_to_29k,4y,1,liability,4.0,2,1,2_to_4,gt_30,gt_30,no_change,1,1,0,0,none,0
3731,1994,51_to_65,0,married,pontiac,sedan,lt_20k,gt_7y,1,all_perils,4.0,1,0,none,gt_30,gt_30,no_change,1,0,0,0,3_to_5,0
3733,1994,41_to_50,0,married,pontiac,sedan,20k_to_29k,6y,1,all_perils,4.0,2,0,1,gt_30,gt_30,no_change,0,0,0,0,gt_5,0
3739,1994,31_to_35,0,single,mazda,sport,20k_to_29k,6y,2,liability,4.0,2,0,gt_4,gt_30,gt_30,4_to_8y,1,1,0,0,1_to_2,0
3740,1994,over_65,0,married,pontiac,sedan,30k_to_39k,gt_7y,1,all_perils,4.0,1,0,1,gt_30,gt_30,no_change,1,0,0,0,none,0
3747,1994,41_to_50,0,single,chevrolet,sedan,gt_69k,7y,1,all_perils,4.0,4,0,none,gt_30,gt_30,no_change,0,0,0,0,none,0
3748,1994,31_to_35,0,married,honda,sedan,20k_to_29k,7y,1,collision,4.0,4,0,2_to_4,gt_30,gt_30,no_change,1,0,0,0,gt_5,0
3751,1994,36_to_40,0,single,chevrolet,sedan,20k_to_29k,7y,1,all_perils,4.0,2,0,2_to_4,gt_30,gt_30,no_change,1,0,0,0,gt_5,0
3760,1994,51_to_65,0,married,chevrolet,sedan,gt_69k,gt_7y,2,collision,4.0,2,0,2_to_4,gt_30,gt_30,4_to_8y,1,0,0,0,gt_5,0
3761,1994,36_to_40,0,married,mazda,sport,20k_to_29k,6y,1,liability,4.0,2,0,2_to_4,gt_30,gt_30,no_change,1,0,0,0,gt_5,0
3763,1994,31_to_35,0,single,pontiac,sport,20k_to_29k,7y,1,liability,4.0,3,0,gt_4,gt_30,gt_30,no_change,1,0,0,0,gt_5,0
3773,1994,36_to_40,0,married,honda,sedan,40k_to_59k,gt_7y,3_to_4,collision,4.0,1,0,2_to_4,gt_30,gt_30,no_change,1,0,0,0,3_to_5,1
3774,1994,36_to_40,0,married,chevrolet,sedan,30k_to_39k,7y,1,all_perils,4.0,4,0,1,gt_30,gt_30,no_change,1,0,0,0,none,0
3775,1994,31_to_35,1,married,toyota,sedan,20k_to_29k,6y,1,all_perils,5.0,2,0,none,gt_30,gt_30,2_to_3y,1,0,0,0,none,0
3776,1994,31_to_35,0,single,toyota,sedan,20k_to_29k,6y,1,all_perils,4.0,1,0,none,gt_30,gt_30,no_change,0,0,0,0,none,0
3781,1994,26_to_30,0,single,pontiac,sedan,30k_to_39k,5y,2,collision,4.0,1,0,1,gt_30,gt_30,4_to_8y,0,0,0,1,1_to_2,0
3784,1994,31_to_35,0,single,honda,sedan,20k_to_29k,5y,1,collision,4.0,3,0,none,gt_30,gt_30,no_change,1,0,0,0,none,0
3788,1994,51_to_65,0,married,toyota,sedan,gt_69k,gt_7y,1,all_perils,4.0,2,0,2_to_4,gt_30,gt_30,no_change,1,0,0,0,gt_5,0
3792,1994,36_to_40,0,married,pontiac,sport,30k_to_39k,7y,1,liability,4.0,1,0,2_to_4,gt_30,gt_30,no_change,1,1,0,0,gt_5,0
3793,1994,31_to_35,0,single,toyota,sedan,20k_to_29k,7y,1,collision,4.0,2,0,none,gt_30,gt_30,no_change,0,0,0,0,3_to_5,0
3798,1994,51_to_65,0,married,toyota,sedan,20k_to_29k,6y,1,collision,4.0,2,0,1,gt_30,gt_30,no_change,1,0,0,0,1_to_2,0
3802,1994,41_to_50,0,married,acura,sport,30k_to_39k,gt_7y,2,liability,4.0,4,0,gt_4,gt_30,gt_30,4_to_8y,0,0,0,0,gt_5,0
3810,1994,41_to_50,0,married,mazda,sport,60k_to_69k,gt_7y,1,liability,4.0,2,0,none,gt_30,gt_30,no_change,0,0,0,0,none,0
3813,1994,36_to_40,0,married,toyota,sedan,20k_to_29k,7y,1,all_perils,4.0,3,0,none,gt_30,gt_30,no_change,1,0,0,0,1_to_2,0
3817,1994,41_to_50,0,married,pontiac,sedan,20k_to_29k,gt_7y,1,all_perils,4.0,2,0,none,gt_30,gt_30,no_change,0,0,0,0,none,0
3818,1994,31_to_35,0,married,honda,sport,gt_69k,7y,1,liability,4.0,4,0,none,gt_30,gt_30,no_change,1,0,0,0,none,0
3827,1994,36_to_40,0,divorced,honda,sedan,30k_to_39k,7y,1,collision,4.0,3,0,none,gt_30,gt_30,no_change,1,0,0,0,none,0
3829,1994,over_65,0,married,toyota,sedan,lt_20k,7y,1,all_perils,4.0,1,0,2_to_4,gt_30,gt_30,no_change,0,0,0,0,none,0
3831,1994,31_to_35,1,single,mazda,sedan,30k_to_39k,3y,1,collision,4.0,4,0,none,gt_30,gt_30,no_change,1,0,0,0,none,0
3832,1994,36_to_40,0,married,chevrolet,sedan,30k_to_39k,7y,1,collision,4.0,3,0,gt_4,gt_30,gt_30,no_change,1,0,0,0,gt_5,0
3839,1994,31_to_35,0,married,toyota,sedan,20k_to_29k,5y,1,all_perils,4.0,2,0,none,gt_30,gt_30,no_change,0,0,1,1,none,0
3845,1994,41_to_50,0,married,mazda,sport,30k_to_39k,gt_7y,1,liability,7.0,4,0,2_to_4,gt_30,gt_30,no_change,1,0,0,0,none,0
3846,1994,41_to_50,0,married,pontiac,sedan,20k_to_29k,7y,1,collision,4.0,4,0,1,gt_30,gt_30,no_change,0,0,0,0,1_to_2,0
3847,1994,36_to_40,0,single,honda,sedan,lt_20k,7y,1,all_perils,4.0,2,0,none,gt_30,gt_30,no_change,0,0,0,0,1_to_2,0
3849,1994,over_65,0,married,toyota,sedan,30k_to_39k,gt_7y,1,collision,4.0,2,0,2_to_4,gt_30,gt_30,no_change,1,0,0,0,none,0
3853,1994,41_to_50,0,married,chevrolet,sport,40k_to_59k,gt_7y,1,liability,4.0,1,0,2_to_4,gt_30,gt_30,no_change,1,0,0,0,gt_5,0
3854,1994,36_to_40,1,single,pontiac,sedan,30k_to_39k,7y,1,collision,4.0,1,0,1,gt_30,gt_30,no_change,0,0,0,0,none,0
3857,1994,16_to_17,0,single,honda,sedan,gt_69k,new,1,all_perils,4.0,1,0,2_to_4,gt_30,gt_30,no_change,1,0,0,0,none,1
3861,1994,41_to_50,1,married,pontiac,sedan,30k_to_39k,5y,1,all_perils,4.0,1,0,1,gt_30,gt_30,no_change,1,0,0,0,gt_5,0
3863,1994,31_to_35,0,married,pontiac,sedan,20k_to_29k,5y,1,collision,4.0,4,0,2_to_4,gt_30,gt_30,no_change,1,0,0,0,none,0
3867,1994,51_to_65,0,married,mazda,sedan,lt_20k,gt_7y,1,all_perils,4.0,1,0,1,gt_30,gt_30,no_change,0,0,0,0,none,0
3868,1994,41_to_50,0,married,honda,sport,20k_to_29k,gt_7y,1,liability,4.0,4,0,2_to_4,gt_30,gt_30,no_change,1,0,0,0,none,0
3871,1994,41_to_50,0,married,pontiac,sedan,20k_to_29k,gt_7y,1,all_perils,4.0,4,0,none,gt_30,gt_30,no_change,0,0,0,0,none,0
3874,1994,36_to_40,0,married,mazda,sedan,20k_to_29k,7y,1,collision,4.0,4,0,1,gt_30,gt_30,no_change,1,0,0,0,1_to_2,0
3878,1994,41_to_50,0,married,pontiac,sedan,20k_to_29k,7y,1,all_perils,4.0,2,0,none,gt_30,gt_30,no_change,1,0,0,0,none,0
3880,1994,31_to_35,0,married,honda,sport,30k_to_39k,6y,1,liability,4.0,2,0,1,gt_30,gt_30,no_change,1,1,0,0,1_to_2,0
3884,1994,51_to_65,0,married,pontiac,sedan,lt_20k,gt_7y,1,all_perils,4.0,3,0,none,gt_30,gt_30,no_change,1,0,0,0,none,0
3886,1994,31_to_35,0,single,chevrolet,sport,20k_to_29k,6y,2,liability,4.0,4,0,1,gt_30,gt_30,4_to_8y,1,0,0,0,gt_5,0
3893,1994,41_to_50,0,married,pontiac,utility,gt_69k,gt_7y,1,all_perils,4.0,4,0,gt_4,gt_30,gt_30,no_change,1,0,0,0,none,0
3894,1994,31_to_35,0,single,chevrolet,sedan,30k_to_39k,6y,1,collision,4.0,2,0,none,gt_30,gt_30,no_change,0,0,0,0,gt_5,0
3895,1994,36_to_40,1,divorced,toyota,sedan,lt_20k,7y,1,all_perils,4.0,4,0,1,gt_30,gt_30,no_change,1,0,0,0,none,0
3899,1994,16_to_17,0,single,honda,sedan,gt_69k,new,1,collision,4.0,4,0,1,gt_30,gt_30,no_change,1,1,0,0,none,0
3902,1994,31_to_35,0,married,honda,sport,gt_69k,6y,1,collision,4.0,2,0,1,gt_30,gt_30,no_change,1,0,0,0,1_to_2,0
3907,1994,31_to_35,1,single,pontiac,sport,20k_to_29k,6y,2,liability,4.0,1,0,gt_4,gt_30,gt_30,4_to_8y,1,0,0,0,3_to_5,0
3908,1994,31_to_35,1,single,mazda,sport,gt_69k,7y,1,collision,4.0,4,0,none,gt_30,gt_30,no_change,0,0,0,0,none,0
3909,1994,36_to_40,0,married,acura,sedan,30k_to_39k,7y,1,collision,4.0,4,0,1,gt_30,gt_30,no_change,1,0,0,0,none,0
3916,1994,51_to_65,0,single,other,sport,60k_to_69k,gt_7y,1,liability,4.0,3,0,2_to_4,gt_30,gt_30,no_change,1,0,0,0,gt_5,0
3917,1994,36_to_40,0,married,toyota,sedan,lt_20k,gt_7y,1,all_perils,4.0,2,0,1,gt_30,gt_30,no_change,1,0,0,0,3_to_5,0
3919,1994,51_to_65,0,married,chevrolet,sport,30k_to_39k,gt_7y,1,liability,4.0,2,0,gt_4,gt_30,gt_30,no_change,1,0,0,0,gt_5,0
3921,1994,31_to_35,0,single,other,sedan,30k_to_39k,7y,1,collision,4.0,2,0,none,gt_30,gt_30,no_change,0,0,0,0,gt_5,0
3922,1994,31_to_35,0,single,pontiac,sport,30k_to_39k,7y,1,liability,4.0,3,0,2_to_4,gt_30,gt_30,no_change,1,0,0,0,gt_5,0
3926,1994,41_to_50,0,married,chevrolet,sport,30k_to_39k,7y,1,liability,4.0,3,0,2_to_4,gt_30,gt_30,no_change,1,0,0,0,none,0
3930,1994,21_to_25,0,single,honda,sport,gt_69k,5y,1,collision,4.0,1,0,none,gt_30,gt_30,no_change,0,0,0,0,none,0
3936,1994,36_to_40,0,married,mazda,sport,gt_69k,gt_7y,1,liability,4.0,3,0,2_to_4,gt_30,gt_30,no_change,1,0,0,0,none,0
3937,1994,36_to_40,0,married,chevrolet,sport,20k_to_29k,gt_7y,3_to_4,liability,4.0,2,0,2_to_4,gt_30,gt_30,no_change,1,0,0,0,1_to_2,0
3941,1994,31_to_35,0,single,mazda,sedan,20k_to_29k,6y,1,collision,4.0,4,0,1,gt_30,gt_30,no_change,1,0,0,0,none,0
3951,1994,41_to_50,0,married,mazda,sedan,20k_to_29k,gt_7y,1,collision,4.0,3,0,2_to_4,gt_30,gt_30,no_change,0,1,0,0,none,0
3956,1994,31_to_35,1,married,honda,sport,20k_to_29k,7y,1,liability,4.0,4,0,2_to_4,gt_30,gt_30,no_change,1,0,0,0,3_to_5,0
3960,1994,51_to_65,0,married,pontiac,sedan,20k_to_29k,gt_7y,1,all_perils,4.0,2,0,2_to_4,gt_30,gt_30,no_change,0,0,0,0,gt_5,0
3961,1994,36_to_40,1,single,toyota,sport,30k_to_39k,7y,1,liability,4.0,2,0,gt_4,gt_30,gt_30,no_change,1,0,0,0,none,0
3962,1994,41_to_50,1,married,toyota,sport,20k_to_29k,5y,1,liability,4.0,4,0,2_to_4,gt_30,gt_30,no_change,1,0,0,0,gt_5,0
3966,1994,31_to_35,1,single,toyota,sedan,gt_69k,6y,1,collision,4.0,3,0,1,gt_30,gt_30,no_change,1,0,0,0,gt_5,0
3967,1994,41_to_50,0,married,chevrolet,sedan,20k_to_29k,gt_7y,1,all_perils,4.0,4,0,2_to_4,gt_30,gt_30,no_change,1,0,0,0,none,0
3973,1994,16_to_17,0,single,honda,sedan,gt_69k,new,1,all_perils,4.0,1,0,1,gt_30,gt_30,no_change,0,0,0,0,none,0
3975,1994,41_to_50,0,married,pontiac,sedan,20k_to_29k,gt_7y,1,all_perils,4.0,3,0,none,gt_30,gt_30,no_change,1,0,0,0,none,0
3977,1994,31_to_35,0,single,mazda,sport,30k_to_39k,6y,1,liability,4.0,2,0,1,gt_30,gt_30,no_change,1,0,0,0,gt_5,0
3978,1994,31_to_35,0,single,mazda,sport,20k_to_29k,7y,3_to_4,liability,4.0,1,0,2_to_4,gt_30,gt_30,no_change,1,0,0,0,none,0
3980,1994,31_to_35,0,single,honda,sedan,20k_to_29k,7y,1,all_perils,4.0,3,0,none,gt_30,gt_30,no_change,0,0,0,0,none,0
3983,1994,16_to_17,0,single,honda,sport,gt_69k,new,1,all_perils,4.0,2,0,gt_4,gt_30,gt_30,no_change,1,0,0,0,none,0
3989,1994,36_to_40,0,married,mazda,sedan,20k_to_29k,7y,1,all_perils,4.0,2,0,gt_4,gt_30,gt_30,no_change,1,0,0,0,1_to_2,0
3991,1994,31_to_35,1,married,acura,sport,30k_to_39k,7y,2,liability,4.0,1,0,none,gt_30,gt_30,4_to_8y,1,0,0,0,1_to_2,0
3996,1994,41_to_50,0,married,pontiac,sport,30k_to_39k,gt_7y,1,liability,4.0,4,0,2_to_4,gt_30,gt_30,no_change,1,0,0,0,3_to_5,0
3997,1994,41_to_50,0,married,other,sport,20k_to_29k,gt_7y,1,liability,4.0,1,0,2_to_4,gt_30,gt_30,no_change,1,0,0,0,none,0
3998,1994,31_to_35,0,married,toyota,sport,20k_to_29k,7y,1,liability,4.0,1,0,2_to_4,gt_30,gt_30,no_change,1,0,0,0,none,0
4000,1994,over_65,0,married,other,sport,40k_to_59k,gt_7y,1,liability,7.0,2,0,gt_4,gt_30,gt_30,no_change,0,0,0,0,gt_5,0
4001,1994,31_to_35,0,single,honda,sport,20k_to_29k,5y,1,liability,4.0,3,0,2_to_4,gt_30,gt_30,no_change,1,0,0,0,gt_5,0
4002,1994,36_to_40,1,married,toyota,sport,20k_to_29k,6y,1,liability,4.0,2,0,2_to_4,gt_30,gt_30,no_change,1,0,0,0,gt_5,0
4008,1994,31_to_35,0,married,mazda,sedan,20k_to_29k,6y,1,collision,4.0,2,0,2_to_4,gt_30,gt_30,no_change,1,1,0,0,3_to_5,0
4009,1994,36_to_40,0,married,honda,sedan,20k_to_29k,7y,1,collision,4.0,4,0,none,gt_30,gt_30,no_change,0,0,0,0,gt_5,0
4010,1994,31_to_35,0,single,toyota,sedan,20k_to_29k,5y,1,collision,4.0,4,0,2_to_4,gt_30,gt_30,no_change,0,0,0,0,3_to_5,0
4017,1994,36_to_40,0,married,chevrolet,sedan,30k_to_39k,7y,1,all_perils,4.0,4,0,1,gt_30,gt_30,no_change,1,0,0,0,1_to_2,0
4025,1994,36_to_40,0,married,toyota,sedan,20k_to_29k,7y,1,collision,4.0,1,0,1,15_to_30,gt_30,no_change,1,0,0,1,none,0
4027,1994,31_to_35,1,married,toyota,sport,gt_69k,5y,1,liability,4.0,1,0,2_to_4,gt_30,gt_30,no_change,1,0,0,0,1_to_2,0
4032,1994,36_to_40,0,married,toyota,sedan,20k_to_29k,7y,1,all_perils,4.0,3,0,1,gt_30,gt_30,no_change,0,1,0,0,none,0
4033,1994,36_to_40,0,married,mazda,sedan,30k_to_39k,7y,2,collision,4.0,4,0,none,gt_30,gt_30,4_to_8y,1,0,0,0,none,0
4037,1994,31_to_35,1,married,chevrolet,sedan,20k_to_29k,7y,1,collision,4.0,2,0,2_to_4,gt_30,gt_30,no_change,0,0,0,0,gt_5,0
4038,1994,31_to_35,0,single,mazda,sport,gt_69k,6y,1,collision,4.0,3,0,1,gt_30,gt_30,no_change,1,0,0,0,none,0
4039,1994,51_to_65,0,married,chevrolet,sedan,20k_to_29k,gt_7y,1,all_perils,4.0,2,0,none,gt_30,gt_30,no_change,1,0,0,0,none,0
4040,1994,36_to_40,0,married,honda,sport,20k_to_29k,7y,1,liability,4.0,2,0,1,gt_30,gt_30,no_change,0,0,0,0,none,0
4043,1994,31_to_35,1,single,toyota,sedan,20k_to_29k,6y,1,all_perils,4.0,3,0,1,gt_30,gt_30,no_change,0,0,0,0,1_to_2,0
4049,1994,26_to_30,0,single,honda,sport,gt_69k,6y,1,collision,4.0,4,0,1,gt_30,gt_30,no_change,1,0,0,0,gt_5,0
4050,1994,over_65,0,married,chevrolet,sport,gt_69k,gt_7y,1,liability,4.0,4,0,2_to_4,gt_30,gt_30,no_change,1,0,0,0,gt_5,0
4053,1994,36_to_40,1,single,mazda,sport,20k_to_29k,7y,1,liability,4.0,2,0,1,gt_30,gt_30,no_change,1,0,0,0,none,0
4054,1994,36_to_40,0,married,pontiac,sport,30k_to_39k,gt_7y,2,liability,4.0,4,0,gt_4,gt_30,gt_30,4_to_8y,1,0,0,0,3_to_5,0
4057,1994,over_65,0,married,ford,sport,60k_to_69k,gt_7y,1,all_perils,4.0,1,0,gt_4,gt_30,gt_30,no_change,0,0,0,0,gt_5,0
4065,1994,36_to_40,0,single,pontiac,sedan,20k_to_29k,7y,1,collision,4.0,2,0,none,gt_30,gt_30,no_change,1,1,0,0,gt_5,0
4069,1994,31_to_35,0,married,chevrolet,sedan,20k_to_29k,7y,1,all_perils,4.0,4,0,none,gt_30,gt_30,no_change,1,0,0,0,3_to_5,0
4071,1994,31_to_35,0,single,pontiac,sport,20k_to_29k,6y,1,liability,4.0,4,0,none,gt_30,gt_30,no_change,1,1,0,0,none,0
4072,1994,51_to_65,0,married,toyota,sedan,30k_to_39k,gt_7y,1,collision,4.0,4,1,1,gt_30,gt_30,no_change,1,0,0,0,none,0
4074,1994,41_to_50,0,married,mazda,sedan,20k_to_29k,gt_7y,1,collision,4.0,1,0,2_to_4,gt_30,gt_30,no_change,1,0,0,0,gt_5,0
4077,1994,51_to_65,0,married,toyota,sport,20k_to_29k,gt_7y,1,liability,4.0,2,0,2_to_4,gt_30,gt_30,no_change,1,1,0,0,gt_5,0
4079,1994,41_to_50,0,married,pontiac,sedan,20k_to_29k,gt_7y,1,all_perils,4.0,3,0,none,gt_30,gt_30,no_change,0,0,0,0,none,0
4080,1994,36_to_40,1,married,honda,sport,20k_to_29k,7y,1,liability,4.0,4,0,1,gt_30,gt_30,no_change,1,0,0,0,none,0
4081,1994,51_to_65,0,married,chevrolet,sedan,20k_to_29k,gt_7y,1,all_perils,5.0,1,0,1,gt_30,gt_30,2_to_3y,0,0,0,0,none,0
4084,1994,31_to_35,1,single,toyota,sedan,lt_20k,4y,1,collision,4.0,3,0,2_to_4,gt_30,gt_30,no_change,1,0,0,0,none,0
4087,1994,31_to_35,0,married,pontiac,sedan,lt_20k,7y,1,all_perils,4.0,1,0,2_to_4,gt_30,gt_30,no_change,1,1,0,0,3_to_5,0
4095,1994,36_to_40,0,married,chevrolet,utility,gt_69k,7y,1,all_perils,4.0,4,0,2_to_4,gt_30,gt_30,no_change,1,0,0,0,none,1
4096,1994,41_to_50,0,married,mazda,sedan,20k_to_29k,gt_7y,2,collision,4.0,2,0,none,gt_30,gt_30,1y,0,0,0,0,1_to_2,0
4099,1994,36_to_40,0,married,mazda,sedan,20k_to_29k,7y,1,collision,4.0,4,0,2_to_4,gt_30,gt_30,no_change,1,1,0,0,gt_5,0
4106,1994,31_to_35,0,single,mazda,sedan,20k_to_29k,7y,1,collision,4.0,1,0,1,gt_30,gt_30,no_change,1,0,0,0,3_to_5,0
4119,1994,31_to_35,1,married,mazda,sedan,lt_20k,6y,1,all_perils,4.0,4,0,1,gt_30,gt_30,no_change,0,0,0,0,gt_5,0
4123,1994,31_to_35,0,single,honda,sport,20k_to_29k,7y,1,liability,4.0,3,0,2_to_4,gt_30,gt_30,no_change,1,0,0,0,1_to_2,0
4129,1994,51_to_65,0,married,pontiac,sport,30k_to_39k,gt_7y,1,liability,4.0,1,0,2_to_4,gt_30,gt_30,no_change,1,0,0,0,none,0
4131,1994,31_to_35,1,single,toyota,sedan,20k_to_29k,6y,1,collision,4.0,1,0,2_to_4,gt_30,gt_30,no_change,1,0,0,0,none,0
4135,1994,36_to_40,0,married,toyota,sedan,20k_to_29k,7y,1,collision,4.0,1,0,2_to_4,gt_30,gt_30,no_change,0,0,0,0,gt_5,0
4143,1994,41_to_50,0,married,honda,sport,20k_to_29k,7y,1,liability,4.0,2,0,gt_4,gt_30,gt_30,no_change,1,0,0,0,none,0
4144,1994,31_to_35,0,married,toyota,sedan,20k_to_29k,7y,1,all_perils,4.0,1,0,none,gt_30,gt_30,no_change,1,0,0,0,1_to_2,0
4151,1994,31_to_35,1,single,mazda,sport,20k_to_29k,5y,1,liability,4.0,3,0,none,gt_30,gt_30,no_change,1,0,0,0,gt_5,0
4153,1994,36_to_40,0,single,toyota,sedan,20k_to_29k,7y,1,collision,4.0,4,0,1,gt_30,gt_30,no_change,1,0,0,0,1_to_2,0
4155,1994,31_to_35,0,married,pontiac,sport,30k_to_39k,7y,1,liability,7.0,4,0,gt_4,gt_30,gt_30,no_change,1,0,0,0,gt_5,0
4157,1994,36_to_40,0,single,mazda,sport,30k_to_39k,7y,1,liability,4.0,1,0,2_to_4,gt_30,gt_30,no_change,1,0,0,0,none,0
4159,1994,31_to_35,0,married,honda,sedan,gt_69k,6y,2,collision,4.0,4,0,2_to_4,gt_30,gt_30,4_to_8y,1,0,0,0,gt_5,1
4161,1994,31_to_35,0,married,pontiac,sport,30k_to_39k,7y,1,liability,4.0,2,0,none,gt_30,gt_30,no_change,0,0,0,0,none,0
4162,1994,41_to_50,0,married,honda,sedan,20k_to_29k,gt_7y,1,collision,4.0,3,0,1,gt_30,gt_30,no_change,1,1,0,0,none,0
4166,1994,51_to_65,0,married,pontiac,utility,40k_to_59k,gt_7y,1,all_perils,4.0,1,0,2_to_4,gt_30,gt_30,no_change,0,0,0,0,gt_5,0
4167,1994,26_to_30,0,single,toyota,sedan,20k_to_29k,5y,1,collision,4.0,4,0,2_to_4,gt_30,gt_30,no_change,1,0,0,0,1_to_2,0
4176,1994,31_to_35,0,single,mazda,sedan,20k_to_29k,7y,1,all_perils,4.0,4,0,none,gt_30,gt_30,no_change,1,0,0,0,none,1
4180,1994,51_to_65,0,married,mazda,sport,30k_to_39k,gt_7y,2,liability,4.0,4,0,2_to_4,gt_30,gt_30,4_to_8y,1,0,0,0,none,0
4183,1994,36_to_40,0,married,acura,sport,30k_to_39k,6y,3_to_4,liability,5.0,3,0,2_to_4,gt_30,gt_30,2_to_3y,1,0,0,0,none,0
4184,1994,31_to_35,0,married,other,sedan,30k_to_39k,7y,1,collision,4.0,4,0,1,gt_30,gt_30,no_change,0,0,0,0,none,0
4189,1994,41_to_50,0,single,mazda,utility,gt_69k,gt_7y,1,all_perils,4.0,3,0,2_to_4,gt_30,gt_30,no_change,1,0,0,0,1_to_2,0
4192,1994,31_to_35,0,married,honda,sedan,30k_to_39k,7y,1,collision,4.0,3,0,2_to_4,gt_30,gt_30,no_change,1,0,0,0,1_to_2,0
4195,1994,31_to_35,0,married,chevrolet,sport,30k_to_39k,6y,1,liability,4.0,4,0,2_to_4,gt_30,gt_30,no_change,1,0,0,0,none,0
4196,1994,31_to_35,1,single,chevrolet,sport,20k_to_29k,6y,1,liability,4.0,1,0,2_to_4,gt_30,gt_30,no_change,0,0,0,0,none,0
4197,1994,31_to_35,0,married,mazda,sedan,30k_to_39k,6y,1,collision,4.0,3,0,none,gt_30,gt_30,no_change,1,0,0,0,gt_5,0
4207,1994,36_to_40,0,married,pontiac,sedan,30k_to_39k,7y,1,collision,4.0,3,0,none,15_to_30,15_to_30,no_change,1,0,0,0,none,0
4212,1994,31_to_35,1,married,toyota,sedan,20k_to_29k,6y,1,collision,4.0,3,0,none,gt_30,gt_30,no_change,1,0,0,0,none,0
4216,1994,36_to_40,1,married,pontiac,sport,20k_to_29k,7y,1,liability,4.0,4,0,2_to_4,gt_30,gt_30,no_change,1,0,0,0,none,0
4222,1994,31_to_35,0,single,toyota,sedan,20k_to_29k,7y,2,collision,4.0,4,0,1,gt_30,gt_30,4_to_8y,0,1,0,0,gt_5,0
4224,1994,36_to_40,1,married,chevrolet,sport,20k_to_29k,7y,3_to_4,liability,4.0,2,0,2_to_4,gt_30,gt_30,no_change,0,0,0,0,none,0
4225,1994,36_to_40,1,divorced,mazda,sedan,20k_to_29k,7y,1,collision,4.0,1,0,gt_4,gt_30,gt_30,no_change,1,0,0,0,gt_5,0
4229,1994,over_65,0,married,acura,utility,gt_69k,gt_7y,1,all_perils,4.0,1,0,none,gt_30,gt_30,no_change,1,0,0,0,1_to_2,1
4237,1994,31_to_35,0,married,chevrolet,sport,20k_to_29k,6y,1,liability,4.0,1,0,gt_4,gt_30,gt_30,no_change,1,0,0,0,none,0
4238,1994,41_to_50,0,married,toyota,sedan,lt_20k,gt_7y,1,all_perils,4.0,4,0,none,gt_30,gt_30,no_change,1,0,0,0,gt_5,0
4244,1994,31_to_35,0,married,toyota,sedan,20k_to_29k,6y,1,collision,4.0,4,0,none,gt_30,gt_30,no_change,1,0,0,1,none,0
4245,1994,31_to_35,0,married,toyota,sedan,20k_to_29k,7y,1,collision,4.0,2,0,2_to_4,gt_30,gt_30,no_change,1,0,0,0,1_to_2,0
4247,1994,31_to_35,0,single,chevrolet,sport,20k_to_29k,7y,1,liability,4.0,3,0,gt_4,gt_30,gt_30,no_change,1,0,0,0,1_to_2,0
4248,1994,41_to_50,1,married,mazda,sedan,gt_69k,gt_7y,1,all_perils,7.0,3,0,none,gt_30,gt_30,no_change,1,0,0,0,3_to_5,0
4250,1994,31_to_35,0,single,mazda,sedan,30k_to_39k,7y,1,collision,4.0,3,0,1,gt_30,gt_30,no_change,1,0,0,0,none,0
4251,1994,31_to_35,0,married,toyota,sport,20k_to_29k,5y,1,liability,4.0,1,0,2_to_4,gt_30,gt_30,no_change,1,0,0,0,none,0
4255,1994,31_to_35,0,married,mazda,sedan,gt_69k,7y,1,collision,4.0,3,0,2_to_4,gt_30,gt_30,no_change,1,0,0,0,gt_5,0
4265,1994,31_to_35,0,single,pontiac,sedan,20k_to_29k,6y,3_to_4,collision,4.0,3,0,1,gt_30,gt_30,no_change,0,0,0,0,gt_5,0
4266,1994,36_to_40,0,married,mazda,sedan,20k_to_29k,7y,1,collision,4.0,2,0,2_to_4,gt_30,gt_30,no_change,1,0,0,0,gt_5,0
4267,1994,31_to_35,0,single,mazda,sport,30k_to_39k,6y,1,liability,4.0,2,0,2_to_4,gt_30,gt_30,no_change,1,0,0,0,none,1
4269,1994,36_to_40,0,single,pontiac,sport,20k_to_29k,gt_7y,1,liability,4.0,4,0,1,gt_30,gt_30,no_change,1,0,0,0,gt_5,0
4275,1994,26_to_30,0,single,toyota,sedan,lt_20k,5y,1,all_perils,4.0,2,0,1,gt_30,gt_30,no_change,1,0,0,0,gt_5,0
4276,1994,36_to_40,0,married,mazda,sedan,20k_to_29k,7y,1,all_perils,4.0,2,0,2_to_4,gt_30,gt_30,no_change,1,1,0,0,1_to_2,1
4278,1994,31_to_35,0,married,honda,sport,20k_to_29k,7y,1,liability,4.0,4,0,gt_4,gt_30,gt_30,1y,1,0,0,0,none,0
4282,1994,26_to_30,0,single,pontiac,sport,20k_to_29k,4y,1,liability,4.0,3,0,gt_4,gt_30,gt_30,no_change,1,0,0,0,1_to_2,0
4284,1994,31_to_35,0,married,honda,sedan,20k_to_29k,6y,1,all_perils,4.0,3,0,gt_4,gt_30,gt_30,no_change,0,0,0,0,gt_5,0
4285,1994,51_to_65,0,married,honda,sedan,20k_to_29k,gt_7y,2,all_perils,5.0,3,0,1,gt_30,gt_30,2_to_3y,1,1,0,0,gt_5,0
4286,1994,41_to_50,0,married,honda,sport,20k_to_29k,7y,1,liability,4.0,2,0,gt_4,gt_30,gt_30,no_change,1,0,0,0,3_to_5,0
4287,1994,36_to_40,0,married,mazda,sport,20k_to_29k,7y,1,liability,4.0,3,0,2_to_4,gt_30,gt_30,no_change,1,0,0,0,3_to_5,0
4299,1994,21_to_25,0,single,honda,sport,gt_69k,3y,1,collision,4.0,3,0,none,gt_30,gt_30,no_change,1,0,0,0,none,0
4302,1994,31_to_35,1,single,pontiac,sport,20k_to_29k,5y,1,liability,4.0,1,0,2_to_4,gt_30,gt_30,no_change,1,0,0,0,3_to_5,0
4310,1994,51_to_65,0,married,toyota,sedan,20k_to_29k,7y,1,collision,7.0,1,0,none,gt_30,gt_30,no_change,1,0,0,0,3_to_5,0
4316,1994,36_to_40,1,married,honda,sedan,20k_to_29k,gt_7y,1,all_perils,4.0,4,0,none,gt_30,gt_30,no_change,0,0,0,0,1_to_2,0
4320,1994,36_to_40,0,married,toyota,sport,30k_to_39k,gt_7y,1,liability,4.0,2,1,1,gt_30,gt_30,no_change,0,0,0,0,gt_5,0
4329,1994,41_to_50,0,married,toyota,sport,20k_to_29k,7y,1,liability,4.0,3,0,gt_4,gt_30,gt_30,no_change,1,0,0,0,3_to_5,0
4333,1994,31_to_35,0,single,mazda,sport,gt_69k,5y,1,collision,4.0,4,0,none,gt_30,gt_30,no_change,1,0,0,0,none,0
4335,1994,36_to_40,0,married,toyota,sedan,20k_to_29k,7y,1,all_perils,4.0,3,0,1,gt_30,gt_30,no_change,1,0,0,0,none,1
4336,1994,31_to_35,0,single,honda,sedan,20k_to_29k,6y,1,all_perils,5.0,1,0,none,gt_30,gt_30,2_to_3y,1,0,0,0,none,0
4341,1994,51_to_65,0,married,toyota,sport,20k_to_29k,7y,1,liability,7.0,2,0,2_to_4,gt_30,gt_30,no_change,1,0,0,0,none,0
4345,1994,31_to_35,0,single,chevrolet,sport,30k_to_39k,7y,1,liability,4.0,2,0,2_to_4,gt_30,gt_30,no_change,1,0,0,0,3_to_5,0
4348,1994,31_to_35,0,single,mazda,sedan,lt_20k,6y,2,all_perils,4.0,1,0,none,gt_30,gt_30,4_to_8y,1,0,0,0,1_to_2,1
4349,1994,36_to_40,1,married,pontiac,sport,lt_20k,7y,1,liability,4.0,4,0,gt_4,gt_30,gt_30,no_change,1,0,0,0,3_to_5,0
4353,1994,36_to_40,0,married,toyota,sedan,20k_to_29k,7y,1,collision,4.0,3,0,none,gt_30,gt_30,no_change,0,0,0,0,none,0
4355,1994,31_to_35,0,single,pontiac,sedan,20k_to_29k,5y,1,collision,4.0,4,0,2_to_4,gt_30,gt_30,no_change,1,0,0,1,none,0
4362,1994,31_to_35,0,single,toyota,sedan,20k_to_29k,7y,1,all_perils,4.0,1,0,1,gt_30,gt_30,no_change,1,0,0,0,gt_5,0
4363,1994,36_to_40,0,married,toyota,sport,30k_to_39k,7y,1,liability,4.0,4,0,none,gt_30,gt_30,no_change,1,0,0,0,none,0
4369,1994,51_to_65,0,married,pontiac,sedan,20k_to_29k,gt_7y,2,all_perils,4.0,2,0,2_to_4,gt_30,gt_30,1y,1,0,0,0,gt_5,0
4370,1994,31_to_35,0,married,toyota,sport,20k_to_29k,7y,1,liability,4.0,2,0,gt_4,gt_30,gt_30,no_change,1,0,0,0,gt_5,0
4371,1994,36_to_40,0,married,mazda,sport,20k_to_29k,7y,1,liability,4.0,4,0,2_to_4,gt_30,gt_30,no_change,1,0,0,0,1_to_2,0
4372,1994,31_to_35,0,married,pontiac,sedan,20k_to_29k,6y,1,collision,4.0,4,0,1,gt_30,gt_30,no_change,0,0,0,0,none,0
4374,1994,36_to_40,0,married,toyota,sport,20k_to_29k,7y,1,liability,4.0,3,0,2_to_4,gt_30,gt_30,no_change,1,0,0,0,1_to_2,0
4375,1994,31_to_35,0,married,toyota,sedan,20k_to_29k,5y,1,collision,4.0,2,0,none,gt_30,gt_30,no_change,1,1,0,0,none,0
4376,1994,36_to_40,1,married,pontiac,sedan,20k_to_29k,gt_7y,1,all_perils,4.0,1,0,1,gt_30,gt_30,no_change,1,0,0,0,1_to_2,1
4380,1994,31_to_35,0,married,pontiac,sedan,20k_to_29k,4y,1,collision,4.0,2,0,1,gt_30,gt_30,no_change,1,0,0,0,gt_5,0
4381,1994,16_to_17,0,single,honda,sport,gt_69k,new,1,liability,4.0,3,0,2_to_4,gt_30,gt_30,no_change,1,0,0,0,none,0
4382,1994,41_to_50,0,married,toyota,sport,20k_to_29k,gt_7y,1,liability,4.0,4,0,2_to_4,gt_30,gt_30,no_change,1,0,0,0,1_to_2,0
4383,1994,31_to_35,0,married,honda,sport,20k_to_29k,6y,1,liability,4.0,2,0,none,gt_30,gt_30,no_change,0,0,0,0,gt_5,0
4385,1994,31_to_35,0,single,honda,sedan,20k_to_29k,7y,1,collision,4.0,2,0,1,gt_30,gt_30,no_change,0,0,0,0,gt_5,0
4386,1994,26_to_30,1,single,mazda,sedan,20k_to_29k,5y,1,all_perils,4.0,1,0,1,gt_30,gt_30,no_change,1,0,0,0,none,0
4398,1994,31_to_35,0,single,toyota,sedan,20k_to_29k,6y,1,all_perils,4.0,1,0,1,gt_30,gt_30,no_change,1,0,0,0,gt_5,1
4402,1994,36_to_40,0,married,toyota,sedan,30k_to_39k,gt_7y,1,all_perils,4.0,2,0,1,gt_30,gt_30,no_change,0,0,0,0,none,0
4409,1994,16_to_17,0,single,honda,sport,gt_69k,new,1,liability,4.0,3,0,gt_4,gt_30,gt_30,no_change,1,0,0,0,none,0
4410,1994,51_to_65,0,married,honda,sedan,20k_to_29k,7y,1,all_perils,4.0,1,0,none,gt_30,gt_30,no_change,0,0,0,0,3_to_5,0
4414,1994,36_to_40,0,married,chevrolet,sport,30k_to_39k,6y,1,liability,4.0,2,0,2_to_4,gt_30,gt_30,no_change,1,0,0,0,none,0
4415,1994,26_to_30,0,single,honda,sedan,20k_to_29k,5y,1,all_perils,4.0,1,0,2_to_4,gt_30,gt_30,no_change,1,1,0,0,none,0
4418,1994,31_to_35,1,married,mazda,sedan,20k_to_29k,7y,1,collision,4.0,2,0,1,gt_30,gt_30,no_change,0,0,0,0,none,0
4422,1994,36_to_40,0,married,mazda,sedan,20k_to_29k,7y,1,all_perils,4.0,2,0,2_to_4,gt_30,gt_30,no_change,0,0,0,0,gt_5,0
4425,1994,31_to_35,0,married,acura,sedan,gt_69k,6y,1,all_perils,4.0,4,0,1,gt_30,gt_30,no_change,1,0,0,0,none,0
4426,1994,31_to_35,0,single,toyota,sport,30k_to_39k,6y,1,liability,4.0,1,0,2_to_4,gt_30,gt_30,no_change,1,0,0,0,gt_5,0
4427,1994,51_to_65,0,married,pontiac,sport,30k_to_39k,gt_7y,1,liability,4.0,3,0,gt_4,gt_30,gt_30,no_change,1,0,0,0,3_to_5,0
4431,1994,41_to_50,0,married,pontiac,sedan,20k_to_29k,7y,1,collision,4.0,3,0,none,gt_30,gt_30,no_change,1,0,0,0,none,0
4432,1994,26_to_30,0,married,honda,sedan,20k_to_29k,5y,2,collision,4.0,1,0,2_to_4,gt_30,gt_30,4_to_8y,1,0,0,0,1_to_2,0
4437,1994,51_to_65,0,married,mazda,sport,gt_69k,6y,1,collision,4.0,1,0,1,gt_30,gt_30,no_change,1,0,0,0,none,0
4438,1994,51_to_65,0,married,honda,sport,gt_69k,gt_7y,1,collision,5.0,2,0,none,gt_30,gt_30,2_to_3y,1,0,0,0,none,0
4440,1994,31_to_35,0,married,pontiac,sedan,30k_to_39k,6y,1,collision,4.0,1,0,2_to_4,gt_30,gt_30,no_change,1,0,0,0,gt_5,0
4446,1994,31_to_35,0,married,pontiac,sedan,lt_20k,6y,1,collision,4.0,2,0,1,gt_30,gt_30,no_change,1,0,0,0,3_to_5,0
4450,1994,51_to_65,0,married,honda,sedan,20k_to_29k,gt_7y,1,collision,4.0,1,0,2_to_4,gt_30,gt_30,no_change,1,0,0,0,gt_5,0
4457,1994,36_to_40,0,married,honda,sedan,lt_20k,7y,1,collision,4.0,1,0,none,gt_30,gt_30,no_change,1,0,0,0,none,0
4461,1994,41_to_50,0,married,toyota,sedan,40k_to_59k,gt_7y,1,collision,4.0,3,0,2_to_4,gt_30,gt_30,no_change,0,0,0,0,3_to_5,0
4463,1994,41_to_50,0,married,toyota,sedan,20k_to_29k,7y,1,collision,4.0,1,0,1,gt_30,gt_30,no_change,1,0,0,0,3_to_5,1
4467,1994,31_to_35,0,single,mazda,sedan,20k_to_29k,6y,1,collision,4.0,1,0,none,gt_30,gt_30,no_change,0,0,0,0,1_to_2,0
4470,1994,31_to_35,0,married,chevrolet,sedan,30k_to_39k,5y,3_to_4,collision,4.0,1,0,none,gt_30,gt_30,no_change,1,0,0,0,none,0
4471,1994,26_to_30,0,single,toyota,sedan,20k_to_29k,5y,1,collision,4.0,1,0,2_to_4,gt_30,gt_30,no_change,1,0,0,0,1_to_2,0
4472,1994,31_to_35,0,married,mazda,sport,30k_to_39k,7y,1,liability,4.0,3,0,1,gt_30,gt_30,no_change,1,0,0,0,gt_5,0
4473,1994,51_to_65,0,married,pontiac,sedan,20k_to_29k,gt_7y,1,all_perils,4.0,2,0,none,gt_30,gt_30,no_change,1,0,0,0,gt_5,0
4475,1994,36_to_40,0,married,pontiac,sedan,30k_to_39k,gt_7y,1,collision,4.0,2,0,1,gt_30,gt_30,no_change,1,1,0,0,gt_5,0
4476,1994,41_to_50,0,married,toyota,sport,20k_to_29k,7y,1,liability,4.0,4,0,2_to_4,gt_30,gt_30,no_change,1,0,0,0,1_to_2,0
4478,1994,36_to_40,1,single,pontiac,sport,20k_to_29k,7y,1,liability,4.0,4,0,none,gt_30,gt_30,no_change,1,0,0,0,gt_5,0
4484,1994,over_65,0,married,other,sport,30k_to_39k,gt_7y,1,liability,4.0,2,0,2_to_4,gt_30,gt_30,no_change,1,0,0,0,none,0
4485,1994,31_to_35,0,single,toyota,sedan,20k_to_29k,5y,1,collision,4.0,1,0,none,gt_30,gt_30,no_change,0,0,0,0,none,0
4487,1994,41_to_50,0,divorced,other,sport,60k_to_69k,7y,1,liability,4.0,2,0,2_to_4,gt_30,gt_30,no_change,1,0,0,0,none,0
4492,1994,31_to_35,0,single,pontiac,sport,20k_to_29k,6y,1,liability,4.0,3,0,2_to_4,gt_30,gt_30,no_change,1,0,0,0,3_to_5,0
4495,1994,31_to_35,0,married,honda,sport,20k_to_29k,6y,2,liability,4.0,4,0,1,gt_30,gt_30,4_to_8y,1,0,0,0,none,0
4500,1994,31_to_35,0,single,toyota,sedan,lt_20k,6y,1,all_perils,4.0,2,0,none,gt_30,gt_30,no_change,1,0,0,0,3_to_5,0
4501,1994,31_to_35,0,married,other,sedan,gt_69k,6y,1,all_perils,4.0,1,0,none,gt_30,gt_30,no_change,0,0,0,1,1_to_2,0
4502,1994,36_to_40,0,married,pontiac,sedan,20k_to_29k,7y,1,collision,4.0,2,0,none,gt_30,gt_30,no_change,1,0,0,0,1_to_2,0
4508,1994,36_to_40,0,single,honda,sedan,gt_69k,7y,1,collision,4.0,3,0,gt_4,gt_30,gt_30,no_change,1,0,0,0,gt_5,0
4509,1994,36_to_40,0,married,acura,sport,30k_to_39k,7y,1,liability,4.0,2,0,gt_4,gt_30,gt_30,no_change,1,0,0,0,1_to_2,0
4511,1994,31_to_35,0,married,pontiac,sedan,20k_to_29k,7y,3_to_4,collision,4.0,4,0,2_to_4,gt_30,gt_30,no_change,0,0,0,0,gt_5,0
4513,1994,36_to_40,0,married,acura,sport,30k_to_39k,7y,1,liability,4.0,4,0,2_to_4,gt_30,gt_30,no_change,1,0,0,0,gt_5,0
4516,1994,26_to_30,0,single,mazda,sport,20k_to_29k,3y,2,liability,4.0,2,0,gt_4,gt_30,gt_30,4_to_8y,1,0,0,0,3_to_5,0
4517,1994,31_to_35,1,married,pontiac,sport,20k_to_29k,6y,1,liability,4.0,4,0,none,gt_30,gt_30,no_change,1,0,0,0,none,0
4518,1994,36_to_40,1,married,honda,sport,20k_to_29k,7y,1,liability,4.0,3,0,gt_4,gt_30,gt_30,no_change,1,0,0,0,none,0
4519,1994,31_to_35,0,single,chevrolet,sedan,gt_69k,3y,1,all_perils,4.0,2,0,2_to_4,gt_30,gt_30,no_change,0,1,0,0,1_to_2,0
4520,1994,36_to_40,0,married,mazda,sedan,30k_to_39k,7y,1,collision,4.0,1,0,2_to_4,gt_30,gt_30,no_change,1,0,0,0,none,0
4522,1994,over_65,0,married,pontiac,sedan,20k_to_29k,gt_7y,1,all_perils,4.0,4,0,2_to_4,gt_30,gt_30,no_change,0,0,0,0,3_to_5,0
4533,1994,31_to_35,0,single,mazda,sport,20k_to_29k,7y,1,liability,4.0,4,0,gt_4,gt_30,gt_30,no_change,1,0,0,0,1_to_2,0
4536,1994,36_to_40,1,married,honda,sedan,20k_to_29k,7y,1,all_perils,4.0,2,0,2_to_4,gt_30,gt_30,no_change,1,0,0,0,1_to_2,0
4537,1994,31_to_35,0,single,toyota,sedan,20k_to_29k,7y,2,collision,4.0,2,0,none,gt_30,gt_30,4_to_8y,1,0,0,0,gt_5,0
4540,1994,over_65,0,married,pontiac,sedan,20k_to_29k,gt_7y,1,all_perils,5.0,1,0,1,gt_30,gt_30,2_to_3y,1,0,0,0,1_to_2,0
4543,1994,31_to_35,1,married,mazda,sedan,20k_to_29k,5y,1,all_perils,4.0,3,0,2_to_4,gt_30,gt_30,no_change,0,0,0,0,none,0
4544,1994,31_to_35,0,single,pontiac,sport,20k_to_29k,7y,1,liability,4.0,1,0,gt_4,gt_30,gt_30,no_change,1,0,0,0,gt_5,0
4547,1994,36_to_40,0,married,pontiac,sedan,lt_20k,7y,1,all_perils,4.0,4,0,none,gt_30,gt_30,no_change,1,1,0,0,gt_5,0
4549,1994,41_to_50,0,married,honda,sport,30k_to_39k,gt_7y,1,liability,4.0,1,0,2_to_4,gt_30,gt_30,no_change,0,0,0,0,1_to_2,0
4550,1994,36_to_40,0,single,toyota,sedan,20k_to_29k,gt_7y,1,all_perils,4.0,1,0,none,gt_30,gt_30,no_change,1,0,0,0,gt_5,0
4552,1994,36_to_40,0,married,mazda,utility,gt_69k,6y,3_to_4,all_perils,4.0,3,0,gt_4,gt_30,gt_30,no_change,1,0,0,0,none,0
4557,1994,51_to_65,0,married,pontiac,sedan,gt_69k,gt_7y,1,all_perils,4.0,2,0,2_to_4,gt_30,gt_30,no_change,1,0,0,0,gt_5,0
4559,1994,over_65,0,married,pontiac,sedan,lt_20k,7y,1,all_perils,4.0,3,0,none,gt_30,gt_30,no_change,0,0,0,0,3_to_5,0
4560,1994,31_to_35,0,married,pontiac,sedan,30k_to_39k,7y,1,collision,4.0,3,0,2_to_4,gt_30,gt_30,no_change,0,0,0,0,none,0
4561,1994,51_to_65,0,married,other,sedan,gt_69k,gt_7y,1,all_perils,4.0,4,0,none,gt_30,gt_30,no_change,0,0,0,0,gt_5,0
4563,1994,41_to_50,0,married,other,sedan,gt_69k,gt_7y,1,all_perils,4.0,2,0,1,gt_30,gt_30,no_change,1,0,0,0,none,0
4565,1994,36_to_40,0,married,pontiac,sedan,30k_to_39k,gt_7y,1,collision,4.0,1,0,1,gt_30,gt_30,no_change,1,0,0,0,none,0
4566,1994,36_to_40,0,married,pontiac,sport,30k_to_39k,gt_7y,1,liability,4.0,1,0,2_to_4,gt_30,gt_30,no_change,1,0,0,0,none,0
4567,1994,36_to_40,0,married,pontiac,sedan,20k_to_29k,7y,1,all_perils,4.0,3,0,none,gt_30,gt_30,no_change,0,0,0,0,1_to_2,0
4570,1994,31_to_35,0,married,toyota,sedan,20k_to_29k,5y,1,all_perils,4.0,3,0,none,gt_30,gt_30,no_change,1,0,0,0,1_to_2,0
4571,1994,36_to_40,1,married,pontiac,sedan,20k_to_29k,7y,1,collision,4.0,2,0,gt_4,gt_30,gt_30,no_change,0,0,0,0,3_to_5,0
4574,1994,36_to_40,0,married,toyota,sedan,30k_to_39k,7y,1,all_perils,4.0,1,0,1,gt_30,gt_30,no_change,0,0,0,0,3_to_5,0
4580,1994,36_to_40,0,married,pontiac,sport,20k_to_29k,7y,1,liability,4.0,3,0,2_to_4,gt_30,gt_30,no_change,1,0,0,0,none,0
4581,1994,41_to_50,0,married,chevrolet,sport,40k_to_59k,7y,1,liability,4.0,4,0,gt_4,gt_30,gt_30,no_change,1,0,0,0,1_to_2,0
4582,1994,36_to_40,0,married,mazda,sport,30k_to_39k,gt_7y,1,liability,4.0,1,0,gt_4,gt_30,gt_30,no_change,1,0,0,0,3_to_5,0
4583,1994,31_to_35,0,single,pontiac,sport,30k_to_39k,7y,1,liability,4.0,3,0,2_to_4,gt_30,gt_30,no_change,1,1,0,0,gt_5,0
4584,1994,51_to_65,0,married,mazda,sedan,20k_to_29k,gt_7y,1,collision,4.0,3,0,2_to_4,gt_30,gt_30,no_change,0,0,0,0,1_to_2,0
4587,1994,31_to_35,0,married,toyota,sport,20k_to_29k,7y,1,liability,4.0,2,0,2_to_4,gt_30,gt_30,no_change,0,0,0,0,gt_5,0
4593,1994,31_to_35,0,married,pontiac,sport,20k_to_29k,7y,3_to_4,liability,4.0,1,0,2_to_4,gt_30,gt_30,no_change,1,0,0,0,gt_5,0
4594,1994,51_to_65,0,married,mazda,sport,20k_to_29k,gt_7y,1,liability,4.0,4,0,2_to_4,gt_30,gt_30,no_change,0,0,0,0,none,0
4596,1994,31_to_35,0,married,honda,sedan,20k_to_29k,7y,1,collision,4.0,3,0,2_to_4,gt_30,gt_30,no_change,1,0,0,0,3_to_5,0
4597,1994,36_to_40,0,married,acura,sedan,20k_to_29k,6y,1,all_perils,4.0,3,0,2_to_4,gt_30,gt_30,no_change,1,0,0,0,1_to_2,1
4599,1994,36_to_40,0,married,honda,sedan,20k_to_29k,7y,1,all_perils,4.0,1,0,none,gt_30,gt_30,no_change,1,0,0,0,none,0
4601,1994,36_to_40,0,married,toyota,sport,20k_to_29k,7y,1,liability,4.0,2,0,2_to_4,gt_30,gt_30,no_change,1,0,0,0,none,0
4610,1994,36_to_40,0,married,chevrolet,sedan,20k_to_29k,gt_7y,1,all_perils,4.0,1,0,1,gt_30,gt_30,no_change,0,1,0,0,gt_5,0
4611,1994,36_to_40,0,married,honda,sedan,20k_to_29k,7y,1,collision,4.0,3,0,none,gt_30,gt_30,no_change,1,0,0,0,1_to_2,0
4612,1994,31_to_35,1,single,toyota,sedan,20k_to_29k,5y,1,collision,4.0,2,0,none,gt_30,gt_30,no_change,1,0,0,0,1_to_2,0
4614,1994,31_to_35,1,single,honda,sedan,20k_to_29k,5y,1,collision,4.0,4,0,none,gt_30,gt_30,no_change,1,1,0,0,none,0
4615,1994,36_to_40,0,married,honda,sedan,20k_to_29k,7y,1,collision,4.0,3,0,2_to_4,gt_30,gt_30,no_change,1,0,0,0,3_to_5,0
4618,1994,36_to_40,0,married,toyota,sedan,20k_to_29k,7y,1,collision,4.0,4,0,1,gt_30,gt_30,no_change,0,0,0,0,gt_5,0
4627,1994,41_to_50,0,married,toyota,sport,gt_69k,7y,1,liability,4.0,4,0,2_to_4,gt_30,gt_30,no_change,1,0,0,0,none,0
4634,1994,31_to_35,0,married,honda,sport,20k_to_29k,6y,3_to_4,liability,4.0,2,0,2_to_4,gt_30,gt_30,no_change,1,0,0,0,none,0
4635,1994,41_to_50,0,single,chevrolet,sport,20k_to_29k,7y,1,liability,4.0,2,0,1,gt_30,gt_30,no_change,1,0,0,0,none,0
4637,1994,31_to_35,1,married,pontiac,sedan,20k_to_29k,6y,1,all_perils,4.0,1,0,gt_4,gt_30,gt_30,no_change,1,1,0,0,gt_5,0
4638,1994,31_to_35,0,single,toyota,sedan,20k_to_29k,6y,1,collision,4.0,2,0,2_to_4,gt_30,gt_30,no_change,0,0,0,0,none,0
4641,1994,41_to_50,0,single,chevrolet,sedan,30k_to_39k,6y,1,all_perils,4.0,2,0,1,gt_30,gt_30,no_change,1,0,0,0,none,0
4647,1994,31_to_35,1,married,pontiac,sedan,20k_to_29k,6y,1,collision,4.0,2,0,1,gt_30,gt_30,no_change,1,0,0,1,none,0
4649,1994,36_to_40,0,single,mazda,sedan,20k_to_29k,gt_7y,1,all_perils,4.0,1,0,none,gt_30,gt_30,no_change,0,0,0,0,gt_5,0
4650,1994,31_to_35,1,married,toyota,sedan,20k_to_29k,7y,1,collision,4.0,4,0,none,gt_30,gt_30,no_change,1,0,0,0,gt_5,1
4651,1994,31_to_35,0,single,mazda,sport,30k_to_39k,7y,1,liability,7.0,3,0,gt_4,gt_30,gt_30,no_change,1,0,0,0,none,0
4656,1994,16_to_17,0,single,honda,sedan,gt_69k,new,1,collision,4.0,4,0,none,gt_30,gt_30,no_change,1,0,0,0,none,1
4663,1994,31_to_35,0,single,toyota,sport,20k_to_29k,5y,2,liability,4.0,1,0,1,gt_30,gt_30,4_to_8y,1,0,0,0,none,0
4665,1994,31_to_35,0,married,chevrolet,sedan,40k_to_59k,7y,1,collision,4.0,3,0,none,gt_30,gt_30,no_change,0,0,0,0,gt_5,0
4668,1994,41_to_50,1,married,pontiac,sedan,20k_to_29k,gt_7y,1,all_perils,4.0,1,0,2_to_4,gt_30,gt_30,no_change,1,0,0,0,none,0
4671,1994,31_to_35,1,married,chevrolet,sport,30k_to_39k,6y,1,liability,4.0,2,0,gt_4,gt_30,gt_30,no_change,1,0,0,0,none,0
4675,1994,16_to_17,0,single,honda,sedan,gt_69k,new,3_to_4,collision,4.0,3,0,2_to_4,gt_30,gt_30,no_change,1,0,0,0,none,0
4678,1994,31_to_35,0,single,acura,utility,gt_69k,7y,1,all_perils,4.0,1,0,none,gt_30,gt_30,no_change,1,0,0,0,3_to_5,0
4679,1994,over_65,0,married,acura,utility,gt_69k,gt_7y,1,all_perils,4.0,3,0,none,gt_30,gt_30,no_change,1,0,0,0,1_to_2,0
4687,1994,31_to_35,0,married,pontiac,sedan,20k_to_29k,7y,1,collision,4.0,3,0,none,gt_30,gt_30,no_change,0,0,0,0,none,0
4699,1994,51_to_65,1,married,pontiac,sedan,40k_to_59k,gt_7y,1,collision,4.0,3,0,none,gt_30,gt_30,no_change,0,0,0,0,none,0
4700,1994,41_to_50,0,married,chevrolet,sedan,20k_to_29k,7y,1,all_perils,4.0,1,0,1,gt_30,gt_30,no_change,1,0,0,0,gt_5,0
4702,1994,36_to_40,0,married,toyota,sedan,20k_to_29k,gt_7y,1,all_perils,4.0,1,0,none,gt_30,gt_30,no_change,0,0,0,0,none,0
4703,1994,51_to_65,0,single,toyota,sedan,lt_20k,gt_7y,1,all_perils,4.0,1,0,1,gt_30,gt_30,no_change,1,0,0,0,1_to_2,0
4706,1994,31_to_35,1,single,mazda,sport,20k_to_29k,5y,1,liability,4.0,3,0,2_to_4,gt_30,gt_30,no_change,1,0,0,0,1_to_2,0
4716,1994,31_to_35,0,married,toyota,sedan,20k_to_29k,6y,3_to_4,all_perils,4.0,3,0,none,gt_30,gt_30,no_change,1,0,0,0,3_to_5,0
4722,1994,36_to_40,0,married,mazda,sedan,20k_to_29k,7y,1,collision,4.0,2,0,1,gt_30,gt_30,no_change,1,0,0,0,gt_5,0
4723,1994,31_to_35,0,married,honda,sedan,20k_to_29k,7y,1,collision,4.0,1,0,1,gt_30,gt_30,no_change,1,0,0,0,gt_5,0
4727,1994,36_to_40,0,married,toyota,sedan,lt_20k,6y,1,all_perils,4.0,4,0,none,gt_30,gt_30,no_change,1,0,0,0,3_to_5,1
4729,1994,31_to_35,0,married,honda,sedan,20k_to_29k,6y,1,collision,4.0,1,0,2_to_4,gt_30,gt_30,no_change,0,0,0,0,gt_5,0
4730,1994,36_to_40,1,divorced,pontiac,sedan,30k_to_39k,7y,1,all_perils,4.0,2,0,2_to_4,gt_30,gt_30,no_change,0,0,0,0,gt_5,0
4734,1994,41_to_50,0,married,ford,sport,60k_to_69k,gt_7y,1,liability,4.0,4,0,1,gt_30,gt_30,no_change,1,0,0,0,none,0
4737,1994,31_to_35,0,single,mazda,sedan,20k_to_29k,6y,1,collision,4.0,3,0,2_to_4,gt_30,gt_30,no_change,1,0,0,0,1_to_2,0
4742,1994,51_to_65,0,married,mazda,sport,20k_to_29k,7y,1,liability,4.0,4,0,2_to_4,gt_30,gt_30,no_change,1,0,0,0,none,0
4745,1994,31_to_35,0,married,toyota,sedan,20k_to_29k,6y,1,collision,4.0,2,0,none,gt_30,gt_30,no_change,1,0,0,0,none,0
4746,1994,31_to_35,0,single,mazda,sport,20k_to_29k,5y,1,liability,4.0,4,0,2_to_4,gt_30,gt_30,no_change,1,0,0,0,gt_5,0
4747,1994,31_to_35,1,married,pontiac,sedan,20k_to_29k,6y,2,all_perils,4.0,2,0,1,gt_30,gt_30,4_to_8y,1,0,0,0,none,0
4748,1994,51_to_65,0,married,honda,sport,20k_to_29k,gt_7y,1,liability,4.0,3,0,gt_4,gt_30,gt_30,no_change,1,0,0,0,gt_5,0
4749,1994,51_to_65,0,single,toyota,sedan,gt_69k,gt_7y,1,all_perils,4.0,4,0,none,gt_30,gt_30,no_change,1,0,0,0,gt_5,0
4753,1994,51_to_65,0,married,pontiac,sedan,lt_20k,6y,1,all_perils,4.0,2,0,none,gt_30,gt_30,no_change,1,0,0,0,none,0
4756,1994,41_to_50,0,married,toyota,sport,20k_to_29k,gt_7y,1,liability,4.0,2,0,2_to_4,gt_30,gt_30,no_change,1,0,0,0,3_to_5,0
4759,1994,41_to_50,0,married,honda,sedan,20k_to_29k,gt_7y,1,all_perils,4.0,1,0,1,gt_30,gt_30,no_change,1,0,0,0,gt_5,0
4761,1994,41_to_50,0,married,acura,sedan,20k_to_29k,7y,1,all_perils,4.0,2,0,2_to_4,gt_30,gt_30,no_change,1,0,0,0,none,0
4765,1994,36_to_40,0,married,acura,sport,30k_to_39k,7y,1,liability,4.0,3,0,2_to_4,gt_30,gt_30,no_change,1,0,0,0,gt_5,0
4770,1994,31_to_35,0,married,ford,sedan,lt_20k,7y,1,collision,4.0,2,0,1,gt_30,gt_30,no_change,0,0,0,0,none,0
4773,1994,36_to_40,0,single,mazda,sport,gt_69k,7y,1,liability,4.0,1,0,gt_4,gt_30,gt_30,no_change,1,0,0,0,gt_5,0
4778,1994,41_to_50,0,married,mazda,sport,30k_to_39k,gt_7y,1,liability,4.0,1,0,gt_4,gt_30,gt_30,no_change,1,0,0,0,none,0
4780,1994,31_to_35,0,single,honda,sport,20k_to_29k,7y,1,liability,4.0,2,0,2_to_4,gt_30,gt_30,no_change,1,0,0,0,gt_5,0
4784,1994,36_to_40,0,married,ford,sedan,40k_to_59k,7y,1,all_perils,4.0,2,0,none,gt_30,gt_30,no_change,1,0,0,0,3_to_5,0
4787,1994,31_to_35,0,married,honda,sport,30k_to_39k,7y,1,liability,4.0,3,0,gt_4,gt_30,gt_30,no_change,1,0,0,0,3_to_5,0
4791,1994,31_to_35,0,married,mazda,sedan,20k_to_29k,7y,1,all_perils,4.0,4,0,none,gt_30,gt_30,no_change,1,0,0,0,none,0
4796,1994,36_to_40,0,married,pontiac,sport,20k_to_29k,5y,1,liability,4.0,3,0,2_to_4,gt_30,gt_30,no_change,1,0,0,0,3_to_5,0
4803,1994,41_to_50,0,married,ford,sedan,30k_to_39k,7y,1,collision,4.0,4,0,2_to_4,gt_30,gt_30,no_change,1,0,0,0,none,0
4804,1994,31_to_35,0,single,other,sport,20k_to_29k,6y,1,liability,4.0,1,0,gt_4,gt_30,gt_30,no_change,1,0,0,0,1_to_2,0
4805,1994,36_to_40,0,married,toyota,sport,gt_69k,7y,1,liability,4.0,1,0,2_to_4,gt_30,gt_30,no_change,1,0,0,0,3_to_5,0
4808,1994,31_to_35,0,single,pontiac,sedan,20k_to_29k,7y,1,all_perils,4.0,4,0,gt_4,gt_30,gt_30,no_change,1,0,0,0,none,0
4812,1994,41_to_50,0,married,mazda,sedan,40k_to_59k,gt_7y,1,all_perils,4.0,1,0,none,gt_30,gt_30,no_change,1,0,0,0,none,1
4819,1994,31_to_35,0,married,honda,sedan,gt_69k,new,1,collision,4.0,2,0,2_to_4,gt_30,gt_30,no_change,1,1,0,0,none,0
4821,1994,36_to_40,0,married,mazda,sport,20k_to_29k,7y,1,liability,4.0,2,0,none,gt_30,gt_30,no_change,1,0,0,0,none,0
4822,1994,51_to_65,0,married,honda,sedan,20k_to_29k,gt_7y,1,collision,4.0,2,0,1,gt_30,gt_30,no_change,0,0,0,0,none,0
4823,1994,26_to_30,0,single,pontiac,sedan,gt_69k,5y,1,collision,4.0,4,0,1,gt_30,gt_30,no_change,0,0,0,0,none,0
4825,1994,36_to_40,0,married,pontiac,sedan,lt_20k,7y,1,all_perils,4.0,4,0,2_to_4,gt_30,gt_30,no_change,1,0,0,0,gt_5,0
4829,1994,51_to_65,0,married,honda,sedan,gt_69k,gt_7y,1,collision,4.0,4,0,none,gt_30,gt_30,no_change,1,0,0,0,1_to_2,0
4831,1994,31_to_35,0,married,other,sport,40k_to_59k,7y,2,liability,4.0,1,0,none,gt_30,gt_30,4_to_8y,1,1,0,0,none,0
4842,1994,31_to_35,0,married,chevrolet,sedan,20k_to_29k,6y,1,collision,4.0,4,0,1,gt_30,gt_30,no_change,1,0,0,0,none,0
4845,1994,31_to_35,1,married,chevrolet,sedan,20k_to_29k,6y,1,all_perils,4.0,2,0,1,gt_30,gt_30,no_change,0,0,0,1,none,0
4848,1994,31_to_35,1,married,toyota,sedan,20k_to_29k,7y,1,collision,4.0,2,0,gt_4,gt_30,gt_30,no_change,0,0,1,1,1_to_2,0
4850,1994,36_to_40,0,married,toyota,sedan,20k_to_29k,7y,1,all_perils,4.0,3,0,none,gt_30,gt_30,no_change,0,0,0,0,none,0
4854,1994,26_to_30,0,single,honda,sport,gt_69k,6y,1,collision,4.0,2,0,none,gt_30,gt_30,no_change,0,0,0,0,gt_5,0
4863,1994,36_to_40,0,married,pontiac,sedan,20k_to_29k,5y,1,collision,4.0,2,0,none,gt_30,gt_30,no_change,1,1,0,0,none,0
4864,1994,36_to_40,0,married,acura,sedan,30k_to_39k,7y,1,all_perils,4.0,2,0,none,gt_30,gt_30,no_change,1,0,0,0,none,0
4865,1994,31_to_35,0,married,ford,sedan,lt_20k,6y,1,all_perils,4.0,2,0,none,gt_30,gt_30,no_change,0,0,0,0,none,0
4867,1994,21_to_25,0,single,toyota,sedan,20k_to_29k,4y,1,collision,4.0,4,0,2_to_4,gt_30,gt_30,no_change,1,0,0,0,gt_5,0
4870,1994,41_to_50,0,married,toyota,sedan,20k_to_29k,gt_7y,1,collision,4.0,3,0,none,gt_30,gt_30,no_change,0,0,0,0,none,0
4871,1994,31_to_35,0,married,mazda,sedan,20k_to_29k,6y,1,collision,4.0,1,0,none,gt_30,gt_30,no_change,1,0,0,0,gt_5,0
4876,1994,31_to_35,0,single,mazda,sedan,30k_to_39k,6y,1,collision,4.0,1,0,gt_4,gt_30,gt_30,no_change,1,0,0,0,none,0
4884,1994,31_to_35,0,single,honda,sport,30k_to_39k,7y,1,liability,4.0,1,0,none,gt_30,gt_30,no_change,0,1,0,0,gt_5,0
4887,1994,31_to_35,0,single,ford,sport,40k_to_59k,6y,1,liability,4.0,3,0,2_to_4,gt_30,gt_30,no_change,1,0,0,0,none,0
4897,1994,36_to_40,0,married,pontiac,sedan,20k_to_29k,7y,1,collision,5.0,1,0,2_to_4,gt_30,gt_30,2_to_3y,0,0,0,0,none,1
4899,1994,31_to_35,0,married,honda,sedan,lt_20k,6y,1,all_perils,4.0,2,0,none,gt_30,gt_30,no_change,1,0,0,0,none,1
4906,1994,31_to_35,0,married,chevrolet,sedan,20k_to_29k,7y,1,all_perils,4.0,2,0,2_to_4,gt_30,gt_30,no_change,0,0,0,0,none,0
4908,1994,26_to_30,0,single,toyota,sport,20k_to_29k,5y,1,liability,4.0,1,0,none,gt_30,gt_30,no_change,1,0,0,0,none,0
4909,1994,31_to_35,0,single,chevrolet,sport,30k_to_39k,7y,1,liability,4.0,2,0,2_to_4,gt_30,gt_30,no_change,1,0,0,0,gt_5,0
4914,1994,51_to_65,0,married,toyota,sport,40k_to_59k,6y,1,liability,4.0,4,0,none,gt_30,gt_30,no_change,1,1,0,0,1_to_2,0
4916,1994,31_to_35,0,married,pontiac,sport,30k_to_39k,6y,1,liability,4.0,3,0,2_to_4,gt_30,gt_30,no_change,1,0,0,0,none,0
4917,1994,41_to_50,0,married,chevrolet,sedan,30k_to_39k,gt_7y,1,collision,4.0,3,1,gt_4,gt_30,gt_30,no_change,1,0,0,0,gt_5,0
4918,1994,41_to_50,0,married,pontiac,sedan,20k_to_29k,7y,1,collision,4.0,2,0,1,gt_30,gt_30,no_change,1,0,0,0,1_to_2,0
4921,1994,36_to_40,0,married,mazda,sport,20k_to_29k,7y,3_to_4,liability,4.0,1,0,2_to_4,gt_30,gt_30,no_change,1,0,0,0,none,0
4928,1994,36_to_40,1,single,chevrolet,sedan,20k_to_29k,7y,1,collision,4.0,4,0,1,gt_30,gt_30,no_change,0,0,0,0,none,0
4930,1994,31_to_35,0,married,pontiac,sport,30k_to_39k,7y,1,liability,7.0,3,0,2_to_4,gt_30,gt_30,no_change,1,0,0,0,none,0
4931,1994,41_to_50,0,married,ford,sedan,20k_to_29k,gt_7y,1,all_perils,4.0,4,0,none,gt_30,gt_30,no_change,1,0,0,0,gt_5,0
4934,1994,41_to_50,0,married,other,sport,gt_69k,7y,1,liability,4.0,1,0,2_to_4,gt_30,gt_30,no_change,1,0,0,0,none,0
4935,1994,36_to_40,0,married,chevrolet,sport,20k_to_29k,gt_7y,1,liability,4.0,3,0,1,gt_30,gt_30,no_change,1,1,0,0,gt_5,0
4938,1994,31_to_35,0,married,pontiac,sedan,30k_to_39k,7y,1,all_perils,4.0,1,0,1,gt_30,gt_30,no_change,0,0,0,0,gt_5,0
4939,1994,41_to_50,1,married,other,sedan,30k_to_39k,gt_7y,1,all_perils,4.0,1,0,gt_4,gt_30,gt_30,no_change,1,0,0,0,none,0
4940,1994,41_to_50,0,married,toyota,sport,30k_to_39k,gt_7y,1,liability,4.0,1,0,gt_4,gt_30,gt_30,no_change,1,0,0,0,gt_5,0
4945,1994,31_to_35,0,married,toyota,sport,20k_to_29k,5y,1,liability,4.0,3,0,1,15_to_30,gt_30,no_change,1,0,0,0,3_to_5,0
4948,1994,31_to_35,0,single,honda,sedan,30k_to_39k,6y,1,all_perils,5.0,3,0,2_to_4,gt_30,gt_30,2_to_3y,1,1,0,0,gt_5,0
4950,1994,41_to_50,0,married,ford,sport,60k_to_69k,gt_7y,1,liability,4.0,3,0,2_to_4,gt_30,gt_30,no_change,1,0,0,0,1_to_2,0
4952,1994,31_to_35,1,single,toyota,sedan,20k_to_29k,6y,1,collision,4.0,2,0,2_to_4,gt_30,gt_30,no_change,1,0,0,1,none,0
4954,1994,41_to_50,0,married,pontiac,utility,gt_69k,7y,1,all_perils,4.0,1,0,1,gt_30,gt_30,no_change,1,0,0,0,1_to_2,0
4955,1994,26_to_30,0,married,mazda,sedan,30k_to_39k,5y,1,collision,4.0,2,0,none,gt_30,gt_30,no_change,0,0,0,0,gt_5,0
4957,1994,31_to_35,0,married,other,sedan,30k_to_39k,6y,2,all_perils,4.0,1,0,2_to_4,gt_30,gt_30,4_to_8y,1,0,0,0,1_to_2,0
4966,1994,31_to_35,0,single,honda,sport,gt_69k,6y,1,collision,4.0,3,0,none,gt_30,gt_30,no_change,0,1,0,0,1_to_2,0
4971,1994,41_to_50,0,married,honda,sedan,20k_to_29k,7y,1,collision,4.0,1,0,1,gt_30,gt_30,no_change,1,0,0,0,none,0
4973,1994,31_to_35,0,married,toyota,sedan,30k_to_39k,6y,1,collision,4.0,1,0,gt_4,gt_30,gt_30,no_change,0,0,0,0,gt_5,0
4975,1994,31_to_35,0,single,chevrolet,sport,20k_to_29k,6y,1,liability,4.0,3,0,gt_4,gt_30,gt_30,no_change,1,0,0,0,none,0
4979,1994,31_to_35,0,single,chevrolet,sedan,20k_to_29k,6y,1,collision,4.0,3,0,none,gt_30,gt_30,no_change,1,0,0,0,none,0
4980,1994,36_to_40,0,married,chevrolet,sedan,30k_to_39k,7y,1,collision,4.0,3,0,2_to_4,gt_30,gt_30,no_change,1,0,0,0,none,0
4981,1994,41_to_50,0,married,other,sedan,40k_to_59k,gt_7y,1,collision,4.0,4,1,2_to_4,gt_30,gt_30,no_change,1,0,0,0,3_to_5,0
4984,1994,36_to_40,0,married,honda,sport,20k_to_29k,7y,1,liability,4.0,2,0,2_to_4,gt_30,gt_30,no_change,1,0,0,0,none,0
4988,1994,31_to_35,0,married,toyota,sport,30k_to_39k,7y,1,liability,4.0,3,0,1,gt_30,gt_30,no_change,1,0,0,0,gt_5,0
4989,1994,31_to_35,0,married,mazda,sedan,20k_to_29k,6y,1,collision,4.0,4,0,none,gt_30,gt_30,no_change,0,0,0,0,none,0
4990,1994,36_to_40,0,married,toyota,sport,30k_to_39k,7y,1,liability,4.0,2,0,gt_4,gt_30,gt_30,no_change,0,1,0,0,gt_5,0
4992,1994,51_to_65,1,married,honda,sedan,20k_to_29k,7y,1,collision,7.0,1,0,1,gt_30,gt_30,no_change,1,0,0,0,none,0
4997,1994,31_to_35,1,single,toyota,sport,20k_to_29k,6y,1,liability,4.0,4,0,2_to_4,gt_30,gt_30,no_change,1,0,0,0,none,0
5010,1994,51_to_65,0,married,toyota,sport,gt_69k,gt_7y,1,liability,4.0,1,0,gt_4,gt_30,gt_30,no_change,0,0,0,0,gt_5,0
5018,1994,51_to_65,0,married,honda,sedan,lt_20k,gt_7y,1,all_perils,4.0,3,0,none,gt_30,gt_30,no_change,1,1,0,0,1_to_2,0
5019,1994,41_to_50,0,married,honda,sport,gt_69k,7y,1,collision,4.0,1,0,none,gt_30,gt_30,no_change,1,0,0,0,none,1
5027,1994,36_to_40,0,married,chevrolet,sport,30k_to_39k,7y,1,liability,4.0,4,0,gt_4,gt_30,gt_30,no_change,1,0,0,0,1_to_2,0
5028,1994,31_to_35,0,married,mazda,sedan,20k_to_29k,7y,1,collision,4.0,4,0,gt_4,gt_30,gt_30,no_change,0,0,0,0,3_to_5,0
5030,1994,31_to_35,1,married,honda,sedan,20k_to_29k,6y,1,collision,4.0,3,0,none,gt_30,gt_30,no_change,0,0,0,0,none,0
5031,1994,31_to_35,0,married,honda,sport,gt_69k,5y,1,liability,4.0,3,0,gt_4,gt_30,gt_30,no_change,0,0,0,0,3_to_5,0
5034,1994,31_to_35,0,married,mazda,sedan,20k_to_29k,7y,1,all_perils,4.0,2,0,none,gt_30,gt_30,no_change,1,0,0,0,none,0
5044,1994,36_to_40,1,married,ford,sport,40k_to_59k,6y,3_to_4,liability,4.0,2,0,2_to_4,gt_30,gt_30,no_change,1,0,0,0,gt_5,0
5045,1994,36_to_40,0,single,toyota,sedan,lt_20k,7y,1,all_perils,4.0,1,0,1,gt_30,gt_30,no_change,0,1,0,0,none,0
5046,1994,36_to_40,0,married,toyota,sport,30k_to_39k,7y,1,liability,4.0,2,0,2_to_4,gt_30,gt_30,no_change,1,0,0,0,none,0
5047,1994,over_65,0,married,other,sport,40k_to_59k,gt_7y,1,liability,4.0,2,0,gt_4,gt_30,gt_30,no_change,1,0,0,0,gt_5,0
5052,1994,51_to_65,0,married,chevrolet,sport,gt_69k,gt_7y,1,liability,4.0,3,0,gt_4,gt_30,gt_30,no_change,1,0,0,0,3_to_5,0
5054,1994,26_to_30,0,single,pontiac,sedan,20k_to_29k,3y,1,all_perils,4.0,4,0,2_to_4,gt_30,gt_30,no_change,0,0,0,0,gt_5,0
5055,1994,41_to_50,0,married,pontiac,sedan,30k_to_39k,gt_7y,1,all_perils,4.0,1,0,1,gt_30,gt_30,no_change,0,0,0,0,1_to_2,0
5063,1994,36_to_40,0,married,other,sedan,gt_69k,6y,1,all_perils,4.0,3,0,none,gt_30,gt_30,no_change,1,0,0,0,none,0
5065,1994,41_to_50,0,married,chevrolet,sport,20k_to_29k,gt_7y,1,liability,4.0,4,0,none,gt_30,gt_30,no_change,1,1,0,0,none,0
5066,1994,36_to_40,0,single,toyota,sedan,20k_to_29k,7y,1,collision,4.0,3,0,1,gt_30,gt_30,no_change,1,0,0,0,gt_5,0
5068,1994,31_to_35,1,single,chevrolet,sedan,20k_to_29k,6y,1,collision,4.0,4,0,2_to_4,gt_30,gt_30,no_change,1,0,0,0,1_to_2,0
5070,1994,31_to_35,0,married,pontiac,sedan,20k_to_29k,6y,1,all_perils,4.0,4,0,1,gt_30,gt_30,no_change,0,0,0,0,none,0
5072,1994,36_to_40,0,married,toyota,sedan,20k_to_29k,7y,1,collision,4.0,2,0,1,gt_30,gt_30,no_change,0,0,0,0,none,0
5073,1994,51_to_65,0,married,pontiac,sedan,lt_20k,gt_7y,1,all_perils,4.0,3,0,none,gt_30,gt_30,no_change,0,0,0,0,1_to_2,0
5077,1994,41_to_50,0,married,ford,sport,60k_to_69k,gt_7y,1,liability,4.0,4,0,2_to_4,gt_30,gt_30,no_change,1,0,0,0,none,0
5085,1994,51_to_65,0,married,other,sedan,40k_to_59k,7y,3_to_4,collision,7.0,4,0,gt_4,gt_30,gt_30,no_change,1,0,0,0,gt_5,0
5089,1994,36_to_40,0,single,chevrolet,sport,40k_to_59k,7y,1,liability,4.0,3,0,1,gt_30,gt_30,no_change,0,1,0,0,none,0
5090,1994,31_to_35,0,single,pontiac,sedan,20k_to_29k,6y,1,collision,4.0,1,0,2_to_4,gt_30,gt_30,no_change,0,0,0,0,none,0
5094,1994,36_to_40,1,married,chevrolet,sedan,20k_to_29k,gt_7y,1,all_perils,4.0,4,0,2_to_4,none,gt_30,no_change,1,0,0,0,none,0
5095,1994,31_to_35,0,married,toyota,sedan,lt_20k,6y,1,collision,4.0,3,0,none,gt_30,gt_30,no_change,1,0,0,0,3_to_5,0
5107,1994,36_to_40,1,married,mazda,sedan,20k_to_29k,gt_7y,1,all_perils,4.0,3,0,1,gt_30,gt_30,no_change,1,0,0,1,gt_5,0
5110,1994,31_to_35,0,single,other,sport,30k_to_39k,7y,1,liability,4.0,3,0,gt_4,gt_30,gt_30,no_change,1,0,0,0,none,0
5117,1994,31_to_35,1,single,honda,sport,20k_to_29k,6y,1,liability,4.0,4,0,2_to_4,gt_30,gt_30,no_change,1,0,0,0,3_to_5,0
5118,1994,36_to_40,0,married,pontiac,sedan,20k_to_29k,gt_7y,1,all_perils,4.0,1,0,none,gt_30,gt_30,no_change,1,0,0,0,none,0
5123,1994,41_to_50,0,married,mazda,sedan,20k_to_29k,gt_7y,1,all_perils,4.0,3,0,1,gt_30,gt_30,no_change,0,0,0,0,none,0
5136,1994,31_to_35,0,single,mazda,sedan,20k_to_29k,7y,1,collision,4.0,2,0,gt_4,gt_30,gt_30,no_change,1,0,0,0,1_to_2,0
5137,1994,over_65,0,married,toyota,sedan,20k_to_29k,gt_7y,1,collision,4.0,1,0,1,gt_30,gt_30,no_change,1,0,0,0,none,0
5138,1994,41_to_50,0,married,toyota,sport,20k_to_29k,7y,1,liability,4.0,4,0,gt_4,gt_30,gt_30,no_change,1,0,0,0,none,0
5139,1994,31_to_35,0,married,mazda,sedan,20k_to_29k,5y,1,all_perils,4.0,4,0,2_to_4,gt_30,gt_30,no_change,1,1,0,0,none,0
5147,1994,36_to_40,0,married,toyota,sedan,20k_to_29k,6y,1,collision,4.0,3,0,none,gt_30,gt_30,no_change,0,0,0,0,none,0
5151,1994,41_to_50,0,married,pontiac,sport,20k_to_29k,gt_7y,1,liability,4.0,1,0,2_to_4,gt_30,gt_30,no_change,0,0,0,0,gt_5,0
5154,1994,31_to_35,0,married,toyota,sedan,30k_to_39k,7y,1,collision,4.0,3,0,1,gt_30,gt_30,no_change,1,0,0,0,1_to_2,0
5159,1994,51_to_65,0,married,pontiac,sedan,20k_to_29k,gt_7y,1,collision,4.0,2,0,none,gt_30,gt_30,no_change,1,1,0,0,1_to_2,0
5164,1994,31_to_35,0,single,pontiac,sport,20k_to_29k,6y,1,liability,4.0,4,0,none,gt_30,gt_30,no_change,1,0,0,0,gt_5,0
5172,1994,31_to_35,0,single,mazda,sport,20k_to_29k,6y,1,liability,4.0,2,0,1,gt_30,gt_30,no_change,1,0,0,0,none,0
5179,1994,31_to_35,0,married,toyota,sedan,20k_to_29k,7y,1,all_perils,4.0,3,0,1,gt_30,gt_30,no_change,1,0,0,0,1_to_2,0
5183,1994,31_to_35,1,married,pontiac,sedan,20k_to_29k,7y,1,all_perils,4.0,2,0,1,gt_30,gt_30,no_change,0,0,0,0,none,0
5184,1994,36_to_40,0,married,mazda,sport,20k_to_29k,7y,1,liability,4.0,4,0,1,gt_30,gt_30,no_change,1,0,0,0,none,0
5189,1994,51_to_65,0,single,pontiac,sedan,20k_to_29k,gt_7y,1,all_perils,4.0,1,0,1,gt_30,gt_30,no_change,0,0,0,0,3_to_5,0
5190,1994,36_to_40,0,single,honda,sedan,20k_to_29k,6y,1,collision,4.0,3,0,2_to_4,gt_30,gt_30,no_change,1,0,0,0,gt_5,0
5192,1994,36_to_40,0,single,pontiac,sedan,20k_to_29k,6y,1,collision,4.0,4,0,2_to_4,gt_30,gt_30,no_change,1,1,0,0,1_to_2,0
5193,1994,51_to_65,0,married,pontiac,sedan,20k_to_29k,gt_7y,1,all_perils,4.0,4,0,none,gt_30,gt_30,no_change,1,0,0,0,3_to_5,0
5200,1994,36_to_40,0,married,honda,sedan,20k_to_29k,gt_7y,1,collision,4.0,2,0,2_to_4,gt_30,gt_30,no_change,0,0,0,0,gt_5,0
5202,1994,31_to_35,1,single,other,sport,30k_to_39k,6y,1,liability,4.0,3,0,gt_4,gt_30,gt_30,no_change,1,0,0,0,1_to_2,0
5206,1994,41_to_50,0,married,other,sport,20k_to_29k,7y,1,liability,4.0,2,0,2_to_4,gt_30,gt_30,no_change,1,0,0,0,3_to_5,0
5211,1994,31_to_35,0,married,pontiac,sport,20k_to_29k,7y,1,liability,4.0,3,0,1,gt_30,gt_30,no_change,1,0,0,0,gt_5,0
5213,1994,51_to_65,1,married,pontiac,sport,30k_to_39k,gt_7y,1,liability,4.0,2,0,gt_4,gt_30,gt_30,no_change,1,0,0,0,1_to_2,0
5220,1994,36_to_40,0,married,acura,utility,gt_69k,gt_7y,1,all_perils,4.0,2,0,none,gt_30,gt_30,no_change,1,0,0,0,none,1
5221,1994,36_to_40,0,married,pontiac,sedan,20k_to_29k,7y,1,collision,4.0,4,0,1,gt_30,gt_30,no_change,0,0,0,0,gt_5,0
5222,1994,31_to_35,0,single,mazda,sedan,20k_to_29k,6y,1,all_perils,4.0,4,0,2_to_4,gt_30,gt_30,no_change,1,0,0,0,none,0
5224,1994,41_to_50,1,divorced,pontiac,sedan,20k_to_29k,7y,1,all_perils,4.0,1,0,1,gt_30,gt_30,no_change,1,0,0,0,3_to_5,0
5230,1994,31_to_35,0,single,mazda,sedan,30k_to_39k,6y,2,collision,4.0,3,0,2_to_4,gt_30,gt_30,4_to_8y,1,0,0,0,gt_5,0
5233,1994,36_to_40,0,married,other,sedan,20k_to_29k,7y,1,all_perils,4.0,2,0,1,gt_30,gt_30,no_change,1,0,0,0,gt_5,1
5238,1994,36_to_40,1,married,honda,sport,20k_to_29k,5y,1,liability,4.0,4,0,1,gt_30,gt_30,no_change,1,0,0,0,gt_5,0
5243,1994,41_to_50,0,married,honda,sedan,20k_to_29k,gt_7y,1,all_perils,4.0,1,0,none,gt_30,gt_30,no_change,0,0,0,0,gt_5,0
5246,1994,41_to_50,0,married,pontiac,sedan,gt_69k,gt_7y,1,all_perils,4.0,3,0,none,gt_30,gt_30,no_change,1,0,0,0,none,0
5248,1994,41_to_50,0,married,pontiac,sedan,20k_to_29k,gt_7y,1,all_perils,4.0,3,0,1,gt_30,gt_30,no_change,1,0,0,0,none,0
5250,1994,36_to_40,0,married,pontiac,sedan,20k_to_29k,6y,1,all_perils,4.0,4,0,none,gt_30,gt_30,no_change,1,0,0,0,none,0
5252,1994,31_to_35,0,single,mazda,sport,30k_to_39k,7y,1,liability,4.0,1,0,1,gt_30,gt_30,no_change,1,0,0,0,gt_5,0
5254,1994,36_to_40,1,single,toyota,sport,20k_to_29k,7y,1,liability,5.0,4,0,none,gt_30,gt_30,2_to_3y,0,0,0,0,gt_5,0
5256,1994,31_to_35,0,single,pontiac,sport,30k_to_39k,5y,1,liability,4.0,3,0,gt_4,gt_30,gt_30,no_change,1,1,0,0,gt_5,0
5258,1994,41_to_50,0,married,pontiac,sedan,30k_to_39k,gt_7y,1,all_perils,4.0,2,0,none,gt_30,gt_30,no_change,0,0,0,0,none,0
5259,1994,31_to_35,1,single,toyota,sedan,lt_20k,7y,1,all_perils,4.0,3,0,2_to_4,gt_30,gt_30,no_change,0,0,0,0,gt_5,0
5262,1994,31_to_35,0,single,mazda,sport,20k_to_29k,6y,1,liability,4.0,2,0,gt_4,gt_30,gt_30,no_change,1,0,0,0,1_to_2,0
5267,1994,41_to_50,0,married,honda,sedan,20k_to_29k,gt_7y,1,collision,4.0,2,0,1,gt_30,gt_30,no_change,1,0,0,0,none,0
5272,1994,over_65,0,married,chevrolet,sport,40k_to_59k,gt_7y,2,liability,4.0,4,0,2_to_4,gt_30,gt_30,4_to_8y,1,0,0,0,none,0
5273,1994,31_to_35,0,married,other,sport,30k_to_39k,7y,1,liability,4.0,3,0,gt_4,gt_30,gt_30,no_change,1,1,0,0,none,0
5276,1994,31_to_35,0,married,honda,sport,gt_69k,6y,1,liability,4.0,2,0,2_to_4,gt_30,gt_30,no_change,0,0,0,0,gt_5,0
5277,1994,36_to_40,0,married,honda,sport,20k_to_29k,7y,1,liability,4.0,2,0,gt_4,gt_30,gt_30,no_change,1,0,0,0,none,0
5280,1994,31_to_35,0,married,toyota,sedan,lt_20k,6y,1,collision,4.0,2,0,1,gt_30,gt_30,no_change,1,0,0,0,none,0
5292,1994,41_to_50,0,married,honda,sedan,20k_to_29k,gt_7y,1,collision,4.0,3,0,2_to_4,gt_30,gt_30,no_change,0,0,0,0,gt_5,0
5293,1994,36_to_40,0,married,honda,sedan,lt_20k,7y,2,all_perils,4.0,2,0,none,gt_30,gt_30,4_to_8y,1,0,0,0,1_to_2,0
5297,1994,16_to_17,0,single,honda,sport,gt_69k,new,1,liability,4.0,2,0,gt_4,gt_30,gt_30,no_change,1,0,0,0,none,0
5299,1994,31_to_35,1,married,mazda,sedan,gt_69k,6y,1,all_perils,4.0,4,0,1,gt_30,gt_30,no_change,0,0,0,0,none,0
5303,1994,36_to_40,0,single,honda,sedan,30k_to_39k,7y,1,all_perils,4.0,4,0,1,gt_30,gt_30,no_change,1,0,0,0,none,1
5307,1994,31_to_35,0,single,toyota,sport,20k_to_29k,6y,1,liability,4.0,1,0,2_to_4,gt_30,gt_30,no_change,1,0,0,1,none,0
5309,1994,36_to_40,0,married,toyota,sedan,20k_to_29k,7y,1,all_perils,4.0,1,0,none,gt_30,gt_30,no_change,1,0,0,0,3_to_5,0
5310,1994,31_to_35,0,married,pontiac,sedan,20k_to_29k,6y,1,all_perils,4.0,1,0,none,gt_30,gt_30,no_change,1,0,0,0,1_to_2,0
5313,1994,31_to_35,1,single,chevrolet,sedan,gt_69k,6y,1,collision,4.0,3,0,none,gt_30,gt_30,no_change,1,0,0,0,gt_5,0
5314,1994,31_to_35,0,married,pontiac,sport,20k_to_29k,6y,2,liability,4.0,2,0,gt_4,gt_30,gt_30,4_to_8y,1,0,0,0,3_to_5,0
5321,1994,26_to_30,0,single,toyota,sedan,20k_to_29k,4y,1,collision,4.0,1,0,gt_4,gt_30,gt_30,no_change,0,0,0,0,1_to_2,0
5322,1994,31_to_35,0,single,mazda,sedan,20k_to_29k,3y,1,collision,4.0,2,1,none,gt_30,gt_30,no_change,1,0,0,0,none,0
5324,1994,41_to_50,1,married,pontiac,sedan,lt_20k,6y,1,all_perils,4.0,2,0,none,gt_30,gt_30,no_change,1,0,0,0,3_to_5,0
5325,1994,over_65,0,married,mazda,sedan,20k_to_29k,gt_7y,1,all_perils,4.0,2,0,1,gt_30,gt_30,no_change,1,0,0,0,1_to_2,0
5326,1994,41_to_50,0,married,toyota,sport,20k_to_29k,7y,1,liability,4.0,4,0,2_to_4,gt_30,gt_30,no_change,1,0,0,0,gt_5,0
5327,1994,31_to_35,0,married,mazda,sport,30k_to_39k,6y,1,liability,4.0,2,0,gt_4,gt_30,gt_30,no_change,1,0,0,0,1_to_2,0
5330,1994,36_to_40,0,divorced,toyota,sedan,20k_to_29k,7y,1,collision,4.0,2,0,1,gt_30,gt_30,no_change,1,0,0,0,none,0
5331,1994,36_to_40,0,married,other,sedan,20k_to_29k,7y,3_to_4,all_perils,4.0,2,0,1,gt_30,gt_30,no_change,1,0,0,0,1_to_2,1
5332,1994,16_to_17,0,single,honda,sedan,gt_69k,new,1,collision,4.0,2,0,gt_4,gt_30,gt_30,no_change,1,0,0,0,none,0
5334,1994,over_65,0,married,honda,sport,20k_to_29k,gt_7y,1,liability,4.0,3,0,1,gt_30,gt_30,no_change,1,0,0,0,none,0
5336,1994,41_to_50,0,married,mazda,sedan,20k_to_29k,gt_7y,1,collision,4.0,1,0,1,gt_30,gt_30,no_change,1,0,0,0,gt_5,0
5341,1994,36_to_40,0,married,toyota,sport,20k_to_29k,7y,1,liability,4.0,1,0,2_to_4,gt_30,gt_30,no_change,1,0,0,0,3_to_5,0
5346,1994,36_to_40,1,single,mazda,sport,gt_69k,7y,1,liability,4.0,1,0,2_to_4,gt_30,gt_30,no_change,1,0,0,0,none,0
5352,1994,26_to_30,0,single,honda,sedan,30k_to_39k,5y,1,collision,4.0,2,0,none,gt_30,gt_30,no_change,1,0,0,0,none,0
5353,1994,51_to_65,0,married,other,sedan,20k_to_29k,gt_7y,1,collision,4.0,4,0,1,gt_30,gt_30,no_change,1,0,0,0,3_to_5,0
5354,1994,31_to_35,0,single,toyota,sport,20k_to_29k,6y,1,liability,4.0,1,0,2_to_4,gt_30,gt_30,no_change,1,0,0,0,none,0
5356,1994,36_to_40,1,married,honda,sport,gt_69k,4y,2,collision,4.0,2,0,1,gt_30,gt_30,2_to_3y,0,0,0,0,none,1
5358,1994,26_to_30,0,single,mazda,sedan,20k_to_29k,5y,1,collision,4.0,1,0,gt_4,gt_30,gt_30,no_change,1,0,0,0,none,0
5359,1994,41_to_50,0,married,acura,sedan,40k_to_59k,gt_7y,1,collision,4.0,1,0,none,gt_30,gt_30,no_change,0,0,0,0,none,0
5360,1994,36_to_40,0,married,pontiac,sedan,20k_to_29k,gt_7y,1,collision,4.0,4,0,1,gt_30,gt_30,no_change,1,0,0,0,gt_5,0
5364,1994,31_to_35,0,married,honda,sedan,20k_to_29k,5y,1,all_perils,4.0,3,0,none,gt_30,gt_30,no_change,0,0,0,0,none,0
5368,1994,36_to_40,0,married,chevrolet,sport,20k_to_29k,7y,1,liability,4.0,4,0,1,gt_30,gt_30,no_change,0,0,0,0,none,0
5369,1994,31_to_35,1,single,pontiac,sport,gt_69k,7y,1,liability,4.0,3,0,2_to_4,gt_30,gt_30,no_change,1,0,0,0,3_to_5,0
5372,1994,36_to_40,0,married,ford,sedan,40k_to_59k,7y,3_to_4,collision,4.0,3,0,1,gt_30,gt_30,no_change,0,0,0,0,gt_5,0
5373,1994,over_65,0,married,mazda,sedan,20k_to_29k,gt_7y,1,collision,4.0,1,0,none,gt_30,gt_30,no_change,1,0,0,0,none,0
5374,1994,16_to_17,0,single,honda,sport,gt_69k,new,1,liability,4.0,1,0,2_to_4,gt_30,gt_30,no_change,1,0,0,0,none,0
5375,1994,36_to_40,0,married,ford,utility,gt_69k,7y,1,all_perils,4.0,3,0,none,gt_30,gt_30,no_change,1,0,0,0,gt_5,0
5376,1994,51_to_65,1,married,toyota,sport,lt_20k,5y,1,liability,4.0,1,0,1,gt_30,gt_30,no_change,1,0,0,0,none,0
5377,1994,31_to_35,0,single,chevrolet,utility,gt_69k,6y,2,all_perils,4.0,1,0,gt_4,gt_30,gt_30,4_to_8y,1,0,0,0,none,0
5383,1994,31_to_35,0,married,toyota,sport,20k_to_29k,7y,1,liability,4.0,2,0,gt_4,gt_30,gt_30,no_change,1,0,0,0,none,0
5385,1994,36_to_40,0,married,mazda,sport,20k_to_29k,7y,1,liability,4.0,3,0,gt_4,gt_30,gt_30,no_change,1,0,0,0,none,0
5390,1994,31_to_35,0,single,honda,sedan,30k_to_39k,5y,1,collision,4.0,2,0,2_to_4,gt_30,gt_30,no_change,1,0,0,0,none,0
5398,1994,41_to_50,0,married,other,sedan,20k_to_29k,7y,2,all_perils,4.0,4,0,2_to_4,gt_30,gt_30,4_to_8y,1,0,0,0,none,0
5399,1994,36_to_40,0,married,pontiac,sedan,20k_to_29k,7y,1,collision,4.0,4,0,1,gt_30,gt_30,no_change,0,0,0,0,none,0
5400,1994,36_to_40,0,married,toyota,sedan,gt_69k,7y,1,all_perils,4.0,2,0,1,gt_30,gt_30,no_change,1,1,0,0,none,0
5409,1994,31_to_35,0,married,toyota,sedan,30k_to_39k,6y,1,collision,4.0,4,0,2_to_4,gt_30,gt_30,no_change,1,0,0,0,none,0
5412,1994,31_to_35,0,single,honda,sedan,20k_to_29k,7y,1,all_perils,4.0,2,0,1,gt_30,gt_30,no_change,1,0,0,0,gt_5,1
5414,1994,41_to_50,0,married,pontiac,sedan,20k_to_29k,gt_7y,1,all_perils,4.0,3,0,none,gt_30,gt_30,no_change,1,0,0,0,1_to_2,0
5415,1994,51_to_65,0,married,pontiac,sedan,20k_to_29k,gt_7y,1,collision,4.0,4,0,none,gt_30,gt_30,no_change,1,0,0,0,1_to_2,0
5417,1994,16_to_17,0,single,honda,sedan,gt_69k,new,1,collision,4.0,1,0,none,gt_30,gt_30,no_change,1,0,0,0,none,0
5420,1994,36_to_40,0,single,pontiac,sport,20k_to_29k,7y,1,liability,4.0,3,0,gt_4,gt_30,gt_30,no_change,1,0,0,0,none,0
5423,1994,31_to_35,0,single,chevrolet,sedan,30k_to_39k,6y,1,collision,4.0,2,0,1,gt_30,gt_30,no_change,0,0,0,0,gt_5,0
5424,1994,36_to_40,0,married,honda,sedan,20k_to_29k,7y,1,collision,4.0,1,0,none,gt_30,gt_30,no_change,0,0,0,0,none,0
5425,1994,21_to_25,0,single,toyota,sedan,lt_20k,3y,1,all_perils,4.0,3,0,1,gt_30,gt_30,no_change,1,0,0,0,3_to_5,0
5427,1994,31_to_35,0,single,mazda,sedan,20k_to_29k,5y,1,collision,4.0,3,0,2_to_4,gt_30,gt_30,no_change,0,0,0,0,gt_5,0
5431,1994,41_to_50,0,married,toyota,sedan,lt_20k,7y,1,collision,4.0,3,0,2_to_4,gt_30,gt_30,no_change,1,0,0,0,none,0
5435,1994,41_to_50,0,single,pontiac,sedan,lt_20k,7y,1,all_perils,4.0,4,0,2_to_4,gt_30,gt_30,no_change,1,1,0,0,none,1
5437,1994,31_to_35,0,single,pontiac,sedan,20k_to_29k,6y,1,collision,4.0,3,0,1,gt_30,gt_30,no_change,0,0,0,1,3_to_5,0
5440,1994,31_to_35,0,single,pontiac,sedan,20k_to_29k,7y,2,collision,4.0,4,0,none,gt_30,gt_30,4_to_8y,1,0,0,0,1_to_2,0
5442,1994,51_to_65,0,married,mazda,sport,20k_to_29k,6y,1,liability,4.0,4,0,gt_4,gt_30,gt_30,no_change,1,0,0,0,none,0
5446,1994,41_to_50,0,married,honda,sport,20k_to_29k,7y,1,liability,4.0,4,0,2_to_4,gt_30,gt_30,no_change,1,0,0,0,gt_5,0
5449,1994,31_to_35,0,single,pontiac,sport,20k_to_29k,6y,1,liability,4.0,1,1,gt_4,gt_30,gt_30,no_change,1,0,0,0,gt_5,0
5451,1994,31_to_35,0,married,acura,utility,gt_69k,7y,1,all_perils,4.0,2,0,1,gt_30,gt_30,no_change,1,0,0,0,none,1
5454,1994,31_to_35,0,single,pontiac,sedan,20k_to_29k,5y,3_to_4,collision,4.0,1,0,gt_4,gt_30,gt_30,no_change,1,0,0,0,gt_5,0
5462,1994,26_to_30,0,single,chevrolet,sedan,30k_to_39k,4y,1,all_perils,4.0,2,0,gt_4,gt_30,gt_30,no_change,0,0,0,0,gt_5,0
5465,1994,41_to_50,0,single,chevrolet,sport,gt_69k,7y,1,liability,4.0,2,0,gt_4,gt_30,gt_30,no_change,1,0,0,0,3_to_5,0
5477,1994,41_to_50,0,married,pontiac,sedan,20k_to_29k,7y,1,all_perils,4.0,2,0,none,gt_30,gt_30,no_change,1,0,0,0,3_to_5,0
5478,1994,41_to_50,1,married,mazda,sport,20k_to_29k,7y,1,liability,4.0,1,0,2_to_4,gt_30,gt_30,no_change,1,0,0,0,1_to_2,0
5479,1994,31_to_35,0,single,other,sedan,40k_to_59k,6y,1,collision,4.0,2,0,2_to_4,gt_30,gt_30,no_change,1,0,0,0,none,1
5480,1994,41_to_50,1,married,toyota,sedan,30k_to_39k,gt_7y,1,collision,4.0,4,0,none,gt_30,gt_30,no_change,0,0,0,0,gt_5,0
5481,1994,41_to_50,0,married,honda,sport,20k_to_29k,7y,1,liability,4.0,3,0,1,gt_30,gt_30,no_change,0,0,0,0,gt_5,0
5482,1994,31_to_35,1,single,chevrolet,sport,20k_to_29k,6y,2,liability,4.0,2,0,none,gt_30,gt_30,4_to_8y,1,0,0,1,gt_5,0
5493,1994,41_to_50,0,married,pontiac,sedan,lt_20k,gt_7y,1,all_perils,4.0,1,0,2_to_4,gt_30,gt_30,no_change,0,0,0,0,3_to_5,0
5495,1994,36_to_40,0,married,toyota,sedan,20k_to_29k,7y,3_to_4,collision,4.0,1,0,1,gt_30,gt_30,no_change,1,0,0,0,none,1
5496,1994,36_to_40,0,single,toyota,sport,20k_to_29k,7y,1,liability,4.0,1,0,1,gt_30,gt_30,no_change,1,0,0,0,1_to_2,0
5502,1994,31_to_35,1,single,pontiac,sedan,20k_to_29k,6y,1,collision,4.0,1,0,gt_4,gt_30,gt_30,no_change,0,0,0,0,1_to_2,0
5503,1994,31_to_35,0,married,chevrolet,sport,20k_to_29k,6y,2,liability,4.0,3,0,2_to_4,gt_30,gt_30,4_to_8y,1,0,0,0,none,0
5513,1994,41_to_50,0,single,chevrolet,utility,gt_69k,gt_7y,1,collision,4.0,3,0,none,gt_30,gt_30,no_change,1,1,0,0,1_to_2,1
5514,1994,41_to_50,0,married,toyota,sedan,20k_to_29k,gt_7y,1,all_perils,4.0,4,0,1,gt_30,gt_30,no_change,1,0,0,0,3_to_5,0
5519,1994,31_to_35,0,married,toyota,sedan,20k_to_29k,7y,1,all_perils,7.0,3,0,none,gt_30,gt_30,no_change,1,0,0,0,none,1
5520,1994,26_to_30,0,single,honda,sedan,20k_to_29k,5y,1,collision,4.0,2,0,2_to_4,gt_30,gt_30,no_change,1,0,0,0,1_to_2,0
5522,1994,31_to_35,0,married,honda,sedan,20k_to_29k,6y,1,collision,4.0,3,0,1,gt_30,gt_30,no_change,1,1,0,0,none,0
5523,1994,41_to_50,0,married,acura,sedan,20k_to_29k,7y,1,collision,4.0,1,0,gt_4,gt_30,gt_30,no_change,1,0,0,0,gt_5,0
5524,1994,31_to_35,0,single,pontiac,sedan,20k_to_29k,6y,2,collision,4.0,3,0,1,gt_30,gt_30,4_to_8y,1,0,0,0,none,0
5525,1994,41_to_50,0,married,mazda,sedan,40k_to_59k,7y,1,collision,4.0,2,0,gt_4,gt_30,gt_30,no_change,1,1,0,0,gt_5,0
5526,1994,36_to_40,0,single,pontiac,sedan,20k_to_29k,7y,1,collision,4.0,4,0,2_to_4,gt_30,gt_30,no_change,1,0,0,0,gt_5,0
5530,1994,31_to_35,0,married,pontiac,sport,20k_to_29k,5y,1,liability,4.0,3,0,2_to_4,gt_30,gt_30,no_change,1,0,0,0,none,0
5532,1994,41_to_50,0,married,pontiac,sport,20k_to_29k,7y,1,liability,4.0,4,0,2_to_4,gt_30,gt_30,no_change,1,0,0,0,1_to_2,0
5533,1994,36_to_40,1,married,mazda,sedan,20k_to_29k,6y,1,collision,4.0,3,0,2_to_4,gt_30,gt_30,no_change,1,0,0,0,gt_5,0
5535,1994,31_to_35,0,single,mazda,sport,gt_69k,7y,1,collision,4.0,4,0,none,gt_30,gt_30,no_change,0,0,0,0,none,0
5536,1994,51_to_65,0,married,pontiac,sedan,lt_20k,gt_7y,3_to_4,all_perils,4.0,3,0,2_to_4,gt_30,gt_30,no_change,0,0,0,0,none,0
5539,1994,36_to_40,0,married,pontiac,sport,30k_to_39k,7y,1,liability,4.0,2,0,1,gt_30,gt_30,no_change,0,0,0,0,3_to_5,0
5540,1994,36_to_40,0,married,chevrolet,utility,gt_69k,7y,1,all_perils,4.0,1,0,2_to_4,gt_30,gt_30,no_change,1,0,0,0,1_to_2,1
5543,1994,41_to_50,0,married,pontiac,sedan,20k_to_29k,6y,1,all_perils,4.0,3,0,none,gt_30,gt_30,no_change,1,0,0,0,gt_5,0
5547,1994,26_to_30,0,single,chevrolet,sport,30k_to_39k,4y,1,liability,4.0,3,0,2_to_4,gt_30,gt_30,no_change,0,0,0,0,gt_5,0
5551,1994,36_to_40,0,married,mazda,sedan,20k_to_29k,7y,1,collision,4.0,4,0,1,gt_30,gt_30,no_change,1,1,0,0,3_to_5,0
5553,1994,26_to_30,0,single,pontiac,sport,20k_to_29k,5y,1,liability,4.0,4,0,2_to_4,gt_30,gt_30,no_change,1,0,0,0,none,0
5558,1994,31_to_35,1,single,mazda,sport,30k_to_39k,5y,1,liability,4.0,1,0,1,gt_30,gt_30,no_change,1,0,0,0,none,0
5560,1994,51_to_65,0,married,pontiac,sedan,20k_to_29k,gt_7y,1,collision,5.0,3,0,none,gt_30,gt_30,2_to_3y,1,0,0,0,1_to_2,0
5563,1994,36_to_40,0,married,chevrolet,sport,30k_to_39k,gt_7y,1,liability,4.0,1,0,gt_4,gt_30,gt_30,no_change,1,0,0,0,none,0
5569,1994,36_to_40,0,married,pontiac,sedan,20k_to_29k,7y,1,all_perils,4.0,1,0,none,gt_30,gt_30,no_change,1,0,0,0,gt_5,0
5570,1994,31_to_35,0,single,chevrolet,sedan,gt_69k,7y,1,all_perils,4.0,1,0,none,gt_30,gt_30,no_change,1,0,0,0,none,1
5581,1994,41_to_50,0,married,toyota,sedan,20k_to_29k,gt_7y,1,all_perils,7.0,2,0,1,gt_30,gt_30,no_change,0,0,0,0,none,0
5586,1994,36_to_40,0,married,mazda,sedan,30k_to_39k,gt_7y,1,all_perils,4.0,4,0,none,gt_30,gt_30,no_change,1,0,0,0,3_to_5,0
5587,1994,51_to_65,0,married,chevrolet,sedan,30k_to_39k,7y,2,collision,4.0,2,0,none,gt_30,gt_30,4_to_8y,1,0,0,0,none,0
5589,1994,41_to_50,0,married,pontiac,sedan,20k_to_29k,7y,1,collision,4.0,3,0,gt_4,gt_30,gt_30,no_change,1,0,0,0,none,0
5596,1994,26_to_30,0,single,toyota,sedan,20k_to_29k,5y,1,collision,4.0,1,0,1,gt_30,gt_30,no_change,1,0,0,0,none,0
5609,1994,41_to_50,0,married,toyota,sport,20k_to_29k,7y,1,liability,4.0,4,0,2_to_4,gt_30,gt_30,no_change,1,0,0,0,none,0
5610,1994,41_to_50,0,married,mazda,sedan,20k_to_29k,gt_7y,1,collision,4.0,1,0,2_to_4,gt_30,gt_30,no_change,0,0,0,0,none,0
5614,1994,31_to_35,0,single,pontiac,sedan,30k_to_39k,7y,1,collision,4.0,4,0,1,gt_30,gt_30,no_change,0,0,0,0,gt_5,0
5616,1994,41_to_50,0,married,toyota,sedan,30k_to_39k,gt_7y,1,all_perils,4.0,1,0,1,gt_30,gt_30,no_change,1,1,0,0,gt_5,0
5618,1994,31_to_35,0,single,honda,sedan,30k_to_39k,6y,3_to_4,all_perils,4.0,1,0,2_to_4,gt_30,gt_30,no_change,1,0,0,0,gt_5,0
5619,1994,41_to_50,0,married,mazda,sedan,30k_to_39k,7y,1,collision,4.0,3,0,none,gt_30,gt_30,no_change,1,0,0,0,1_to_2,0
5621,1994,31_to_35,0,married,mazda,sedan,30k_to_39k,6y,1,collision,4.0,3,0,2_to_4,gt_30,gt_30,no_change,1,0,0,0,3_to_5,0
5633,1994,41_to_50,1,married,chevrolet,sedan,gt_69k,7y,1,all_perils,4.0,4,0,none,gt_30,gt_30,no_change,0,1,0,0,3_to_5,0
5634,1994,36_to_40,0,single,pontiac,sport,30k_to_39k,7y,1,liability,4.0,4,0,2_to_4,gt_30,gt_30,no_change,1,0,0,0,1_to_2,0
5635,1994,31_to_35,0,married,chevrolet,sedan,20k_to_29k,6y,1,all_perils,4.0,1,0,1,gt_30,gt_30,no_change,1,0,0,0,none,0
5636,1994,36_to_40,0,married,pontiac,sport,20k_to_29k,gt_7y,1,liability,4.0,1,0,2_to_4,gt_30,gt_30,no_change,1,0,0,0,none,0
5637,1994,36_to_40,0,married,ford,sedan,gt_69k,gt_7y,1,collision,4.0,1,0,none,gt_30,gt_30,no_change,1,0,0,0,gt_5,0
5638,1994,31_to_35,0,single,toyota,sedan,30k_to_39k,6y,1,all_perils,4.0,4,0,1,gt_30,gt_30,no_change,1,1,0,0,none,0
5639,1994,31_to_35,0,married,toyota,sedan,20k_to_29k,7y,1,all_perils,4.0,2,0,none,gt_30,gt_30,no_change,1,0,0,0,gt_5,1
5640,1994,41_to_50,1,married,toyota,sedan,30k_to_39k,7y,1,all_perils,4.0,1,0,2_to_4,gt_30,gt_30,no_change,1,0,0,0,none,0
5647,1994,16_to_17,0,single,honda,sedan,gt_69k,new,1,all_perils,4.0,2,0,2_to_4,gt_30,gt_30,no_change,1,0,0,0,none,0
5649,1994,36_to_40,0,married,toyota,sedan,30k_to_39k,7y,1,all_perils,4.0,4,0,none,gt_30,gt_30,no_change,0,1,0,0,gt_5,0
5654,1994,41_to_50,0,single,chevrolet,sedan,gt_69k,gt_7y,1,all_perils,4.0,3,0,1,gt_30,gt_30,no_change,1,0,0,0,gt_5,0
5655,1994,31_to_35,0,married,toyota,sedan,20k_to_29k,6y,1,collision,4.0,4,0,2_to_4,gt_30,gt_30,no_change,0,0,0,0,none,0
5656,1994,36_to_40,0,married,honda,sedan,20k_to_29k,7y,1,all_perils,4.0,1,0,none,gt_30,gt_30,no_change,0,0,0,0,gt_5,0
5661,1994,41_to_50,0,married,chevrolet,sport,40k_to_59k,gt_7y,1,liability,4.0,1,0,2_to_4,gt_30,gt_30,no_change,1,1,0,0,gt_5,0
5668,1994,16_to_17,0,single,honda,sedan,gt_69k,new,1,collision,4.0,1,0,1,gt_30,gt_30,no_change,1,0,0,0,none,0
5670,1994,16_to_17,0,single,honda,sport,gt_69k,new,1,liability,4.0,4,0,2_to_4,gt_30,gt_30,no_change,0,0,0,0,none,0
5672,1994,31_to_35,0,single,chevrolet,sport,20k_to_29k,6y,1,liability,4.0,3,0,2_to_4,gt_30,gt_30,no_change,1,0,0,0,none,0
5674,1994,36_to_40,0,married,honda,sport,gt_69k,7y,1,collision,7.0,1,0,none,gt_30,gt_30,no_change,0,0,0,0,1_to_2,0
5676,1994,31_to_35,1,single,honda,sport,20k_to_29k,6y,1,liability,4.0,3,0,1,gt_30,gt_30,no_change,1,0,0,0,none,0
5678,1994,51_to_65,0,married,toyota,sedan,20k_to_29k,gt_7y,1,collision,4.0,4,0,2_to_4,gt_30,gt_30,no_change,1,0,0,0,gt_5,0
5680,1994,36_to_40,1,married,honda,sedan,20k_to_29k,7y,1,collision,4.0,3,0,2_to_4,gt_30,gt_30,no_change,1,0,0,0,gt_5,0
5681,1994,51_to_65,0,married,pontiac,sport,20k_to_29k,5y,1,liability,4.0,2,0,2_to_4,gt_30,gt_30,no_change,1,0,0,0,none,0
5683,1994,51_to_65,0,married,toyota,sport,20k_to_29k,gt_7y,1,liability,4.0,4,0,2_to_4,gt_30,gt_30,no_change,1,0,0,0,none,0
5684,1994,36_to_40,0,married,mazda,sedan,20k_to_29k,gt_7y,1,collision,4.0,1,0,1,gt_30,gt_30,no_change,0,0,0,0,none,0
5686,1994,31_to_35,0,married,pontiac,sedan,30k_to_39k,6y,1,collision,4.0,3,0,2_to_4,gt_30,gt_30,no_change,1,0,0,0,gt_5,0
5690,1994,41_to_50,0,married,pontiac,sport,20k_to_29k,gt_7y,1,liability,4.0,2,0,1,gt_30,gt_30,no_change,1,0,0,0,none,0
5695,1994,31_to_35,1,single,honda,sedan,20k_to_29k,6y,1,collision,4.0,1,0,none,gt_30,gt_30,no_change,1,0,0,0,none,0
5696,1994,41_to_50,0,married,honda,sport,gt_69k,gt_7y,1,liability,4.0,3,0,2_to_4,gt_30,gt_30,no_change,1,0,0,0,1_to_2,0
5706,1994,31_to_35,0,married,toyota,sedan,20k_to_29k,6y,1,collision,4.0,3,0,2_to_4,gt_30,gt_30,no_change,0,0,0,0,1_to_2,0
5707,1994,51_to_65,0,married,mazda,sport,20k_to_29k,gt_7y,1,liability,4.0,1,0,none,gt_30,gt_30,no_change,1,0,0,0,none,0
5709,1994,31_to_35,0,single,honda,sport,20k_to_29k,7y,1,liability,4.0,1,0,gt_4,gt_30,gt_30,no_change,1,0,0,0,gt_5,0
5710,1994,31_to_35,0,married,honda,sport,20k_to_29k,6y,1,liability,4.0,2,0,gt_4,gt_30,gt_30,no_change,1,0,0,0,1_to_2,0
5719,1994,36_to_40,0,married,pontiac,utility,40k_to_59k,6y,1,all_perils,4.0,1,0,gt_4,gt_30,gt_30,no_change,1,0,0,0,none,0
5722,1994,31_to_35,0,married,mazda,sedan,30k_to_39k,7y,1,all_perils,4.0,3,0,1,gt_30,gt_30,no_change,0,0,0,0,gt_5,0
5724,1994,36_to_40,0,single,pontiac,sport,30k_to_39k,7y,1,liability,4.0,2,0,2_to_4,gt_30,gt_30,no_change,1,0,0,0,none,0
5725,1994,31_to_35,0,single,pontiac,sedan,20k_to_29k,6y,1,all_perils,4.0,4,0,none,gt_30,gt_30,no_change,1,0,0,0,none,0
5728,1994,36_to_40,0,married,toyota,sedan,20k_to_29k,7y,1,all_perils,4.0,3,0,1,gt_30,gt_30,no_change,1,0,0,0,gt_5,1
5729,1994,41_to_50,1,married,pontiac,sedan,lt_20k,gt_7y,1,collision,4.0,1,0,none,gt_30,gt_30,no_change,0,0,0,0,none,0
5740,1994,41_to_50,1,widow,toyota,sedan,gt_69k,gt_7y,1,all_perils,4.0,1,0,2_to_4,gt_30,gt_30,no_change,1,0,1,0,none,0
5741,1994,36_to_40,0,married,honda,sport,20k_to_29k,7y,3_to_4,liability,4.0,2,0,gt_4,gt_30,gt_30,no_change,1,0,0,0,none,0
5743,1994,31_to_35,0,single,mazda,sport,30k_to_39k,6y,1,liability,4.0,3,0,1,gt_30,gt_30,no_change,0,0,0,0,none,0
5750,1994,51_to_65,0,married,toyota,sedan,20k_to_29k,7y,1,collision,4.0,4,0,none,gt_30,gt_30,no_change,1,0,0,0,3_to_5,0
5757,1994,26_to_30,0,single,mazda,sedan,lt_20k,5y,1,all_perils,4.0,3,0,none,gt_30,gt_30,no_change,0,0,0,1,none,0
5758,1994,31_to_35,0,single,toyota,sedan,30k_to_39k,7y,1,collision,4.0,2,0,1,gt_30,gt_30,no_change,1,0,0,0,gt_5,0
5759,1994,36_to_40,1,single,toyota,sport,20k_to_29k,7y,1,liability,4.0,3,0,2_to_4,gt_30,gt_30,no_change,1,0,0,0,none,0
5760,1994,51_to_65,0,married,toyota,sedan,20k_to_29k,gt_7y,1,all_perils,4.0,3,0,2_to_4,gt_30,gt_30,no_change,0,0,0,0,none,0
5761,1994,21_to_25,0,single,mazda,sedan,20k_to_29k,3y,1,collision,4.0,1,0,none,gt_30,gt_30,no_change,0,0,0,0,none,0
5767,1994,36_to_40,0,married,acura,sedan,30k_to_39k,7y,1,all_perils,7.0,3,0,none,gt_30,gt_30,no_change,1,0,0,0,none,1
5768,1994,31_to_35,0,married,pontiac,sport,gt_69k,7y,1,liability,4.0,2,0,gt_4,gt_30,gt_30,no_change,1,0,0,0,gt_5,0
5769,1994,41_to_50,0,married,mazda,sport,30k_to_39k,7y,1,liability,4.0,3,0,2_to_4,gt_30,gt_30,no_change,1,0,0,0,1_to_2,0
5771,1994,31_to_35,1,single,pontiac,sedan,20k_to_29k,6y,1,collision,4.0,2,0,2_to_4,gt_30,gt_30,no_change,1,1,0,0,none,0
5776,1994,31_to_35,0,married,pontiac,sedan,lt_20k,7y,2,all_perils,4.0,2,0,1,gt_30,gt_30,4_to_8y,1,0,0,0,none,1
5777,1994,41_to_50,0,married,chevrolet,sedan,20k_to_29k,7y,1,collision,4.0,2,0,2_to_4,gt_30,gt_30,no_change,1,1,0,0,none,0
5780,1994,31_to_35,0,married,honda,sedan,20k_to_29k,6y,1,collision,4.0,1,0,1,gt_30,gt_30,no_change,0,0,0,0,none,0
5783,1994,18_to_20,0,single,honda,sport,gt_69k,2y,1,collision,4.0,4,0,none,gt_30,gt_30,no_change,1,0,0,0,none,0
5785,1994,31_to_35,0,single,pontiac,sedan,20k_to_29k,6y,1,collision,4.0,4,0,2_to_4,gt_30,gt_30,no_change,1,0,0,0,none,0
5787,1994,36_to_40,0,married,other,sedan,20k_to_29k,7y,1,all_perils,4.0,2,0,none,gt_30,gt_30,no_change,1,0,0,0,none,0
5788,1994,36_to_40,0,single,other,sedan,30k_to_39k,7y,1,all_perils,4.0,1,0,2_to_4,gt_30,gt_30,no_change,0,0,0,0,1_to_2,0
5789,1994,31_to_35,0,married,honda,sport,20k_to_29k,6y,1,liability,4.0,3,0,2_to_4,gt_30,gt_30,no_change,0,0,0,0,none,0
5790,1994,36_to_40,0,married,honda,sport,20k_to_29k,7y,1,liability,4.0,2,0,2_to_4,gt_30,gt_30,no_change,1,0,0,0,none,0
5794,1994,41_to_50,0,married,honda,sport,30k_to_39k,gt_7y,1,liability,4.0,4,0,2_to_4,gt_30,gt_30,no_change,1,1,0,0,none,0
5809,1994,31_to_35,0,single,toyota,sport,30k_to_39k,6y,1,liability,4.0,4,0,2_to_4,gt_30,gt_30,no_change,1,0,0,0,none,0
5813,1994,36_to_40,1,married,honda,sedan,20k_to_29k,6y,1,collision,4.0,3,0,1,gt_30,gt_30,no_change,1,0,0,0,none,0
5815,1994,over_65,0,married,toyota,sport,20k_to_29k,gt_7y,1,liability,5.0,3,0,2_to_4,gt_30,gt_30,2_to_3y,1,0,0,0,none,0
5822,1994,31_to_35,0,married,honda,sedan,20k_to_29k,7y,1,collision,4.0,1,0,2_to_4,gt_30,gt_30,no_change,0,0,0,0,none,0
5824,1994,41_to_50,0,married,pontiac,sedan,lt_20k,gt_7y,1,all_perils,4.0,1,0,1,gt_30,gt_30,no_change,1,0,0,0,gt_5,0
5825,1994,36_to_40,1,single,pontiac,sedan,20k_to_29k,6y,1,collision,4.0,4,0,none,gt_30,gt_30,1y,1,0,0,0,gt_5,0
5826,1994,36_to_40,0,single,toyota,sport,30k_to_39k,7y,1,liability,4.0,4,0,gt_4,gt_30,gt_30,no_change,1,0,0,0,3_to_5,0
5827,1994,36_to_40,0,married,pontiac,sport,30k_to_39k,7y,1,liability,4.0,2,0,gt_4,gt_30,gt_30,no_change,1,0,0,0,none,0
5828,1994,26_to_30,0,married,pontiac,sedan,20k_to_29k,4y,1,collision,4.0,2,0,1,gt_30,gt_30,no_change,1,0,0,0,none,0
5829,1994,26_to_30,0,single,honda,sport,20k_to_29k,5y,1,liability,4.0,3,0,1,gt_30,gt_30,no_change,1,0,0,0,3_to_5,0
5831,1994,31_to_35,1,single,toyota,sport,20k_to_29k,4y,1,liability,4.0,3,0,1,gt_30,gt_30,no_change,1,0,0,0,none,0
5837,1994,over_65,0,married,toyota,sedan,20k_to_29k,gt_7y,1,collision,4.0,4,0,1,gt_30,gt_30,no_change,1,1,0,0,none,0
5840,1994,41_to_50,0,single,toyota,sedan,lt_20k,gt_7y,1,all_perils,4.0,2,0,none,gt_30,gt_30,no_change,0,0,0,0,gt_5,0
5841,1994,41_to_50,0,married,mazda,sedan,20k_to_29k,7y,1,collision,4.0,4,0,none,gt_30,gt_30,no_change,1,0,0,0,none,0
5842,1994,26_to_30,0,single,pontiac,sedan,20k_to_29k,3y,1,all_perils,4.0,1,0,1,gt_30,gt_30,no_change,0,0,0,1,gt_5,0
5845,1994,36_to_40,0,married,pontiac,sedan,20k_to_29k,gt_7y,1,all_perils,4.0,4,0,1,gt_30,gt_30,no_change,1,0,0,0,3_to_5,1
5847,1994,51_to_65,0,married,pontiac,sedan,20k_to_29k,gt_7y,1,all_perils,4.0,4,0,gt_4,gt_30,gt_30,no_change,0,0,0,0,1_to_2,0
5854,1994,31_to_35,0,married,honda,sport,20k_to_29k,6y,1,liability,4.0,1,0,gt_4,gt_30,gt_30,no_change,1,0,0,0,gt_5,0
5855,1994,31_to_35,0,married,honda,sport,30k_to_39k,5y,1,liability,4.0,1,0,gt_4,gt_30,gt_30,no_change,1,0,0,0,3_to_5,0
5857,1994,31_to_35,0,married,mazda,sedan,lt_20k,6y,1,all_perils,4.0,1,0,2_to_4,gt_30,gt_30,no_change,1,0,0,0,none,1
5859,1994,36_to_40,0,divorced,mazda,sedan,30k_to_39k,7y,1,collision,4.0,2,0,2_to_4,gt_30,gt_30,no_change,0,0,0,0,none,0
5860,1994,26_to_30,1,single,mazda,sedan,20k_to_29k,5y,2,all_perils,4.0,3,0,1,gt_30,gt_30,4_to_8y,1,0,0,0,gt_5,0
5862,1994,31_to_35,0,married,pontiac,sedan,30k_to_39k,7y,1,collision,4.0,4,0,2_to_4,gt_30,gt_30,no_change,1,0,0,0,gt_5,0
5866,1994,31_to_35,0,married,toyota,sedan,lt_20k,6y,1,all_perils,5.0,2,0,none,gt_30,gt_30,2_to_3y,0,0,0,0,gt_5,1
5868,1994,31_to_35,0,single,pontiac,sedan,30k_to_39k,7y,1,all_perils,4.0,3,0,2_to_4,gt_30,gt_30,no_change,0,0,0,0,3_to_5,0
5869,1994,41_to_50,1,married,mazda,sport,20k_to_29k,7y,1,liability,4.0,3,0,1,gt_30,gt_30,no_change,1,0,0,0,gt_5,0
5873,1994,31_to_35,1,single,pontiac,sport,20k_to_29k,4y,1,liability,4.0,3,0,none,gt_30,gt_30,no_change,1,0,0,0,none,0
5881,1994,41_to_50,0,married,toyota,sport,30k_to_39k,7y,2,liability,4.0,1,0,2_to_4,gt_30,gt_30,4_to_8y,1,0,0,0,gt_5,0
5884,1994,36_to_40,0,single,honda,sedan,20k_to_29k,7y,1,all_perils,4.0,1,0,2_to_4,gt_30,gt_30,no_change,0,0,0,0,1_to_2,0
5885,1994,31_to_35,0,married,acura,sedan,20k_to_29k,7y,1,all_perils,4.0,1,0,2_to_4,gt_30,gt_30,no_change,1,0,0,0,gt_5,0
5886,1994,36_to_40,1,married,toyota,sport,20k_to_29k,7y,1,liability,4.0,1,0,2_to_4,gt_30,gt_30,no_change,1,0,0,0,none,0
5888,1994,31_to_35,0,single,pontiac,sport,20k_to_29k,6y,1,liability,4.0,1,0,2_to_4,gt_30,gt_30,no_change,1,0,0,0,none,0
5890,1994,26_to_30,0,single,toyota,sedan,20k_to_29k,4y,1,all_perils,4.0,4,0,none,gt_30,gt_30,no_change,1,0,0,0,none,0
5891,1994,36_to_40,0,married,acura,sport,30k_to_39k,7y,1,liability,7.0,2,0,2_to_4,gt_30,gt_30,no_change,0,0,0,0,gt_5,0
5892,1994,41_to_50,1,married,chevrolet,sport,gt_69k,gt_7y,1,liability,4.0,4,0,gt_4,gt_30,gt_30,no_change,1,0,0,0,3_to_5,0
5894,1994,41_to_50,0,married,chevrolet,sedan,30k_to_39k,7y,1,collision,4.0,4,0,2_to_4,gt_30,gt_30,no_change,1,0,0,0,none,0
5898,1994,31_to_35,0,married,honda,sedan,20k_to_29k,7y,1,all_perils,4.0,2,0,2_to_4,gt_30,gt_30,no_change,0,0,0,0,none,0
5899,1994,31_to_35,0,single,honda,sport,gt_69k,6y,1,collision,4.0,2,0,none,gt_30,gt_30,no_change,0,0,0,0,gt_5,0
5906,1994,31_to_35,0,married,pontiac,sport,30k_to_39k,7y,1,liability,4.0,2,1,gt_4,gt_30,gt_30,no_change,1,1,0,0,gt_5,0
5913,1994,31_to_35,0,single,pontiac,sedan,20k_to_29k,6y,1,collision,4.0,3,0,none,gt_30,gt_30,no_change,1,0,0,0,1_to_2,0
5917,1994,31_to_35,0,single,mazda,sedan,20k_to_29k,6y,1,collision,5.0,4,0,gt_4,gt_30,gt_30,2_to_3y,1,0,0,0,none,0
5918,1994,51_to_65,0,married,chevrolet,sedan,30k_to_39k,gt_7y,1,collision,4.0,2,0,none,gt_30,gt_30,no_change,1,0,0,0,3_to_5,0
5919,1994,36_to_40,0,married,toyota,sedan,20k_to_29k,gt_7y,1,collision,4.0,1,0,1,gt_30,gt_30,no_change,1,0,0,0,gt_5,0
5920,1994,51_to_65,0,married,honda,sport,20k_to_29k,gt_7y,1,liability,4.0,1,0,gt_4,gt_30,gt_30,no_change,1,0,0,0,gt_5,0
5927,1994,41_to_50,1,married,pontiac,sedan,30k_to_39k,5y,1,all_perils,4.0,3,0,2_to_4,gt_30,gt_30,no_change,1,0,0,0,gt_5,0
5928,1994,51_to_65,0,married,chevrolet,utility,gt_69k,gt_7y,1,all_perils,4.0,2,0,1,gt_30,gt_30,no_change,1,0,0,0,gt_5,0
5929,1994,51_to_65,0,married,honda,sedan,20k_to_29k,gt_7y,1,all_perils,4.0,4,0,none,gt_30,gt_30,no_change,0,1,0,0,none,0
5932,1994,31_to_35,1,single,honda,sport,20k_to_29k,6y,1,liability,4.0,4,0,2_to_4,gt_30,gt_30,no_change,1,0,0,0,1_to_2,0
5933,1994,41_to_50,0,married,acura,sedan,30k_to_39k,gt_7y,1,collision,4.0,2,0,2_to_4,gt_30,gt_30,no_change,1,0,0,0,none,0
5937,1994,36_to_40,0,married,mazda,sport,30k_to_39k,6y,1,liability,4.0,3,0,2_to_4,gt_30,gt_30,no_change,1,0,0,0,1_to_2,0
5938,1994,31_to_35,0,married,honda,sport,20k_to_29k,7y,1,liability,4.0,4,0,gt_4,gt_30,gt_30,no_change,1,0,0,0,gt_5,0
5944,1994,36_to_40,1,single,chevrolet,sedan,20k_to_29k,7y,2,collision,4.0,2,0,2_to_4,gt_30,gt_30,4_to_8y,1,0,0,0,none,0
5945,1994,31_to_35,0,single,honda,sedan,20k_to_29k,6y,1,collision,4.0,2,0,gt_4,gt_30,gt_30,no_change,1,0,0,0,1_to_2,0
5949,1994,over_65,0,married,pontiac,sport,20k_to_29k,gt_7y,1,liability,4.0,2,0,none,gt_30,gt_30,no_change,1,0,0,0,none,0
5950,1994,26_to_30,1,single,other,sedan,30k_to_39k,3y,1,collision,4.0,3,0,none,gt_30,gt_30,no_change,0,0,0,0,none,0
5952,1994,31_to_35,0,married,acura,sedan,30k_to_39k,7y,1,collision,4.0,1,0,2_to_4,gt_30,gt_30,no_change,1,0,0,0,3_to_5,0
5954,1994,31_to_35,0,single,chevrolet,sedan,20k_to_29k,6y,1,all_perils,4.0,3,0,none,gt_30,gt_30,no_change,0,0,0,0,3_to_5,0
5968,1994,31_to_35,0,single,honda,sedan,20k_to_29k,6y,1,collision,5.0,4,0,1,gt_30,gt_30,2_to_3y,1,0,0,0,gt_5,1
5972,1994,36_to_40,0,married,toyota,sedan,20k_to_29k,7y,1,collision,4.0,2,0,1,gt_30,gt_30,no_change,1,0,0,0,1_to_2,0
5974,1994,31_to_35,0,single,pontiac,sport,20k_to_29k,6y,1,liability,4.0,3,0,1,gt_30,gt_30,no_change,1,0,0,0,none,0
5977,1994,31_to_35,0,single,pontiac,sport,30k_to_39k,7y,1,liability,4.0,2,0,2_to_4,gt_30,gt_30,no_change,1,0,0,0,none,0
5979,1994,31_to_35,0,married,mazda,sedan,30k_to_39k,7y,1,all_perils,4.0,1,0,none,gt_30,gt_30,no_change,0,0,0,0,none,0
5981,1994,26_to_30,0,single,honda,sedan,20k_to_29k,5y,1,collision,4.0,4,0,2_to_4,gt_30,gt_30,no_change,0,0,0,0,gt_5,0
5986,1994,51_to_65,0,married,other,sedan,20k_to_29k,gt_7y,2,all_perils,4.0,1,0,1,gt_30,gt_30,4_to_8y,0,1,0,0,gt_5,0
5988,1994,41_to_50,0,married,other,utility,30k_to_39k,gt_7y,1,all_perils,4.0,3,0,gt_4,gt_30,gt_30,no_change,1,0,0,0,none,1
5989,1994,26_to_30,0,single,toyota,sedan,gt_69k,5y,1,collision,4.0,2,0,2_to_4,gt_30,gt_30,no_change,1,0,0,0,1_to_2,0
5990,1994,31_to_35,0,married,pontiac,sport,20k_to_29k,6y,1,liability,4.0,3,0,2_to_4,gt_30,gt_30,no_change,1,0,0,0,gt_5,0
5993,1994,31_to_35,1,married,honda,sedan,30k_to_39k,6y,1,collision,4.0,2,0,none,gt_30,gt_30,no_change,1,0,0,0,gt_5,0
5998,1994,31_to_35,0,married,toyota,sedan,lt_20k,7y,1,all_perils,4.0,3,0,none,gt_30,gt_30,no_change,1,0,0,0,gt_5,0
5999,1994,36_to_40,0,married,toyota,sport,30k_to_39k,7y,1,liability,4.0,1,0,gt_4,gt_30,gt_30,no_change,1,0,0,0,gt_5,0
6000,1994,31_to_35,0,single,mazda,sport,20k_to_29k,6y,1,liability,4.0,1,0,gt_4,gt_30,gt_30,no_change,0,0,0,0,none,0
6001,1994,41_to_50,0,married,toyota,sedan,gt_69k,gt_7y,1,all_perils,4.0,3,0,2_to_4,gt_30,gt_30,no_change,1,1,0,0,1_to_2,0
6007,1994,26_to_30,0,single,mazda,sedan,30k_to_39k,5y,2,collision,4.0,3,0,2_to_4,gt_30,gt_30,1y,0,0,0,0,gt_5,0
6009,1994,41_to_50,0,married,honda,sedan,30k_to_39k,7y,1,collision,4.0,1,0,2_to_4,gt_30,gt_30,no_change,1,0,0,0,gt_5,0
6012,1994,41_to_50,0,married,pontiac,sport,20k_to_29k,6y,1,liability,4.0,2,0,1,gt_30,gt_30,no_change,1,0,0,0,gt_5,0
6014,1994,31_to_35,0,single,mazda,sedan,20k_to_29k,6y,1,collision,4.0,2,0,none,gt_30,gt_30,no_change,1,0,0,0,gt_5,0
6015,1994,31_to_35,1,single,mazda,sport,20k_to_29k,5y,1,liability,4.0,3,0,gt_4,gt_30,gt_30,no_change,1,0,0,0,1_to_2,0
6017,1994,over_65,0,married,pontiac,sedan,20k_to_29k,gt_7y,1,all_perils,4.0,4,0,2_to_4,gt_30,gt_30,no_change,1,0,0,0,gt_5,0
6018,1994,41_to_50,0,married,toyota,sport,20k_to_29k,7y,1,liability,4.0,1,0,1,gt_30,gt_30,no_change,1,0,0,0,none,0
6020,1994,36_to_40,1,married,pontiac,sport,20k_to_29k,gt_7y,1,liability,4.0,2,0,2_to_4,gt_30,gt_30,no_change,1,0,0,0,gt_5,0
6021,1994,36_to_40,0,married,toyota,sport,20k_to_29k,gt_7y,1,liability,4.0,2,0,none,gt_30,gt_30,no_change,1,0,0,0,gt_5,0
6022,1994,31_to_35,0,single,toyota,sedan,20k_to_29k,6y,1,collision,4.0,1,0,1,gt_30,gt_30,no_change,1,0,0,0,none,0
6024,1994,36_to_40,1,married,mazda,sport,20k_to_29k,7y,1,liability,4.0,3,0,1,gt_30,gt_30,no_change,1,1,0,0,gt_5,0
6027,1994,31_to_35,0,married,toyota,sport,20k_to_29k,7y,1,liability,4.0,3,0,2_to_4,gt_30,gt_30,no_change,1,0,0,1,gt_5,0
6029,1994,36_to_40,0,married,mazda,sedan,20k_to_29k,gt_7y,1,collision,4.0,2,0,2_to_4,gt_30,gt_30,no_change,1,0,0,0,3_to_5,0
6030,1994,31_to_35,0,single,mazda,sedan,30k_to_39k,6y,1,collision,4.0,1,0,gt_4,gt_30,gt_30,no_change,1,0,0,0,gt_5,0
6031,1994,51_to_65,0,married,chevrolet,sedan,30k_to_39k,gt_7y,1,all_perils,4.0,1,0,2_to_4,gt_30,gt_30,no_change,1,0,0,0,none,1
6034,1994,36_to_40,0,married,honda,sport,20k_to_29k,7y,1,liability,4.0,3,0,none,gt_30,gt_30,no_change,1,0,0,0,gt_5,0
6035,1994,36_to_40,0,single,toyota,sedan,lt_20k,7y,1,all_perils,4.0,4,0,none,gt_30,gt_30,no_change,1,1,0,0,none,1
6037,1994,31_to_35,1,married,chevrolet,sport,30k_to_39k,6y,1,liability,4.0,4,0,2_to_4,gt_30,gt_30,no_change,1,0,0,0,1_to_2,0
6039,1994,41_to_50,0,married,chevrolet,sedan,30k_to_39k,gt_7y,1,collision,4.0,3,1,2_to_4,gt_30,gt_30,no_change,0,0,0,0,gt_5,0
6040,1994,36_to_40,1,married,toyota,sport,20k_to_29k,7y,1,liability,4.0,1,0,gt_4,gt_30,gt_30,no_change,1,0,0,0,none,0
6041,1994,31_to_35,0,single,toyota,sedan,30k_to_39k,7y,1,all_perils,4.0,2,0,1,gt_30,gt_30,no_change,0,0,0,0,none,0
6047,1994,41_to_50,0,married,mazda,sport,30k_to_39k,gt_7y,1,liability,4.0,4,0,1,gt_30,gt_30,no_change,1,0,0,0,gt_5,0
6049,1994,31_to_35,0,single,toyota,sport,30k_to_39k,6y,2,liability,4.0,3,0,1,gt_30,gt_30,4_to_8y,1,0,0,0,none,0
6051,1994,36_to_40,0,married,toyota,sedan,20k_to_29k,7y,1,all_perils,4.0,4,0,none,gt_30,gt_30,no_change,1,0,0,0,3_to_5,0
6052,1994,31_to_35,0,married,toyota,sedan,20k_to_29k,6y,1,all_perils,4.0,1,0,none,gt_30,gt_30,no_change,0,0,0,0,none,0
6063,1994,36_to_40,0,married,honda,sport,30k_to_39k,7y,1,liability,4.0,3,0,gt_4,gt_30,gt_30,no_change,0,0,0,0,none,0
6066,1994,31_to_35,1,single,honda,sport,gt_69k,new,1,liability,4.0,2,0,gt_4,gt_30,gt_30,no_change,1,0,0,0,none,0
6071,1994,41_to_50,0,married,other,sedan,gt_69k,gt_7y,1,all_perils,4.0,3,0,gt_4,gt_30,gt_30,no_change,1,0,0,0,1_to_2,0
6082,1994,51_to_65,0,married,pontiac,sedan,lt_20k,gt_7y,1,all_perils,4.0,3,0,none,gt_30,gt_30,no_change,0,0,0,0,none,0
6086,1994,36_to_40,0,married,pontiac,sedan,20k_to_29k,6y,1,all_perils,4.0,4,0,none,gt_30,gt_30,no_change,0,0,0,0,3_to_5,0
6090,1994,over_65,0,married,other,sedan,20k_to_29k,6y,1,all_perils,4.0,3,0,2_to_4,gt_30,gt_30,no_change,1,1,0,0,none,0
6091,1994,26_to_30,1,single,mazda,sport,20k_to_29k,3y,2,liability,4.0,3,0,2_to_4,gt_30,gt_30,4_to_8y,1,0,0,0,3_to_5,0
6093,1994,36_to_40,0,married,other,sedan,20k_to_29k,6y,1,all_perils,4.0,4,0,none,gt_30,gt_30,no_change,0,0,0,0,none,0
6100,1994,36_to_40,1,married,toyota,sedan,20k_to_29k,7y,1,collision,4.0,4,0,none,gt_30,gt_30,no_change,0,0,0,0,none,0
6101,1994,31_to_35,0,single,toyota,sedan,30k_to_39k,7y,1,collision,4.0,1,0,2_to_4,gt_30,gt_30,no_change,0,0,0,0,none,0
6104,1994,31_to_35,0,married,mazda,sedan,30k_to_39k,6y,1,collision,4.0,3,0,gt_4,gt_30,gt_30,no_change,1,0,0,0,gt_5,0
6108,1994,31_to_35,1,single,chevrolet,sedan,gt_69k,7y,1,collision,7.0,2,0,none,gt_30,gt_30,no_change,0,0,0,0,gt_5,0
6110,1994,26_to_30,0,single,mazda,sedan,20k_to_29k,5y,3_to_4,collision,4.0,3,0,2_to_4,gt_30,gt_30,no_change,1,0,0,0,gt_5,1
6112,1994,36_to_40,0,single,pontiac,sport,gt_69k,7y,2,liability,4.0,2,0,1,gt_30,gt_30,4_to_8y,1,0,0,0,none,0
6113,1994,36_to_40,0,single,pontiac,sedan,20k_to_29k,7y,1,collision,4.0,2,0,none,gt_30,gt_30,no_change,0,0,0,0,gt_5,0
6124,1994,31_to_35,0,married,mazda,sport,30k_to_39k,5y,1,liability,4.0,2,1,2_to_4,gt_30,gt_30,no_change,1,0,0,0,gt_5,0
6125,1994,41_to_50,0,married,toyota,sport,20k_to_29k,gt_7y,1,liability,4.0,1,0,2_to_4,gt_30,gt_30,no_change,1,0,0,0,gt_5,0
6130,1994,41_to_50,0,married,other,sport,gt_69k,7y,1,liability,4.0,1,0,2_to_4,gt_30,gt_30,no_change,1,0,0,0,gt_5,0
6131,1994,41_to_50,0,married,honda,sport,20k_to_29k,7y,1,liability,4.0,3,0,gt_4,gt_30,gt_30,no_change,0,0,0,0,none,0
6132,1994,41_to_50,0,married,pontiac,sedan,lt_20k,gt_7y,1,collision,4.0,2,0,1,gt_30,gt_30,no_change,1,0,0,0,none,0
6136,1994,26_to_30,0,single,mazda,sedan,20k_to_29k,5y,1,collision,4.0,3,0,1,gt_30,gt_30,no_change,1,1,0,0,1_to_2,0
6137,1994,36_to_40,0,married,toyota,sedan,20k_to_29k,7y,1,collision,4.0,3,0,none,gt_30,gt_30,no_change,1,0,0,0,1_to_2,0
6138,1994,36_to_40,0,married,pontiac,sport,30k_to_39k,gt_7y,1,liability,4.0,3,0,2_to_4,gt_30,gt_30,no_change,1,0,0,0,1_to_2,0
6140,1994,31_to_35,1,married,toyota,sport,20k_to_29k,6y,1,liability,4.0,2,0,2_to_4,gt_30,gt_30,no_change,1,0,0,0,none,0
6141,1994,31_to_35,0,single,chevrolet,sedan,20k_to_29k,6y,1,all_perils,4.0,4,0,2_to_4,gt_30,gt_30,no_change,1,0,0,0,gt_5,0
6147,1995,36_to_40,0,married,honda,sport,20k_to_29k,7y,1,liability,4.0,3,0,2_to_4,gt_30,gt_30,no_change,1,0,0,0,none,0
6155,1995,36_to_40,0,married,toyota,sedan,30k_to_39k,gt_7y,1,collision,4.0,3,0,none,gt_30,gt_30,no_change,0,0,0,0,none,0
6156,1995,36_to_40,0,married,pontiac,sport,30k_to_39k,7y,1,liability,4.0,2,0,gt_4,gt_30,gt_30,no_change,0,0,0,0,gt_5,0
6158,1995,over_65,0,married,pontiac,sedan,20k_to_29k,gt_7y,1,all_perils,4.0,1,0,1,gt_30,gt_30,no_change,0,1,0,0,none,0
6164,1995,36_to_40,0,married,mazda,sedan,20k_to_29k,7y,1,all_perils,4.0,1,0,2_to_4,gt_30,gt_30,no_change,0,0,0,0,none,0
6165,1995,36_to_40,0,married,chevrolet,sedan,30k_to_39k,7y,1,all_perils,4.0,2,0,1,gt_30,gt_30,no_change,0,0,0,0,none,0
6170,1995,over_65,0,married,pontiac,sport,20k_to_29k,gt_7y,1,liability,7.0,1,1,1,gt_30,gt_30,no_change,0,0,0,0,none,0
6173,1995,36_to_40,0,married,pontiac,sedan,20k_to_29k,7y,1,all_perils,4.0,1,0,none,gt_30,gt_30,no_change,1,0,0,0,gt_5,0
6175,1995,31_to_35,1,married,toyota,sport,20k_to_29k,6y,2,liability,4.0,4,0,none,gt_30,gt_30,4_to_8y,1,0,0,0,none,0
6176,1995,31_to_35,0,single,toyota,sport,20k_to_29k,6y,1,liability,4.0,2,0,gt_4,gt_30,gt_30,no_change,1,0,0,0,none,0
6177,1995,36_to_40,1,married,mazda,sport,gt_69k,7y,1,liability,4.0,3,0,gt_4,gt_30,gt_30,no_change,1,0,0,0,gt_5,0
6178,1995,18_to_20,0,single,honda,sport,gt_69k,3y,1,collision,4.0,3,0,none,gt_30,gt_30,no_change,1,1,0,0,none,1
6182,1995,51_to_65,0,married,pontiac,sedan,20k_to_29k,gt_7y,1,collision,4.0,4,0,2_to_4,gt_30,gt_30,no_change,1,0,0,0,gt_5,0
6183,1995,36_to_40,0,single,mazda,sport,30k_to_39k,gt_7y,1,liability,4.0,3,0,gt_4,gt_30,gt_30,no_change,1,0,0,0,gt_5,0
6193,1995,31_to_35,1,single,toyota,sedan,30k_to_39k,6y,1,collision,4.0,3,0,1,gt_30,gt_30,no_change,0,1,0,0,none,0
6197,1995,26_to_30,0,single,toyota,sedan,20k_to_29k,5y,1,collision,4.0,4,0,2_to_4,gt_30,gt_30,no_change,0,0,0,0,1_to_2,0
6200,1995,31_to_35,0,single,mazda,sedan,20k_to_29k,7y,1,collision,4.0,3,0,none,gt_30,gt_30,no_change,0,0,0,0,3_to_5,0
6203,1995,36_to_40,0,married,honda,sedan,lt_20k,7y,1,collision,4.0,2,0,2_to_4,gt_30,gt_30,no_change,1,0,0,0,none,0
6212,1995,31_to_35,0,married,toyota,sedan,lt_20k,6y,1,all_perils,4.0,2,0,1,none,gt_30,no_change,0,0,0,1,none,0
6213,1995,31_to_35,0,married,honda,sport,20k_to_29k,7y,1,liability,4.0,3,0,gt_4,gt_30,gt_30,no_change,1,0,0,0,none,0
6215,1995,31_to_35,0,married,toyota,sedan,20k_to_29k,7y,1,all_perils,4.0,3,0,1,gt_30,gt_30,no_change,1,0,0,0,none,0
6220,1995,31_to_35,0,married,toyota,sedan,20k_to_29k,6y,1,all_perils,4.0,4,0,none,gt_30,gt_30,no_change,1,1,0,0,none,0
6221,1995,41_to_50,1,married,toyota,sedan,20k_to_29k,7y,1,collision,4.0,3,0,none,gt_30,gt_30,no_change,1,0,0,0,none,0
6225,1995,31_to_35,0,married,pontiac,sport,gt_69k,7y,1,liability,4.0,2,0,1,gt_30,gt_30,no_change,1,0,0,0,1_to_2,0
6229,1995,36_to_40,0,single,toyota,sedan,20k_to_29k,7y,1,all_perils,4.0,3,0,1,gt_30,gt_30,no_change,0,0,0,0,3_to_5,0
6231,1995,36_to_40,0,married,mazda,sedan,30k_to_39k,7y,1,collision,4.0,3,0,1,gt_30,gt_30,no_change,1,0,0,0,gt_5,0
6232,1995,31_to_35,1,single,mazda,sedan,lt_20k,6y,1,collision,4.0,3,0,2_to_4,gt_30,gt_30,no_change,0,0,0,0,none,0
6236,1995,36_to_40,0,married,acura,sedan,30k_to_39k,gt_7y,1,all_perils,4.0,3,0,gt_4,gt_30,gt_30,no_change,1,0,0,0,gt_5,0
6240,1995,36_to_40,0,married,ford,sedan,40k_to_59k,7y,1,all_perils,4.0,4,0,1,gt_30,gt_30,no_change,1,0,0,0,gt_5,0
6248,1995,31_to_35,0,married,pontiac,sport,30k_to_39k,7y,1,liability,4.0,4,0,2_to_4,gt_30,gt_30,no_change,1,0,0,0,none,0
6249,1995,31_to_35,0,married,toyota,sport,20k_to_29k,7y,1,liability,4.0,1,0,2_to_4,gt_30,gt_30,no_change,1,0,0,0,1_to_2,0
6257,1995,31_to_35,0,married,acura,sedan,20k_to_29k,7y,1,collision,4.0,4,0,2_to_4,gt_30,gt_30,no_change,1,0,0,0,gt_5,0
6260,1995,31_to_35,0,single,honda,sport,20k_to_29k,6y,1,liability,4.0,3,0,2_to_4,gt_30,gt_30,no_change,1,0,0,0,none,0
6263,1995,36_to_40,1,single,toyota,sport,20k_to_29k,7y,1,liability,7.0,3,0,2_to_4,gt_30,gt_30,no_change,1,0,0,0,none,0
6269,1995,31_to_35,0,single,pontiac,sedan,20k_to_29k,7y,1,all_perils,4.0,4,0,1,gt_30,gt_30,no_change,1,1,0,0,gt_5,1
6270,1995,36_to_40,0,single,ford,sedan,40k_to_59k,7y,1,collision,4.0,1,0,none,gt_30,gt_30,no_change,1,0,0,0,gt_5,0
6283,1995,36_to_40,0,married,pontiac,sport,20k_to_29k,7y,1,liability,4.0,2,0,gt_4,gt_30,gt_30,no_change,1,0,0,0,gt_5,0
6288,1995,51_to_65,0,married,chevrolet,sport,gt_69k,7y,1,liability,4.0,3,0,2_to_4,gt_30,gt_30,no_change,0,0,0,0,3_to_5,0
6290,1995,36_to_40,0,married,pontiac,sedan,30k_to_39k,6y,1,collision,4.0,4,0,1,gt_30,gt_30,no_change,0,0,0,0,gt_5,0
6293,1995,31_to_35,1,single,toyota,sedan,20k_to_29k,5y,1,collision,4.0,1,0,2_to_4,gt_30,gt_30,no_change,1,0,0,0,3_to_5,0
6294,1995,41_to_50,0,married,mazda,sedan,30k_to_39k,gt_7y,1,all_perils,7.0,3,0,2_to_4,gt_30,gt_30,no_change,1,0,0,0,1_to_2,1
6295,1995,41_to_50,0,married,pontiac,sport,20k_to_29k,gt_7y,1,liability,4.0,1,0,1,gt_30,gt_30,no_change,1,0,0,0,3_to_5,0
6305,1995,36_to_40,1,single,mazda,sedan,20k_to_29k,gt_7y,1,collision,4.0,1,0,gt_4,gt_30,gt_30,no_change,0,0,0,0,gt_5,0
6306,1995,26_to_30,0,single,pontiac,sedan,gt_69k,5y,1,collision,4.0,1,0,none,gt_30,gt_30,no_change,0,0,0,0,1_to_2,0
6307,1995,36_to_40,0,married,other,sedan,30k_to_39k,7y,1,collision,4.0,1,0,none,gt_30,gt_30,no_change,1,0,0,0,none,0
6315,1995,36_to_40,0,married,acura,utility,gt_69k,7y,3_to_4,all_perils,4.0,1,0,none,gt_30,gt_30,no_change,1,0,0,0,1_to_2,0
6319,1995,36_to_40,0,married,mazda,sedan,20k_to_29k,gt_7y,1,collision,4.0,1,0,none,gt_30,gt_30,no_change,0,0,0,0,gt_5,0
6321,1995,36_to_40,0,married,pontiac,sport,30k_to_39k,gt_7y,1,liability,4.0,3,0,gt_4,gt_30,gt_30,no_change,1,0,0,0,gt_5,0
6322,1995,36_to_40,0,married,mazda,sport,gt_69k,gt_7y,2,collision,4.0,2,0,none,gt_30,gt_30,4_to_8y,0,0,0,0,none,0
6325,1995,31_to_35,1,single,mazda,sedan,lt_20k,7y,1,all_perils,7.0,3,0,1,gt_30,gt_30,2_to_3y,1,0,0,0,1_to_2,0
6329,1995,41_to_50,0,married,chevrolet,sedan,30k_to_39k,gt_7y,1,all_perils,4.0,4,0,1,gt_30,gt_30,no_change,1,0,0,0,gt_5,0
6335,1995,31_to_35,0,married,honda,sedan,20k_to_29k,6y,1,collision,4.0,2,0,gt_4,gt_30,gt_30,no_change,1,0,0,0,gt_5,0
6336,1995,51_to_65,0,married,mazda,sport,20k_to_29k,gt_7y,1,liability,4.0,2,0,2_to_4,gt_30,gt_30,no_change,1,0,0,0,none,0
6339,1995,41_to_50,1,married,chevrolet,sedan,gt_69k,gt_7y,1,all_perils,4.0,3,0,gt_4,gt_30,gt_30,no_change,0,0,0,0,gt_5,0
6340,1995,31_to_35,0,single,mazda,sedan,20k_to_29k,6y,1,collision,4.0,1,0,1,gt_30,gt_30,no_change,1,0,0,0,none,0
6341,1995,31_to_35,0,married,pontiac,sedan,20k_to_29k,6y,1,collision,4.0,2,0,1,gt_30,gt_30,no_change,1,0,0,0,gt_5,0
6343,1995,31_to_35,0,single,honda,sedan,20k_to_29k,5y,2,all_perils,4.0,1,0,none,gt_30,gt_30,4_to_8y,1,0,0,0,none,0
6349,1995,41_to_50,0,married,pontiac,sedan,20k_to_29k,7y,1,collision,4.0,2,0,none,gt_30,gt_30,no_change,1,0,0,0,gt_5,0
6350,1995,36_to_40,0,single,honda,sedan,20k_to_29k,6y,1,collision,4.0,3,0,none,gt_30,gt_30,no_change,1,0,0,0,3_to_5,0
6351,1995,51_to_65,0,married,chevrolet,sedan,20k_to_29k,gt_7y,1,all_perils,4.0,1,0,2_to_4,gt_30,gt_30,no_change,1,0,0,0,none,0
6355,1995,31_to_35,0,married,chevrolet,sedan,30k_to_39k,6y,1,collision,4.0,4,0,none,gt_30,gt_30,no_change,1,0,0,0,gt_5,0
6358,1995,31_to_35,0,married,mazda,sedan,20k_to_29k,7y,1,collision,4.0,2,0,1,gt_30,gt_30,no_change,1,0,0,0,none,0
6364,1995,31_to_35,0,single,pontiac,sport,20k_to_29k,6y,2,liability,4.0,4,0,gt_4,gt_30,gt_30,4_to_8y,1,1,0,0,none,0
6369,1995,31_to_35,0,single,mazda,sport,30k_to_39k,6y,1,liability,4.0,1,0,none,gt_30,gt_30,no_change,1,0,0,0,none,0
6373,1995,31_to_35,1,married,toyota,sedan,lt_20k,6y,1,collision,4.0,3,0,none,gt_30,gt_30,no_change,0,0,0,0,3_to_5,0
6374,1995,36_to_40,0,single,chevrolet,sport,20k_to_29k,7y,1,liability,4.0,1,0,2_to_4,gt_30,gt_30,no_change,1,0,0,0,none,0
6375,1995,51_to_65,0,married,pontiac,sedan,30k_to_39k,gt_7y,1,all_perils,4.0,2,0,none,gt_30,gt_30,no_change,0,0,0,0,1_to_2,0
6377,1995,36_to_40,0,single,honda,sedan,30k_to_39k,7y,1,all_perils,4.0,3,0,1,gt_30,gt_30,no_change,1,0,0,0,gt_5,0
6378,1995,41_to_50,0,married,honda,sedan,lt_20k,gt_7y,1,all_perils,4.0,1,0,gt_4,gt_30,gt_30,no_change,1,0,0,0,1_to_2,0
6379,1995,41_to_50,0,married,pontiac,utility,gt_69k,gt_7y,1,all_perils,4.0,4,0,gt_4,gt_30,gt_30,no_change,1,0,0,0,gt_5,0
6381,1995,51_to_65,0,married,mazda,sedan,30k_to_39k,gt_7y,1,all_perils,4.0,1,0,none,gt_30,gt_30,no_change,0,0,0,0,gt_5,0
6384,1995,41_to_50,0,married,honda,sport,20k_to_29k,gt_7y,1,liability,4.0,4,0,2_to_4,gt_30,gt_30,no_change,0,0,0,0,none,0
6391,1995,31_to_35,1,married,pontiac,sport,20k_to_29k,6y,1,liability,4.0,1,0,2_to_4,gt_30,gt_30,no_change,1,0,0,0,none,0
6395,1995,36_to_40,0,single,toyota,sport,30k_to_39k,7y,1,liability,4.0,3,0,gt_4,gt_30,gt_30,no_change,1,0,0,0,none,0
6396,1995,51_to_65,0,married,honda,sedan,20k_to_29k,gt_7y,1,all_perils,4.0,2,0,none,gt_30,gt_30,no_change,0,0,0,0,1_to_2,0
6404,1995,41_to_50,0,married,chevrolet,sport,20k_to_29k,7y,1,liability,4.0,3,0,2_to_4,gt_30,gt_30,no_change,1,0,0,0,none,0
6406,1995,51_to_65,0,married,chevrolet,sport,40k_to_59k,gt_7y,2,liability,4.0,2,0,gt_4,gt_30,gt_30,4_to_8y,1,0,0,0,none,0
6408,1995,31_to_35,0,single,mazda,sedan,30k_to_39k,7y,1,collision,4.0,1,0,1,gt_30,gt_30,no_change,1,0,0,0,none,0
6411,1995,41_to_50,0,married,pontiac,sport,20k_to_29k,7y,1,liability,4.0,1,0,gt_4,gt_30,gt_30,no_change,1,0,0,0,none,0
6418,1995,36_to_40,1,single,toyota,sport,20k_to_29k,7y,1,liability,7.0,3,1,none,gt_30,gt_30,no_change,0,0,0,0,1_to_2,0
6420,1995,26_to_30,1,single,pontiac,sedan,20k_to_29k,4y,1,all_perils,4.0,1,0,none,gt_30,gt_30,no_change,1,0,0,0,3_to_5,0
6422,1995,41_to_50,0,married,other,sedan,gt_69k,gt_7y,1,all_perils,4.0,4,0,1,gt_30,gt_30,no_change,1,1,0,0,gt_5,0
6425,1995,21_to_25,0,single,pontiac,sedan,20k_to_29k,2y,1,collision,4.0,3,0,1,gt_30,gt_30,no_change,0,0,1,0,none,0
6430,1995,36_to_40,0,married,toyota,sedan,20k_to_29k,7y,1,collision,4.0,3,0,none,gt_30,gt_30,no_change,0,0,0,0,none,0
6433,1995,36_to_40,0,married,other,sedan,30k_to_39k,7y,1,all_perils,4.0,2,0,none,gt_30,gt_30,no_change,0,0,0,0,gt_5,0
6434,1995,26_to_30,0,single,toyota,sedan,20k_to_29k,5y,1,all_perils,4.0,4,0,2_to_4,gt_30,gt_30,no_change,1,0,0,0,none,0
6437,1995,36_to_40,0,married,mazda,sedan,30k_to_39k,7y,1,collision,4.0,3,0,1,gt_30,gt_30,no_change,1,0,0,0,none,1
6441,1995,41_to_50,0,married,honda,sport,gt_69k,6y,1,collision,4.0,1,0,2_to_4,gt_30,gt_30,no_change,0,0,0,0,3_to_5,0
6444,1995,41_to_50,0,married,other,sport,30k_to_39k,gt_7y,1,liability,4.0,4,0,1,gt_30,gt_30,no_change,1,0,0,0,gt_5,0
6456,1995,36_to_40,1,married,honda,sedan,20k_to_29k,7y,1,all_perils,4.0,3,0,none,gt_30,gt_30,no_change,1,0,0,0,none,0
6457,1995,41_to_50,1,married,pontiac,sport,20k_to_29k,7y,1,liability,4.0,4,0,1,gt_30,gt_30,no_change,1,0,0,0,1_to_2,0
6460,1995,36_to_40,0,married,honda,sport,20k_to_29k,6y,1,liability,4.0,4,0,2_to_4,gt_30,gt_30,no_change,1,0,0,0,1_to_2,0
6464,1995,36_to_40,0,married,toyota,sport,30k_to_39k,7y,1,liability,4.0,1,0,none,gt_30,gt_30,no_change,0,0,0,0,gt_5,0
6467,1995,36_to_40,0,married,chevrolet,sport,30k_to_39k,7y,1,liability,4.0,2,0,2_to_4,8_to_15,gt_30,no_change,1,0,0,0,none,0
6470,1995,31_to_35,0,married,toyota,sport,20k_to_29k,7y,1,liability,4.0,1,0,1,gt_30,gt_30,no_change,1,0,0,0,1_to_2,0
6474,1995,26_to_30,0,single,mazda,sedan,20k_to_29k,5y,1,collision,4.0,1,0,2_to_4,gt_30,gt_30,no_change,0,0,0,0,1_to_2,0
6486,1995,51_to_65,0,married,toyota,sedan,gt_69k,gt_7y,1,all_perils,4.0,2,0,1,gt_30,gt_30,no_change,0,0,0,0,none,0
6487,1995,31_to_35,1,single,other,sedan,20k_to_29k,6y,1,collision,4.0,2,0,2_to_4,gt_30,gt_30,no_change,0,0,0,0,none,0
6489,1995,36_to_40,1,married,pontiac,sedan,30k_to_39k,gt_7y,1,collision,4.0,1,0,gt_4,gt_30,gt_30,no_change,1,0,0,0,none,0
6490,1995,41_to_50,0,married,pontiac,sedan,20k_to_29k,gt_7y,2,all_perils,4.0,3,0,2_to_4,gt_30,gt_30,4_to_8y,1,0,0,0,none,0
6494,1995,31_to_35,0,single,chevrolet,sedan,20k_to_29k,6y,1,all_perils,4.0,2,0,none,gt_30,gt_30,no_change,1,0,0,1,none,0
6495,1995,51_to_65,0,married,chevrolet,sedan,30k_to_39k,gt_7y,1,collision,4.0,2,0,gt_4,gt_30,gt_30,no_change,1,0,0,0,1_to_2,0
6498,1995,31_to_35,0,single,honda,sport,20k_to_29k,6y,1,liability,4.0,4,0,1,gt_30,gt_30,no_change,1,0,0,0,none,0
6499,1995,31_to_35,0,single,chevrolet,sedan,30k_to_39k,7y,1,collision,4.0,4,0,2_to_4,gt_30,gt_30,no_change,1,0,0,1,1_to_2,0
6500,1995,41_to_50,0,married,pontiac,sport,20k_to_29k,7y,1,liability,4.0,1,0,2_to_4,gt_30,gt_30,no_change,1,1,0,0,none,0
6506,1995,31_to_35,0,single,pontiac,sedan,lt_20k,7y,1,all_perils,4.0,3,0,1,gt_30,gt_30,no_change,0,0,0,0,gt_5,0
6509,1995,51_to_65,0,married,pontiac,sedan,20k_to_29k,gt_7y,1,collision,4.0,2,0,none,gt_30,gt_30,no_change,0,0,0,0,none,0
6513,1995,31_to_35,0,single,pontiac,sedan,20k_to_29k,6y,1,collision,4.0,1,0,none,gt_30,gt_30,no_change,1,0,0,0,none,0
6514,1995,41_to_50,0,married,toyota,sedan,lt_20k,7y,1,all_perils,4.0,4,0,2_to_4,gt_30,gt_30,no_change,1,0,0,0,gt_5,0
6515,1995,36_to_40,0,single,chevrolet,sport,30k_to_39k,7y,1,liability,4.0,3,0,1,gt_30,gt_30,no_change,1,0,0,0,3_to_5,0
6523,1995,41_to_50,0,married,toyota,sport,20k_to_29k,7y,1,liability,4.0,2,0,1,gt_30,gt_30,no_change,1,0,0,0,1_to_2,0
6528,1995,36_to_40,0,married,toyota,sedan,20k_to_29k,6y,1,all_perils,4.0,1,0,2_to_4,gt_30,gt_30,no_change,1,0,0,0,gt_5,0
6531,1995,41_to_50,0,married,pontiac,sedan,20k_to_29k,gt_7y,1,all_perils,4.0,2,0,2_to_4,gt_30,gt_30,no_change,1,0,0,0,none,0
6533,1995,41_to_50,0,married,chevrolet,sport,30k_to_39k,7y,1,liability,4.0,1,0,gt_4,gt_30,gt_30,no_change,1,0,0,0,none,0
6538,1995,31_to_35,1,single,pontiac,sedan,20k_to_29k,7y,1,collision,4.0,4,0,1,gt_30,gt_30,no_change,0,0,0,0,gt_5,0
6539,1995,36_to_40,0,married,toyota,sedan,20k_to_29k,gt_7y,1,collision,4.0,4,0,2_to_4,gt_30,gt_30,no_change,1,0,0,0,gt_5,0
6544,1995,31_to_35,0,married,acura,utility,gt_69k,7y,1,all_perils,4.0,3,0,2_to_4,gt_30,gt_30,no_change,1,1,0,0,none,1
6546,1995,31_to_35,1,married,mazda,sedan,20k_to_29k,6y,1,collision,4.0,3,0,2_to_4,gt_30,gt_30,no_change,1,0,0,0,1_to_2,0
6547,1995,36_to_40,0,married,mazda,sport,20k_to_29k,7y,1,liability,4.0,3,0,gt_4,gt_30,gt_30,no_change,1,1,0,0,none,0
6549,1995,36_to_40,0,married,mazda,sedan,20k_to_29k,4y,1,collision,4.0,3,0,none,gt_30,gt_30,no_change,1,0,0,0,none,0
6552,1995,36_to_40,1,married,pontiac,sport,20k_to_29k,7y,1,liability,4.0,1,0,gt_4,gt_30,gt_30,no_change,1,0,0,0,1_to_2,0
6557,1995,31_to_35,0,single,honda,sedan,20k_to_29k,5y,1,collision,4.0,2,0,none,gt_30,gt_30,no_change,1,0,0,0,none,0
6559,1995,31_to_35,0,single,mazda,sport,30k_to_39k,6y,1,liability,4.0,1,0,gt_4,gt_30,gt_30,no_change,1,0,0,0,none,0
6562,1995,36_to_40,1,widow,toyota,sedan,lt_20k,7y,1,all_perils,4.0,1,0,1,gt_30,gt_30,no_change,1,0,0,0,none,0
6564,1995,31_to_35,0,single,pontiac,sedan,20k_to_29k,7y,1,collision,4.0,3,0,none,gt_30,gt_30,no_change,0,0,0,1,gt_5,0
6565,1995,31_to_35,0,married,pontiac,sedan,30k_to_39k,7y,1,all_perils,4.0,2,0,none,gt_30,gt_30,no_change,1,0,0,0,none,0
6567,1995,31_to_35,0,single,toyota,sport,20k_to_29k,6y,1,liability,4.0,2,0,2_to_4,gt_30,gt_30,no_change,1,0,0,0,none,0
6568,1995,31_to_35,0,single,chevrolet,sport,20k_to_29k,6y,1,liability,4.0,4,0,none,gt_30,gt_30,no_change,1,0,0,0,1_to_2,0
6571,1995,31_to_35,0,married,other,sport,gt_69k,6y,1,liability,4.0,2,0,gt_4,gt_30,gt_30,no_change,1,0,0,0,none,0
6572,1995,41_to_50,1,married,other,sedan,20k_to_29k,7y,1,all_perils,4.0,4,0,none,gt_30,gt_30,no_change,0,0,0,0,1_to_2,0
6579,1995,31_to_35,0,married,other,sport,40k_to_59k,7y,1,liability,4.0,3,0,gt_4,gt_30,gt_30,no_change,1,0,0,0,gt_5,0
6583,1995,31_to_35,0,single,pontiac,sedan,30k_to_39k,7y,1,collision,4.0,3,0,none,gt_30,gt_30,no_change,1,1,0,0,3_to_5,0
6591,1995,41_to_50,0,married,honda,sport,20k_to_29k,7y,1,liability,4.0,4,0,gt_4,gt_30,gt_30,no_change,1,1,0,0,3_to_5,0
6592,1995,31_to_35,0,married,chevrolet,sedan,20k_to_29k,7y,1,collision,4.0,2,0,2_to_4,gt_30,gt_30,no_change,1,0,0,0,3_to_5,0
6593,1995,41_to_50,0,married,chevrolet,sedan,gt_69k,7y,1,all_perils,4.0,2,0,1,gt_30,gt_30,no_change,1,0,0,0,3_to_5,0
6596,1995,41_to_50,0,married,mazda,sedan,20k_to_29k,gt_7y,1,all_perils,4.0,4,0,gt_4,gt_30,gt_30,no_change,0,0,0,0,3_to_5,0
6597,1995,41_to_50,0,married,chevrolet,utility,gt_69k,gt_7y,1,all_perils,4.0,2,0,gt_4,gt_30,gt_30,no_change,1,0,0,0,1_to_2,0
6603,1995,31_to_35,0,married,mazda,sport,30k_to_39k,6y,1,liability,4.0,2,0,2_to_4,gt_30,gt_30,no_change,1,0,0,0,1_to_2,0
6607,1995,36_to_40,0,married,honda,sedan,30k_to_39k,7y,1,collision,4.0,3,0,2_to_4,gt_30,gt_30,no_change,1,0,0,0,none,0
6608,1995,36_to_40,0,married,chevrolet,sedan,gt_69k,gt_7y,1,all_perils,4.0,4,0,2_to_4,gt_30,gt_30,no_change,1,0,0,0,none,0
6610,1995,31_to_35,1,married,toyota,sedan,lt_20k,5y,1,collision,4.0,3,0,none,gt_30,gt_30,no_change,1,1,0,0,none,0
6614,1995,31_to_35,0,single,honda,sport,20k_to_29k,7y,1,liability,4.0,2,0,2_to_4,gt_30,gt_30,no_change,1,0,0,0,none,0
6616,1995,36_to_40,0,married,honda,sedan,20k_to_29k,gt_7y,2,all_perils,4.0,4,0,1,gt_30,gt_30,4_to_8y,0,0,0,0,3_to_5,0
6620,1995,31_to_35,0,single,honda,sport,30k_to_39k,6y,1,liability,4.0,4,0,2_to_4,gt_30,gt_30,no_change,1,0,0,0,none,0
6622,1995,51_to_65,0,married,pontiac,sedan,30k_to_39k,gt_7y,1,all_perils,4.0,4,0,none,gt_30,gt_30,no_change,1,0,0,0,none,0
6624,1995,41_to_50,0,married,pontiac,sport,30k_to_39k,gt_7y,1,liability,4.0,1,0,2_to_4,gt_30,gt_30,no_change,1,0,0,0,gt_5,0
6633,1995,31_to_35,0,married,toyota,sedan,20k_to_29k,5y,1,collision,4.0,4,0,none,gt_30,gt_30,no_change,1,1,0,0,gt_5,0
6634,1995,41_to_50,1,married,pontiac,sedan,lt_20k,7y,1,all_perils,4.0,3,0,none,gt_30,gt_30,no_change,0,0,0,0,gt_5,0
6637,1995,51_to_65,0,married,pontiac,sport,20k_to_29k,gt_7y,2,liability,4.0,2,0,none,gt_30,gt_30,4_to_8y,0,0,0,0,gt_5,0
6638,1995,51_to_65,0,married,mazda,sedan,20k_to_29k,gt_7y,1,collision,4.0,2,0,none,gt_30,gt_30,no_change,0,0,0,0,1_to_2,0
6639,1995,31_to_35,1,single,toyota,sport,20k_to_29k,6y,1,liability,4.0,2,0,gt_4,gt_30,gt_30,no_change,1,0,0,0,none,0
6640,1995,31_to_35,0,married,pontiac,sport,20k_to_29k,7y,1,liability,4.0,1,0,2_to_4,gt_30,gt_30,no_change,1,0,0,0,none,0
6644,1995,36_to_40,0,single,pontiac,sport,20k_to_29k,6y,1,liability,4.0,2,0,2_to_4,gt_30,gt_30,1y,1,0,0,0,3_to_5,0
6645,1995,41_to_50,1,married,toyota,sport,30k_to_39k,7y,1,liability,4.0,3,0,gt_4,gt_30,gt_30,no_change,1,0,0,0,none,0
6649,1995,36_to_40,0,single,mazda,sport,20k_to_29k,7y,1,liability,4.0,4,0,2_to_4,gt_30,gt_30,no_change,1,0,0,0,none,0
6659,1995,31_to_35,0,single,other,sedan,30k_to_39k,6y,1,all_perils,4.0,4,0,1,gt_30,gt_30,no_change,1,0,0,0,1_to_2,0
6665,1995,41_to_50,0,married,chevrolet,sedan,lt_20k,7y,1,collision,4.0,1,0,none,gt_30,gt_30,no_change,0,0,0,0,none,0
6670,1995,51_to_65,0,married,mazda,sport,lt_20k,gt_7y,1,liability,4.0,2,0,2_to_4,gt_30,gt_30,no_change,1,0,0,0,1_to_2,0
6672,1995,36_to_40,1,single,acura,sedan,gt_69k,gt_7y,1,collision,4.0,2,0,gt_4,gt_30,gt_30,no_change,1,0,0,1,1_to_2,0
6675,1995,41_to_50,1,married,toyota,sedan,20k_to_29k,7y,1,all_perils,4.0,2,0,none,gt_30,gt_30,no_change,1,0,0,0,none,0
6677,1995,41_to_50,0,married,toyota,sport,20k_to_29k,gt_7y,1,liability,4.0,4,0,2_to_4,gt_30,gt_30,no_change,1,0,0,0,none,0
6679,1995,41_to_50,0,married,toyota,sedan,20k_to_29k,6y,2,collision,4.0,3,0,2_to_4,gt_30,gt_30,4_to_8y,1,0,0,0,1_to_2,0
6681,1995,51_to_65,0,married,ford,sedan,gt_69k,gt_7y,1,all_perils,4.0,2,0,2_to_4,gt_30,gt_30,no_change,1,0,0,0,none,1
6682,1995,31_to_35,0,married,toyota,sport,20k_to_29k,6y,1,liability,5.0,4,0,2_to_4,gt_30,gt_30,2_to_3y,1,0,0,0,gt_5,0
6687,1995,36_to_40,0,married,pontiac,sedan,20k_to_29k,7y,1,collision,4.0,4,0,2_to_4,gt_30,gt_30,no_change,0,0,0,0,gt_5,0
6688,1995,36_to_40,0,married,toyota,sport,20k_to_29k,6y,1,liability,4.0,2,0,gt_4,gt_30,gt_30,no_change,1,0,0,0,gt_5,0
6690,1995,36_to_40,0,married,pontiac,sedan,20k_to_29k,7y,1,collision,4.0,2,0,2_to_4,gt_30,gt_30,no_change,1,0,0,0,1_to_2,0
6692,1995,41_to_50,0,married,acura,utility,gt_69k,gt_7y,1,all_perils,4.0,1,0,1,gt_30,gt_30,no_change,1,0,0,0,none,0
6693,1995,36_to_40,0,married,honda,sport,30k_to_39k,7y,1,liability,4.0,4,0,gt_4,gt_30,gt_30,no_change,1,0,0,0,none,0
6697,1995,36_to_40,0,married,pontiac,sport,30k_to_39k,gt_7y,1,liability,7.0,4,0,gt_4,gt_30,gt_30,no_change,1,0,0,0,3_to_5,0
6699,1995,31_to_35,0,married,mazda,sport,gt_69k,7y,1,collision,4.0,4,0,none,gt_30,gt_30,no_change,0,0,0,0,none,0
6702,1995,36_to_40,0,married,chevrolet,sedan,20k_to_29k,7y,1,collision,4.0,4,0,none,gt_30,gt_30,no_change,0,0,0,1,none,0
6706,1995,31_to_35,1,single,pontiac,sport,20k_to_29k,5y,1,liability,4.0,2,0,none,gt_30,gt_30,no_change,1,0,0,0,1_to_2,0
6708,1995,36_to_40,1,single,honda,sport,gt_69k,new,1,liability,4.0,3,0,2_to_4,gt_30,gt_30,no_change,1,0,0,0,none,0
6710,1995,31_to_35,0,single,mazda,sedan,20k_to_29k,6y,1,all_perils,4.0,1,0,1,gt_30,gt_30,no_change,0,0,0,0,1_to_2,0
6711,1995,31_to_35,0,married,toyota,sedan,20k_to_29k,7y,1,collision,4.0,3,0,2_to_4,gt_30,gt_30,no_change,1,0,0,0,gt_5,0
6713,1995,41_to_50,0,married,toyota,sport,30k_to_39k,7y,1,liability,4.0,4,0,2_to_4,gt_30,gt_30,no_change,1,0,0,0,none,0
6715,1995,41_to_50,0,married,pontiac,sedan,20k_to_29k,gt_7y,1,collision,4.0,4,0,2_to_4,gt_30,gt_30,no_change,1,0,0,0,gt_5,1
6716,1995,51_to_65,0,married,honda,sport,gt_69k,gt_7y,1,liability,4.0,3,0,none,gt_30,gt_30,no_change,1,0,0,0,1_to_2,0
6720,1995,41_to_50,0,single,chevrolet,sport,30k_to_39k,gt_7y,1,liability,4.0,3,0,2_to_4,gt_30,gt_30,no_change,0,0,0,0,gt_5,0
6721,1995,31_to_35,0,single,pontiac,sport,20k_to_29k,6y,2,liability,4.0,3,0,none,gt_30,gt_30,4_to_8y,1,0,0,0,none,0
6725,1995,41_to_50,1,married,mazda,sedan,20k_to_29k,gt_7y,3_to_4,all_perils,4.0,1,0,none,gt_30,gt_30,no_change,0,0,0,0,gt_5,0
6726,1995,41_to_50,0,married,honda,sedan,20k_to_29k,gt_7y,1,all_perils,4.0,1,0,none,gt_30,gt_30,no_change,0,1,0,1,gt_5,0
6727,1995,51_to_65,0,married,pontiac,sedan,30k_to_39k,gt_7y,1,all_perils,4.0,3,0,2_to_4,gt_30,gt_30,no_change,0,0,0,0,gt_5,0
6730,1995,31_to_35,0,single,mazda,sport,30k_to_39k,6y,1,liability,4.0,3,0,1,gt_30,gt_30,no_change,1,0,0,0,gt_5,0
6731,1995,31_to_35,0,single,honda,sedan,20k_to_29k,6y,1,collision,4.0,4,0,gt_4,gt_30,gt_30,no_change,1,0,0,0,3_to_5,0
6732,1995,31_to_35,0,married,honda,sedan,30k_to_39k,7y,1,all_perils,4.0,2,0,2_to_4,none,15_to_30,no_change,1,0,0,0,none,0
6735,1995,36_to_40,0,married,pontiac,sedan,20k_to_29k,6y,1,collision,4.0,4,0,gt_4,gt_30,gt_30,1y,0,0,0,0,none,0
6738,1995,36_to_40,0,married,toyota,sedan,lt_20k,7y,1,all_perils,4.0,3,0,none,gt_30,gt_30,no_change,1,0,0,0,none,0
6739,1995,31_to_35,0,single,honda,sport,30k_to_39k,7y,1,liability,4.0,4,0,gt_4,gt_30,gt_30,no_change,1,0,0,0,gt_5,0
6741,1995,51_to_65,0,married,mazda,sedan,30k_to_39k,gt_7y,1,all_perils,4.0,1,0,2_to_4,gt_30,gt_30,no_change,0,0,0,0,gt_5,0
6743,1995,31_to_35,1,married,pontiac,sport,20k_to_29k,6y,1,liability,4.0,1,0,2_to_4,gt_30,gt_30,no_change,1,0,0,0,none,0
6747,1995,36_to_40,0,married,pontiac,utility,60k_to_69k,7y,1,all_perils,4.0,2,0,1,gt_30,gt_30,no_change,1,0,0,0,1_to_2,0
6753,1995,31_to_35,0,single,pontiac,sedan,20k_to_29k,7y,1,collision,4.0,3,0,none,gt_30,gt_30,no_change,1,0,0,0,1_to_2,0
6755,1995,31_to_35,0,single,toyota,sport,20k_to_29k,6y,1,liability,4.0,4,0,gt_4,gt_30,gt_30,no_change,1,0,0,0,1_to_2,0
6757,1995,36_to_40,0,married,honda,sport,20k_to_29k,7y,1,liability,4.0,3,0,gt_4,gt_30,gt_30,no_change,1,0,0,0,none,0
6758,1995,31_to_35,0,married,toyota,sport,20k_to_29k,5y,1,liability,4.0,1,0,2_to_4,gt_30,gt_30,no_change,0,1,0,0,none,0
6760,1995,36_to_40,0,single,pontiac,sport,30k_to_39k,7y,1,liability,4.0,4,0,2_to_4,gt_30,gt_30,no_change,0,0,0,0,3_to_5,0
6761,1995,31_to_35,1,single,honda,sedan,20k_to_29k,6y,1,collision,4.0,4,0,none,gt_30,gt_30,no_change,1,0,0,0,none,0
6764,1995,31_to_35,0,married,honda,sedan,20k_to_29k,7y,1,collision,4.0,4,0,none,gt_30,gt_30,no_change,1,0,0,0,none,0
6766,1995,41_to_50,0,single,honda,sedan,gt_69k,7y,3_to_4,all_perils,4.0,3,0,2_to_4,gt_30,gt_30,no_change,1,0,0,0,3_to_5,0
6769,1995,51_to_65,0,married,chevrolet,sedan,gt_69k,7y,1,collision,4.0,2,0,2_to_4,gt_30,gt_30,no_change,1,1,0,0,3_to_5,1
6772,1995,36_to_40,0,married,honda,sedan,30k_to_39k,5y,1,all_perils,4.0,2,0,1,gt_30,gt_30,no_change,1,0,0,0,3_to_5,0
6773,1995,31_to_35,0,single,toyota,sport,20k_to_29k,7y,1,liability,4.0,4,0,1,gt_30,gt_30,no_change,0,0,0,0,gt_5,0
6783,1995,over_65,0,married,mazda,sedan,20k_to_29k,gt_7y,1,collision,4.0,1,0,2_to_4,gt_30,gt_30,no_change,1,0,0,0,gt_5,0
6788,1995,51_to_65,0,married,mazda,sedan,20k_to_29k,7y,1,collision,4.0,4,0,2_to_4,gt_30,gt_30,no_change,1,0,0,0,gt_5,0
6798,1995,36_to_40,0,married,other,sport,40k_to_59k,gt_7y,1,liability,4.0,3,0,2_to_4,gt_30,gt_30,no_change,1,0,0,0,gt_5,0
6802,1995,31_to_35,0,single,toyota,sedan,20k_to_29k,6y,1,all_perils,4.0,2,0,none,gt_30,gt_30,no_change,1,1,0,0,none,0
6803,1995,41_to_50,1,married,toyota,sedan,20k_to_29k,gt_7y,1,collision,4.0,1,0,none,gt_30,gt_30,no_change,1,0,0,0,1_to_2,0
6806,1995,36_to_40,0,married,mazda,sport,20k_to_29k,gt_7y,1,liability,4.0,3,0,gt_4,gt_30,gt_30,no_change,1,0,0,0,gt_5,0
6807,1995,41_to_50,0,married,other,sedan,20k_to_29k,gt_7y,3_to_4,all_perils,4.0,1,0,2_to_4,gt_30,gt_30,no_change,1,0,0,0,1_to_2,1
6809,1995,36_to_40,1,married,pontiac,sedan,20k_to_29k,gt_7y,1,collision,4.0,3,0,1,gt_30,gt_30,no_change,0,0,0,0,gt_5,0
6811,1995,31_to_35,0,single,acura,sedan,30k_to_39k,6y,1,all_perils,4.0,1,0,2_to_4,gt_30,gt_30,no_change,1,1,0,0,3_to_5,0
6814,1995,41_to_50,0,married,pontiac,sport,20k_to_29k,gt_7y,1,liability,4.0,2,0,2_to_4,gt_30,gt_30,no_change,1,0,0,0,none,0
6816,1995,36_to_40,0,married,other,sedan,20k_to_29k,gt_7y,1,all_perils,4.0,1,0,2_to_4,gt_30,gt_30,no_change,0,1,0,0,1_to_2,0
6822,1995,51_to_65,0,married,chevrolet,sport,20k_to_29k,6y,1,liability,4.0,2,0,gt_4,gt_30,gt_30,no_change,1,0,0,0,gt_5,0
6824,1995,31_to_35,0,single,pontiac,sedan,20k_to_29k,6y,1,collision,4.0,4,0,gt_4,gt_30,gt_30,no_change,1,0,0,0,gt_5,0
6825,1995,41_to_50,0,married,mazda,sedan,30k_to_39k,gt_7y,1,collision,4.0,1,0,1,gt_30,gt_30,no_change,0,1,0,0,1_to_2,0
6834,1995,26_to_30,1,single,mazda,sedan,20k_to_29k,5y,1,all_perils,4.0,1,0,2_to_4,gt_30,gt_30,no_change,0,0,0,0,gt_5,0
6842,1995,31_to_35,0,single,pontiac,sport,30k_to_39k,7y,1,liability,4.0,2,0,2_to_4,gt_30,gt_30,no_change,1,0,0,0,gt_5,0
6850,1995,51_to_65,1,married,chevrolet,sedan,20k_to_29k,7y,1,collision,4.0,1,0,2_to_4,gt_30,gt_30,no_change,0,0,0,0,gt_5,0
6851,1995,31_to_35,0,married,toyota,sedan,20k_to_29k,6y,1,collision,4.0,2,0,none,gt_30,gt_30,no_change,0,0,0,0,none,0
6852,1995,36_to_40,0,married,pontiac,sedan,lt_20k,7y,1,all_perils,7.0,1,0,none,gt_30,gt_30,no_change,1,0,0,0,3_to_5,0
6854,1995,36_to_40,0,married,honda,sport,gt_69k,3y,1,collision,4.0,1,0,none,gt_30,gt_30,no_change,1,0,0,0,none,0
6856,1995,31_to_35,0,married,honda,sedan,30k_to_39k,7y,1,collision,4.0,2,0,none,gt_30,gt_30,no_change,1,0,0,0,none,0
6858,1995,31_to_35,0,married,toyota,sedan,20k_to_29k,6y,1,collision,4.0,3,0,2_to_4,gt_30,gt_30,no_change,1,0,0,0,gt_5,0
6868,1995,31_to_35,0,married,mazda,sedan,20k_to_29k,7y,2,collision,4.0,2,0,2_to_4,gt_30,gt_30,4_to_8y,0,0,0,0,3_to_5,0
6876,1995,31_to_35,0,married,mazda,sedan,30k_to_39k,7y,1,all_perils,4.0,2,0,1,gt_30,gt_30,no_change,0,0,0,0,1_to_2,0
6877,1995,36_to_40,0,married,pontiac,sport,30k_to_39k,7y,1,liability,4.0,2,0,1,gt_30,gt_30,no_change,0,0,0,0,gt_5,0
6880,1995,41_to_50,0,single,chevrolet,sport,40k_to_59k,7y,1,liability,4.0,2,0,none,gt_30,gt_30,no_change,1,0,0,0,none,0
6882,1995,31_to_35,0,single,other,sedan,20k_to_29k,6y,1,collision,4.0,3,1,1,gt_30,gt_30,no_change,1,0,0,0,none,0
6885,1995,41_to_50,0,married,toyota,sedan,lt_20k,gt_7y,1,collision,4.0,2,0,none,gt_30,gt_30,no_change,1,0,0,0,1_to_2,0
6891,1995,31_to_35,0,married,pontiac,sedan,lt_20k,7y,1,all_perils,4.0,2,0,none,gt_30,gt_30,no_change,1,0,0,0,1_to_2,0
6892,1995,51_to_65,0,married,toyota,sedan,20k_to_29k,7y,1,all_perils,4.0,2,0,none,gt_30,gt_30,no_change,0,0,0,0,1_to_2,0
6893,1995,31_to_35,1,single,pontiac,sport,20k_to_29k,6y,1,liability,4.0,2,0,2_to_4,gt_30,gt_30,no_change,1,0,0,0,none,0
6898,1995,31_to_35,0,married,pontiac,utility,40k_to_59k,7y,1,all_perils,4.0,4,0,gt_4,gt_30,gt_30,no_change,1,0,0,0,none,0
6900,1995,51_to_65,0,married,pontiac,sport,20k_to_29k,7y,1,liability,4.0,1,0,1,gt_30,gt_30,no_change,1,1,0,0,gt_5,0
6901,1995,31_to_35,1,married,honda,sport,20k_to_29k,6y,1,liability,4.0,4,0,none,gt_30,gt_30,no_change,0,0,0,0,1_to_2,0
6906,1995,31_to_35,1,married,other,sport,30k_to_39k,6y,1,liability,4.0,3,0,2_to_4,gt_30,gt_30,no_change,1,0,0,0,none,0
6907,1995,41_to_50,0,single,mazda,sedan,30k_to_39k,7y,1,all_perils,4.0,4,0,2_to_4,gt_30,gt_30,no_change,0,0,0,0,gt_5,0
6912,1995,36_to_40,1,married,toyota,sedan,lt_20k,6y,1,collision,4.0,4,0,none,gt_30,gt_30,no_change,0,0,0,0,none,0
6913,1995,31_to_35,1,single,pontiac,sport,30k_to_39k,4y,1,liability,4.0,2,0,gt_4,gt_30,gt_30,no_change,1,0,0,0,none,0
6914,1995,26_to_30,0,single,toyota,sedan,20k_to_29k,5y,1,collision,4.0,2,0,2_to_4,gt_30,gt_30,no_change,0,1,0,0,none,0
6922,1995,over_65,0,married,pontiac,sedan,20k_to_29k,gt_7y,1,all_perils,4.0,1,0,none,gt_30,gt_30,no_change,1,1,0,0,none,1
6923,1995,41_to_50,0,single,ford,sport,60k_to_69k,gt_7y,1,liability,4.0,1,0,1,gt_30,gt_30,no_change,1,1,0,0,gt_5,0
6924,1995,31_to_35,0,married,toyota,sport,20k_to_29k,7y,1,liability,4.0,1,0,none,gt_30,gt_30,no_change,0,0,0,0,none,0
6927,1995,26_to_30,0,single,honda,sedan,20k_to_29k,4y,1,collision,4.0,2,0,gt_4,gt_30,gt_30,no_change,0,0,0,0,3_to_5,0
6928,1995,41_to_50,0,married,mazda,sport,30k_to_39k,gt_7y,1,liability,4.0,2,0,gt_4,gt_30,gt_30,no_change,1,0,0,0,1_to_2,0
6929,1995,41_to_50,0,married,pontiac,sedan,20k_to_29k,gt_7y,1,collision,4.0,3,0,none,gt_30,gt_30,no_change,1,0,0,0,gt_5,0
6931,1995,51_to_65,1,married,mazda,sedan,30k_to_39k,7y,2,collision,4.0,4,0,1,gt_30,gt_30,4_to_8y,1,0,0,0,none,0
6943,1995,41_to_50,0,married,mazda,sport,30k_to_39k,6y,1,liability,4.0,2,0,1,gt_30,gt_30,no_change,1,0,0,0,1_to_2,0
6946,1995,36_to_40,1,widow,toyota,sedan,20k_to_29k,3y,1,collision,4.0,4,0,1,gt_30,gt_30,no_change,1,0,0,0,1_to_2,0
6951,1995,over_65,0,married,toyota,sedan,lt_20k,gt_7y,1,all_perils,4.0,1,0,none,gt_30,gt_30,no_change,1,0,0,0,3_to_5,0
6955,1995,over_65,0,married,honda,sedan,20k_to_29k,6y,1,all_perils,4.0,4,0,1,gt_30,gt_30,no_change,1,0,0,0,none,0
6957,1995,36_to_40,0,married,honda,sedan,20k_to_29k,6y,1,collision,4.0,1,0,1,gt_30,gt_30,no_change,1,0,0,0,gt_5,0
6960,1995,31_to_35,0,single,toyota,sedan,20k_to_29k,6y,1,collision,4.0,4,0,none,gt_30,gt_30,no_change,1,0,0,0,none,0
6961,1995,36_to_40,0,married,chevrolet,utility,gt_69k,5y,1,all_perils,4.0,4,0,none,gt_30,gt_30,no_change,1,0,0,0,none,0
6963,1995,31_to_35,0,married,pontiac,sedan,20k_to_29k,7y,1,all_perils,4.0,1,0,none,gt_30,gt_30,no_change,1,0,0,0,1_to_2,0
6969,1995,31_to_35,0,married,ford,sedan,30k_to_39k,7y,1,all_perils,4.0,3,0,none,gt_30,gt_30,no_change,1,0,0,0,none,0
6975,1995,41_to_50,1,married,ford,sedan,60k_to_69k,gt_7y,1,collision,4.0,3,0,2_to_4,gt_30,gt_30,no_change,0,0,0,0,gt_5,0
6985,1995,41_to_50,0,married,ford,sport,30k_to_39k,gt_7y,1,liability,4.0,3,0,2_to_4,gt_30,gt_30,no_change,0,0,0,0,gt_5,0
6986,1995,31_to_35,0,married,pontiac,sedan,20k_to_29k,7y,1,collision,4.0,4,0,none,gt_30,gt_30,no_change,0,0,0,0,gt_5,0
6990,1995,41_to_50,0,married,other,sedan,20k_to_29k,7y,1,collision,4.0,3,0,1,1_to_7,gt_30,no_change,0,0,0,0,none,0
6995,1995,31_to_35,0,single,honda,sedan,lt_20k,5y,1,all_perils,4.0,1,0,none,gt_30,gt_30,no_change,1,0,0,0,none,0
7000,1995,41_to_50,0,married,mazda,sedan,20k_to_29k,gt_7y,1,all_perils,4.0,3,0,2_to_4,gt_30,gt_30,no_change,1,0,0,0,3_to_5,0
7001,1995,31_to_35,0,married,pontiac,sedan,20k_to_29k,6y,1,collision,4.0,2,0,none,gt_30,gt_30,no_change,0,1,0,0,none,0
7003,1995,31_to_35,0,single,other,sport,40k_to_59k,6y,1,liability,4.0,4,0,2_to_4,gt_30,gt_30,no_change,1,0,0,0,none,0
7009,1995,31_to_35,1,married,honda,sport,gt_69k,6y,1,collision,4.0,2,0,none,gt_30,gt_30,no_change,0,0,0,0,none,0
7011,1995,31_to_35,0,married,toyota,sedan,lt_20k,7y,1,all_perils,4.0,1,0,2_to_4,gt_30,gt_30,no_change,1,0,0,0,none,0
7013,1995,31_to_35,0,married,chevrolet,sedan,20k_to_29k,7y,1,all_perils,4.0,4,0,none,gt_30,gt_30,no_change,1,0,0,0,gt_5,0
7014,1995,51_to_65,0,married,toyota,sedan,20k_to_29k,gt_7y,1,all_perils,4.0,1,0,2_to_4,gt_30,gt_30,no_change,0,0,0,0,none,0
7025,1995,31_to_35,0,married,other,sedan,30k_to_39k,5y,1,all_perils,4.0,2,0,1,gt_30,gt_30,no_change,1,0,0,0,none,0
7027,1995,51_to_65,0,married,toyota,sedan,gt_69k,gt_7y,1,all_perils,4.0,3,0,2_to_4,gt_30,gt_30,no_change,1,0,0,0,none,0
7029,1995,31_to_35,1,married,pontiac,sedan,20k_to_29k,7y,1,collision,4.0,2,0,none,gt_30,gt_30,no_change,1,0,0,0,none,0
7032,1995,31_to_35,0,married,pontiac,sport,20k_to_29k,7y,1,liability,4.0,2,0,gt_4,gt_30,gt_30,no_change,1,0,0,0,1_to_2,0
7035,1995,41_to_50,0,married,honda,sport,gt_69k,gt_7y,1,collision,4.0,1,0,none,gt_30,gt_30,no_change,0,0,0,0,none,0
7040,1995,26_to_30,0,single,other,sedan,20k_to_29k,6y,1,all_perils,4.0,1,0,none,gt_30,gt_30,no_change,1,0,0,0,none,0
7042,1995,31_to_35,0,married,honda,sedan,20k_to_29k,7y,1,all_perils,4.0,4,0,none,gt_30,gt_30,no_change,1,0,0,0,none,0
7045,1995,41_to_50,0,married,honda,sedan,gt_69k,7y,1,all_perils,4.0,3,0,none,gt_30,gt_30,no_change,0,0,0,0,none,0
7047,1995,36_to_40,0,married,toyota,sport,20k_to_29k,gt_7y,1,liability,4.0,1,0,gt_4,gt_30,gt_30,no_change,1,0,0,0,none,0
7052,1995,21_to_25,0,single,pontiac,sedan,20k_to_29k,2y,1,all_perils,4.0,4,0,none,gt_30,gt_30,no_change,1,0,0,0,1_to_2,1
7053,1995,41_to_50,0,single,chevrolet,sedan,gt_69k,gt_7y,3_to_4,all_perils,4.0,2,0,none,gt_30,gt_30,no_change,1,0,0,0,none,1
7054,1995,over_65,0,married,honda,sport,gt_69k,gt_7y,1,collision,4.0,2,0,none,gt_30,gt_30,no_change,0,0,0,0,1_to_2,0
7060,1995,36_to_40,1,married,honda,sedan,30k_to_39k,7y,1,collision,4.0,1,0,none,gt_30,gt_30,no_change,0,0,0,0,none,0
7065,1995,41_to_50,0,married,toyota,sport,20k_to_29k,gt_7y,1,liability,4.0,3,0,none,gt_30,gt_30,no_change,1,0,0,0,none,1
7066,1995,36_to_40,0,married,other,sedan,20k_to_29k,gt_7y,1,all_perils,4.0,4,0,1,gt_30,gt_30,no_change,1,0,0,0,none,0
7067,1995,51_to_65,0,married,mazda,sedan,20k_to_29k,gt_7y,1,collision,4.0,4,0,1,gt_30,gt_30,no_change,1,0,0,0,1_to_2,0
7068,1995,26_to_30,1,married,honda,sedan,30k_to_39k,5y,1,collision,4.0,4,0,none,gt_30,gt_30,no_change,0,0,0,0,gt_5,0
7069,1995,41_to_50,0,married,honda,sport,30k_to_39k,7y,1,liability,7.0,4,0,2_to_4,gt_30,gt_30,no_change,1,0,0,0,none,0
7071,1995,31_to_35,1,married,toyota,sedan,20k_to_29k,7y,1,all_perils,4.0,1,0,none,gt_30,gt_30,no_change,1,0,0,1,1_to_2,0
7072,1995,36_to_40,0,married,pontiac,sedan,lt_20k,7y,1,collision,4.0,4,0,none,gt_30,gt_30,no_change,1,0,0,0,none,0
7077,1995,51_to_65,0,married,toyota,sedan,lt_20k,7y,1,all_perils,4.0,2,0,1,gt_30,gt_30,no_change,0,0,0,0,none,0
7081,1995,36_to_40,0,married,pontiac,sedan,lt_20k,7y,1,all_perils,4.0,3,0,1,gt_30,gt_30,no_change,1,0,0,0,gt_5,0
7086,1995,41_to_50,0,married,honda,sport,gt_69k,gt_7y,1,collision,4.0,2,0,2_to_4,gt_30,gt_30,no_change,0,0,0,0,none,0
7088,1995,36_to_40,0,married,other,sport,30k_to_39k,gt_7y,1,liability,4.0,1,0,2_to_4,gt_30,gt_30,no_change,1,0,0,0,gt_5,0
7092,1995,36_to_40,0,married,toyota,sedan,30k_to_39k,gt_7y,1,collision,4.0,2,0,2_to_4,gt_30,gt_30,no_change,1,0,0,0,gt_5,0
7095,1995,36_to_40,0,married,other,sedan,30k_to_39k,7y,1,collision,4.0,2,0,1,gt_30,gt_30,no_change,0,0,0,0,none,0
7099,1995,36_to_40,1,single,honda,sport,20k_to_29k,6y,2,liability,4.0,1,0,1,gt_30,gt_30,1y,1,0,0,0,gt_5,0
7100,1995,31_to_35,0,married,other,sport,gt_69k,6y,1,liability,4.0,3,0,gt_4,gt_30,gt_30,no_change,1,0,0,0,1_to_2,0
7102,1995,36_to_40,0,married,chevrolet,sedan,20k_to_29k,gt_7y,1,all_perils,4.0,2,0,1,gt_30,gt_30,no_change,1,0,0,0,gt_5,0
7103,1995,41_to_50,0,married,honda,sedan,20k_to_29k,7y,1,collision,4.0,3,0,2_to_4,gt_30,gt_30,no_change,1,0,0,0,none,0
7106,1995,over_65,0,married,chevrolet,sport,gt_69k,7y,1,liability,4.0,3,0,gt_4,gt_30,gt_30,no_change,1,0,0,0,gt_5,0
7108,1995,36_to_40,0,married,acura,sedan,20k_to_29k,7y,1,collision,4.0,2,0,none,gt_30,gt_30,no_change,0,0,0,0,none,0
7110,1995,over_65,0,married,pontiac,sedan,20k_to_29k,gt_7y,1,collision,4.0,4,0,2_to_4,gt_30,gt_30,no_change,1,0,0,0,1_to_2,0
7111,1995,41_to_50,1,married,pontiac,sedan,20k_to_29k,7y,1,all_perils,4.0,4,0,none,gt_30,gt_30,no_change,0,1,0,0,none,0
7114,1995,41_to_50,0,married,mazda,sedan,40k_to_59k,gt_7y,1,all_perils,4.0,3,0,none,gt_30,gt_30,no_change,0,0,0,0,none,0
7115,1995,31_to_35,0,married,toyota,sport,30k_to_39k,5y,1,liability,4.0,3,0,1,gt_30,gt_30,no_change,0,0,0,0,3_to_5,0
7116,1995,36_to_40,0,married,mazda,sport,20k_to_29k,gt_7y,1,liability,4.0,3,0,1,gt_30,gt_30,no_change,1,0,0,0,none,0
7119,1995,31_to_35,1,single,toyota,sport,30k_to_39k,5y,1,liability,4.0,4,0,1,gt_30,gt_30,no_change,0,0,0,0,none,0
7120,1995,31_to_35,0,single,pontiac,sport,30k_to_39k,6y,1,liability,4.0,3,1,2_to_4,gt_30,gt_30,no_change,1,0,0,0,none,0
7124,1995,51_to_65,0,married,pontiac,sedan,30k_to_39k,gt_7y,1,all_perils,4.0,3,0,none,gt_30,gt_30,no_change,1,1,0,0,1_to_2,0
7127,1995,36_to_40,1,single,mazda,sport,20k_to_29k,6y,1,liability,4.0,4,0,2_to_4,gt_30,gt_30,no_change,1,0,0,0,1_to_2,0
7130,1995,over_65,1,married,toyota,sport,20k_to_29k,gt_7y,1,liability,4.0,3,0,1,gt_30,gt_30,no_change,1,0,0,0,none,0
7134,1995,31_to_35,1,married,mazda,sport,20k_to_29k,6y,1,liability,4.0,2,0,1,gt_30,gt_30,no_change,1,0,0,0,3_to_5,0
7137,1995,36_to_40,1,married,honda,sport,30k_to_39k,7y,1,liability,4.0,3,0,1,gt_30,gt_30,no_change,1,0,0,0,none,0
7139,1995,36_to_40,1,married,pontiac,sedan,30k_to_39k,6y,1,collision,4.0,3,0,2_to_4,gt_30,gt_30,no_change,1,0,0,0,3_to_5,0
7142,1995,31_to_35,1,single,other,sport,20k_to_29k,5y,1,liability,4.0,4,0,gt_4,gt_30,gt_30,no_change,1,0,0,0,none,0
7150,1995,36_to_40,0,married,pontiac,sedan,lt_20k,6y,1,collision,4.0,2,0,none,gt_30,gt_30,no_change,1,0,0,0,none,0
7155,1995,36_to_40,0,married,mazda,sedan,20k_to_29k,7y,1,collision,4.0,4,0,none,gt_30,gt_30,no_change,0,0,0,0,gt_5,0
7156,1995,31_to_35,1,single,pontiac,sport,20k_to_29k,7y,1,liability,4.0,2,0,gt_4,gt_30,gt_30,no_change,1,0,0,0,1_to_2,0
7157,1995,26_to_30,0,single,mazda,sedan,20k_to_29k,5y,1,collision,4.0,2,0,2_to_4,gt_30,gt_30,no_change,1,0,0,0,none,0
7160,1995,31_to_35,0,married,honda,sedan,20k_to_29k,6y,1,collision,4.0,4,0,2_to_4,gt_30,gt_30,no_change,1,0,0,0,1_to_2,1
7164,1995,41_to_50,1,single,pontiac,sedan,20k_to_29k,gt_7y,1,collision,4.0,3,0,none,gt_30,gt_30,no_change,0,0,1,1,gt_5,0
7169,1995,51_to_65,0,married,pontiac,sport,20k_to_29k,gt_7y,1,liability,4.0,3,0,2_to_4,gt_30,gt_30,no_change,1,1,0,0,gt_5,0
7170,1995,31_to_35,0,married,pontiac,sedan,20k_to_29k,6y,1,all_perils,4.0,1,0,2_to_4,gt_30,gt_30,no_change,0,0,0,0,3_to_5,0
7172,1995,36_to_40,1,divorced,pontiac,sedan,lt_20k,4y,1,collision,4.0,3,0,1,none,gt_30,no_change,1,0,0,0,none,0
7173,1995,36_to_40,0,married,mazda,utility,gt_69k,7y,1,all_perils,4.0,4,0,2_to_4,gt_30,gt_30,no_change,1,0,0,0,gt_5,0
7174,1995,41_to_50,0,married,pontiac,sport,30k_to_39k,7y,1,liability,4.0,2,0,2_to_4,gt_30,gt_30,no_change,1,0,0,0,none,0
7175,1995,51_to_65,0,married,pontiac,sedan,20k_to_29k,gt_7y,1,collision,4.0,4,0,1,gt_30,gt_30,no_change,1,1,0,0,none,0
7176,1995,36_to_40,0,single,mazda,sedan,30k_to_39k,7y,3_to_4,all_perils,4.0,3,0,1,gt_30,gt_30,no_change,1,0,0,0,gt_5,0
7184,1995,36_to_40,0,married,chevrolet,utility,gt_69k,gt_7y,1,all_perils,4.0,3,0,1,gt_30,gt_30,no_change,1,0,0,0,none,0
7186,1995,41_to_50,1,married,mazda,sport,lt_20k,7y,1,liability,4.0,2,0,2_to_4,gt_30,gt_30,no_change,1,0,0,0,none,0
7191,1995,31_to_35,0,single,chevrolet,sedan,20k_to_29k,6y,1,all_perils,4.0,1,0,2_to_4,gt_30,gt_30,no_change,1,0,0,0,1_to_2,0
7192,1995,36_to_40,0,single,honda,sedan,20k_to_29k,6y,1,collision,5.0,1,0,2_to_4,gt_30,gt_30,2_to_3y,1,1,0,0,none,0
7194,1995,41_to_50,0,married,mazda,sedan,20k_to_29k,gt_7y,1,all_perils,4.0,3,0,none,gt_30,gt_30,no_change,0,0,0,0,3_to_5,0
7199,1995,31_to_35,1,single,honda,sport,20k_to_29k,7y,1,liability,4.0,4,0,gt_4,gt_30,gt_30,no_change,1,0,0,0,3_to_5,0
7207,1995,36_to_40,1,married,mazda,sport,20k_to_29k,7y,1,liability,4.0,1,0,2_to_4,gt_30,gt_30,no_change,1,0,0,0,none,0
7209,1995,31_to_35,0,married,other,sedan,40k_to_59k,5y,1,all_perils,4.0,3,0,none,gt_30,gt_30,no_change,0,1,0,0,none,0
7222,1995,41_to_50,0,married,mazda,sedan,30k_to_39k,gt_7y,1,collision,4.0,1,0,none,gt_30,gt_30,no_change,1,0,0,0,none,0
7223,1995,31_to_35,0,single,pontiac,sedan,20k_to_29k,7y,1,all_perils,4.0,2,0,2_to_4,gt_30,gt_30,no_change,1,0,0,0,gt_5,0
7229,1995,51_to_65,0,married,toyota,sedan,20k_to_29k,gt_7y,1,collision,4.0,1,0,none,gt_30,gt_30,no_change,0,0,0,0,none,0
7230,1995,41_to_50,1,married,mazda,sedan,30k_to_39k,gt_7y,1,collision,4.0,3,0,gt_4,gt_30,gt_30,no_change,1,0,0,0,3_to_5,1
7233,1995,26_to_30,0,single,pontiac,sedan,20k_to_29k,4y,1,collision,4.0,3,0,1,gt_30,gt_30,no_change,0,0,0,0,none,0
7235,1995,31_to_35,1,single,honda,sport,20k_to_29k,5y,1,liability,4.0,1,0,1,gt_30,gt_30,no_change,0,0,0,0,gt_5,0
7246,1995,36_to_40,0,married,pontiac,sedan,lt_20k,7y,2,all_perils,4.0,3,0,none,gt_30,gt_30,4_to_8y,0,0,0,0,1_to_2,0
7248,1995,36_to_40,0,married,mazda,utility,gt_69k,7y,1,all_perils,4.0,3,0,2_to_4,gt_30,gt_30,no_change,1,0,0,0,gt_5,0
7250,1995,36_to_40,0,married,other,sport,60k_to_69k,gt_7y,1,liability,4.0,2,0,gt_4,gt_30,gt_30,no_change,1,0,0,0,gt_5,0
7253,1995,31_to_35,0,married,toyota,sedan,20k_to_29k,6y,1,collision,4.0,1,0,gt_4,gt_30,gt_30,no_change,1,0,0,0,none,0
7258,1995,31_to_35,1,single,mazda,sport,20k_to_29k,4y,3_to_4,liability,4.0,1,0,2_to_4,gt_30,gt_30,no_change,1,0,0,0,none,0
7259,1995,41_to_50,0,married,pontiac,sedan,40k_to_59k,gt_7y,1,collision,4.0,1,0,1,gt_30,gt_30,no_change,1,1,0,0,gt_5,0
7261,1995,51_to_65,0,married,other,sedan,20k_to_29k,gt_7y,1,all_perils,4.0,2,0,none,gt_30,gt_30,no_change,1,0,0,0,gt_5,0
7263,1995,36_to_40,0,married,chevrolet,sport,gt_69k,gt_7y,1,liability,4.0,3,0,2_to_4,gt_30,gt_30,no_change,1,0,0,0,1_to_2,0
7265,1995,31_to_35,0,married,honda,sport,20k_to_29k,6y,1,liability,4.0,2,0,gt_4,gt_30,gt_30,no_change,1,0,0,0,none,0
7267,1995,31_to_35,1,married,chevrolet,sport,20k_to_29k,6y,2,liability,4.0,2,0,none,gt_30,gt_30,4_to_8y,1,0,0,0,none,0
7269,1995,41_to_50,0,married,pontiac,sport,30k_to_39k,gt_7y,1,liability,4.0,1,0,1,gt_30,gt_30,no_change,1,0,0,0,3_to_5,0
7270,1995,16_to_17,0,single,honda,sport,gt_69k,new,1,liability,4.0,3,0,1,gt_30,gt_30,no_change,1,0,0,0,none,0
7273,1995,31_to_35,0,married,toyota,sedan,20k_to_29k,6y,1,collision,4.0,1,0,none,8_to_15,gt_30,no_change,1,0,0,0,none,0
7274,1995,31_to_35,0,married,honda,sedan,gt_69k,new,1,all_perils,4.0,3,0,none,gt_30,gt_30,no_change,1,0,0,0,none,0
7281,1995,36_to_40,0,married,toyota,sport,20k_to_29k,7y,1,liability,4.0,2,0,gt_4,gt_30,gt_30,1y,1,0,0,0,none,0
7288,1995,16_to_17,0,single,honda,sedan,gt_69k,new,2,all_perils,4.0,4,0,none,gt_30,gt_30,4_to_8y,1,0,0,0,none,0
7291,1995,36_to_40,0,married,toyota,sedan,20k_to_29k,gt_7y,1,all_perils,4.0,2,0,2_to_4,gt_30,gt_30,no_change,1,0,0,0,gt_5,0
7292,1995,16_to_17,0,single,honda,sport,gt_69k,new,1,liability,4.0,3,0,1,gt_30,gt_30,no_change,1,0,0,0,none,0
7296,1995,31_to_35,0,married,pontiac,sport,30k_to_39k,7y,1,liability,4.0,3,0,gt_4,gt_30,gt_30,no_change,1,0,0,0,1_to_2,0
7298,1995,31_to_35,0,single,mazda,sedan,20k_to_29k,7y,1,collision,4.0,1,0,2_to_4,gt_30,gt_30,no_change,1,0,0,0,1_to_2,0
7299,1995,41_to_50,0,married,toyota,sedan,30k_to_39k,gt_7y,3_to_4,all_perils,4.0,3,0,2_to_4,gt_30,gt_30,no_change,0,0,0,0,none,0
7308,1995,21_to_25,0,single,toyota,sedan,20k_to_29k,3y,1,collision,4.0,4,0,none,gt_30,gt_30,no_change,0,0,0,0,1_to_2,0
7309,1995,36_to_40,1,single,honda,sport,20k_to_29k,7y,2,liability,4.0,3,0,2_to_4,gt_30,gt_30,4_to_8y,0,0,0,0,none,0
7310,1995,26_to_30,0,single,pontiac,sedan,lt_20k,5y,1,all_perils,4.0,2,0,2_to_4,gt_30,gt_30,no_change,0,0,0,0,3_to_5,0
7319,1995,41_to_50,0,married,chevrolet,sedan,30k_to_39k,gt_7y,1,collision,4.0,3,0,2_to_4,gt_30,gt_30,no_change,0,0,0,0,1_to_2,0
7328,1995,31_to_35,0,single,honda,sport,20k_to_29k,6y,1,liability,4.0,1,0,none,gt_30,gt_30,no_change,0,0,0,0,3_to_5,0
7329,1995,36_to_40,0,married,mazda,utility,gt_69k,7y,1,all_perils,4.0,4,0,2_to_4,gt_30,gt_30,no_change,1,0,0,0,none,0
7330,1995,41_to_50,0,married,mazda,sedan,gt_69k,gt_7y,2,all_perils,4.0,3,0,none,gt_30,gt_30,4_to_8y,1,0,0,0,1_to_2,0
7334,1995,36_to_40,0,single,ford,sedan,40k_to_59k,6y,1,collision,4.0,2,0,gt_4,gt_30,gt_30,no_change,1,0,0,0,gt_5,0
7337,1995,36_to_40,0,married,pontiac,sedan,gt_69k,7y,1,all_perils,4.0,3,0,1,gt_30,gt_30,no_change,1,0,0,0,gt_5,1
7339,1995,36_to_40,0,married,honda,sedan,gt_69k,new,1,all_perils,4.0,4,0,none,gt_30,gt_30,no_change,1,0,0,0,none,0
7340,1995,41_to_50,1,divorced,toyota,sedan,30k_to_39k,7y,3_to_4,collision,4.0,2,0,1,gt_30,gt_30,no_change,1,1,0,0,1_to_2,0
7341,1995,41_to_50,0,married,honda,sport,20k_to_29k,gt_7y,1,liability,4.0,3,0,none,gt_30,gt_30,no_change,1,0,0,0,gt_5,0
7346,1995,41_to_50,0,married,mazda,sport,30k_to_39k,gt_7y,1,liability,4.0,1,0,2_to_4,gt_30,gt_30,no_change,1,0,0,0,none,0
7348,1995,16_to_17,0,single,honda,sport,gt_69k,new,1,liability,4.0,2,0,2_to_4,gt_30,gt_30,no_change,1,0,0,0,none,0
7350,1995,31_to_35,0,single,toyota,sedan,20k_to_29k,7y,1,collision,4.0,4,0,none,gt_30,gt_30,no_change,1,0,0,0,gt_5,0
7351,1995,31_to_35,0,single,pontiac,sport,20k_to_29k,7y,2,liability,4.0,4,0,2_to_4,gt_30,gt_30,4_to_8y,1,0,0,0,gt_5,0
7352,1995,31_to_35,1,married,mazda,sport,20k_to_29k,6y,1,liability,4.0,3,0,none,gt_30,gt_30,no_change,1,0,0,1,none,0
7353,1995,31_to_35,0,married,honda,sport,20k_to_29k,7y,1,liability,4.0,4,0,gt_4,gt_30,gt_30,no_change,0,0,0,0,gt_5,0
7359,1995,51_to_65,0,widow,chevrolet,sport,20k_to_29k,gt_7y,1,liability,4.0,3,0,2_to_4,gt_30,gt_30,no_change,1,0,0,0,1_to_2,0
7360,1995,31_to_35,0,single,chevrolet,sedan,20k_to_29k,5y,1,all_perils,4.0,4,0,none,gt_30,gt_30,no_change,1,0,0,0,none,1
7361,1995,36_to_40,0,married,acura,sedan,30k_to_39k,7y,1,all_perils,4.0,1,0,2_to_4,gt_30,gt_30,no_change,1,0,0,0,none,0
7367,1995,41_to_50,0,married,chevrolet,sedan,gt_69k,6y,1,all_perils,4.0,2,0,none,gt_30,gt_30,no_change,1,1,0,0,none,0
7368,1995,36_to_40,0,married,other,sport,30k_to_39k,7y,1,liability,4.0,3,0,gt_4,gt_30,gt_30,no_change,0,1,0,0,gt_5,0
7370,1995,31_to_35,1,married,mazda,sedan,20k_to_29k,7y,1,collision,4.0,3,0,2_to_4,gt_30,gt_30,no_change,1,0,0,0,1_to_2,0
7372,1995,31_to_35,0,married,acura,utility,gt_69k,6y,2,all_perils,4.0,4,0,none,gt_30,gt_30,1y,1,0,0,0,none,0
7373,1995,51_to_65,0,married,mazda,sedan,gt_69k,gt_7y,1,all_perils,4.0,2,0,1,gt_30,gt_30,no_change,1,1,0,0,none,0
7376,1995,36_to_40,0,married,chevrolet,sport,30k_to_39k,7y,1,liability,4.0,3,0,2_to_4,gt_30,gt_30,no_change,1,0,0,0,1_to_2,0
7377,1995,16_to_17,0,single,honda,sport,gt_69k,new,1,all_perils,4.0,3,0,1,gt_30,gt_30,no_change,1,0,0,0,none,0
7381,1995,26_to_30,0,single,acura,sedan,30k_to_39k,5y,3_to_4,collision,4.0,3,0,1,gt_30,gt_30,no_change,0,0,0,0,none,0
7384,1995,36_to_40,0,married,honda,sport,20k_to_29k,7y,1,liability,4.0,4,0,1,gt_30,gt_30,no_change,1,0,0,0,none,0
7385,1995,41_to_50,0,married,toyota,sedan,20k_to_29k,gt_7y,1,all_perils,4.0,3,0,1,gt_30,gt_30,no_change,0,0,0,0,3_to_5,0
7387,1995,36_to_40,0,married,toyota,sedan,20k_to_29k,7y,1,collision,4.0,3,0,1,gt_30,gt_30,no_change,0,0,1,0,1_to_2,0
7389,1995,31_to_35,0,single,chevrolet,sport,30k_to_39k,4y,1,liability,4.0,1,0,2_to_4,gt_30,gt_30,no_change,1,0,0,0,none,0
7395,1995,36_to_40,1,single,honda,sedan,20k_to_29k,4y,1,all_perils,4.0,3,0,none,gt_30,gt_30,no_change,1,1,0,0,1_to_2,1
7396,1995,31_to_35,0,married,mazda,sedan,20k_to_29k,5y,1,all_perils,3.0,4,0,1,gt_30,gt_30,2_to_3y,0,0,0,0,none,1
7397,1995,36_to_40,1,married,acura,sedan,30k_to_39k,7y,1,collision,4.0,2,0,2_to_4,gt_30,gt_30,no_change,1,0,0,0,none,0
7402,1995,51_to_65,0,married,toyota,sport,20k_to_29k,7y,1,liability,4.0,1,0,2_to_4,gt_30,gt_30,no_change,1,0,0,0,3_to_5,0
7405,1995,36_to_40,0,married,chevrolet,sport,20k_to_29k,7y,1,liability,4.0,4,0,2_to_4,gt_30,gt_30,no_change,1,0,0,0,1_to_2,0
7408,1995,51_to_65,0,married,pontiac,sedan,30k_to_39k,gt_7y,1,collision,4.0,2,0,none,gt_30,gt_30,no_change,1,0,0,0,none,0
7409,1995,31_to_35,0,married,honda,sedan,lt_20k,6y,1,collision,4.0,2,0,2_to_4,gt_30,gt_30,no_change,1,0,0,0,none,1
7413,1995,41_to_50,0,married,pontiac,sedan,20k_to_29k,7y,1,all_perils,4.0,2,0,none,gt_30,gt_30,no_change,0,0,0,0,1_to_2,0
7420,1995,41_to_50,0,married,chevrolet,sport,20k_to_29k,gt_7y,1,liability,4.0,3,0,gt_4,gt_30,gt_30,no_change,1,0,0,0,3_to_5,0
7421,1995,36_to_40,0,married,honda,sedan,20k_to_29k,6y,1,collision,4.0,1,0,2_to_4,gt_30,gt_30,no_change,1,0,0,0,none,0
7423,1995,41_to_50,0,single,toyota,sedan,20k_to_29k,7y,1,all_perils,4.0,1,0,none,gt_30,gt_30,no_change,1,1,0,0,gt_5,1
7432,1995,36_to_40,1,single,pontiac,sport,lt_20k,7y,1,liability,4.0,2,0,2_to_4,gt_30,gt_30,no_change,1,0,0,0,gt_5,0
7433,1995,51_to_65,0,married,pontiac,sport,30k_to_39k,gt_7y,1,liability,4.0,3,1,none,gt_30,gt_30,no_change,1,1,0,0,3_to_5,0
7435,1995,31_to_35,0,married,ford,sport,40k_to_59k,6y,2,liability,4.0,3,0,2_to_4,gt_30,gt_30,4_to_8y,1,1,0,0,gt_5,0
7436,1995,36_to_40,0,married,toyota,sport,20k_to_29k,7y,1,liability,4.0,3,0,none,gt_30,gt_30,no_change,1,0,0,0,none,0
7438,1995,36_to_40,1,divorced,pontiac,sport,20k_to_29k,7y,1,liability,4.0,2,0,2_to_4,gt_30,gt_30,no_change,1,0,0,0,1_to_2,0
7442,1995,31_to_35,0,married,honda,sedan,20k_to_29k,7y,1,all_perils,4.0,4,0,none,gt_30,gt_30,no_change,1,0,0,0,3_to_5,0
7445,1995,41_to_50,0,married,toyota,sport,gt_69k,gt_7y,1,liability,4.0,2,0,gt_4,gt_30,gt_30,no_change,1,0,0,0,1_to_2,0
7446,1995,31_to_35,0,married,mazda,sedan,20k_to_29k,7y,1,collision,4.0,3,0,1,gt_30,gt_30,no_change,1,0,0,0,none,0
7449,1995,26_to_30,0,single,toyota,sedan,20k_to_29k,4y,1,all_perils,4.0,1,0,1,gt_30,gt_30,no_change,0,0,0,0,gt_5,0
7456,1995,31_to_35,0,married,toyota,sedan,20k_to_29k,7y,2,collision,4.0,3,0,none,gt_30,gt_30,4_to_8y,1,0,0,0,none,0
7460,1995,31_to_35,0,married,mazda,sedan,20k_to_29k,7y,1,collision,4.0,1,0,none,gt_30,gt_30,no_change,0,0,0,0,gt_5,0
7463,1995,36_to_40,0,married,toyota,sedan,30k_to_39k,7y,3_to_4,collision,4.0,4,1,2_to_4,gt_30,gt_30,1y,1,0,0,0,none,0
7464,1995,31_to_35,1,single,mazda,sport,gt_69k,7y,1,liability,4.0,3,0,2_to_4,gt_30,gt_30,no_change,1,0,0,0,none,0
7466,1995,31_to_35,0,married,honda,sedan,20k_to_29k,6y,1,collision,4.0,4,0,1,gt_30,gt_30,no_change,1,0,0,0,none,1
7467,1995,21_to_25,0,single,toyota,sedan,20k_to_29k,4y,1,all_perils,4.0,4,0,2_to_4,gt_30,gt_30,no_change,0,0,0,0,none,0
7469,1995,31_to_35,1,married,toyota,sedan,lt_20k,7y,1,collision,4.0,4,0,none,gt_30,gt_30,no_change,1,0,0,0,1_to_2,0
7474,1995,41_to_50,0,single,chevrolet,utility,gt_69k,gt_7y,1,all_perils,4.0,1,0,2_to_4,gt_30,gt_30,no_change,1,0,0,0,1_to_2,0
7476,1995,31_to_35,1,single,toyota,sedan,20k_to_29k,7y,1,all_perils,4.0,2,0,2_to_4,gt_30,gt_30,no_change,1,0,0,0,none,0
7481,1995,16_to_17,0,single,honda,sport,gt_69k,new,1,liability,4.0,3,0,gt_4,gt_30,gt_30,no_change,1,0,0,0,none,0
7482,1995,36_to_40,0,married,chevrolet,sport,20k_to_29k,gt_7y,1,liability,4.0,4,0,1,gt_30,gt_30,no_change,1,0,0,0,none,0
7483,1995,36_to_40,1,single,toyota,sport,20k_to_29k,5y,1,liability,4.0,3,0,gt_4,gt_30,gt_30,no_change,1,0,0,0,1_to_2,0
7485,1995,36_to_40,0,married,toyota,sedan,20k_to_29k,7y,1,collision,4.0,4,0,1,gt_30,gt_30,no_change,0,0,0,0,gt_5,0
7487,1995,36_to_40,0,married,toyota,sport,20k_to_29k,gt_7y,1,liability,4.0,2,0,2_to_4,gt_30,gt_30,no_change,1,0,0,0,none,0
7488,1995,31_to_35,0,married,pontiac,sedan,20k_to_29k,6y,1,collision,4.0,1,0,none,gt_30,gt_30,no_change,1,0,0,0,none,0
7489,1995,41_to_50,1,married,honda,sport,20k_to_29k,7y,1,liability,4.0,4,0,2_to_4,gt_30,gt_30,no_change,1,0,0,0,gt_5,0
7490,1995,36_to_40,0,married,pontiac,sedan,30k_to_39k,7y,1,collision,4.0,2,1,2_to_4,gt_30,gt_30,no_change,1,0,0,0,none,0
7494,1995,41_to_50,0,married,other,sport,60k_to_69k,gt_7y,1,liability,4.0,2,0,2_to_4,gt_30,gt_30,no_change,1,0,0,0,none,0
7499,1995,31_to_35,1,married,mazda,sedan,20k_to_29k,6y,1,collision,4.0,4,0,2_to_4,gt_30,gt_30,no_change,1,0,0,0,gt_5,1
7502,1995,31_to_35,0,married,pontiac,sedan,20k_to_29k,4y,1,collision,4.0,3,0,1,gt_30,gt_30,no_change,1,0,0,0,3_to_5,0
7507,1995,51_to_65,0,married,mazda,sport,gt_69k,7y,1,liability,4.0,4,0,2_to_4,gt_30,gt_30,no_change,1,0,0,0,none,0
7517,1995,41_to_50,0,married,mazda,sedan,30k_to_39k,gt_7y,1,collision,4.0,3,0,none,gt_30,gt_30,no_change,1,1,0,0,3_to_5,0
7519,1995,31_to_35,0,single,honda,sport,30k_to_39k,6y,2,liability,4.0,1,0,gt_4,gt_30,gt_30,4_to_8y,1,0,0,0,none,0
7520,1995,36_to_40,0,married,pontiac,sedan,20k_to_29k,7y,1,collision,4.0,3,0,2_to_4,gt_30,gt_30,no_change,1,0,0,0,none,0
7521,1995,31_to_35,0,single,mazda,sport,30k_to_39k,6y,1,liability,4.0,1,0,none,gt_30,gt_30,no_change,1,0,0,0,gt_5,0
7527,1995,41_to_50,0,married,mazda,sport,20k_to_29k,gt_7y,1,liability,4.0,1,0,2_to_4,gt_30,gt_30,no_change,1,0,0,0,none,0
7528,1995,51_to_65,0,married,other,sedan,20k_to_29k,gt_7y,1,collision,4.0,4,0,none,gt_30,gt_30,no_change,1,0,0,1,1_to_2,0
7531,1995,26_to_30,1,married,toyota,sedan,20k_to_29k,5y,1,collision,4.0,2,0,none,gt_30,gt_30,no_change,0,0,0,0,none,0
7535,1995,31_to_35,0,single,chevrolet,sedan,30k_to_39k,6y,1,all_perils,4.0,2,0,2_to_4,gt_30,gt_30,no_change,0,0,0,1,none,0
7537,1995,26_to_30,0,single,pontiac,sedan,lt_20k,5y,1,collision,4.0,2,0,none,none,8_to_15,no_change,1,0,0,0,none,0
7541,1995,36_to_40,0,married,toyota,sedan,gt_69k,7y,1,all_perils,4.0,1,0,none,gt_30,gt_30,no_change,1,0,0,1,1_to_2,0
7545,1995,31_to_35,0,single,toyota,sedan,30k_to_39k,6y,3_to_4,collision,4.0,1,1,1,gt_30,gt_30,no_change,1,0,0,0,gt_5,0
7550,1995,41_to_50,0,married,pontiac,sport,20k_to_29k,7y,1,liability,4.0,3,0,1,gt_30,gt_30,no_change,1,0,0,0,none,0
7554,1995,31_to_35,0,single,pontiac,sport,30k_to_39k,6y,1,liability,4.0,1,0,2_to_4,gt_30,gt_30,1y,1,0,0,0,1_to_2,0
7560,1995,36_to_40,0,married,pontiac,sport,30k_to_39k,7y,1,liability,4.0,2,0,2_to_4,gt_30,gt_30,no_change,1,0,0,0,gt_5,0
7564,1995,36_to_40,0,married,mazda,sport,30k_to_39k,gt_7y,1,liability,4.0,2,0,2_to_4,gt_30,gt_30,no_change,0,0,0,0,1_to_2,0
7569,1995,31_to_35,0,married,pontiac,sedan,20k_to_29k,7y,1,collision,4.0,4,0,gt_4,gt_30,gt_30,no_change,1,0,0,0,3_to_5,0
7582,1995,36_to_40,0,married,toyota,sedan,20k_to_29k,7y,2,collision,4.0,2,0,2_to_4,gt_30,gt_30,4_to_8y,0,0,0,0,1_to_2,0
7584,1995,31_to_35,1,single,toyota,sport,20k_to_29k,4y,1,liability,4.0,3,0,2_to_4,gt_30,gt_30,no_change,1,0,0,0,gt_5,1
7587,1995,31_to_35,0,single,toyota,sedan,lt_20k,6y,1,collision,4.0,4,0,2_to_4,gt_30,gt_30,no_change,1,0,0,0,gt_5,0
7590,1995,26_to_30,0,single,toyota,sedan,20k_to_29k,5y,1,collision,4.0,3,0,1,gt_30,gt_30,no_change,1,0,0,0,gt_5,0
7593,1995,36_to_40,0,married,pontiac,sedan,20k_to_29k,7y,1,collision,4.0,3,0,none,gt_30,gt_30,no_change,1,1,0,0,gt_5,0
7594,1995,41_to_50,1,single,honda,sedan,20k_to_29k,gt_7y,1,all_perils,4.0,1,0,2_to_4,gt_30,gt_30,no_change,1,0,0,0,none,0
7613,1995,41_to_50,0,married,pontiac,sport,30k_to_39k,gt_7y,1,liability,4.0,4,0,2_to_4,gt_30,gt_30,no_change,1,0,0,0,none,0
7619,1995,31_to_35,0,single,honda,sedan,20k_to_29k,6y,1,collision,4.0,1,0,2_to_4,gt_30,gt_30,no_change,1,1,0,0,none,1
7624,1995,51_to_65,0,married,ford,sport,60k_to_69k,gt_7y,2,liability,4.0,1,0,2_to_4,gt_30,gt_30,4_to_8y,1,1,0,0,gt_5,0
7627,1995,51_to_65,1,married,pontiac,sport,30k_to_39k,gt_7y,3_to_4,liability,7.0,2,0,gt_4,gt_30,gt_30,no_change,1,0,0,0,none,0
7628,1995,41_to_50,1,married,mazda,sport,30k_to_39k,7y,1,liability,4.0,2,0,2_to_4,gt_30,gt_30,no_change,1,0,0,0,none,0
7634,1995,36_to_40,0,married,toyota,sedan,20k_to_29k,7y,1,all_perils,4.0,4,0,none,gt_30,gt_30,no_change,1,0,0,0,none,0
7636,1995,31_to_35,0,married,chevrolet,utility,gt_69k,6y,1,all_perils,4.0,2,0,gt_4,gt_30,gt_30,no_change,1,0,0,0,gt_5,0
7637,1995,51_to_65,0,married,toyota,sedan,gt_69k,gt_7y,1,collision,4.0,1,0,1,gt_30,gt_30,no_change,1,0,0,0,none,0
7642,1995,over_65,0,married,toyota,sedan,lt_20k,gt_7y,1,all_perils,4.0,1,0,none,gt_30,gt_30,no_change,0,0,0,0,3_to_5,0
7643,1995,26_to_30,0,single,pontiac,sport,20k_to_29k,5y,1,liability,4.0,2,0,gt_4,gt_30,gt_30,no_change,1,0,0,0,gt_5,0
7649,1995,36_to_40,0,married,pontiac,sport,30k_to_39k,gt_7y,1,liability,4.0,4,0,gt_4,gt_30,gt_30,no_change,1,0,0,0,gt_5,0
7651,1995,36_to_40,0,single,other,sedan,gt_69k,7y,1,all_perils,5.0,4,0,none,gt_30,gt_30,2_to_3y,0,0,0,0,gt_5,1
7654,1995,31_to_35,0,married,honda,sedan,30k_to_39k,6y,1,collision,4.0,4,0,none,gt_30,gt_30,no_change,1,0,0,0,1_to_2,0
7656,1995,41_to_50,0,married,honda,sport,20k_to_29k,7y,1,liability,4.0,3,0,gt_4,gt_30,gt_30,no_change,1,0,0,0,none,0
7663,1995,31_to_35,0,single,honda,sedan,30k_to_39k,7y,1,collision,4.0,4,0,2_to_4,gt_30,gt_30,no_change,0,0,0,0,gt_5,0
7665,1995,31_to_35,0,married,honda,sedan,lt_20k,6y,1,all_perils,4.0,3,0,none,gt_30,gt_30,no_change,1,0,0,0,none,0
7667,1995,31_to_35,0,married,chevrolet,sedan,30k_to_39k,7y,1,all_perils,4.0,2,0,none,gt_30,gt_30,no_change,1,0,0,0,none,0
7669,1995,36_to_40,0,married,pontiac,sedan,20k_to_29k,4y,1,collision,4.0,4,0,1,gt_30,gt_30,no_change,1,0,0,0,none,0
7670,1995,26_to_30,0,single,chevrolet,sport,20k_to_29k,5y,1,liability,4.0,2,0,2_to_4,gt_30,gt_30,no_change,1,0,0,0,none,0
7672,1995,41_to_50,0,married,pontiac,sedan,20k_to_29k,gt_7y,1,collision,4.0,1,0,1,gt_30,gt_30,no_change,0,0,0,0,3_to_5,0
7678,1995,31_to_35,0,single,acura,sedan,30k_to_39k,6y,1,all_perils,4.0,4,0,2_to_4,gt_30,gt_30,no_change,0,0,0,1,1_to_2,0
7683,1995,41_to_50,0,married,ford,sedan,30k_to_39k,7y,1,all_perils,4.0,4,0,none,none,gt_30,no_change,1,0,0,0,none,0
7684,1995,41_to_50,0,married,pontiac,sedan,30k_to_39k,gt_7y,1,collision,4.0,4,0,2_to_4,gt_30,gt_30,no_change,0,0,0,0,3_to_5,0
7688,1995,26_to_30,1,single,pontiac,sedan,lt_20k,5y,1,all_perils,4.0,1,0,none,gt_30,gt_30,no_change,0,0,0,0,gt_5,0
7691,1995,31_to_35,1,single,mazda,sedan,20k_to_29k,5y,1,collision,4.0,4,0,none,gt_30,gt_30,no_change,1,0,0,0,none,0
7694,1995,31_to_35,0,single,honda,sedan,20k_to_29k,6y,1,all_perils,4.0,2,0,2_to_4,gt_30,gt_30,no_change,0,0,0,0,gt_5,0
7697,1995,41_to_50,0,married,acura,sedan,gt_69k,gt_7y,1,collision,4.0,3,0,none,gt_30,gt_30,no_change,1,0,0,0,gt_5,1
7698,1995,31_to_35,0,single,toyota,sedan,20k_to_29k,6y,1,collision,4.0,1,0,1,gt_30,gt_30,no_change,1,0,0,0,none,0
7701,1995,36_to_40,0,married,chevrolet,sport,30k_to_39k,gt_7y,1,liability,4.0,4,0,2_to_4,gt_30,gt_30,no_change,1,1,0,0,gt_5,0
7703,1995,41_to_50,0,married,pontiac,sedan,20k_to_29k,gt_7y,1,all_perils,4.0,4,0,1,gt_30,gt_30,no_change,0,1,0,0,none,0
7711,1995,31_to_35,0,single,mazda,sport,gt_69k,6y,1,collision,4.0,3,0,2_to_4,gt_30,gt_30,no_change,1,0,0,0,none,0
7712,1995,31_to_35,0,married,honda,sedan,20k_to_29k,7y,1,collision,4.0,1,0,2_to_4,gt_30,gt_30,no_change,1,0,0,0,none,0
7714,1995,31_to_35,0,married,pontiac,sedan,lt_20k,7y,1,all_perils,4.0,1,0,1,gt_30,gt_30,no_change,0,0,0,0,gt_5,0
7715,1995,31_to_35,0,married,pontiac,sedan,40k_to_59k,5y,1,collision,4.0,4,0,2_to_4,gt_30,gt_30,no_change,1,1,0,0,3_to_5,0
7716,1995,36_to_40,0,married,pontiac,sedan,30k_to_39k,gt_7y,1,collision,4.0,4,0,none,gt_30,gt_30,no_change,1,0,0,0,gt_5,0
7721,1995,51_to_65,0,married,pontiac,sedan,20k_to_29k,7y,1,collision,4.0,2,0,none,gt_30,gt_30,no_change,1,0,0,0,none,0
7726,1995,31_to_35,1,single,honda,sedan,lt_20k,5y,1,collision,4.0,1,0,2_to_4,gt_30,gt_30,no_change,1,0,0,0,1_to_2,0
7728,1995,26_to_30,1,single,honda,sedan,20k_to_29k,5y,1,collision,4.0,2,0,gt_4,gt_30,gt_30,no_change,1,0,0,0,gt_5,0
7731,1995,36_to_40,0,married,honda,sport,20k_to_29k,7y,1,liability,4.0,2,0,1,gt_30,gt_30,no_change,1,0,0,0,gt_5,0
7732,1995,31_to_35,1,single,toyota,sport,20k_to_29k,5y,1,liability,4.0,2,0,1,gt_30,gt_30,no_change,1,1,0,0,1_to_2,0
7735,1995,36_to_40,0,married,pontiac,sedan,30k_to_39k,7y,1,collision,4.0,4,0,none,gt_30,gt_30,no_change,1,0,0,0,3_to_5,0
7736,1995,31_to_35,0,single,toyota,sport,20k_to_29k,7y,1,liability,4.0,1,0,1,gt_30,gt_30,1y,1,1,0,0,gt_5,0
7737,1995,31_to_35,1,married,mazda,sport,30k_to_39k,7y,1,liability,4.0,3,0,2_to_4,gt_30,gt_30,no_change,1,0,0,0,gt_5,0
7746,1995,36_to_40,0,married,pontiac,sedan,lt_20k,6y,1,all_perils,4.0,3,0,none,gt_30,gt_30,no_change,1,0,0,0,none,0
7750,1995,26_to_30,0,single,chevrolet,sedan,20k_to_29k,3y,3_to_4,collision,4.0,3,0,2_to_4,gt_30,gt_30,4_to_8y,0,0,0,0,3_to_5,0
7751,1995,36_to_40,0,single,honda,sedan,30k_to_39k,6y,1,collision,4.0,3,0,1,gt_30,gt_30,no_change,0,1,0,0,1_to_2,0
7752,1995,31_to_35,0,married,mazda,sport,30k_to_39k,7y,1,liability,4.0,4,0,1,gt_30,gt_30,no_change,1,0,0,0,none,0
7756,1995,31_to_35,1,single,mazda,sedan,20k_to_29k,6y,1,collision,4.0,2,0,none,gt_30,gt_30,no_change,1,0,0,0,none,0
7757,1995,51_to_65,0,married,honda,sedan,20k_to_29k,gt_7y,1,all_perils,4.0,2,0,2_to_4,gt_30,gt_30,no_change,0,0,0,0,gt_5,0
7760,1995,36_to_40,0,married,toyota,sport,30k_to_39k,gt_7y,1,liability,4.0,4,0,1,gt_30,gt_30,no_change,1,0,0,0,3_to_5,0
7764,1995,41_to_50,0,single,pontiac,sedan,30k_to_39k,gt_7y,1,collision,4.0,4,0,none,gt_30,gt_30,no_change,1,0,0,0,gt_5,0
7765,1995,26_to_30,1,single,chevrolet,sedan,20k_to_29k,5y,1,collision,4.0,2,0,none,gt_30,gt_30,no_change,1,0,0,0,none,0
7778,1995,51_to_65,0,married,pontiac,sedan,20k_to_29k,gt_7y,1,all_perils,4.0,1,0,none,gt_30,gt_30,no_change,0,0,0,0,gt_5,0
7779,1995,36_to_40,0,married,toyota,sport,20k_to_29k,7y,1,liability,4.0,3,0,gt_4,gt_30,gt_30,no_change,1,0,0,0,none,0
7782,1995,31_to_35,0,married,other,sedan,40k_to_59k,7y,1,collision,7.0,2,0,2_to_4,gt_30,gt_30,no_change,1,0,0,0,none,0
7784,1995,26_to_30,0,single,ford,sedan,20k_to_29k,5y,1,all_perils,4.0,4,0,2_to_4,gt_30,gt_30,no_change,1,0,0,0,gt_5,0
7785,1995,41_to_50,0,married,other,sport,30k_to_39k,7y,1,liability,4.0,1,0,gt_4,gt_30,gt_30,no_change,1,0,0,0,none,0
7794,1995,31_to_35,1,single,pontiac,sport,20k_to_29k,5y,1,liability,4.0,3,0,2_to_4,gt_30,gt_30,no_change,1,0,0,0,none,0
7795,1995,31_to_35,0,married,acura,sedan,30k_to_39k,7y,1,collision,4.0,3,1,none,gt_30,gt_30,no_change,1,0,0,0,gt_5,0
7796,1995,36_to_40,0,married,pontiac,sport,20k_to_29k,7y,1,liability,4.0,3,0,gt_4,gt_30,gt_30,no_change,1,0,0,0,none,0
7797,1995,41_to_50,0,married,honda,sedan,gt_69k,new,1,collision,4.0,1,0,none,gt_30,gt_30,no_change,1,0,0,0,none,0
7798,1995,31_to_35,1,single,mazda,sedan,20k_to_29k,3y,1,collision,4.0,3,0,1,gt_30,gt_30,no_change,1,0,0,0,none,0
7799,1995,51_to_65,0,married,ford,sedan,40k_to_59k,6y,1,all_perils,4.0,4,0,2_to_4,gt_30,gt_30,no_change,1,0,0,0,gt_5,1
7801,1995,31_to_35,0,married,honda,sport,30k_to_39k,7y,1,liability,4.0,1,0,1,gt_30,gt_30,no_change,0,0,0,0,none,0
7803,1995,41_to_50,0,married,pontiac,sedan,20k_to_29k,gt_7y,1,all_perils,4.0,4,0,none,gt_30,gt_30,no_change,0,0,0,0,none,0
7807,1995,41_to_50,0,married,toyota,sport,20k_to_29k,7y,1,liability,4.0,1,0,2_to_4,gt_30,gt_30,no_change,0,0,0,0,3_to_5,0
7809,1995,41_to_50,0,married,honda,sedan,20k_to_29k,7y,1,collision,4.0,1,0,1,gt_30,gt_30,no_change,0,0,0,0,gt_5,0
7812,1995,over_65,0,married,pontiac,sedan,20k_to_29k,7y,1,all_perils,4.0,2,0,1,gt_30,gt_30,no_change,0,0,0,0,3_to_5,0
7817,1995,41_to_50,0,married,pontiac,sedan,lt_20k,7y,1,all_perils,4.0,2,0,none,gt_30,gt_30,no_change,0,0,0,0,none,0
7822,1995,31_to_35,0,single,chevrolet,utility,gt_69k,6y,1,all_perils,4.0,2,0,none,gt_30,gt_30,no_change,1,1,0,0,none,1
7825,1995,31_to_35,0,married,toyota,sedan,20k_to_29k,7y,1,collision,4.0,4,0,2_to_4,gt_30,gt_30,no_change,1,0,0,0,gt_5,0
7827,1995,41_to_50,0,married,pontiac,sport,20k_to_29k,7y,1,liability,4.0,4,0,gt_4,gt_30,gt_30,1y,1,0,0,0,1_to_2,0
7828,1995,41_to_50,0,married,mazda,sedan,30k_to_39k,gt_7y,1,collision,4.0,2,0,1,gt_30,gt_30,no_change,1,1,0,0,gt_5,0
7829,1995,41_to_50,0,married,toyota,sedan,20k_to_29k,gt_7y,1,all_perils,4.0,4,0,1,gt_30,gt_30,no_change,1,0,0,0,none,1
7831,1995,31_to_35,0,married,mazda,sport,30k_to_39k,7y,1,liability,4.0,2,0,none,gt_30,gt_30,no_change,1,0,0,0,gt_5,0
7834,1995,36_to_40,0,single,toyota,sedan,20k_to_29k,7y,2,collision,4.0,3,0,1,gt_30,gt_30,4_to_8y,1,1,0,0,gt_5,0
7838,1995,51_to_65,0,married,pontiac,sedan,20k_to_29k,gt_7y,1,collision,4.0,4,0,2_to_4,gt_30,gt_30,no_change,1,0,0,0,none,0
7839,1995,36_to_40,0,married,mazda,sedan,20k_to_29k,6y,1,all_perils,4.0,4,0,1,gt_30,gt_30,no_change,1,0,0,1,gt_5,0
7840,1995,31_to_35,0,single,honda,sedan,20k_to_29k,6y,1,collision,4.0,3,0,2_to_4,gt_30,gt_30,no_change,1,1,0,0,none,0
7856,1995,36_to_40,0,married,honda,sedan,20k_to_29k,5y,1,collision,4.0,3,0,1,gt_30,gt_30,no_change,1,0,0,0,1_to_2,0
7857,1995,31_to_35,1,single,mazda,sport,gt_69k,5y,1,liability,4.0,3,0,2_to_4,gt_30,gt_30,no_change,1,0,0,0,1_to_2,0
7858,1995,26_to_30,0,single,toyota,sedan,20k_to_29k,3y,1,collision,4.0,1,0,none,gt_30,gt_30,no_change,1,0,0,0,gt_5,0
7869,1995,31_to_35,0,single,mazda,sport,gt_69k,5y,1,collision,4.0,4,0,none,gt_30,gt_30,no_change,1,0,0,1,1_to_2,0
7870,1995,31_to_35,0,single,honda,sedan,20k_to_29k,6y,1,all_perils,4.0,3,0,none,gt_30,gt_30,no_change,0,0,0,0,none,0
7876,1995,41_to_50,0,married,chevrolet,sedan,20k_to_29k,gt_7y,2,collision,4.0,1,0,none,gt_30,gt_30,4_to_8y,0,0,0,0,gt_5,0
7877,1995,31_to_35,0,married,honda,sedan,20k_to_29k,6y,1,collision,4.0,2,0,2_to_4,gt_30,gt_30,no_change,1,0,0,0,1_to_2,0
7882,1995,41_to_50,1,married,honda,sedan,lt_20k,7y,1,all_perils,4.0,3,0,none,gt_30,gt_30,no_change,0,0,0,0,none,0
7884,1995,41_to_50,0,married,toyota,sedan,20k_to_29k,gt_7y,1,all_perils,4.0,2,0,1,gt_30,gt_30,no_change,0,0,0,0,gt_5,0
7885,1995,36_to_40,1,single,pontiac,sport,20k_to_29k,6y,1,liability,4.0,1,0,2_to_4,gt_30,gt_30,no_change,1,1,0,0,none,0
7886,1995,41_to_50,0,married,toyota,sedan,30k_to_39k,gt_7y,1,collision,4.0,1,0,1,gt_30,gt_30,no_change,1,0,0,0,3_to_5,0
7887,1995,36_to_40,0,married,honda,sedan,20k_to_29k,7y,1,collision,4.0,1,0,2_to_4,gt_30,gt_30,no_change,1,0,0,0,none,0
7889,1995,51_to_65,0,married,mazda,sport,30k_to_39k,gt_7y,1,liability,4.0,3,0,gt_4,gt_30,gt_30,no_change,1,0,0,0,gt_5,0
7895,1995,36_to_40,0,married,toyota,sedan,20k_to_29k,gt_7y,1,collision,4.0,1,0,none,gt_30,gt_30,no_change,1,1,0,0,1_to_2,0
7896,1995,41_to_50,0,married,toyota,sport,gt_69k,7y,1,liability,4.0,3,0,1,gt_30,gt_30,no_change,1,0,0,0,gt_5,0
7906,1995,31_to_35,0,married,pontiac,sedan,20k_to_29k,3y,1,all_perils,4.0,4,0,gt_4,gt_30,gt_30,2_to_3y,1,0,0,0,gt_5,0
7910,1995,21_to_25,0,single,mazda,sedan,20k_to_29k,4y,1,collision,4.0,3,0,2_to_4,gt_30,gt_30,no_change,0,0,0,0,none,0
7919,1995,41_to_50,0,married,other,sport,40k_to_59k,gt_7y,1,liability,4.0,3,0,1,gt_30,gt_30,no_change,1,0,0,0,none,0
7925,1995,31_to_35,0,single,chevrolet,sedan,20k_to_29k,6y,1,collision,4.0,3,0,2_to_4,gt_30,gt_30,no_change,1,0,0,0,1_to_2,0
7929,1995,36_to_40,0,married,other,sport,gt_69k,7y,1,liability,4.0,4,0,none,gt_30,gt_30,no_change,1,0,0,0,gt_5,0
7930,1995,41_to_50,0,married,toyota,sport,20k_to_29k,6y,1,liability,4.0,3,0,2_to_4,gt_30,gt_30,no_change,1,1,0,0,none,0
7934,1995,over_65,0,married,toyota,sport,20k_to_29k,gt_7y,1,liability,4.0,2,0,1,gt_30,gt_30,no_change,1,0,0,0,none,0
7943,1995,31_to_35,1,single,chevrolet,sedan,20k_to_29k,7y,1,collision,4.0,1,0,2_to_4,gt_30,gt_30,no_change,1,0,0,0,3_to_5,0
7944,1995,31_to_35,0,married,mazda,sedan,30k_to_39k,6y,1,all_perils,4.0,2,0,2_to_4,gt_30,gt_30,no_change,1,0,0,0,gt_5,0
7945,1995,41_to_50,0,married,toyota,sport,30k_to_39k,gt_7y,1,liability,4.0,4,0,none,gt_30,gt_30,no_change,1,0,0,0,none,0
7947,1995,36_to_40,0,single,toyota,sport,20k_to_29k,7y,1,liability,4.0,2,0,none,gt_30,gt_30,no_change,1,0,0,0,3_to_5,0
7948,1995,31_to_35,0,single,chevrolet,sport,20k_to_29k,7y,1,liability,4.0,1,0,2_to_4,gt_30,gt_30,no_change,1,0,0,0,none,0
7949,1995,41_to_50,0,married,toyota,sedan,20k_to_29k,7y,1,all_perils,4.0,3,0,2_to_4,gt_30,gt_30,no_change,0,0,0,0,gt_5,0
7952,1995,41_to_50,0,married,honda,sedan,gt_69k,gt_7y,1,all_perils,4.0,2,0,2_to_4,gt_30,gt_30,no_change,1,0,1,0,3_to_5,0
7958,1995,41_to_50,0,married,toyota,sedan,20k_to_29k,7y,1,collision,4.0,3,0,none,gt_30,gt_30,no_change,1,1,0,0,1_to_2,0
7959,1995,41_to_50,0,married,honda,sedan,20k_to_29k,gt_7y,1,collision,4.0,3,0,1,gt_30,gt_30,no_change,1,0,0,0,3_to_5,0
7963,1995,41_to_50,0,single,mazda,sedan,20k_to_29k,gt_7y,1,collision,4.0,1,0,none,gt_30,gt_30,no_change,0,0,0,0,none,0
7968,1995,41_to_50,0,married,pontiac,sport,20k_to_29k,gt_7y,1,liability,7.0,2,0,none,gt_30,gt_30,no_change,1,0,0,0,none,0
7975,1995,36_to_40,0,single,acura,sedan,20k_to_29k,7y,1,all_perils,4.0,1,0,none,gt_30,gt_30,no_change,0,0,0,0,gt_5,0
7984,1995,31_to_35,0,married,toyota,sedan,20k_to_29k,5y,1,collision,4.0,3,0,2_to_4,gt_30,gt_30,no_change,0,0,0,0,none,0
7990,1995,16_to_17,0,single,honda,sedan,gt_69k,new,1,all_perils,4.0,1,0,2_to_4,gt_30,gt_30,no_change,1,0,0,0,none,0
7995,1995,36_to_40,0,married,other,sedan,gt_69k,7y,1,all_perils,4.0,2,0,gt_4,gt_30,gt_30,no_change,0,0,0,0,3_to_5,0
7997,1995,51_to_65,0,single,pontiac,sedan,30k_to_39k,gt_7y,1,all_perils,4.0,3,0,1,gt_30,gt_30,no_change,1,0,0,0,none,0
8000,1995,51_to_65,1,married,mazda,sport,20k_to_29k,gt_7y,1,liability,4.0,1,0,2_to_4,gt_30,gt_30,no_change,1,0,0,0,gt_5,0
8004,1995,over_65,0,married,pontiac,sedan,20k_to_29k,gt_7y,1,collision,4.0,2,0,2_to_4,gt_30,gt_30,no_change,1,0,0,0,none,0
8010,1995,36_to_40,0,married,chevrolet,sedan,30k_to_39k,gt_7y,1,collision,4.0,1,0,1,gt_30,gt_30,no_change,0,0,0,0,none,0
8013,1995,36_to_40,0,married,toyota,sedan,20k_to_29k,6y,1,collision,4.0,4,0,2_to_4,gt_30,gt_30,no_change,1,0,0,0,1_to_2,0
8016,1995,41_to_50,0,married,pontiac,sport,gt_69k,gt_7y,1,liability,4.0,1,0,gt_4,gt_30,gt_30,no_change,1,0,0,0,gt_5,0
8018,1995,31_to_35,0,single,chevrolet,sport,30k_to_39k,6y,1,liability,4.0,3,0,2_to_4,gt_30,gt_30,no_change,1,0,0,0,gt_5,0
8024,1995,41_to_50,0,married,mazda,sport,20k_to_29k,gt_7y,1,liability,4.0,2,0,2_to_4,gt_30,gt_30,no_change,1,0,0,0,gt_5,0
8026,1995,41_to_50,0,married,mazda,sedan,20k_to_29k,gt_7y,1,collision,4.0,1,0,1,gt_30,gt_30,no_change,0,0,0,0,gt_5,0
8030,1995,31_to_35,0,married,honda,sport,20k_to_29k,7y,1,liability,7.0,2,0,gt_4,gt_30,gt_30,no_change,0,0,0,0,none,0
8031,1995,36_to_40,0,single,chevrolet,sedan,gt_69k,7y,1,all_perils,4.0,2,0,none,gt_30,gt_30,no_change,1,0,0,0,3_to_5,0
8036,1995,41_to_50,0,married,toyota,sedan,20k_to_29k,7y,1,all_perils,4.0,3,0,none,gt_30,gt_30,no_change,0,0,0,0,1_to_2,0
8044,1995,31_to_35,0,single,pontiac,sedan,20k_to_29k,6y,2,collision,4.0,3,0,none,gt_30,gt_30,4_to_8y,1,0,0,0,none,0
8045,1995,31_to_35,0,single,pontiac,sport,20k_to_29k,5y,1,liability,4.0,1,0,1,gt_30,gt_30,no_change,1,0,0,0,gt_5,0
8046,1995,31_to_35,0,married,pontiac,sedan,20k_to_29k,7y,1,collision,4.0,2,0,none,gt_30,gt_30,no_change,0,0,0,0,3_to_5,0
8051,1995,36_to_40,1,married,pontiac,sedan,20k_to_29k,7y,1,all_perils,4.0,3,0,none,gt_30,gt_30,no_change,0,1,0,1,1_to_2,0
8057,1995,26_to_30,0,married,pontiac,sport,20k_to_29k,5y,1,liability,4.0,3,0,gt_4,gt_30,gt_30,no_change,1,0,0,0,none,0
8058,1995,36_to_40,1,married,other,sedan,gt_69k,7y,1,collision,4.0,2,0,2_to_4,gt_30,gt_30,no_change,1,0,0,0,gt_5,0
8059,1995,31_to_35,0,married,acura,sedan,30k_to_39k,6y,1,collision,5.0,2,0,2_to_4,gt_30,gt_30,2_to_3y,1,0,0,0,3_to_5,1
8064,1995,41_to_50,0,married,toyota,sedan,20k_to_29k,gt_7y,1,all_perils,4.0,3,0,1,gt_30,gt_30,no_change,1,0,0,0,3_to_5,0
8066,1995,36_to_40,0,married,toyota,sedan,30k_to_39k,7y,1,all_perils,4.0,2,0,none,gt_30,gt_30,no_change,0,0,0,0,1_to_2,0
8068,1995,41_to_50,0,married,honda,sedan,20k_to_29k,gt_7y,1,collision,4.0,2,0,gt_4,gt_30,gt_30,no_change,1,0,0,0,none,0
8071,1995,51_to_65,0,single,toyota,sedan,gt_69k,gt_7y,1,collision,4.0,1,0,2_to_4,gt_30,gt_30,no_change,1,0,0,0,gt_5,0
8074,1995,31_to_35,0,single,pontiac,sport,20k_to_29k,6y,1,liability,4.0,1,0,2_to_4,gt_30,gt_30,no_change,0,0,0,0,none,0
8077,1995,31_to_35,0,married,pontiac,sedan,20k_to_29k,7y,1,all_perils,4.0,4,0,2_to_4,gt_30,gt_30,no_change,0,0,0,0,gt_5,0
8081,1995,21_to_25,0,single,chevrolet,sedan,20k_to_29k,2y,1,collision,4.0,3,0,1,gt_30,gt_30,no_change,1,0,0,0,1_to_2,0
8082,1995,51_to_65,1,married,pontiac,sedan,lt_20k,7y,1,all_perils,4.0,3,0,1,gt_30,gt_30,no_change,1,0,0,1,gt_5,0
8083,1995,36_to_40,0,married,mazda,sport,20k_to_29k,5y,1,liability,4.0,2,0,2_to_4,gt_30,gt_30,no_change,1,0,0,0,none,0
8084,1995,51_to_65,0,married,toyota,sedan,20k_to_29k,gt_7y,1,all_perils,4.0,3,0,none,gt_30,gt_30,no_change,0,0,0,0,none,0
8085,1995,36_to_40,0,married,acura,sport,30k_to_39k,7y,1,liability,4.0,4,1,gt_4,gt_30,gt_30,no_change,1,0,0,0,gt_5,0
8088,1995,16_to_17,0,single,honda,sport,gt_69k,new,1,liability,4.0,1,0,gt_4,gt_30,gt_30,no_change,1,0,0,0,none,0
8094,1995,41_to_50,0,married,pontiac,sport,lt_20k,gt_7y,1,all_perils,4.0,1,0,1,gt_30,gt_30,no_change,0,0,0,0,none,0
8095,1995,51_to_65,0,married,ford,sedan,30k_to_39k,gt_7y,1,collision,4.0,2,0,2_to_4,gt_30,gt_30,no_change,1,0,0,0,none,0
8098,1995,31_to_35,0,single,mazda,sedan,30k_to_39k,6y,1,collision,4.0,3,0,2_to_4,gt_30,gt_30,no_change,1,0,0,0,1_to_2,1
8100,1995,51_to_65,0,married,chevrolet,sport,30k_to_39k,gt_7y,1,liability,4.0,1,0,gt_4,gt_30,gt_30,1y,1,0,0,0,none,0
8101,1995,36_to_40,0,married,mazda,sport,30k_to_39k,7y,1,liability,4.0,1,0,2_to_4,gt_30,gt_30,no_change,1,1,0,0,gt_5,0
8103,1995,31_to_35,0,single,honda,sport,20k_to_29k,6y,1,liability,4.0,3,0,1,gt_30,gt_30,no_change,1,0,0,0,1_to_2,0
8106,1995,31_to_35,0,single,pontiac,sedan,20k_to_29k,6y,1,collision,4.0,3,0,none,gt_30,gt_30,no_change,0,0,0,0,3_to_5,0
8112,1995,36_to_40,0,married,other,sedan,30k_to_39k,7y,1,collision,4.0,3,0,1,gt_30,gt_30,no_change,1,0,0,0,gt_5,0
8119,1995,31_to_35,1,single,mazda,sport,20k_to_29k,6y,3_to_4,liability,4.0,1,0,none,gt_30,gt_30,no_change,1,0,0,0,none,0
8122,1995,36_to_40,0,married,toyota,sport,gt_69k,7y,1,liability,4.0,2,0,1,gt_30,gt_30,no_change,1,0,0,0,1_to_2,0
8123,1995,26_to_30,1,single,mazda,sport,20k_to_29k,5y,1,liability,4.0,1,0,2_to_4,gt_30,gt_30,no_change,1,0,0,0,gt_5,0
8124,1995,over_65,0,married,chevrolet,sedan,20k_to_29k,gt_7y,1,all_perils,4.0,3,0,1,gt_30,gt_30,no_change,1,0,0,0,gt_5,0
8128,1995,31_to_35,0,married,chevrolet,sport,20k_to_29k,6y,2,liability,4.0,4,0,2_to_4,gt_30,gt_30,4_to_8y,0,0,0,0,none,0
8131,1995,36_to_40,1,widow,toyota,sport,20k_to_29k,7y,1,liability,4.0,1,0,2_to_4,gt_30,gt_30,no_change,1,0,0,0,1_to_2,0
8135,1995,31_to_35,0,single,toyota,sport,20k_to_29k,7y,1,liability,4.0,2,0,gt_4,gt_30,gt_30,no_change,1,0,0,0,1_to_2,0
8140,1995,41_to_50,0,married,pontiac,sport,20k_to_29k,gt_7y,1,liability,4.0,2,0,2_to_4,gt_30,gt_30,no_change,0,0,0,0,gt_5,0
8143,1995,41_to_50,1,married,toyota,sport,20k_to_29k,7y,1,liability,4.0,4,0,gt_4,gt_30,gt_30,no_change,1,0,0,0,1_to_2,0
8144,1995,over_65,0,married,toyota,sedan,20k_to_29k,gt_7y,1,all_perils,4.0,1,0,2_to_4,gt_30,gt_30,no_change,1,0,0,0,none,0
8152,1995,36_to_40,0,married,pontiac,sport,20k_to_29k,7y,1,liability,4.0,3,0,2_to_4,gt_30,gt_30,no_change,1,0,0,0,gt_5,0
8153,1995,51_to_65,0,married,other,sport,gt_69k,gt_7y,1,liability,4.0,4,0,2_to_4,gt_30,gt_30,no_change,1,0,0,0,3_to_5,0
8157,1995,51_to_65,0,married,honda,sport,30k_to_39k,gt_7y,1,liability,4.0,4,0,2_to_4,gt_30,gt_30,no_change,1,0,0,0,gt_5,0
8160,1995,31_to_35,0,married,other,sedan,30k_to_39k,6y,3_to_4,all_perils,4.0,3,0,1,gt_30,gt_30,no_change,0,1,0,0,none,0
8161,1995,16_to_17,0,single,honda,sedan,gt_69k,new,1,collision,4.0,2,0,none,gt_30,gt_30,2_to_3y,1,0,0,0,none,0
8162,1995,41_to_50,0,married,pontiac,sedan,20k_to_29k,gt_7y,1,collision,4.0,4,0,2_to_4,gt_30,gt_30,no_change,1,0,0,0,gt_5,0
8163,1995,41_to_50,0,married,ford,sedan,40k_to_59k,gt_7y,1,collision,4.0,2,0,gt_4,gt_30,gt_30,no_change,0,1,0,0,3_to_5,0
8164,1995,31_to_35,1,single,mazda,sport,20k_to_29k,7y,1,liability,4.0,3,0,1,gt_30,gt_30,no_change,1,0,0,0,none,0
8173,1995,36_to_40,0,married,toyota,sedan,20k_to_29k,7y,1,all_perils,4.0,1,0,1,gt_30,gt_30,no_change,0,1,0,0,1_to_2,0
8177,1995,31_to_35,0,married,pontiac,sport,20k_to_29k,5y,1,liability,4.0,3,0,2_to_4,gt_30,gt_30,no_change,1,1,0,0,none,0
8179,1995,31_to_35,0,married,toyota,sport,20k_to_29k,7y,1,liability,4.0,3,0,1,gt_30,gt_30,no_change,1,0,0,0,3_to_5,0
8180,1995,51_to_65,0,married,mazda,sport,20k_to_29k,gt_7y,1,liability,4.0,3,0,gt_4,gt_30,gt_30,no_change,1,0,0,0,gt_5,0
8182,1995,41_to_50,0,married,honda,sedan,30k_to_39k,gt_7y,1,all_perils,4.0,1,0,none,gt_30,gt_30,no_change,0,0,0,0,1_to_2,0
8184,1995,36_to_40,0,married,other,sedan,30k_to_39k,7y,1,collision,4.0,2,0,2_to_4,gt_30,gt_30,no_change,1,0,0,0,1_to_2,0
8193,1995,51_to_65,0,married,honda,sport,30k_to_39k,gt_7y,1,liability,4.0,2,0,2_to_4,gt_30,gt_30,no_change,1,0,0,0,1_to_2,0
8197,1995,31_to_35,0,single,pontiac,sedan,lt_20k,5y,1,all_perils,4.0,4,0,none,gt_30,gt_30,no_change,0,0,0,0,gt_5,0
8200,1995,36_to_40,0,married,pontiac,sport,30k_to_39k,6y,1,liability,4.0,4,0,2_to_4,gt_30,gt_30,no_change,1,1,0,0,gt_5,0
8201,1995,41_to_50,1,married,mazda,sport,20k_to_29k,gt_7y,3_to_4,liability,4.0,1,0,2_to_4,gt_30,gt_30,no_change,0,0,0,0,3_to_5,0
8203,1995,36_to_40,1,married,honda,sedan,20k_to_29k,5y,1,all_perils,4.0,1,0,1,gt_30,gt_30,no_change,0,0,0,0,none,0
8207,1995,41_to_50,0,married,pontiac,sport,20k_to_29k,5y,1,liability,4.0,4,0,1,gt_30,gt_30,no_change,1,0,0,0,none,0
8211,1995,31_to_35,0,married,honda,sedan,30k_to_39k,6y,1,collision,4.0,3,0,gt_4,gt_30,gt_30,no_change,1,0,0,0,1_to_2,0
8215,1995,31_to_35,1,married,pontiac,sedan,20k_to_29k,7y,1,all_perils,4.0,3,0,1,gt_30,gt_30,no_change,1,0,0,0,1_to_2,0
8217,1995,36_to_40,0,married,pontiac,sport,30k_to_39k,7y,1,liability,4.0,2,0,gt_4,gt_30,gt_30,no_change,1,0,0,1,gt_5,0
8219,1995,31_to_35,0,married,honda,sport,30k_to_39k,7y,1,liability,4.0,2,0,gt_4,gt_30,gt_30,no_change,0,1,0,0,none,0
8221,1995,31_to_35,0,single,other,sedan,30k_to_39k,6y,1,collision,4.0,4,0,2_to_4,gt_30,gt_30,no_change,0,0,0,0,3_to_5,0
8222,1995,36_to_40,0,married,pontiac,sedan,lt_20k,7y,1,collision,4.0,3,0,none,none,gt_30,no_change,1,0,0,0,none,0
8229,1995,31_to_35,1,single,honda,sport,20k_to_29k,5y,1,liability,4.0,1,0,2_to_4,gt_30,gt_30,no_change,1,0,0,0,none,0
8237,1995,36_to_40,0,married,ford,sedan,lt_20k,6y,1,all_perils,4.0,4,0,none,gt_30,gt_30,no_change,0,0,0,0,none,0
8241,1995,41_to_50,0,married,toyota,sedan,30k_to_39k,gt_7y,1,collision,4.0,3,0,1,gt_30,gt_30,no_change,1,0,0,0,none,0
8245,1995,31_to_35,0,single,mazda,sport,20k_to_29k,6y,1,liability,4.0,3,0,1,gt_30,gt_30,no_change,1,0,0,0,1_to_2,0
8246,1995,36_to_40,0,married,mazda,sedan,20k_to_29k,7y,1,collision,4.0,4,0,2_to_4,gt_30,gt_30,no_change,0,1,0,0,none,0
8250,1995,31_to_35,0,single,pontiac,sedan,lt_20k,6y,1,collision,4.0,4,0,gt_4,gt_30,gt_30,no_change,1,0,0,0,3_to_5,0
8251,1995,36_to_40,0,single,chevrolet,sedan,60k_to_69k,6y,1,all_perils,4.0,3,0,2_to_4,gt_30,gt_30,no_change,1,0,0,0,none,1
8253,1995,36_to_40,0,single,ford,utility,gt_69k,gt_7y,1,all_perils,4.0,4,0,1,gt_30,gt_30,no_change,1,1,0,0,gt_5,1
8255,1995,41_to_50,0,married,other,sport,40k_to_59k,7y,1,liability,4.0,4,0,2_to_4,gt_30,gt_30,no_change,0,0,0,0,none,0
8256,1995,51_to_65,0,married,toyota,sedan,lt_20k,gt_7y,1,all_perils,4.0,2,0,none,gt_30,gt_30,no_change,0,0,0,0,none,0
8257,1995,31_to_35,0,married,toyota,sedan,30k_to_39k,7y,1,collision,4.0,1,0,1,gt_30,gt_30,no_change,0,0,0,0,none,0
8264,1995,36_to_40,0,married,mazda,sedan,30k_to_39k,7y,1,collision,4.0,3,0,1,gt_30,gt_30,no_change,0,0,0,0,1_to_2,0
8265,1995,31_to_35,0,single,honda,sedan,20k_to_29k,5y,1,all_perils,4.0,3,0,2_to_4,gt_30,gt_30,no_change,1,0,0,0,1_to_2,0
8266,1995,41_to_50,0,married,ford,sedan,20k_to_29k,gt_7y,1,all_perils,4.0,3,0,2_to_4,gt_30,gt_30,no_change,0,0,0,0,1_to_2,0
8268,1995,36_to_40,0,married,chevrolet,sport,30k_to_39k,7y,1,liability,4.0,2,0,2_to_4,gt_30,gt_30,no_change,1,0,0,0,gt_5,0
8272,1995,51_to_65,0,single,chevrolet,utility,gt_69k,gt_7y,1,collision,4.0,4,0,2_to_4,gt_30,gt_30,no_change,1,1,0,0,none,0
8273,1995,31_to_35,0,married,honda,sedan,gt_69k,7y,1,all_perils,4.0,2,0,1,gt_30,gt_30,no_change,1,0,0,0,3_to_5,0
8280,1995,over_65,0,married,toyota,sedan,lt_20k,gt_7y,1,all_perils,4.0,3,0,none,gt_30,gt_30,no_change,1,0,0,0,1_to_2,0
8282,1995,41_to_50,0,married,ford,sedan,30k_to_39k,gt_7y,1,collision,4.0,4,0,2_to_4,gt_30,gt_30,1y,1,0,0,0,none,0
8287,1995,31_to_35,0,single,chevrolet,sedan,gt_69k,6y,1,all_perils,4.0,4,0,gt_4,gt_30,gt_30,no_change,1,0,0,1,none,0
8288,1995,36_to_40,0,married,toyota,sedan,20k_to_29k,7y,1,collision,4.0,1,0,none,gt_30,gt_30,no_change,1,0,0,0,none,0
8293,1995,36_to_40,0,married,honda,sedan,20k_to_29k,gt_7y,1,all_perils,4.0,4,0,none,gt_30,gt_30,no_change,1,0,0,0,gt_5,0
8294,1995,36_to_40,0,married,honda,sport,20k_to_29k,7y,1,liability,4.0,2,0,1,gt_30,gt_30,no_change,1,0,0,0,3_to_5,0
8295,1995,26_to_30,0,single,honda,sedan,20k_to_29k,6y,1,collision,4.0,4,0,2_to_4,gt_30,gt_30,no_change,0,0,0,1,gt_5,0
8296,1995,41_to_50,0,married,pontiac,sedan,20k_to_29k,gt_7y,2,all_perils,4.0,2,0,2_to_4,gt_30,gt_30,4_to_8y,0,0,0,1,1_to_2,0
8300,1995,26_to_30,0,married,chevrolet,sedan,20k_to_29k,4y,1,collision,4.0,3,0,none,gt_30,gt_30,no_change,1,0,0,0,none,0
8301,1995,over_65,0,married,honda,sport,20k_to_29k,gt_7y,1,liability,4.0,4,0,2_to_4,gt_30,gt_30,no_change,1,0,0,0,none,0
8302,1995,41_to_50,0,married,mazda,sport,20k_to_29k,gt_7y,1,liability,4.0,1,0,1,gt_30,gt_30,no_change,0,0,0,0,3_to_5,0
8304,1995,41_to_50,0,married,other,sedan,gt_69k,gt_7y,1,collision,4.0,2,0,2_to_4,gt_30,gt_30,no_change,1,0,0,0,gt_5,0
8309,1995,36_to_40,0,married,honda,sedan,30k_to_39k,gt_7y,1,collision,7.0,4,0,none,gt_30,gt_30,no_change,1,0,0,1,none,0
8310,1995,36_to_40,0,single,toyota,sport,20k_to_29k,7y,1,liability,4.0,1,0,none,gt_30,gt_30,no_change,1,0,0,0,none,0
8312,1995,31_to_35,0,single,pontiac,sedan,30k_to_39k,6y,1,collision,4.0,4,0,2_to_4,gt_30,gt_30,no_change,1,0,0,0,none,0
8313,1995,41_to_50,0,married,toyota,sedan,20k_to_29k,gt_7y,1,collision,4.0,3,0,2_to_4,gt_30,gt_30,no_change,1,0,0,0,none,0
8317,1995,31_to_35,0,single,mazda,sedan,20k_to_29k,6y,2,collision,4.0,4,0,2_to_4,gt_30,gt_30,4_to_8y,1,0,0,0,gt_5,0
8319,1995,36_to_40,0,married,toyota,sedan,20k_to_29k,gt_7y,1,all_perils,4.0,1,0,1,gt_30,gt_30,no_change,0,0,0,0,1_to_2,0
8320,1995,36_to_40,0,married,honda,sedan,20k_to_29k,7y,1,collision,4.0,3,0,1,gt_30,gt_30,no_change,1,0,0,0,none,0
8321,1995,41_to_50,0,married,pontiac,sedan,20k_to_29k,gt_7y,1,all_perils,4.0,1,0,gt_4,gt_30,gt_30,no_change,0,0,0,0,3_to_5,0
8323,1995,36_to_40,0,married,mazda,sedan,20k_to_29k,7y,1,collision,4.0,3,0,none,gt_30,gt_30,no_change,1,0,0,0,1_to_2,0
8325,1995,51_to_65,0,married,acura,sedan,30k_to_39k,gt_7y,1,all_perils,4.0,2,0,gt_4,gt_30,gt_30,no_change,1,0,0,0,1_to_2,0
8328,1995,36_to_40,0,married,pontiac,sedan,20k_to_29k,7y,1,all_perils,4.0,3,0,none,gt_30,gt_30,no_change,1,0,0,0,none,0
8330,1995,41_to_50,0,married,acura,utility,gt_69k,6y,1,all_perils,4.0,2,0,none,gt_30,gt_30,no_change,1,0,0,0,none,0
8331,1995,41_to_50,0,married,honda,sport,20k_to_29k,gt_7y,1,liability,4.0,2,0,1,gt_30,gt_30,no_change,0,0,0,0,none,0
8334,1995,41_to_50,1,married,toyota,sedan,30k_to_39k,6y,1,collision,4.0,2,0,2_to_4,gt_30,gt_30,no_change,0,0,0,0,3_to_5,0
8336,1995,over_65,0,married,other,sedan,60k_to_69k,gt_7y,1,all_perils,4.0,2,0,1,gt_30,gt_30,no_change,1,0,0,0,none,0
8340,1995,36_to_40,0,married,honda,sedan,20k_to_29k,gt_7y,1,collision,7.0,4,0,1,gt_30,gt_30,no_change,0,0,0,0,gt_5,0
8342,1995,36_to_40,1,married,pontiac,sedan,20k_to_29k,7y,1,collision,4.0,2,0,none,gt_30,gt_30,no_change,1,0,0,0,none,0
8343,1995,51_to_65,1,married,pontiac,sport,20k_to_29k,gt_7y,1,liability,4.0,1,0,gt_4,gt_30,gt_30,no_change,0,0,0,0,none,0
8345,1995,31_to_35,0,married,pontiac,sedan,20k_to_29k,7y,1,all_perils,4.0,2,0,1,gt_30,gt_30,no_change,1,0,0,0,none,0
8346,1995,26_to_30,1,single,honda,sport,20k_to_29k,6y,1,liability,4.0,2,0,2_to_4,gt_30,gt_30,no_change,1,0,0,0,1_to_2,0
8349,1995,over_65,0,married,other,sedan,20k_to_29k,gt_7y,1,all_perils,4.0,1,0,1,gt_30,gt_30,no_change,1,0,0,0,none,0
8352,1995,31_to_35,0,married,honda,sedan,20k_to_29k,5y,1,collision,4.0,2,0,gt_4,gt_30,gt_30,no_change,1,0,0,0,3_to_5,0
8354,1995,51_to_65,0,single,pontiac,sport,20k_to_29k,gt_7y,1,all_perils,4.0,2,0,2_to_4,gt_30,gt_30,no_change,1,0,0,0,gt_5,0
8355,1995,31_to_35,1,married,mazda,sport,20k_to_29k,7y,1,liability,4.0,1,0,2_to_4,gt_30,gt_30,no_change,1,0,0,0,none,0
8358,1995,36_to_40,0,married,mazda,sedan,30k_to_39k,7y,1,collision,4.0,3,0,none,gt_30,gt_30,no_change,1,0,0,0,none,0
8359,1995,41_to_50,0,married,toyota,sedan,20k_to_29k,gt_7y,2,collision,4.0,3,0,1,gt_30,gt_30,4_to_8y,0,0,0,0,1_to_2,0
8364,1995,41_to_50,0,married,pontiac,sedan,20k_to_29k,6y,1,collision,4.0,3,0,2_to_4,gt_30,gt_30,no_change,1,0,0,0,gt_5,0
8366,1995,51_to_65,0,married,pontiac,sedan,lt_20k,gt_7y,1,all_perils,4.0,3,0,none,gt_30,gt_30,no_change,1,0,0,0,none,0
8373,1995,36_to_40,0,married,chevrolet,sport,20k_to_29k,7y,1,liability,4.0,4,0,2_to_4,gt_30,gt_30,1y,1,0,0,0,none,0
8376,1995,36_to_40,0,married,toyota,sport,gt_69k,7y,1,liability,4.0,2,0,2_to_4,gt_30,gt_30,no_change,1,0,0,0,gt_5,0
8377,1995,36_to_40,0,single,toyota,sport,20k_to_29k,6y,1,liability,4.0,3,0,2_to_4,gt_30,gt_30,no_change,1,0,0,0,none,0
8380,1995,31_to_35,0,single,honda,sport,gt_69k,6y,2,collision,4.0,2,0,none,gt_30,gt_30,4_to_8y,0,0,0,0,gt_5,0
8384,1995,36_to_40,0,married,acura,sedan,gt_69k,7y,1,all_perils,4.0,2,0,1,gt_30,gt_30,no_change,0,0,0,0,none,0
8385,1995,36_to_40,0,married,chevrolet,sedan,gt_69k,7y,1,collision,4.0,4,0,none,gt_30,gt_30,no_change,0,0,0,0,3_to_5,0
8387,1995,31_to_35,0,single,toyota,sport,20k_to_29k,5y,1,liability,4.0,2,0,1,gt_30,gt_30,no_change,0,0,0,0,none,0
8390,1995,31_to_35,1,married,other,sport,20k_to_29k,6y,1,liability,4.0,2,0,2_to_4,gt_30,gt_30,no_change,1,0,0,0,none,0
8393,1995,51_to_65,0,married,pontiac,sedan,20k_to_29k,gt_7y,1,collision,4.0,2,0,none,gt_30,gt_30,no_change,1,0,0,0,none,0
8397,1995,36_to_40,0,married,pontiac,sedan,40k_to_59k,7y,1,collision,4.0,3,0,1,gt_30,gt_30,no_change,1,0,0,0,gt_5,0
8400,1995,51_to_65,0,married,pontiac,sedan,20k_to_29k,6y,1,collision,4.0,2,0,1,gt_30,gt_30,no_change,0,0,0,1,1_to_2,0
8401,1995,41_to_50,1,married,pontiac,sedan,20k_to_29k,gt_7y,2,all_perils,4.0,2,0,gt_4,gt_30,gt_30,4_to_8y,1,0,0,0,1_to_2,0
8402,1995,36_to_40,0,married,honda,sedan,20k_to_29k,7y,1,collision,7.0,1,1,1,gt_30,gt_30,no_change,0,0,0,0,gt_5,0
8403,1995,31_to_35,0,single,other,sedan,30k_to_39k,6y,1,collision,4.0,2,0,none,gt_30,gt_30,no_change,0,0,0,0,none,0
8405,1995,41_to_50,0,married,chevrolet,sedan,20k_to_29k,gt_7y,1,all_perils,4.0,3,0,1,gt_30,gt_30,no_change,0,1,0,0,3_to_5,0
8406,1995,31_to_35,0,married,honda,sedan,40k_to_59k,7y,3_to_4,collision,4.0,3,0,none,gt_30,gt_30,no_change,1,0,0,0,gt_5,0
8407,1995,51_to_65,0,single,toyota,sedan,20k_to_29k,gt_7y,1,all_perils,4.0,4,0,gt_4,gt_30,gt_30,no_change,1,0,0,0,gt_5,0
8410,1995,36_to_40,0,single,chevrolet,sport,20k_to_29k,7y,1,liability,4.0,4,0,2_to_4,gt_30,gt_30,no_change,1,0,0,0,gt_5,0
8414,1995,36_to_40,1,married,toyota,sedan,lt_20k,6y,1,all_perils,4.0,3,0,none,gt_30,gt_30,no_change,1,0,0,0,gt_5,0
8420,1995,41_to_50,0,married,honda,sedan,30k_to_39k,gt_7y,1,collision,4.0,1,0,gt_4,gt_30,gt_30,no_change,1,0,0,0,gt_5,0
8425,1995,31_to_35,0,married,toyota,sedan,20k_to_29k,6y,1,collision,4.0,4,0,1,gt_30,gt_30,no_change,0,0,0,0,none,0
8429,1995,41_to_50,0,married,toyota,sport,30k_to_39k,gt_7y,1,liability,4.0,2,0,gt_4,gt_30,gt_30,no_change,1,0,0,0,gt_5,0
8430,1995,36_to_40,0,married,toyota,sport,gt_69k,6y,1,liability,4.0,4,0,1,gt_30,gt_30,no_change,1,1,0,0,1_to_2,0
8437,1995,41_to_50,0,married,chevrolet,sedan,20k_to_29k,7y,1,collision,4.0,3,0,2_to_4,gt_30,gt_30,no_change,1,0,0,0,none,0
8439,1995,36_to_40,0,married,mazda,sport,gt_69k,6y,1,liability,4.0,2,0,gt_4,gt_30,gt_30,no_change,1,0,0,0,gt_5,0
8440,1995,36_to_40,0,married,honda,sport,30k_to_39k,7y,1,liability,4.0,4,0,2_to_4,gt_30,gt_30,no_change,1,0,0,0,none,0
8449,1995,36_to_40,0,married,mazda,sport,30k_to_39k,7y,1,liability,4.0,3,0,1,gt_30,gt_30,no_change,1,0,0,0,gt_5,0
8450,1995,31_to_35,0,married,mazda,sedan,20k_to_29k,6y,1,collision,4.0,2,0,none,gt_30,gt_30,no_change,1,0,0,0,1_to_2,0
8451,1995,41_to_50,0,married,honda,sport,gt_69k,6y,1,collision,4.0,4,0,none,gt_30,gt_30,no_change,1,0,0,0,none,0
8452,1995,31_to_35,0,married,chevrolet,sedan,30k_to_39k,6y,1,collision,4.0,1,0,2_to_4,gt_30,gt_30,no_change,0,0,0,0,1_to_2,0
8455,1995,36_to_40,0,married,mazda,sedan,30k_to_39k,7y,1,collision,4.0,1,0,1,gt_30,gt_30,no_change,1,0,0,0,none,0
8456,1995,over_65,0,married,toyota,sedan,20k_to_29k,gt_7y,1,collision,4.0,3,0,none,gt_30,gt_30,no_change,1,0,0,0,3_to_5,0
8457,1995,over_65,0,married,toyota,sedan,30k_to_39k,gt_7y,1,all_perils,4.0,1,0,gt_4,gt_30,gt_30,no_change,1,0,0,0,gt_5,0
8458,1995,36_to_40,0,married,chevrolet,sport,20k_to_29k,gt_7y,1,liability,4.0,4,0,2_to_4,gt_30,gt_30,no_change,1,0,0,0,none,0
8459,1995,51_to_65,0,single,pontiac,sedan,30k_to_39k,gt_7y,1,collision,4.0,3,0,gt_4,gt_30,gt_30,no_change,1,0,0,0,3_to_5,1
8460,1995,over_65,0,married,toyota,sport,20k_to_29k,gt_7y,1,liability,4.0,1,0,gt_4,gt_30,gt_30,no_change,0,0,0,0,3_to_5,0
8463,1995,36_to_40,1,married,mazda,sedan,20k_to_29k,7y,1,collision,4.0,3,0,1,gt_30,gt_30,no_change,0,0,0,0,gt_5,0
8466,1995,31_to_35,1,married,pontiac,sedan,lt_20k,6y,1,all_perils,4.0,3,0,1,gt_30,gt_30,no_change,1,0,0,0,gt_5,1
8467,1995,51_to_65,0,married,ford,sedan,40k_to_59k,gt_7y,1,collision,5.0,2,0,1,gt_30,gt_30,2_to_3y,1,0,0,0,3_to_5,0
8468,1995,16_to_17,0,single,honda,sport,gt_69k,new,1,liability,4.0,4,0,1,gt_30,gt_30,no_change,1,0,0,0,none,0
8471,1995,31_to_35,0,married,acura,sport,gt_69k,7y,1,liability,4.0,1,0,gt_4,gt_30,gt_30,no_change,0,0,0,0,3_to_5,0
8472,1995,36_to_40,0,married,toyota,sedan,20k_to_29k,7y,1,collision,4.0,1,0,2_to_4,gt_30,gt_30,no_change,1,0,0,0,gt_5,0
8473,1995,31_to_35,0,married,chevrolet,sedan,20k_to_29k,6y,1,all_perils,4.0,1,0,none,gt_30,gt_30,no_change,1,0,0,0,none,0
8474,1995,31_to_35,0,married,mazda,sedan,30k_to_39k,7y,1,collision,4.0,4,0,none,gt_30,gt_30,no_change,1,0,0,0,none,0
8484,1995,31_to_35,0,single,toyota,sedan,20k_to_29k,6y,1,all_perils,4.0,3,0,2_to_4,gt_30,gt_30,no_change,0,0,0,0,none,0
8486,1995,over_65,0,married,honda,sedan,20k_to_29k,gt_7y,1,all_perils,4.0,4,0,none,gt_30,gt_30,no_change,0,0,0,0,1_to_2,0
8488,1995,36_to_40,0,married,pontiac,sedan,20k_to_29k,7y,3_to_4,all_perils,4.0,4,0,none,gt_30,gt_30,no_change,1,0,0,0,none,0
8490,1995,31_to_35,0,single,mazda,sport,gt_69k,6y,1,collision,4.0,1,0,1,gt_30,gt_30,no_change,1,0,0,0,3_to_5,0
8492,1995,31_to_35,0,single,pontiac,sedan,20k_to_29k,6y,1,collision,4.0,1,0,2_to_4,gt_30,gt_30,no_change,1,1,0,0,3_to_5,0
8496,1995,51_to_65,0,married,pontiac,sedan,lt_20k,6y,1,all_perils,4.0,2,0,1,gt_30,gt_30,no_change,1,1,0,0,none,1
8500,1995,16_to_17,0,single,honda,sport,gt_69k,new,1,liability,4.0,3,0,1,gt_30,gt_30,no_change,1,1,0,0,none,0
8507,1995,31_to_35,1,single,mazda,sedan,20k_to_29k,6y,1,collision,4.0,2,0,2_to_4,gt_30,gt_30,no_change,0,0,0,0,gt_5,0
8510,1995,31_to_35,1,single,other,sedan,40k_to_59k,7y,1,collision,4.0,3,0,1,gt_30,gt_30,no_change,1,0,0,0,none,0
8512,1995,41_to_50,0,married,honda,sport,gt_69k,gt_7y,1,collision,4.0,3,0,none,gt_30,gt_30,no_change,1,0,0,0,none,1
8513,1995,41_to_50,0,married,honda,sport,20k_to_29k,7y,1,liability,4.0,1,0,2_to_4,gt_30,gt_30,no_change,1,0,0,0,none,0
8518,1995,36_to_40,0,married,chevrolet,sedan,30k_to_39k,7y,1,collision,5.0,1,0,1,15_to_30,gt_30,2_to_3y,1,0,0,0,1_to_2,0
8519,1995,36_to_40,0,married,pontiac,sedan,30k_to_39k,gt_7y,1,collision,4.0,3,0,none,gt_30,gt_30,no_change,1,0,0,0,3_to_5,0
8521,1995,41_to_50,0,married,mazda,sedan,30k_to_39k,gt_7y,1,collision,4.0,1,0,gt_4,gt_30,gt_30,no_change,1,0,0,1,gt_5,1
8522,1995,31_to_35,1,married,mazda,sport,20k_to_29k,7y,1,liability,4.0,1,0,gt_4,gt_30,gt_30,no_change,1,0,0,1,none,1
8523,1995,36_to_40,0,married,pontiac,sport,20k_to_29k,7y,1,liability,4.0,3,0,gt_4,gt_30,gt_30,no_change,1,0,0,0,1_to_2,0
8526,1995,41_to_50,0,married,pontiac,sedan,20k_to_29k,5y,1,collision,4.0,2,0,none,gt_30,gt_30,no_change,1,0,0,0,gt_5,0
8527,1995,31_to_35,0,married,honda,sedan,lt_20k,7y,2,all_perils,4.0,1,0,2_to_4,gt_30,gt_30,4_to_8y,1,0,0,0,none,0
8529,1995,36_to_40,0,married,toyota,sedan,30k_to_39k,7y,3_to_4,collision,4.0,3,0,2_to_4,gt_30,gt_30,no_change,0,0,0,0,gt_5,0
8531,1995,31_to_35,0,single,toyota,sport,20k_to_29k,7y,1,liability,4.0,1,0,gt_4,gt_30,gt_30,no_change,1,0,0,0,none,0
8533,1995,36_to_40,0,single,pontiac,sedan,30k_to_39k,7y,1,all_perils,4.0,4,0,none,gt_30,gt_30,no_change,0,0,0,0,none,0
8538,1995,26_to_30,1,single,honda,sport,20k_to_29k,5y,1,liability,4.0,2,0,2_to_4,gt_30,gt_30,no_change,1,0,0,0,gt_5,0
8540,1995,31_to_35,0,married,mazda,sedan,30k_to_39k,7y,1,collision,4.0,2,0,none,gt_30,gt_30,no_change,1,0,0,0,3_to_5,0
8543,1995,36_to_40,0,single,acura,utility,gt_69k,7y,1,all_perils,4.0,3,0,none,gt_30,gt_30,no_change,1,0,0,0,none,0
8544,1995,36_to_40,0,married,honda,sport,20k_to_29k,7y,1,liability,4.0,1,0,none,gt_30,gt_30,no_change,1,0,0,0,1_to_2,0
8547,1995,51_to_65,0,married,toyota,sport,30k_to_39k,gt_7y,1,liability,4.0,1,0,gt_4,gt_30,gt_30,no_change,1,0,0,0,gt_5,0
8548,1995,51_to_65,0,married,ford,sedan,40k_to_59k,gt_7y,2,all_perils,4.0,4,0,gt_4,gt_30,gt_30,4_to_8y,0,0,0,0,none,0
8551,1995,31_to_35,1,married,mazda,sedan,lt_20k,6y,1,all_perils,4.0,2,0,none,gt_30,gt_30,no_change,1,0,0,0,1_to_2,0
8552,1995,36_to_40,0,married,mazda,sport,30k_to_39k,gt_7y,1,liability,4.0,3,0,gt_4,gt_30,gt_30,no_change,1,0,0,0,none,0
8561,1995,26_to_30,1,married,mazda,sedan,lt_20k,4y,1,all_perils,4.0,4,0,none,8_to_15,15_to_30,no_change,1,0,0,0,none,0
8562,1995,31_to_35,1,married,pontiac,sedan,20k_to_29k,6y,1,collision,4.0,4,0,none,gt_30,gt_30,no_change,0,0,0,0,gt_5,0
8563,1995,36_to_40,1,married,honda,sedan,gt_69k,7y,1,collision,4.0,1,0,2_to_4,gt_30,gt_30,no_change,1,0,0,0,gt_5,0
8569,1995,51_to_65,0,married,toyota,sedan,30k_to_39k,gt_7y,2,collision,5.0,1,0,1,gt_30,gt_30,2_to_3y,0,0,0,0,none,0
8571,1995,36_to_40,0,married,mazda,sedan,30k_to_39k,6y,1,all_perils,4.0,4,0,2_to_4,gt_30,gt_30,no_change,1,1,0,0,none,0
8578,1995,36_to_40,1,married,mazda,sport,20k_to_29k,5y,1,liability,4.0,4,0,2_to_4,gt_30,gt_30,no_change,1,0,0,0,3_to_5,0
8580,1995,41_to_50,0,married,toyota,sedan,20k_to_29k,gt_7y,1,collision,4.0,2,0,2_to_4,gt_30,gt_30,no_change,1,0,0,0,none,0
8581,1995,31_to_35,1,single,pontiac,sedan,20k_to_29k,7y,1,collision,4.0,2,0,1,gt_30,gt_30,no_change,1,0,0,0,none,0
8582,1995,31_to_35,0,married,chevrolet,sport,30k_to_39k,7y,1,liability,4.0,3,0,2_to_4,gt_30,gt_30,no_change,0,0,0,0,none,0
8585,1995,31_to_35,0,single,toyota,sedan,20k_to_29k,6y,1,collision,4.0,4,0,1,gt_30,gt_30,no_change,0,0,0,0,none,0
8587,1995,36_to_40,0,married,chevrolet,utility,gt_69k,6y,1,all_perils,4.0,4,0,2_to_4,gt_30,gt_30,no_change,1,0,0,0,none,0
8589,1995,36_to_40,0,married,pontiac,sedan,lt_20k,6y,1,collision,4.0,1,0,none,gt_30,gt_30,no_change,1,1,0,0,1_to_2,0
8603,1995,36_to_40,0,married,pontiac,sedan,20k_to_29k,gt_7y,1,all_perils,4.0,4,0,2_to_4,gt_30,gt_30,no_change,1,0,0,0,none,0
8606,1995,31_to_35,1,married,mazda,sport,20k_to_29k,6y,1,liability,4.0,3,0,gt_4,gt_30,gt_30,no_change,1,0,0,0,1_to_2,0
8608,1995,31_to_35,0,married,mazda,sedan,20k_to_29k,6y,1,all_perils,4.0,4,0,2_to_4,gt_30,gt_30,no_change,1,0,0,0,none,0
8610,1995,41_to_50,0,single,pontiac,sedan,20k_to_29k,gt_7y,1,all_perils,4.0,2,0,1,gt_30,gt_30,no_change,1,0,0,0,gt_5,0
8614,1995,41_to_50,0,married,honda,sedan,20k_to_29k,gt_7y,1,collision,4.0,2,0,none,gt_30,gt_30,no_change,1,0,0,0,none,1
8617,1995,36_to_40,0,married,pontiac,sport,20k_to_29k,gt_7y,1,liability,4.0,1,0,2_to_4,gt_30,gt_30,no_change,1,0,0,0,none,0
8622,1995,31_to_35,1,married,pontiac,sedan,30k_to_39k,5y,1,collision,4.0,2,0,2_to_4,gt_30,gt_30,no_change,1,0,0,0,none,0
8626,1995,36_to_40,0,married,honda,sport,gt_69k,new,1,liability,4.0,4,0,2_to_4,gt_30,gt_30,no_change,1,0,0,0,none,0
8628,1995,41_to_50,1,married,honda,sedan,lt_20k,7y,1,collision,4.0,3,0,none,gt_30,gt_30,no_change,1,0,0,0,1_to_2,0
8631,1995,36_to_40,0,single,pontiac,sedan,20k_to_29k,7y,1,collision,4.0,2,0,none,gt_30,gt_30,no_change,1,0,0,1,none,0
8632,1995,over_65,0,married,chevrolet,sedan,30k_to_39k,gt_7y,2,collision,4.0,3,0,none,gt_30,gt_30,4_to_8y,1,0,0,0,gt_5,0
8634,1995,31_to_35,1,married,mazda,sedan,30k_to_39k,7y,1,collision,4.0,1,0,2_to_4,gt_30,gt_30,no_change,1,0,0,0,gt_5,0
8638,1995,18_to_20,0,single,honda,sport,gt_69k,2y,1,collision,4.0,3,0,none,gt_30,gt_30,no_change,1,0,0,0,gt_5,0
8641,1995,31_to_35,0,single,other,sport,30k_to_39k,7y,1,liability,4.0,1,0,gt_4,gt_30,gt_30,no_change,1,0,0,0,gt_5,0
8642,1995,41_to_50,0,married,pontiac,sedan,20k_to_29k,7y,1,collision,4.0,3,0,gt_4,gt_30,gt_30,no_change,1,0,0,0,gt_5,0
8644,1995,36_to_40,0,married,pontiac,sedan,20k_to_29k,7y,1,all_perils,4.0,4,0,none,gt_30,gt_30,no_change,1,0,0,0,1_to_2,0
8646,1995,41_to_50,0,married,pontiac,sedan,20k_to_29k,7y,1,collision,4.0,1,0,2_to_4,gt_30,gt_30,1y,0,0,0,0,gt_5,0
8647,1995,41_to_50,0,married,other,sedan,gt_69k,gt_7y,1,all_perils,4.0,1,0,none,gt_30,gt_30,no_change,0,1,0,0,1_to_2,0
8651,1995,36_to_40,1,married,chevrolet,sport,30k_to_39k,7y,1,liability,4.0,2,0,2_to_4,gt_30,gt_30,no_change,1,0,0,0,none,0
8656,1995,36_to_40,0,married,chevrolet,sedan,gt_69k,gt_7y,1,all_perils,4.0,2,0,2_to_4,gt_30,gt_30,no_change,1,1,0,0,gt_5,0
8657,1995,41_to_50,0,married,toyota,sedan,20k_to_29k,gt_7y,1,all_perils,4.0,4,0,none,gt_30,gt_30,no_change,1,0,0,0,gt_5,0
8659,1995,36_to_40,0,married,toyota,sedan,20k_to_29k,7y,1,collision,4.0,1,0,2_to_4,gt_30,gt_30,no_change,1,0,0,1,gt_5,0
8663,1995,51_to_65,0,married,chevrolet,sedan,gt_69k,gt_7y,5_to_8,all_perils,4.0,4,0,none,gt_30,gt_30,no_change,0,1,0,0,gt_5,0
8665,1995,41_to_50,0,married,toyota,sport,20k_to_29k,gt_7y,1,liability,4.0,1,0,gt_4,gt_30,gt_30,no_change,1,0,0,0,3_to_5,0
8677,1995,36_to_40,0,married,chevrolet,sedan,20k_to_29k,7y,1,collision,4.0,2,0,none,gt_30,gt_30,no_change,1,0,0,0,none,0
8686,1995,31_to_35,0,married,toyota,sedan,20k_to_29k,6y,1,collision,4.0,3,0,1,gt_30,gt_30,no_change,0,0,0,0,none,0
8691,1995,31_to_35,1,single,mazda,sedan,20k_to_29k,6y,1,collision,4.0,3,0,1,gt_30,gt_30,no_change,0,0,0,0,1_to_2,0
8692,1995,36_to_40,0,single,acura,utility,gt_69k,7y,1,all_perils,4.0,1,0,none,gt_30,gt_30,no_change,1,0,0,0,none,1
8693,1995,36_to_40,0,married,pontiac,sedan,lt_20k,gt_7y,3_to_4,all_perils,4.0,3,0,none,gt_30,gt_30,no_change,1,0,0,0,1_to_2,0
8695,1995,31_to_35,0,married,chevrolet,sport,30k_to_39k,6y,2,liability,4.0,3,0,2_to_4,gt_30,gt_30,4_to_8y,1,0,0,0,none,0
8697,1995,31_to_35,0,married,chevrolet,utility,gt_69k,7y,1,liability,4.0,1,0,2_to_4,gt_30,gt_30,no_change,1,0,0,0,3_to_5,0
8700,1995,16_to_17,0,single,honda,sedan,gt_69k,new,1,collision,4.0,2,0,none,gt_30,gt_30,no_change,1,1,0,0,none,0
8703,1995,31_to_35,0,married,pontiac,sedan,20k_to_29k,7y,1,all_perils,4.0,1,0,none,gt_30,gt_30,no_change,1,0,0,0,none,1
8705,1995,41_to_50,0,married,honda,sedan,20k_to_29k,7y,1,all_perils,4.0,3,0,1,gt_30,gt_30,no_change,0,0,0,0,none,0
8709,1995,41_to_50,0,married,pontiac,sedan,20k_to_29k,gt_7y,1,all_perils,4.0,4,0,none,gt_30,gt_30,no_change,1,0,0,0,none,0
8713,1995,31_to_35,0,single,pontiac,sport,30k_to_39k,7y,1,liability,4.0,2,0,2_to_4,gt_30,gt_30,no_change,1,0,0,0,none,0
8714,1995,31_to_35,0,married,toyota,sedan,20k_to_29k,6y,1,all_perils,4.0,2,0,1,gt_30,gt_30,no_change,1,0,0,0,3_to_5,0
8718,1995,36_to_40,0,single,other,sport,gt_69k,gt_7y,1,liability,4.0,1,0,2_to_4,gt_30,gt_30,no_change,1,0,0,0,none,0
8719,1995,31_to_35,0,single,other,sport,30k_to_39k,6y,1,liability,4.0,4,0,2_to_4,gt_30,gt_30,no_change,1,0,0,0,gt_5,0
8721,1995,over_65,0,married,chevrolet,sport,60k_to_69k,gt_7y,1,liability,4.0,3,1,2_to_4,gt_30,gt_30,no_change,0,0,0,0,gt_5,0
8722,1995,51_to_65,0,single,pontiac,utility,40k_to_59k,gt_7y,1,all_perils,5.0,3,0,2_to_4,gt_30,gt_30,2_to_3y,1,0,0,0,none,0
8724,1995,41_to_50,0,married,honda,sedan,40k_to_59k,gt_7y,1,collision,4.0,2,0,1,gt_30,gt_30,no_change,1,0,0,0,none,0
8731,1995,51_to_65,0,married,honda,sedan,20k_to_29k,gt_7y,1,collision,4.0,4,0,2_to_4,gt_30,gt_30,no_change,1,0,0,0,none,0
8733,1995,16_to_17,0,single,honda,sport,gt_69k,new,1,liability,4.0,1,0,2_to_4,gt_30,gt_30,no_change,1,0,0,0,none,0
8734,1995,36_to_40,0,married,toyota,sedan,gt_69k,7y,5_to_8,all_perils,4.0,1,0,1,gt_30,gt_30,no_change,1,0,0,0,none,0
8737,1995,31_to_35,0,single,pontiac,sedan,30k_to_39k,7y,2,all_perils,4.0,3,0,none,gt_30,gt_30,1y,1,0,0,0,none,0
8738,1995,41_to_50,0,married,chevrolet,sport,30k_to_39k,gt_7y,1,liability,4.0,2,0,2_to_4,gt_30,gt_30,no_change,1,0,0,0,gt_5,0
8741,1995,26_to_30,0,single,pontiac,sedan,lt_20k,5y,1,all_perils,4.0,2,0,none,gt_30,gt_30,no_change,1,0,0,0,none,0
8743,1995,41_to_50,0,married,toyota,sedan,20k_to_29k,gt_7y,1,collision,7.0,1,0,none,gt_30,gt_30,no_change,1,0,0,0,3_to_5,0
8749,1995,36_to_40,0,married,mazda,sedan,gt_69k,6y,1,collision,4.0,4,0,2_to_4,gt_30,gt_30,no_change,0,0,0,0,gt_5,0
8755,1995,31_to_35,0,married,toyota,sedan,gt_69k,7y,1,all_perils,4.0,1,0,2_to_4,gt_30,gt_30,no_change,0,0,0,0,none,0
8757,1995,31_to_35,0,single,toyota,sedan,20k_to_29k,6y,1,all_perils,4.0,3,0,none,gt_30,gt_30,no_change,1,0,0,0,none,0
8760,1995,51_to_65,0,married,pontiac,sedan,30k_to_39k,gt_7y,1,collision,4.0,3,0,1,gt_30,gt_30,no_change,1,0,0,0,3_to_5,0
8762,1995,31_to_35,1,married,mazda,sport,20k_to_29k,6y,1,liability,4.0,4,0,none,gt_30,gt_30,no_change,1,1,0,0,3_to_5,0
8768,1995,31_to_35,1,single,toyota,sedan,lt_20k,5y,1,all_perils,4.0,4,0,none,gt_30,gt_30,no_change,1,0,0,0,none,0
8771,1995,31_to_35,0,married,other,sport,30k_to_39k,6y,1,liability,4.0,4,0,2_to_4,gt_30,gt_30,no_change,1,0,0,0,1_to_2,0
8773,1995,41_to_50,0,married,toyota,sport,30k_to_39k,gt_7y,1,liability,5.0,4,0,gt_4,gt_30,gt_30,2_to_3y,1,0,0,0,gt_5,0
8774,1995,26_to_30,0,single,chevrolet,sedan,20k_to_29k,5y,1,collision,4.0,3,0,1,gt_30,gt_30,no_change,1,1,0,0,none,0
8777,1995,36_to_40,1,married,toyota,sedan,30k_to_39k,7y,1,collision,4.0,2,0,2_to_4,gt_30,gt_30,no_change,1,0,0,0,gt_5,0
8780,1995,36_to_40,0,married,pontiac,sedan,20k_to_29k,7y,1,all_perils,4.0,2,0,none,gt_30,gt_30,no_change,1,1,0,0,gt_5,0
8781,1995,31_to_35,1,married,mazda,sedan,20k_to_29k,7y,1,all_perils,4.0,4,0,none,gt_30,gt_30,no_change,1,0,0,0,none,0
8786,1995,31_to_35,1,single,toyota,sedan,20k_to_29k,2y,1,collision,4.0,2,0,2_to_4,gt_30,gt_30,no_change,0,0,1,0,none,0
8789,1995,41_to_50,1,married,pontiac,sport,30k_to_39k,gt_7y,1,liability,4.0,1,0,2_to_4,gt_30,gt_30,no_change,1,0,0,0,1_to_2,0
8791,1995,41_to_50,1,married,pontiac,sedan,20k_to_29k,gt_7y,1,collision,4.0,4,0,2_to_4,gt_30,gt_30,no_change,1,0,0,0,1_to_2,0
8798,1995,41_to_50,0,single,pontiac,sedan,20k_to_29k,gt_7y,1,collision,4.0,2,0,none,gt_30,gt_30,no_change,0,0,0,0,gt_5,0
8803,1995,16_to_17,0,single,honda,sport,gt_69k,new,1,liability,4.0,1,0,2_to_4,gt_30,gt_30,no_change,1,0,0,0,none,0
8808,1995,41_to_50,0,married,pontiac,sedan,lt_20k,gt_7y,1,all_perils,4.0,3,0,none,gt_30,gt_30,no_change,0,0,0,0,gt_5,0
8811,1995,31_to_35,0,married,toyota,sedan,20k_to_29k,6y,1,all_perils,4.0,3,0,1,gt_30,gt_30,no_change,0,0,0,0,none,0
8817,1995,31_to_35,0,married,mazda,sedan,gt_69k,7y,1,collision,4.0,2,0,2_to_4,gt_30,gt_30,no_change,0,0,0,0,none,0
8818,1995,26_to_30,0,single,pontiac,sedan,20k_to_29k,5y,1,collision,4.0,2,0,1,gt_30,gt_30,no_change,0,1,0,0,none,0
8821,1995,36_to_40,0,married,mazda,sedan,20k_to_29k,6y,2,all_perils,4.0,3,0,none,gt_30,gt_30,4_to_8y,0,0,0,0,gt_5,0
8823,1995,31_to_35,0,married,mazda,sport,20k_to_29k,7y,1,liability,4.0,3,0,2_to_4,gt_30,gt_30,no_change,1,0,0,0,1_to_2,0
8825,1995,36_to_40,0,married,pontiac,sport,20k_to_29k,gt_7y,1,liability,4.0,2,0,gt_4,gt_30,gt_30,no_change,1,0,0,0,1_to_2,0
8828,1995,26_to_30,0,single,toyota,sedan,20k_to_29k,4y,1,all_perils,4.0,4,0,2_to_4,gt_30,gt_30,1y,1,0,0,0,gt_5,0
8832,1995,41_to_50,0,married,pontiac,sport,20k_to_29k,7y,1,liability,4.0,4,0,none,gt_30,gt_30,no_change,1,0,0,0,none,0
8833,1995,26_to_30,0,single,chevrolet,sedan,20k_to_29k,5y,1,collision,4.0,3,0,1,gt_30,gt_30,no_change,1,0,0,0,none,0
8836,1995,36_to_40,0,married,honda,sedan,30k_to_39k,7y,1,collision,7.0,4,0,2_to_4,gt_30,gt_30,no_change,0,1,0,0,gt_5,0
8837,1995,41_to_50,1,married,toyota,sport,20k_to_29k,gt_7y,1,liability,4.0,1,0,2_to_4,gt_30,gt_30,no_change,1,0,0,0,none,0
8838,1995,31_to_35,1,single,other,sport,60k_to_69k,6y,1,liability,4.0,1,0,gt_4,gt_30,gt_30,no_change,1,0,0,0,none,0
8842,1995,41_to_50,0,married,toyota,sedan,lt_20k,6y,2,all_perils,4.0,2,0,none,gt_30,gt_30,4_to_8y,0,0,0,0,none,0
8843,1995,41_to_50,0,married,pontiac,sedan,lt_20k,gt_7y,1,all_perils,4.0,2,0,none,gt_30,gt_30,no_change,1,0,0,0,none,0
8844,1995,41_to_50,0,married,toyota,sedan,lt_20k,gt_7y,1,all_perils,4.0,4,0,none,gt_30,gt_30,no_change,1,0,0,0,none,0
8848,1995,31_to_35,0,single,other,sport,30k_to_39k,6y,1,liability,4.0,1,0,gt_4,gt_30,gt_30,no_change,0,0,0,0,gt_5,0
8851,1995,over_65,1,single,toyota,sedan,lt_20k,gt_7y,1,all_perils,4.0,3,0,none,gt_30,gt_30,no_change,0,0,0,0,1_to_2,0
8852,1995,36_to_40,0,married,honda,sedan,30k_to_39k,7y,1,all_perils,4.0,2,0,2_to_4,gt_30,gt_30,no_change,0,0,0,0,none,0
8857,1995,51_to_65,0,married,pontiac,sedan,30k_to_39k,6y,3_to_4,collision,4.0,1,0,none,gt_30,gt_30,no_change,1,0,0,0,none,0
8859,1995,41_to_50,0,married,chevrolet,sport,20k_to_29k,7y,1,liability,4.0,4,0,2_to_4,gt_30,gt_30,no_change,1,0,0,0,3_to_5,0
8861,1995,41_to_50,0,married,chevrolet,sport,20k_to_29k,gt_7y,1,liability,4.0,4,0,gt_4,gt_30,gt_30,no_change,1,0,0,0,gt_5,0
8862,1995,31_to_35,0,single,pontiac,sedan,20k_to_29k,6y,1,all_perils,4.0,4,0,none,gt_30,gt_30,no_change,1,0,0,0,1_to_2,0
8863,1995,36_to_40,1,married,pontiac,sedan,30k_to_39k,7y,2,collision,4.0,4,0,none,none,15_to_30,4_to_8y,0,0,0,0,none,0
8867,1995,31_to_35,0,married,mazda,sport,20k_to_29k,6y,1,liability,4.0,3,0,2_to_4,gt_30,gt_30,no_change,1,0,0,0,gt_5,0
8869,1995,21_to_25,0,single,other,sport,gt_69k,3y,1,liability,4.0,1,0,2_to_4,gt_30,gt_30,no_change,1,0,0,0,3_to_5,0
8870,1995,41_to_50,0,single,toyota,sedan,20k_to_29k,7y,1,all_perils,4.0,1,0,2_to_4,gt_30,gt_30,no_change,1,0,0,1,3_to_5,0
8871,1995,36_to_40,0,married,pontiac,sport,30k_to_39k,7y,1,liability,4.0,2,0,gt_4,gt_30,gt_30,no_change,1,0,0,0,1_to_2,0
8873,1995,36_to_40,0,married,honda,sedan,20k_to_29k,7y,1,collision,4.0,2,0,2_to_4,gt_30,gt_30,no_change,1,0,0,0,none,0
8876,1995,41_to_50,0,married,honda,sport,gt_69k,gt_7y,1,collision,4.0,4,0,none,gt_30,gt_30,no_change,1,0,0,0,none,1
8877,1995,21_to_25,1,single,honda,sedan,20k_to_29k,2y,1,collision,4.0,3,0,none,gt_30,gt_30,no_change,1,0,0,1,none,0
8879,1995,36_to_40,0,married,honda,sedan,20k_to_29k,7y,1,collision,4.0,2,0,2_to_4,gt_30,gt_30,no_change,1,0,0,0,3_to_5,0
8881,1995,31_to_35,0,single,honda,sedan,20k_to_29k,7y,1,collision,4.0,2,0,2_to_4,gt_30,gt_30,no_change,0,0,0,0,none,0
8885,1995,41_to_50,0,single,chevrolet,sport,gt_69k,gt_7y,1,liability,4.0,2,0,1,gt_30,gt_30,no_change,1,0,0,0,gt_5,0
8888,1995,41_to_50,0,married,acura,sedan,30k_to_39k,7y,1,all_perils,4.0,2,0,1,gt_30,gt_30,no_change,0,0,0,0,none,0
8891,1995,41_to_50,0,married,pontiac,sedan,30k_to_39k,7y,1,collision,4.0,3,0,2_to_4,gt_30,gt_30,no_change,0,0,0,0,none,0
8892,1995,36_to_40,0,married,honda,sport,20k_to_29k,7y,1,liability,4.0,4,0,1,gt_30,gt_30,no_change,1,1,0,0,gt_5,0
8893,1995,16_to_17,0,single,honda,sport,gt_69k,new,1,liability,4.0,1,0,none,gt_30,gt_30,no_change,1,1,0,0,none,0
8894,1995,31_to_35,0,married,pontiac,sedan,30k_to_39k,6y,1,collision,4.0,1,0,2_to_4,gt_30,gt_30,no_change,1,0,0,0,gt_5,0
8898,1995,31_to_35,0,married,toyota,sedan,20k_to_29k,6y,3_to_4,collision,4.0,1,0,2_to_4,gt_30,gt_30,no_change,1,0,0,0,none,0
8899,1995,26_to_30,0,single,mazda,sport,20k_to_29k,5y,1,liability,4.0,4,0,none,gt_30,gt_30,no_change,1,0,0,0,none,0
8901,1995,36_to_40,0,married,honda,sport,30k_to_39k,7y,1,liability,4.0,1,0,2_to_4,gt_30,gt_30,no_change,1,0,0,0,gt_5,0
8902,1995,51_to_65,0,married,pontiac,sedan,30k_to_39k,gt_7y,1,all_perils,4.0,2,0,1,gt_30,gt_30,no_change,0,0,0,0,none,0
8905,1995,31_to_35,0,married,toyota,sedan,20k_to_29k,5y,2,collision,4.0,2,0,none,gt_30,gt_30,4_to_8y,1,0,0,0,3_to_5,0
8906,1995,36_to_40,0,married,chevrolet,sedan,20k_to_29k,6y,1,all_perils,4.0,3,0,1,gt_30,gt_30,no_change,0,0,0,0,gt_5,0
8909,1995,41_to_50,0,married,pontiac,sedan,gt_69k,7y,1,collision,4.0,4,0,1,gt_30,gt_30,no_change,1,0,0,0,1_to_2,0
8910,1995,31_to_35,0,single,mazda,sport,20k_to_29k,6y,1,liability,4.0,4,0,2_to_4,gt_30,gt_30,no_change,1,0,0,0,none,0
8911,1995,31_to_35,0,single,toyota,sedan,20k_to_29k,6y,1,collision,4.0,2,0,2_to_4,gt_30,gt_30,no_change,1,1,0,0,gt_5,0
8920,1995,31_to_35,0,married,pontiac,sport,20k_to_29k,6y,1,liability,4.0,4,1,2_to_4,gt_30,gt_30,no_change,1,0,0,0,3_to_5,0
8922,1995,36_to_40,0,single,toyota,sedan,lt_20k,7y,1,all_perils,4.0,4,0,1,gt_30,gt_30,no_change,1,0,0,0,gt_5,0
8925,1995,31_to_35,0,married,pontiac,sedan,20k_to_29k,6y,1,collision,4.0,1,0,2_to_4,gt_30,gt_30,no_change,1,0,0,0,none,0
8929,1995,31_to_35,1,single,ford,sedan,30k_to_39k,6y,1,collision,4.0,1,0,none,gt_30,gt_30,no_change,1,0,0,0,none,0
8931,1995,31_to_35,0,married,honda,sport,gt_69k,7y,1,collision,4.0,3,0,none,gt_30,gt_30,no_change,1,0,0,0,gt_5,0
8932,1995,41_to_50,1,married,mazda,sedan,gt_69k,gt_7y,1,collision,4.0,1,0,1,gt_30,gt_30,no_change,1,0,0,0,gt_5,0
8936,1995,31_to_35,0,single,mazda,sedan,20k_to_29k,5y,1,collision,4.0,1,0,2_to_4,gt_30,gt_30,no_change,1,0,0,0,none,0
8938,1995,41_to_50,0,married,acura,utility,gt_69k,gt_7y,1,all_perils,4.0,4,0,none,gt_30,gt_30,no_change,1,0,0,0,1_to_2,0
8939,1995,31_to_35,0,married,toyota,sedan,20k_to_29k,6y,3_to_4,collision,4.0,3,0,none,gt_30,gt_30,no_change,0,0,0,0,none,0
8940,1995,31_to_35,0,single,pontiac,sedan,30k_to_39k,7y,1,collision,4.0,1,0,2_to_4,gt_30,gt_30,no_change,1,0,0,0,gt_5,0
8941,1995,31_to_35,1,single,honda,sport,20k_to_29k,6y,1,liability,4.0,4,0,gt_4,gt_30,gt_30,no_change,1,0,0,0,1_to_2,0
8943,1995,31_to_35,0,married,chevrolet,utility,gt_69k,7y,1,all_perils,4.0,2,0,2_to_4,gt_30,gt_30,no_change,1,0,0,0,1_to_2,0
8947,1995,36_to_40,0,married,pontiac,sedan,20k_to_29k,7y,2,collision,4.0,4,0,2_to_4,gt_30,gt_30,4_to_8y,1,0,0,0,1_to_2,0
8952,1995,31_to_35,1,married,pontiac,sport,20k_to_29k,7y,1,liability,4.0,2,0,gt_4,gt_30,gt_30,no_change,1,0,0,0,none,0
8953,1995,31_to_35,0,single,toyota,sedan,20k_to_29k,5y,1,collision,4.0,1,0,2_to_4,gt_30,gt_30,no_change,1,0,0,0,3_to_5,0
8954,1995,over_65,0,married,mazda,sport,20k_to_29k,gt_7y,1,liability,4.0,4,0,2_to_4,gt_30,gt_30,no_change,1,0,0,0,none,0
8955,1995,31_to_35,0,single,mazda,sedan,30k_to_39k,7y,1,collision,4.0,4,0,2_to_4,gt_30,gt_30,no_change,1,1,0,0,gt_5,0
8958,1995,36_to_40,0,married,pontiac,sedan,20k_to_29k,6y,1,all_perils,4.0,2,0,1,gt_30,gt_30,no_change,0,0,0,0,gt_5,0
8963,1995,31_to_35,0,married,toyota,sport,20k_to_29k,6y,1,liability,4.0,2,0,2_to_4,gt_30,gt_30,no_change,1,0,0,0,3_to_5,0
8978,1995,41_to_50,0,married,mazda,sedan,30k_to_39k,7y,1,collision,4.0,3,0,1,gt_30,gt_30,no_change,0,0,0,0,gt_5,0
8980,1995,36_to_40,0,married,honda,sedan,20k_to_29k,gt_7y,3_to_4,collision,4.0,2,0,none,gt_30,gt_30,no_change,1,0,0,0,none,0
8988,1995,36_to_40,0,married,toyota,sedan,20k_to_29k,7y,1,collision,4.0,4,0,none,gt_30,gt_30,no_change,1,0,0,0,gt_5,0
8991,1995,41_to_50,0,married,honda,sport,20k_to_29k,gt_7y,1,liability,7.0,2,0,2_to_4,gt_30,gt_30,no_change,1,1,0,1,none,0
8992,1995,41_to_50,1,married,toyota,sedan,20k_to_29k,6y,1,all_perils,4.0,4,0,2_to_4,gt_30,gt_30,no_change,0,0,0,0,3_to_5,0
8993,1995,36_to_40,0,single,ford,sport,30k_to_39k,gt_7y,1,liability,4.0,2,0,1,gt_30,gt_30,no_change,1,1,0,0,1_to_2,0
8997,1995,36_to_40,0,single,honda,sport,20k_to_29k,6y,1,liability,4.0,4,1,gt_4,gt_30,gt_30,no_change,1,0,0,0,none,0
8998,1995,36_to_40,0,married,honda,sedan,30k_to_39k,4y,1,all_perils,4.0,3,0,gt_4,gt_30,gt_30,no_change,1,0,0,0,gt_5,0
9000,1995,31_to_35,1,married,mazda,sedan,20k_to_29k,7y,1,collision,4.0,2,0,none,gt_30,gt_30,no_change,0,0,0,0,none,0
9002,1995,36_to_40,0,married,mazda,sedan,20k_to_29k,gt_7y,1,collision,4.0,3,0,2_to_4,gt_30,gt_30,no_change,1,0,0,0,none,0
9005,1995,41_to_50,0,married,mazda,sedan,lt_20k,gt_7y,1,all_perils,4.0,1,0,none,gt_30,gt_30,no_change,0,0,0,0,1_to_2,0
9018,1995,36_to_40,0,married,toyota,sedan,lt_20k,6y,1,all_perils,4.0,2,0,none,gt_30,gt_30,no_change,0,0,0,0,none,0
9021,1995,31_to_35,0,married,toyota,sedan,20k_to_29k,7y,3_to_4,collision,4.0,3,0,1,gt_30,gt_30,no_change,1,0,0,0,none,0
9023,1995,26_to_30,1,single,toyota,sedan,20k_to_29k,5y,1,collision,4.0,2,0,2_to_4,gt_30,gt_30,no_change,1,0,0,0,none,0
9024,1995,31_to_35,0,single,toyota,sport,30k_to_39k,7y,1,liability,4.0,1,0,gt_4,gt_30,gt_30,no_change,1,0,0,0,gt_5,0
9028,1995,41_to_50,0,married,toyota,sedan,20k_to_29k,gt_7y,1,all_perils,5.0,4,0,none,gt_30,gt_30,2_to_3y,1,0,0,0,none,0
9030,1995,36_to_40,1,divorced,toyota,sedan,20k_to_29k,5y,1,collision,4.0,1,0,1,gt_30,gt_30,no_change,0,0,0,0,none,0
9033,1995,31_to_35,0,married,mazda,sedan,20k_to_29k,6y,1,collision,4.0,4,0,1,gt_30,gt_30,no_change,0,0,0,0,none,0
9039,1995,36_to_40,0,married,other,sedan,20k_to_29k,7y,1,all_perils,4.0,1,0,none,gt_30,gt_30,no_change,1,0,0,0,none,0
9041,1995,31_to_35,0,married,mazda,sport,gt_69k,5y,1,collision,4.0,4,0,1,gt_30,gt_30,no_change,0,0,0,0,none,0
9043,1995,36_to_40,0,married,honda,sport,20k_to_29k,7y,1,liability,4.0,3,0,2_to_4,gt_30,gt_30,no_change,0,0,0,0,gt_5,0
9048,1995,31_to_35,0,married,mazda,sedan,20k_to_29k,5y,1,collision,4.0,4,0,1,gt_30,gt_30,no_change,0,0,0,0,3_to_5,0
9052,1995,41_to_50,0,married,mazda,sport,20k_to_29k,gt_7y,2,liability,4.0,4,0,none,gt_30,gt_30,4_to_8y,1,0,0,0,none,0
9053,1995,41_to_50,0,single,pontiac,sedan,30k_to_39k,gt_7y,1,all_perils,7.0,1,0,2_to_4,gt_30,gt_30,no_change,1,0,0,0,none,0
9055,1995,31_to_35,0,married,mazda,sedan,30k_to_39k,7y,1,collision,4.0,2,0,2_to_4,gt_30,gt_30,no_change,1,0,0,0,gt_5,0
9056,1995,36_to_40,1,married,pontiac,sedan,lt_20k,gt_7y,1,all_perils,4.0,2,0,none,gt_30,gt_30,no_change,1,0,0,0,gt_5,1
9059,1995,31_to_35,0,single,toyota,sport,20k_to_29k,7y,1,liability,4.0,3,0,gt_4,gt_30,gt_30,no_change,1,0,0,0,none,0
9062,1995,36_to_40,0,married,other,sedan,30k_to_39k,gt_7y,3_to_4,collision,4.0,1,0,1,gt_30,gt_30,no_change,1,0,0,0,none,0
9067,1995,31_to_35,0,married,pontiac,sedan,20k_to_29k,6y,1,collision,4.0,3,0,1,gt_30,gt_30,no_change,0,0,0,0,1_to_2,0
9069,1995,31_to_35,0,married,chevrolet,sedan,30k_to_39k,6y,1,collision,4.0,4,0,1,gt_30,gt_30,no_change,0,0,0,0,gt_5,0
9071,1995,41_to_50,0,single,toyota,sedan,20k_to_29k,gt_7y,1,collision,4.0,1,0,none,gt_30,gt_30,no_change,1,0,0,0,none,1
9074,1995,31_to_35,0,single,pontiac,sedan,20k_to_29k,6y,1,all_perils,4.0,1,0,2_to_4,gt_30,gt_30,no_change,0,0,0,0,gt_5,0
9075,1995,36_to_40,0,single,ford,sedan,40k_to_59k,gt_7y,1,collision,4.0,2,0,none,gt_30,gt_30,no_change,1,0,0,0,gt_5,0
9085,1995,31_to_35,1,single,honda,sport,gt_69k,5y,1,collision,4.0,3,0,none,gt_30,gt_30,no_change,0,0,0,0,none,0
9086,1995,36_to_40,0,married,toyota,sedan,lt_20k,5y,1,collision,4.0,3,0,1,gt_30,gt_30,no_change,1,0,0,0,none,0
9088,1995,31_to_35,1,single,mazda,sedan,20k_to_29k,7y,1,all_perils,4.0,3,0,none,gt_30,gt_30,no_change,1,0,0,0,none,1
9090,1995,31_to_35,0,married,honda,sport,20k_to_29k,6y,1,liability,4.0,1,0,2_to_4,gt_30,gt_30,no_change,1,0,0,0,1_to_2,0
9091,1995,41_to_50,1,married,mazda,sedan,20k_to_29k,gt_7y,1,all_perils,4.0,1,0,1,gt_30,gt_30,no_change,0,1,0,0,none,0
9092,1995,31_to_35,0,married,toyota,sedan,20k_to_29k,6y,1,collision,4.0,4,0,1,gt_30,gt_30,no_change,1,0,0,0,none,0
9103,1995,31_to_35,0,single,chevrolet,sport,20k_to_29k,6y,3_to_4,liability,4.0,4,0,gt_4,gt_30,gt_30,no_change,0,0,0,0,gt_5,0
9106,1995,31_to_35,1,single,pontiac,sedan,30k_to_39k,6y,1,collision,4.0,2,0,none,gt_30,gt_30,no_change,1,0,0,0,gt_5,0
9108,1995,36_to_40,1,married,toyota,sport,20k_to_29k,5y,1,liability,4.0,2,0,2_to_4,gt_30,gt_30,no_change,1,0,0,0,none,0
9110,1995,51_to_65,0,married,toyota,sedan,20k_to_29k,gt_7y,1,collision,4.0,4,0,1,gt_30,gt_30,no_change,1,0,0,0,gt_5,0
9112,1995,16_to_17,0,single,honda,sport,gt_69k,new,1,liability,4.0,1,0,gt_4,gt_30,gt_30,no_change,1,0,0,0,none,0
9113,1995,31_to_35,1,single,mazda,sport,20k_to_29k,5y,1,liability,4.0,4,0,gt_4,gt_30,gt_30,no_change,1,0,0,0,none,0
9114,1995,41_to_50,0,married,chevrolet,sedan,20k_to_29k,7y,1,collision,4.0,2,0,2_to_4,gt_30,gt_30,no_change,0,0,0,0,none,0
9118,1995,31_to_35,0,single,mazda,sport,20k_to_29k,5y,1,liability,4.0,2,0,2_to_4,gt_30,gt_30,no_change,1,0,0,0,gt_5,0
9119,1995,41_to_50,0,married,honda,sedan,20k_to_29k,7y,1,all_perils,4.0,2,0,1,gt_30,gt_30,no_change,1,0,0,0,3_to_5,0
9124,1995,36_to_40,0,married,toyota,sedan,20k_to_29k,7y,1,all_perils,4.0,3,0,2_to_4,gt_30,gt_30,no_change,0,1,0,0,gt_5,0
9125,1995,41_to_50,1,married,toyota,sedan,lt_20k,7y,1,all_perils,4.0,4,0,none,gt_30,gt_30,no_change,0,0,0,0,none,0
9126,1995,31_to_35,0,single,honda,sedan,20k_to_29k,7y,1,collision,4.0,2,0,gt_4,gt_30,gt_30,no_change,0,0,0,0,1_to_2,0
9127,1995,31_to_35,0,married,honda,sedan,20k_to_29k,7y,1,collision,4.0,3,0,none,gt_30,gt_30,no_change,1,0,0,0,none,0
9128,1995,36_to_40,0,married,mazda,sedan,40k_to_59k,gt_7y,1,all_perils,4.0,3,0,2_to_4,gt_30,gt_30,no_change,1,0,0,0,none,1
9129,1995,26_to_30,0,single,pontiac,sedan,20k_to_29k,5y,1,all_perils,4.0,2,0,none,gt_30,gt_30,no_change,1,0,0,0,none,0
9138,1995,36_to_40,0,married,other,sedan,40k_to_59k,gt_7y,1,collision,4.0,2,0,gt_4,gt_30,gt_30,no_change,1,0,0,0,1_to_2,1
9141,1995,41_to_50,0,married,toyota,sedan,20k_to_29k,6y,1,collision,4.0,4,0,none,gt_30,gt_30,no_change,1,0,0,0,none,1
9147,1995,31_to_35,0,married,mazda,sedan,30k_to_39k,6y,1,collision,4.0,4,0,none,gt_30,gt_30,no_change,1,0,0,0,gt_5,0
9149,1995,31_to_35,0,married,toyota,sport,30k_to_39k,7y,1,liability,4.0,4,0,1,gt_30,gt_30,no_change,1,0,0,0,gt_5,0
9155,1995,51_to_65,0,married,mazda,sedan,30k_to_39k,gt_7y,1,collision,4.0,1,0,2_to_4,gt_30,gt_30,no_change,0,0,0,0,3_to_5,0
9158,1995,31_to_35,0,single,pontiac,sedan,30k_to_39k,7y,1,collision,4.0,3,0,2_to_4,gt_30,gt_30,no_change,1,0,0,0,3_to_5,0
9160,1995,31_to_35,0,married,chevrolet,sport,30k_to_39k,6y,1,liability,4.0,2,0,gt_4,gt_30,gt_30,no_change,0,0,0,0,none,0
9165,1995,26_to_30,0,single,mazda,sport,20k_to_29k,5y,1,liability,4.0,1,0,2_to_4,gt_30,gt_30,no_change,1,0,0,0,3_to_5,0
9167,1995,41_to_50,0,married,honda,sedan,20k_to_29k,7y,1,collision,4.0,4,0,2_to_4,gt_30,gt_30,no_change,1,0,0,0,3_to_5,0
9173,1995,26_to_30,0,single,honda,sport,30k_to_39k,5y,1,liability,4.0,1,0,gt_4,gt_30,gt_30,no_change,1,0,0,0,gt_5,0
9178,1995,36_to_40,0,married,acura,sedan,30k_to_39k,7y,2,all_perils,4.0,2,0,1,gt_30,gt_30,4_to_8y,1,0,0,0,1_to_2,0
9186,1995,31_to_35,0,married,pontiac,sedan,20k_to_29k,5y,1,collision,4.0,2,0,2_to_4,gt_30,gt_30,no_change,0,1,0,0,none,0
9192,1995,36_to_40,0,married,toyota,sport,30k_to_39k,7y,1,liability,4.0,3,0,2_to_4,gt_30,gt_30,1y,1,0,0,0,gt_5,0
9196,1995,31_to_35,1,married,honda,sport,20k_to_29k,6y,1,liability,4.0,3,0,gt_4,gt_30,gt_30,no_change,1,0,0,0,3_to_5,0
9200,1995,41_to_50,0,single,toyota,sport,20k_to_29k,gt_7y,1,liability,4.0,4,0,1,gt_30,gt_30,no_change,1,1,0,0,none,0
9206,1995,41_to_50,0,single,acura,utility,gt_69k,7y,1,all_perils,4.0,1,0,none,gt_30,gt_30,no_change,1,0,0,0,none,0
9215,1995,31_to_35,1,single,mazda,sedan,20k_to_29k,6y,1,collision,4.0,4,0,1,gt_30,gt_30,no_change,1,0,0,0,gt_5,0
9218,1995,26_to_30,0,married,pontiac,sedan,20k_to_29k,6y,1,collision,4.0,2,0,2_to_4,gt_30,gt_30,no_change,0,0,0,0,gt_5,0
9222,1995,41_to_50,0,married,mazda,sedan,30k_to_39k,gt_7y,1,collision,4.0,1,0,none,gt_30,gt_30,no_change,1,0,0,0,none,0
9227,1995,51_to_65,0,married,chevrolet,sport,40k_to_59k,gt_7y,1,liability,4.0,3,0,2_to_4,gt_30,gt_30,no_change,1,0,0,0,gt_5,0
9230,1995,41_to_50,0,married,acura,sedan,30k_to_39k,gt_7y,1,all_perils,4.0,3,0,2_to_4,gt_30,gt_30,no_change,1,0,0,0,none,0
9232,1995,36_to_40,0,married,pontiac,sport,20k_to_29k,7y,1,liability,5.0,1,0,1,gt_30,gt_30,2_to_3y,0,0,0,0,gt_5,0
9233,1995,36_to_40,0,married,honda,sport,20k_to_29k,7y,1,liability,4.0,3,0,gt_4,gt_30,gt_30,no_change,1,1,0,0,1_to_2,0
9234,1995,41_to_50,0,married,toyota,sedan,20k_to_29k,gt_7y,1,collision,4.0,1,0,none,gt_30,gt_30,no_change,0,0,0,0,gt_5,0
9235,1995,31_to_35,0,married,mazda,sport,20k_to_29k,6y,1,liability,4.0,2,0,2_to_4,gt_30,gt_30,no_change,1,0,0,0,1_to_2,0
9236,1995,31_to_35,0,married,honda,sedan,20k_to_29k,6y,1,collision,4.0,4,0,2_to_4,gt_30,gt_30,no_change,1,0,0,0,3_to_5,0
9244,1995,31_to_35,1,single,mazda,sport,gt_69k,6y,1,liability,4.0,1,0,1,gt_30,gt_30,no_change,0,0,0,0,gt_5,0
9245,1995,51_to_65,0,married,pontiac,sedan,gt_69k,gt_7y,1,collision,4.0,4,0,1,gt_30,gt_30,no_change,1,1,0,0,none,0
9250,1995,31_to_35,0,single,honda,sedan,20k_to_29k,5y,1,collision,4.0,3,0,2_to_4,gt_30,gt_30,no_change,1,0,0,0,none,0
9254,1995,36_to_40,0,married,toyota,sedan,20k_to_29k,6y,1,all_perils,4.0,3,0,none,gt_30,gt_30,no_change,0,0,0,0,none,0
9255,1995,41_to_50,0,married,pontiac,sport,20k_to_29k,gt_7y,1,liability,4.0,4,0,gt_4,gt_30,gt_30,no_change,1,0,0,0,1_to_2,0
9256,1995,41_to_50,0,married,pontiac,sport,20k_to_29k,7y,1,liability,4.0,4,0,2_to_4,gt_30,gt_30,no_change,1,0,0,0,none,0
9257,1995,31_to_35,0,single,other,sedan,60k_to_69k,7y,1,collision,4.0,4,1,none,gt_30,gt_30,no_change,1,0,0,0,gt_5,0
9258,1995,51_to_65,0,married,chevrolet,sedan,20k_to_29k,gt_7y,1,all_perils,4.0,4,0,1,gt_30,gt_30,no_change,0,0,0,0,1_to_2,0
9260,1995,31_to_35,0,single,pontiac,sport,20k_to_29k,6y,1,liability,4.0,2,0,2_to_4,gt_30,gt_30,no_change,1,0,0,0,gt_5,0
9261,1995,51_to_65,0,married,pontiac,sedan,20k_to_29k,7y,1,all_perils,4.0,1,0,2_to_4,gt_30,gt_30,no_change,0,1,0,0,3_to_5,0
9263,1995,41_to_50,0,married,mazda,sedan,30k_to_39k,gt_7y,1,collision,4.0,2,0,2_to_4,gt_30,gt_30,no_change,1,0,0,0,gt_5,1
9268,1995,41_to_50,0,married,pontiac,sedan,30k_to_39k,gt_7y,1,collision,4.0,4,0,none,gt_30,gt_30,no_change,1,0,0,0,none,0
9270,1995,31_to_35,1,married,pontiac,sedan,20k_to_29k,6y,1,collision,4.0,4,0,gt_4,gt_30,gt_30,no_change,1,0,0,0,1_to_2,1
9271,1995,31_to_35,0,married,pontiac,sedan,20k_to_29k,7y,1,all_perils,4.0,2,0,2_to_4,gt_30,gt_30,no_change,1,0,0,0,1_to_2,0
9272,1995,31_to_35,0,married,mazda,sedan,20k_to_29k,6y,1,all_perils,4.0,1,0,1,gt_30,gt_30,no_change,1,0,0,0,none,0
9276,1995,31_to_35,0,married,toyota,sport,30k_to_39k,6y,1,liability,4.0,1,0,2_to_4,gt_30,gt_30,no_change,1,0,0,0,none,0
9279,1995,31_to_35,1,single,toyota,sedan,20k_to_29k,7y,1,all_perils,4.0,3,0,1,gt_30,gt_30,no_change,1,0,0,0,gt_5,0
9281,1995,31_to_35,1,single,mazda,sport,20k_to_29k,6y,1,liability,4.0,4,0,2_to_4,gt_30,gt_30,no_change,1,0,0,0,none,0
9283,1995,31_to_35,0,single,toyota,sedan,20k_to_29k,6y,2,collision,5.0,1,0,2_to_4,gt_30,gt_30,1y,1,0,0,0,3_to_5,1
9288,1995,36_to_40,0,married,chevrolet,sedan,30k_to_39k,7y,1,all_perils,4.0,3,0,2_to_4,gt_30,gt_30,no_change,1,0,0,0,1_to_2,1
9289,1995,31_to_35,0,single,pontiac,sport,20k_to_29k,7y,1,liability,4.0,3,0,2_to_4,gt_30,gt_30,no_change,1,0,0,0,1_to_2,0
9294,1995,31_to_35,0,single,honda,sedan,20k_to_29k,6y,1,collision,4.0,2,0,1,gt_30,gt_30,no_change,0,0,0,0,3_to_5,0
9295,1995,51_to_65,0,married,toyota,sedan,gt_69k,gt_7y,1,collision,4.0,4,0,2_to_4,gt_30,gt_30,no_change,1,0,0,0,gt_5,0
9300,1995,31_to_35,0,married,mazda,sedan,20k_to_29k,7y,1,all_perils,4.0,1,0,1,gt_30,gt_30,no_change,1,0,0,0,3_to_5,1
9301,1995,36_to_40,0,married,pontiac,sedan,20k_to_29k,6y,1,collision,4.0,2,0,1,gt_30,gt_30,no_change,1,0,0,0,none,0
9302,1995,36_to_40,0,widow,honda,sedan,20k_to_29k,7y,1,collision,4.0,1,0,2_to_4,gt_30,gt_30,no_change,0,0,0,0,1_to_2,0
9304,1995,31_to_35,1,single,mazda,sedan,20k_to_29k,6y,2,collision,4.0,1,0,none,gt_30,gt_30,4_to_8y,0,0,0,0,none,0
9307,1995,31_to_35,0,married,pontiac,sport,20k_to_29k,6y,1,liability,4.0,3,0,gt_4,gt_30,gt_30,no_change,1,0,0,0,3_to_5,0
9311,1995,over_65,0,married,toyota,sedan,20k_to_29k,gt_7y,1,all_perils,4.0,1,0,none,gt_30,gt_30,no_change,1,0,0,0,3_to_5,0
9313,1995,41_to_50,0,married,ford,sedan,20k_to_29k,gt_7y,1,all_perils,4.0,3,0,1,gt_30,gt_30,no_change,1,0,0,0,none,0
9316,1995,31_to_35,1,single,honda,sedan,20k_to_29k,5y,1,all_perils,4.0,2,0,1,gt_30,gt_30,no_change,1,0,0,0,3_to_5,0
9318,1995,31_to_35,0,single,honda,sedan,20k_to_29k,6y,1,collision,4.0,1,0,none,gt_30,gt_30,no_change,1,0,0,0,1_to_2,0
9319,1995,36_to_40,1,single,pontiac,sedan,lt_20k,7y,1,all_perils,4.0,4,0,2_to_4,gt_30,gt_30,no_change,1,0,0,0,1_to_2,0
9320,1995,41_to_50,0,single,chevrolet,sport,40k_to_59k,7y,1,liability,4.0,1,0,2_to_4,gt_30,gt_30,no_change,0,0,0,0,none,0
9323,1995,31_to_35,1,single,honda,sport,gt_69k,6y,1,collision,4.0,1,0,none,none,gt_30,no_change,0,0,0,0,none,0
9325,1995,31_to_35,1,single,toyota,sport,20k_to_29k,6y,2,liability,4.0,2,0,gt_4,gt_30,gt_30,4_to_8y,1,0,0,0,none,0
9329,1995,36_to_40,0,married,other,sport,40k_to_59k,7y,1,liability,4.0,3,0,gt_4,gt_30,gt_30,no_change,1,0,0,0,none,0
9330,1995,51_to_65,0,married,mazda,sport,20k_to_29k,gt_7y,1,liability,4.0,1,0,2_to_4,gt_30,gt_30,no_change,1,0,0,0,gt_5,0
9338,1995,41_to_50,0,married,pontiac,sport,30k_to_39k,7y,1,liability,4.0,3,0,2_to_4,gt_30,gt_30,no_change,1,1,0,0,gt_5,0
9339,1995,26_to_30,0,single,honda,sport,20k_to_29k,3y,1,liability,4.0,3,0,2_to_4,gt_30,gt_30,no_change,1,0,0,0,gt_5,0
9345,1995,31_to_35,0,single,pontiac,sedan,lt_20k,7y,1,collision,4.0,3,0,none,gt_30,gt_30,no_change,1,0,0,0,1_to_2,0
9356,1995,31_to_35,1,single,pontiac,sport,20k_to_29k,6y,1,liability,4.0,1,0,2_to_4,gt_30,gt_30,no_change,0,0,0,0,3_to_5,0
9357,1995,26_to_30,0,single,mazda,sedan,20k_to_29k,4y,1,all_perils,4.0,1,0,none,gt_30,gt_30,no_change,1,0,0,0,none,0
9359,1995,31_to_35,0,married,toyota,sport,30k_to_39k,7y,1,liability,4.0,3,0,gt_4,gt_30,gt_30,no_change,1,1,0,0,gt_5,0
9361,1995,31_to_35,0,married,toyota,sport,30k_to_39k,6y,1,liability,4.0,3,0,2_to_4,gt_30,gt_30,no_change,1,0,0,0,none,0
9362,1995,31_to_35,0,single,pontiac,sedan,30k_to_39k,7y,1,collision,4.0,4,0,none,gt_30,gt_30,no_change,1,0,0,0,gt_5,0
9363,1995,over_65,0,married,ford,sport,lt_20k,gt_7y,1,all_perils,7.0,4,0,2_to_4,gt_30,gt_30,no_change,1,1,0,0,1_to_2,0
9368,1995,36_to_40,0,married,mazda,sedan,20k_to_29k,gt_7y,1,collision,4.0,4,0,1,gt_30,gt_30,no_change,0,0,0,0,gt_5,0
9370,1995,over_65,0,married,toyota,sedan,lt_20k,gt_7y,1,all_perils,4.0,2,0,1,gt_30,gt_30,no_change,1,0,0,0,none,0
9371,1995,31_to_35,0,married,toyota,sedan,20k_to_29k,7y,1,all_perils,4.0,4,0,2_to_4,gt_30,gt_30,no_change,0,0,0,0,none,0
9374,1995,26_to_30,0,married,honda,sedan,20k_to_29k,5y,1,collision,4.0,2,0,none,gt_30,gt_30,1y,0,0,0,0,none,0
9376,1995,41_to_50,0,married,toyota,sport,20k_to_29k,gt_7y,1,liability,4.0,1,0,gt_4,gt_30,gt_30,no_change,1,1,0,0,none,0
9380,1995,31_to_35,0,single,chevrolet,sedan,30k_to_39k,7y,1,all_perils,4.0,2,0,1,gt_30,gt_30,no_change,1,0,0,0,none,0
9381,1995,41_to_50,0,married,toyota,sport,gt_69k,gt_7y,1,liability,4.0,4,0,1,gt_30,gt_30,no_change,0,0,0,0,gt_5,0
9382,1995,over_65,0,married,mazda,sedan,30k_to_39k,gt_7y,1,all_perils,4.0,3,0,none,gt_30,gt_30,no_change,1,0,0,0,3_to_5,0
9384,1995,31_to_35,0,single,pontiac,sedan,20k_to_29k,6y,1,collision,4.0,3,0,2_to_4,gt_30,gt_30,no_change,1,0,0,0,none,0
9388,1995,26_to_30,0,single,toyota,sedan,20k_to_29k,5y,2,all_perils,4.0,3,0,none,gt_30,gt_30,4_to_8y,1,0,0,0,3_to_5,0
9391,1995,over_65,0,married,toyota,sport,30k_to_39k,gt_7y,1,liability,4.0,4,0,gt_4,gt_30,gt_30,no_change,1,0,0,0,1_to_2,0
9393,1995,31_to_35,0,single,honda,sport,20k_to_29k,5y,1,liability,4.0,1,0,2_to_4,gt_30,gt_30,no_change,1,0,0,0,none,0
9394,1995,41_to_50,0,married,pontiac,sedan,gt_69k,gt_7y,1,collision,7.0,4,0,none,gt_30,gt_30,no_change,0,0,0,0,none,0
9398,1995,51_to_65,0,married,chevrolet,sedan,20k_to_29k,7y,1,collision,4.0,4,1,2_to_4,gt_30,gt_30,no_change,1,0,1,1,3_to_5,0
9402,1995,31_to_35,1,married,pontiac,sedan,lt_20k,6y,1,all_perils,4.0,1,0,none,gt_30,gt_30,no_change,1,0,0,0,1_to_2,0
9403,1995,41_to_50,0,married,toyota,sedan,lt_20k,7y,1,collision,4.0,1,0,none,none,15_to_30,no_change,1,0,0,0,3_to_5,0
9404,1995,31_to_35,0,single,honda,sedan,20k_to_29k,6y,1,collision,4.0,2,0,none,gt_30,gt_30,no_change,0,0,0,1,none,0
9406,1995,36_to_40,0,married,honda,sedan,20k_to_29k,6y,1,collision,4.0,2,0,2_to_4,gt_30,gt_30,no_change,1,0,0,0,none,0
9410,1995,26_to_30,0,single,other,sedan,30k_to_39k,5y,1,collision,4.0,3,0,2_to_4,gt_30,gt_30,no_change,0,0,0,1,gt_5,0
9415,1995,31_to_35,0,single,mazda,sport,gt_69k,6y,1,liability,4.0,4,0,2_to_4,gt_30,gt_30,no_change,1,0,0,0,1_to_2,0
9418,1995,41_to_50,0,married,chevrolet,sport,30k_to_39k,gt_7y,1,liability,4.0,1,0,2_to_4,gt_30,gt_30,no_change,1,0,0,0,gt_5,0
9420,1995,51_to_65,0,married,pontiac,sedan,30k_to_39k,gt_7y,1,all_perils,4.0,3,0,none,gt_30,gt_30,no_change,1,0,0,1,none,0
9433,1995,51_to_65,0,married,honda,sport,gt_69k,7y,1,collision,4.0,2,0,none,gt_30,gt_30,no_change,1,0,0,0,none,0
9435,1995,31_to_35,1,married,mazda,sedan,20k_to_29k,6y,1,collision,4.0,2,0,2_to_4,gt_30,gt_30,no_change,1,0,0,0,3_to_5,0
9438,1995,36_to_40,0,single,ford,sport,20k_to_29k,7y,1,liability,4.0,2,0,2_to_4,gt_30,gt_30,no_change,1,0,0,0,1_to_2,0
9447,1995,31_to_35,1,married,toyota,sedan,lt_20k,7y,1,all_perils,4.0,1,0,none,gt_30,gt_30,no_change,1,0,0,0,none,0
9453,1995,41_to_50,0,married,mazda,sedan,30k_to_39k,7y,1,collision,4.0,1,0,1,gt_30,gt_30,no_change,1,0,0,0,none,0
9454,1995,51_to_65,0,married,pontiac,sedan,lt_20k,gt_7y,1,all_perils,4.0,3,0,2_to_4,gt_30,gt_30,no_change,1,0,0,0,none,0
9455,1995,41_to_50,0,married,acura,utility,gt_69k,7y,1,all_perils,4.0,4,0,gt_4,gt_30,gt_30,no_change,1,0,0,0,none,0
9469,1995,41_to_50,1,married,toyota,sport,20k_to_29k,7y,1,liability,4.0,4,0,none,gt_30,gt_30,no_change,1,1,0,0,none,0
9470,1995,26_to_30,0,single,pontiac,sedan,30k_to_39k,3y,1,collision,4.0,2,0,gt_4,gt_30,gt_30,no_change,1,0,0,0,1_to_2,0
9471,1995,31_to_35,0,married,honda,sport,30k_to_39k,6y,1,liability,4.0,1,0,2_to_4,gt_30,gt_30,no_change,1,1,0,0,none,0
9475,1995,31_to_35,0,married,other,sport,gt_69k,7y,1,liability,4.0,4,0,1,gt_30,gt_30,no_change,1,0,0,0,gt_5,0
9478,1995,36_to_40,1,married,honda,sedan,20k_to_29k,7y,1,collision,4.0,2,0,gt_4,gt_30,gt_30,no_change,1,0,0,0,none,0
9482,1995,36_to_40,0,married,pontiac,sedan,20k_to_29k,7y,1,collision,4.0,1,0,2_to_4,gt_30,gt_30,no_change,0,0,0,0,gt_5,0
9484,1995,41_to_50,1,married,chevrolet,sedan,20k_to_29k,7y,1,collision,4.0,1,0,2_to_4,gt_30,gt_30,no_change,1,0,0,0,3_to_5,1
9489,1995,31_to_35,0,single,mazda,sport,20k_to_29k,5y,1,liability,4.0,4,0,2_to_4,gt_30,gt_30,no_change,1,0,0,0,1_to_2,0
9490,1995,36_to_40,1,married,pontiac,sport,30k_to_39k,7y,1,liability,4.0,1,0,none,gt_30,gt_30,no_change,0,1,0,0,gt_5,0
9491,1995,41_to_50,1,married,pontiac,sedan,30k_to_39k,gt_7y,1,collision,4.0,4,0,2_to_4,gt_30,gt_30,no_change,1,1,0,0,gt_5,0
9495,1995,36_to_40,0,married,toyota,sedan,20k_to_29k,5y,1,collision,4.0,4,0,1,gt_30,gt_30,no_change,0,0,0,0,gt_5,0
9497,1995,36_to_40,0,married,pontiac,sedan,20k_to_29k,7y,1,collision,4.0,3,0,none,gt_30,gt_30,no_change,0,0,0,0,3_to_5,0
9498,1995,31_to_35,0,single,mazda,sedan,20k_to_29k,7y,1,collision,4.0,1,0,2_to_4,gt_30,gt_30,no_change,1,0,0,0,3_to_5,0
9499,1995,36_to_40,0,married,pontiac,sedan,20k_to_29k,7y,1,collision,4.0,4,0,1,gt_30,gt_30,no_change,1,0,0,0,gt_5,0
9501,1995,31_to_35,0,single,mazda,sport,20k_to_29k,5y,1,liability,4.0,2,0,2_to_4,gt_30,gt_30,no_change,1,0,0,0,1_to_2,0
9505,1995,31_to_35,1,single,pontiac,sedan,20k_to_29k,7y,1,all_perils,4.0,1,0,1,gt_30,gt_30,no_change,0,0,0,0,1_to_2,0
9506,1995,36_to_40,1,married,pontiac,sedan,20k_to_29k,3y,1,collision,4.0,3,0,1,8_to_15,15_to_30,no_change,1,0,0,0,none,0
9511,1995,31_to_35,0,single,toyota,sedan,20k_to_29k,5y,1,all_perils,4.0,1,0,1,gt_30,gt_30,no_change,0,0,0,0,1_to_2,0
9517,1995,41_to_50,0,married,chevrolet,sedan,20k_to_29k,gt_7y,1,collision,4.0,4,0,1,gt_30,gt_30,no_change,1,1,0,0,3_to_5,0
9518,1995,31_to_35,0,single,other,sedan,30k_to_39k,5y,1,all_perils,4.0,4,0,none,gt_30,gt_30,no_change,1,0,0,0,none,0
9528,1995,36_to_40,0,married,honda,sport,gt_69k,7y,1,liability,4.0,2,0,2_to_4,gt_30,gt_30,no_change,1,0,0,0,gt_5,0
9531,1995,36_to_40,0,married,mazda,sedan,20k_to_29k,7y,1,collision,4.0,1,0,2_to_4,gt_30,gt_30,no_change,1,0,0,0,1_to_2,0
9532,1995,51_to_65,1,married,other,sedan,20k_to_29k,gt_7y,1,all_perils,4.0,1,0,none,gt_30,gt_30,no_change,0,0,0,0,3_to_5,0
9534,1995,31_to_35,0,married,mazda,sedan,20k_to_29k,7y,1,collision,4.0,3,0,gt_4,gt_30,gt_30,no_change,1,0,0,0,gt_5,0
9535,1995,41_to_50,1,married,mazda,sedan,20k_to_29k,gt_7y,2,all_perils,4.0,3,0,1,gt_30,gt_30,4_to_8y,1,0,0,0,none,0
9536,1995,36_to_40,0,married,other,sport,40k_to_59k,gt_7y,1,liability,4.0,4,0,gt_4,gt_30,gt_30,no_change,1,0,0,0,none,0
9540,1995,41_to_50,0,single,acura,sport,20k_to_29k,7y,1,liability,4.0,3,0,1,gt_30,gt_30,no_change,1,0,0,0,none,0
9541,1995,16_to_17,0,single,honda,utility,gt_69k,new,1,all_perils,4.0,3,0,2_to_4,gt_30,gt_30,no_change,1,0,0,0,none,0
9543,1995,31_to_35,1,single,pontiac,sport,20k_to_29k,5y,1,liability,4.0,4,0,2_to_4,gt_30,gt_30,no_change,1,0,0,0,1_to_2,0
9545,1995,36_to_40,1,married,honda,sport,20k_to_29k,7y,1,liability,4.0,4,0,2_to_4,gt_30,gt_30,no_change,1,0,0,0,none,0
9546,1995,31_to_35,1,married,pontiac,sedan,20k_to_29k,6y,1,collision,4.0,3,0,none,gt_30,gt_30,no_change,0,0,0,0,gt_5,0
9547,1995,31_to_35,0,married,honda,sport,20k_to_29k,6y,1,liability,4.0,1,0,2_to_4,gt_30,gt_30,no_change,1,0,0,0,none,0
9550,1995,36_to_40,1,married,pontiac,sedan,20k_to_29k,7y,1,collision,4.0,3,0,gt_4,gt_30,gt_30,no_change,1,0,0,0,gt_5,0
9553,1995,36_to_40,1,married,toyota,sedan,20k_to_29k,7y,1,collision,4.0,4,0,2_to_4,gt_30,gt_30,no_change,1,0,0,0,3_to_5,0
9554,1995,16_to_17,0,single,honda,sport,gt_69k,new,1,all_perils,4.0,4,0,none,gt_30,gt_30,no_change,1,0,0,1,none,0
9556,1995,over_65,0,married,toyota,sedan,lt_20k,gt_7y,2,all_perils,4.0,2,0,1,gt_30,gt_30,1y,1,0,0,0,none,0
9558,1995,41_to_50,0,married,honda,sedan,20k_to_29k,gt_7y,1,all_perils,4.0,1,0,2_to_4,gt_30,gt_30,no_change,0,0,0,0,none,0
9566,1995,26_to_30,1,single,honda,sedan,lt_20k,3y,1,all_perils,4.0,4,0,none,gt_30,gt_30,no_change,0,0,0,0,none,0
9570,1995,26_to_30,0,single,pontiac,sedan,20k_to_29k,5y,1,collision,4.0,2,0,2_to_4,gt_30,gt_30,no_change,0,0,0,0,gt_5,0
9572,1995,36_to_40,1,married,chevrolet,sedan,40k_to_59k,7y,1,collision,4.0,1,0,none,gt_30,gt_30,no_change,1,0,0,0,gt_5,0
9576,1995,36_to_40,0,married,acura,sedan,30k_to_39k,7y,1,all_perils,4.0,4,0,1,gt_30,gt_30,no_change,1,0,0,0,3_to_5,0
9577,1995,31_to_35,0,married,honda,sedan,20k_to_29k,6y,2,collision,4.0,4,0,gt_4,gt_30,gt_30,4_to_8y,0,0,0,0,3_to_5,0
9579,1995,over_65,0,married,mazda,sport,20k_to_29k,7y,1,liability,4.0,2,0,1,gt_30,gt_30,no_change,1,0,0,0,gt_5,0
9581,1995,31_to_35,0,single,honda,sport,20k_to_29k,6y,1,liability,4.0,1,0,1,gt_30,gt_30,no_change,1,0,0,0,1_to_2,0
9582,1995,36_to_40,1,single,mazda,sedan,20k_to_29k,gt_7y,1,collision,4.0,1,0,1,gt_30,gt_30,no_change,1,1,0,0,gt_5,0
9584,1995,36_to_40,0,married,pontiac,sedan,20k_to_29k,gt_7y,1,collision,4.0,4,0,gt_4,gt_30,gt_30,no_change,1,0,0,0,gt_5,0
9587,1995,36_to_40,0,married,toyota,sedan,30k_to_39k,7y,1,all_perils,4.0,4,0,none,15_to_30,gt_30,no_change,0,0,0,0,none,0
9590,1995,36_to_40,0,married,honda,sedan,30k_to_39k,7y,1,all_perils,4.0,2,0,2_to_4,gt_30,gt_30,no_change,0,0,0,0,3_to_5,0
9592,1995,31_to_35,0,married,pontiac,sport,20k_to_29k,6y,1,liability,4.0,1,0,gt_4,gt_30,gt_30,no_change,0,0,0,0,3_to_5,0
9599,1995,36_to_40,0,married,toyota,sport,20k_to_29k,7y,1,liability,4.0,4,0,2_to_4,gt_30,gt_30,no_change,1,0,0,0,1_to_2,0
9602,1995,51_to_65,0,married,honda,sedan,20k_to_29k,gt_7y,1,collision,4.0,4,0,2_to_4,gt_30,gt_30,no_change,1,0,0,0,gt_5,0
9605,1995,31_to_35,0,married,toyota,sport,20k_to_29k,7y,1,liability,4.0,4,0,1,gt_30,gt_30,no_change,1,0,0,0,none,0
9607,1995,36_to_40,0,married,chevrolet,utility,gt_69k,7y,1,all_perils,4.0,1,0,none,gt_30,gt_30,no_change,1,0,0,0,none,0
9608,1995,36_to_40,1,married,pontiac,sedan,20k_to_29k,7y,1,all_perils,4.0,2,0,none,gt_30,gt_30,no_change,1,0,0,0,none,0
9610,1995,36_to_40,0,married,chevrolet,sedan,gt_69k,gt_7y,1,collision,4.0,3,0,2_to_4,gt_30,gt_30,no_change,1,0,0,0,none,0
9612,1995,31_to_35,0,married,pontiac,sedan,30k_to_39k,7y,1,collision,4.0,4,0,none,gt_30,gt_30,no_change,0,0,0,0,gt_5,0
9613,1995,over_65,0,married,toyota,sedan,20k_to_29k,6y,1,all_perils,4.0,3,0,none,gt_30,gt_30,no_change,1,1,0,0,gt_5,0
9623,1995,36_to_40,0,single,pontiac,sedan,20k_to_29k,7y,1,all_perils,4.0,3,0,2_to_4,gt_30,gt_30,no_change,0,0,0,0,gt_5,0
9627,1995,31_to_35,0,married,toyota,sedan,20k_to_29k,6y,1,collision,4.0,1,0,1,gt_30,gt_30,no_change,0,0,0,0,3_to_5,0
9632,1995,31_to_35,0,married,chevrolet,sedan,30k_to_39k,7y,1,collision,4.0,2,0,1,gt_30,gt_30,no_change,0,0,0,0,gt_5,0
9634,1995,36_to_40,1,married,mazda,sedan,30k_to_39k,7y,1,collision,4.0,1,0,2_to_4,gt_30,gt_30,no_change,1,0,0,0,1_to_2,0
9635,1995,31_to_35,0,married,chevrolet,sedan,20k_to_29k,6y,1,collision,4.0,1,0,none,gt_30,gt_30,no_change,0,0,0,0,none,0
9643,1995,31_to_35,0,single,pontiac,sedan,20k_to_29k,7y,1,collision,4.0,2,0,2_to_4,gt_30,gt_30,no_change,1,0,0,1,1_to_2,0
9644,1995,41_to_50,0,married,pontiac,sedan,20k_to_29k,6y,1,collision,4.0,3,0,2_to_4,gt_30,gt_30,no_change,0,0,1,1,gt_5,0
9646,1995,over_65,0,married,honda,sport,20k_to_29k,gt_7y,1,liability,4.0,1,0,2_to_4,gt_30,gt_30,no_change,0,0,0,0,1_to_2,0
9648,1995,41_to_50,0,married,pontiac,sedan,lt_20k,gt_7y,1,all_perils,4.0,4,0,none,gt_30,gt_30,no_change,1,1,0,0,none,0
9654,1995,36_to_40,1,married,pontiac,sedan,20k_to_29k,6y,1,collision,4.0,3,0,2_to_4,gt_30,gt_30,no_change,1,0,0,0,none,0
9655,1995,over_65,0,single,toyota,sedan,lt_20k,gt_7y,1,all_perils,4.0,1,0,none,gt_30,gt_30,no_change,0,0,0,0,3_to_5,0
9667,1995,51_to_65,0,married,pontiac,sedan,gt_69k,gt_7y,1,collision,4.0,3,0,none,gt_30,gt_30,no_change,1,0,0,0,1_to_2,0
9672,1995,41_to_50,1,married,mazda,sport,20k_to_29k,7y,1,liability,4.0,3,0,2_to_4,gt_30,gt_30,no_change,1,0,0,0,gt_5,0
9678,1995,36_to_40,0,married,toyota,sport,30k_to_39k,7y,1,liability,4.0,4,0,gt_4,gt_30,gt_30,no_change,0,0,0,0,1_to_2,0
9680,1995,36_to_40,0,single,honda,sedan,20k_to_29k,7y,1,collision,4.0,3,0,gt_4,gt_30,gt_30,no_change,1,0,0,0,gt_5,0
9682,1995,36_to_40,0,single,toyota,sedan,20k_to_29k,7y,2,collision,4.0,1,0,1,gt_30,gt_30,4_to_8y,0,0,0,0,none,0
9683,1995,41_to_50,0,married,mazda,sedan,20k_to_29k,gt_7y,1,all_perils,4.0,3,0,none,gt_30,gt_30,no_change,0,0,0,0,none,0
9686,1995,31_to_35,0,married,chevrolet,sedan,30k_to_39k,7y,1,all_perils,4.0,2,0,2_to_4,gt_30,gt_30,no_change,0,1,0,0,gt_5,0
9689,1995,31_to_35,0,single,toyota,sport,20k_to_29k,3y,1,liability,4.0,3,0,2_to_4,15_to_30,gt_30,no_change,1,0,0,0,none,0
9690,1995,36_to_40,0,married,honda,sedan,20k_to_29k,7y,1,collision,4.0,4,0,none,gt_30,gt_30,no_change,0,0,0,0,gt_5,0
9691,1995,31_to_35,0,married,honda,sedan,20k_to_29k,4y,1,collision,3.0,1,0,none,gt_30,gt_30,2_to_3y,0,0,0,0,none,1
9692,1995,31_to_35,0,married,honda,sedan,20k_to_29k,7y,1,collision,4.0,2,0,2_to_4,gt_30,gt_30,no_change,1,0,0,0,gt_5,0
9698,1995,36_to_40,0,single,other,sport,20k_to_29k,6y,1,liability,4.0,1,0,none,gt_30,gt_30,no_change,1,0,0,0,none,0
9699,1995,41_to_50,0,married,honda,sedan,20k_to_29k,gt_7y,1,collision,4.0,3,0,2_to_4,gt_30,gt_30,no_change,1,0,0,0,gt_5,0
9702,1995,36_to_40,0,married,toyota,sedan,20k_to_29k,7y,1,collision,4.0,1,0,1,gt_30,gt_30,no_change,1,0,0,0,none,0
9703,1995,31_to_35,0,single,pontiac,sport,30k_to_39k,6y,2,liability,4.0,2,0,gt_4,gt_30,gt_30,4_to_8y,0,0,0,0,1_to_2,0
9704,1995,41_to_50,0,married,honda,sport,20k_to_29k,gt_7y,1,liability,7.0,2,0,none,gt_30,gt_30,no_change,1,0,0,0,gt_5,0
9707,1995,36_to_40,0,married,mazda,sedan,gt_69k,6y,1,collision,4.0,4,0,2_to_4,gt_30,gt_30,no_change,1,0,0,0,1_to_2,0
9719,1995,41_to_50,0,married,mazda,sport,gt_69k,gt_7y,1,collision,4.0,3,0,none,gt_30,gt_30,no_change,1,0,0,0,none,0
9720,1995,41_to_50,1,married,mazda,sedan,20k_to_29k,6y,1,all_perils,4.0,3,0,1,gt_30,gt_30,no_change,1,0,0,0,none,0
9721,1995,36_to_40,1,married,honda,sport,20k_to_29k,7y,1,liability,4.0,4,0,2_to_4,gt_30,gt_30,no_change,1,0,0,0,gt_5,0
9728,1995,31_to_35,0,married,honda,sedan,20k_to_29k,6y,1,all_perils,4.0,1,0,none,gt_30,gt_30,no_change,0,0,0,0,1_to_2,0
9729,1995,31_to_35,0,married,mazda,sedan,20k_to_29k,6y,1,all_perils,4.0,4,0,none,gt_30,gt_30,no_change,0,0,0,0,3_to_5,0
9730,1995,36_to_40,0,married,pontiac,sedan,30k_to_39k,gt_7y,1,collision,4.0,1,0,gt_4,gt_30,gt_30,no_change,1,0,0,0,none,0
9734,1995,36_to_40,0,married,pontiac,sedan,20k_to_29k,7y,1,collision,4.0,3,0,none,gt_30,gt_30,no_change,1,0,0,0,gt_5,0
9736,1995,41_to_50,0,married,other,sedan,20k_to_29k,7y,1,collision,4.0,1,0,none,gt_30,gt_30,no_change,0,0,0,0,3_to_5,0
9737,1995,51_to_65,0,married,toyota,sedan,20k_to_29k,gt_7y,1,collision,4.0,2,0,1,gt_30,gt_30,no_change,1,1,0,0,1_to_2,0
9738,1995,31_to_35,0,married,mazda,sport,30k_to_39k,6y,1,liability,4.0,3,0,gt_4,gt_30,gt_30,1y,1,0,0,0,gt_5,0
9747,1995,31_to_35,0,married,mazda,sport,30k_to_39k,7y,1,liability,4.0,1,0,none,gt_30,gt_30,no_change,1,0,0,0,gt_5,0
9750,1995,31_to_35,0,single,pontiac,sedan,20k_to_29k,7y,1,all_perils,4.0,4,0,none,gt_30,gt_30,no_change,1,0,0,0,none,0
9754,1995,31_to_35,0,married,toyota,sport,30k_to_39k,7y,1,liability,4.0,1,0,2_to_4,gt_30,gt_30,no_change,1,0,0,0,none,0
9756,1995,31_to_35,0,married,mazda,sedan,20k_to_29k,4y,1,collision,4.0,2,0,none,gt_30,gt_30,no_change,1,0,0,0,none,0
9757,1995,31_to_35,1,single,mazda,sedan,20k_to_29k,5y,1,all_perils,4.0,1,0,none,gt_30,gt_30,no_change,1,0,0,0,1_to_2,0
9759,1995,31_to_35,0,married,acura,sport,30k_to_39k,7y,3_to_4,liability,4.0,4,0,none,gt_30,gt_30,no_change,1,1,0,0,gt_5,0
9760,1995,31_to_35,0,married,honda,sport,gt_69k,6y,1,liability,4.0,2,0,2_to_4,gt_30,gt_30,no_change,1,0,0,0,1_to_2,0
9761,1995,41_to_50,0,single,toyota,sedan,20k_to_29k,gt_7y,1,all_perils,4.0,1,0,none,gt_30,gt_30,no_change,1,0,0,0,gt_5,0
9767,1995,41_to_50,0,married,mazda,sport,20k_to_29k,gt_7y,1,liability,4.0,3,0,gt_4,gt_30,gt_30,no_change,0,0,0,0,1_to_2,0
9769,1995,26_to_30,0,single,mazda,sport,30k_to_39k,5y,1,liability,4.0,1,0,gt_4,gt_30,gt_30,no_change,0,1,0,0,gt_5,0
9773,1995,31_to_35,0,single,pontiac,sedan,20k_to_29k,6y,1,collision,4.0,2,0,2_to_4,gt_30,gt_30,no_change,1,0,0,0,1_to_2,0
9776,1995,31_to_35,0,single,other,sport,30k_to_39k,6y,1,liability,4.0,2,0,2_to_4,gt_30,gt_30,no_change,1,0,0,0,1_to_2,0
9778,1995,26_to_30,1,single,pontiac,sedan,20k_to_29k,5y,1,collision,4.0,2,0,2_to_4,gt_30,gt_30,no_change,1,0,0,0,1_to_2,0
9780,1995,41_to_50,0,married,chevrolet,sport,gt_69k,gt_7y,1,liability,4.0,4,0,1,gt_30,gt_30,no_change,1,0,0,0,gt_5,0
9781,1995,36_to_40,0,married,toyota,sedan,lt_20k,7y,1,all_perils,4.0,1,0,1,gt_30,gt_30,no_change,0,0,1,1,none,0
9782,1995,31_to_35,0,married,pontiac,sedan,gt_69k,6y,1,all_perils,4.0,1,0,none,gt_30,gt_30,no_change,0,0,0,0,none,0
9784,1995,51_to_65,0,married,pontiac,sedan,lt_20k,gt_7y,1,all_perils,4.0,2,0,1,gt_30,gt_30,no_change,1,0,0,0,none,0
9788,1995,31_to_35,1,single,pontiac,sedan,20k_to_29k,5y,1,collision,4.0,3,0,none,gt_30,gt_30,no_change,1,1,0,0,none,0
9789,1995,26_to_30,0,single,toyota,sedan,lt_20k,5y,1,all_perils,4.0,4,0,2_to_4,gt_30,gt_30,no_change,1,0,0,0,3_to_5,0
9791,1995,31_to_35,0,married,chevrolet,sedan,30k_to_39k,7y,1,collision,4.0,2,0,1,gt_30,gt_30,no_change,1,0,0,0,none,0
9792,1995,41_to_50,0,married,acura,sedan,20k_to_29k,6y,1,collision,4.0,2,0,2_to_4,gt_30,gt_30,no_change,1,0,0,0,1_to_2,0
9794,1995,36_to_40,0,married,pontiac,sport,20k_to_29k,7y,1,liability,4.0,4,0,gt_4,gt_30,gt_30,no_change,1,0,0,0,1_to_2,0
9805,1995,31_to_35,0,married,pontiac,sedan,30k_to_39k,6y,1,all_perils,4.0,1,0,none,gt_30,gt_30,no_change,1,0,0,0,gt_5,0
9808,1995,over_65,0,married,mazda,sedan,20k_to_29k,gt_7y,2,all_perils,4.0,1,0,none,gt_30,gt_30,4_to_8y,1,0,0,0,none,0
9814,1995,31_to_35,0,married,chevrolet,sedan,30k_to_39k,6y,1,collision,4.0,4,0,1,gt_30,gt_30,no_change,1,0,0,0,none,1
9817,1995,26_to_30,0,single,pontiac,sport,20k_to_29k,5y,1,liability,4.0,2,0,2_to_4,gt_30,gt_30,no_change,0,0,0,0,3_to_5,0
9822,1995,31_to_35,0,married,mazda,sedan,20k_to_29k,7y,1,collision,4.0,4,0,none,gt_30,gt_30,no_change,1,0,0,0,gt_5,0
9824,1995,31_to_35,0,married,mazda,sedan,20k_to_29k,6y,1,collision,4.0,4,0,none,gt_30,gt_30,no_change,1,0,0,1,none,0
9827,1995,36_to_40,0,married,acura,sport,30k_to_39k,7y,1,liability,4.0,3,0,gt_4,gt_30,gt_30,no_change,1,0,0,1,none,0
9833,1995,31_to_35,0,single,mazda,sport,30k_to_39k,6y,1,liability,4.0,2,0,2_to_4,gt_30,gt_30,no_change,1,0,0,0,3_to_5,0
9834,1995,36_to_40,0,single,toyota,sedan,20k_to_29k,7y,1,collision,4.0,1,0,none,gt_30,gt_30,no_change,0,0,0,0,none,0
9835,1995,51_to_65,0,married,pontiac,sedan,30k_to_39k,7y,1,collision,4.0,4,0,none,gt_30,gt_30,no_change,1,0,0,0,none,0
9836,1995,31_to_35,0,married,other,sport,30k_to_39k,7y,1,liability,4.0,3,0,gt_4,gt_30,gt_30,no_change,1,0,0,0,1_to_2,0
9839,1995,over_65,1,married,pontiac,sport,30k_to_39k,gt_7y,1,liability,4.0,4,0,1,gt_30,gt_30,no_change,1,0,0,0,none,0
9844,1995,36_to_40,0,married,pontiac,sedan,30k_to_39k,7y,1,all_perils,5.0,3,0,none,gt_30,gt_30,2_to_3y,1,0,0,0,none,0
9851,1995,51_to_65,0,married,honda,sedan,20k_to_29k,7y,1,collision,4.0,2,0,2_to_4,gt_30,gt_30,no_change,1,0,0,0,gt_5,0
9856,1995,41_to_50,0,married,mazda,sport,20k_to_29k,7y,1,liability,4.0,4,0,2_to_4,gt_30,gt_30,no_change,1,1,0,0,none,0
9858,1995,31_to_35,0,single,honda,sedan,20k_to_29k,6y,1,all_perils,4.0,1,0,2_to_4,gt_30,gt_30,no_change,1,0,0,0,1_to_2,0
9867,1995,36_to_40,0,married,mazda,sedan,gt_69k,7y,1,all_perils,4.0,1,0,none,gt_30,gt_30,no_change,1,0,0,0,3_to_5,1
9868,1995,36_to_40,0,married,honda,sedan,20k_to_29k,6y,1,collision,4.0,2,0,gt_4,gt_30,gt_30,no_change,0,0,0,0,1_to_2,0
9870,1995,31_to_35,0,single,ford,sedan,30k_to_39k,6y,1,collision,4.0,3,1,none,gt_30,gt_30,no_change,0,0,0,0,1_to_2,0
9875,1995,26_to_30,1,married,toyota,sport,20k_to_29k,5y,1,liability,4.0,2,0,2_to_4,gt_30,gt_30,no_change,1,0,0,0,3_to_5,0
9877,1995,36_to_40,0,married,mazda,utility,gt_69k,7y,1,all_perils,4.0,4,0,2_to_4,gt_30,gt_30,no_change,1,0,0,0,none,0
9879,1995,31_to_35,0,married,toyota,sedan,20k_to_29k,6y,1,collision,4.0,2,0,none,gt_30,gt_30,no_change,0,0,0,0,none,0
9880,1995,31_to_35,0,married,honda,sedan,30k_to_39k,7y,1,collision,4.0,3,0,none,gt_30,gt_30,no_change,1,0,0,0,none,1
9881,1995,36_to_40,0,married,chevrolet,sport,20k_to_29k,7y,1,liability,4.0,2,0,2_to_4,gt_30,gt_30,no_change,1,0,0,0,gt_5,0
9882,1995,31_to_35,0,married,honda,sedan,30k_to_39k,6y,3_to_4,collision,4.0,3,0,none,gt_30,gt_30,no_change,1,0,0,0,gt_5,0
9883,1995,51_to_65,0,married,pontiac,utility,gt_69k,gt_7y,1,all_perils,4.0,3,0,2_to_4,gt_30,gt_30,no_change,1,0,0,0,1_to_2,0
9885,1995,31_to_35,0,married,pontiac,sedan,20k_to_29k,6y,1,collision,4.0,4,0,none,gt_30,gt_30,no_change,0,0,0,0,1_to_2,0
9886,1995,36_to_40,0,married,toyota,sedan,lt_20k,7y,1,all_perils,4.0,1,0,none,gt_30,gt_30,no_change,0,0,0,0,none,0
9888,1995,36_to_40,0,married,chevrolet,sport,30k_to_39k,gt_7y,1,liability,4.0,3,0,gt_4,gt_30,gt_30,no_change,1,0,0,0,none,0
9892,1995,over_65,1,married,other,sport,30k_to_39k,7y,2,liability,4.0,2,0,1,gt_30,gt_30,4_to_8y,0,1,0,0,gt_5,0
9895,1995,31_to_35,0,single,mazda,sport,gt_69k,6y,1,liability,5.0,3,0,2_to_4,gt_30,gt_30,2_to_3y,1,0,0,0,none,0
9897,1995,31_to_35,1,married,toyota,sedan,gt_69k,7y,1,all_perils,4.0,2,0,2_to_4,gt_30,gt_30,no_change,1,1,0,0,1_to_2,0
9899,1995,31_to_35,0,single,pontiac,sedan,20k_to_29k,6y,1,collision,4.0,3,0,1,gt_30,gt_30,no_change,1,0,0,0,3_to_5,0
9900,1995,36_to_40,0,married,other,sport,30k_to_39k,7y,1,liability,4.0,1,0,1,gt_30,gt_30,no_change,0,0,0,0,gt_5,0
9901,1995,36_to_40,0,married,honda,sport,20k_to_29k,7y,1,liability,4.0,1,0,2_to_4,gt_30,gt_30,no_change,1,0,0,0,1_to_2,0
9907,1995,51_to_65,0,married,chevrolet,sedan,20k_to_29k,gt_7y,1,all_perils,4.0,1,0,gt_4,gt_30,gt_30,no_change,0,0,0,0,3_to_5,0
9908,1995,over_65,0,married,honda,sport,20k_to_29k,gt_7y,1,liability,4.0,2,0,1,gt_30,gt_30,no_change,0,0,0,0,none,0
9911,1995,51_to_65,0,married,mazda,sedan,40k_to_59k,gt_7y,1,collision,4.0,3,0,2_to_4,gt_30,gt_30,no_change,1,0,0,0,none,0
9914,1995,31_to_35,0,married,pontiac,sedan,30k_to_39k,6y,1,collision,4.0,3,0,none,gt_30,gt_30,no_change,1,0,0,0,1_to_2,0
9916,1995,31_to_35,0,single,toyota,sedan,20k_to_29k,7y,1,collision,4.0,3,0,2_to_4,gt_30,gt_30,no_change,0,1,0,0,1_to_2,0
9919,1995,31_to_35,0,married,honda,sport,20k_to_29k,6y,1,liability,4.0,3,0,gt_4,gt_30,gt_30,no_change,1,0,0,0,3_to_5,0
9920,1995,31_to_35,1,single,pontiac,sport,20k_to_29k,7y,1,liability,4.0,1,0,2_to_4,gt_30,gt_30,1y,0,0,0,0,none,0
9922,1995,36_to_40,0,married,honda,sedan,gt_69k,gt_7y,1,collision,4.0,4,0,gt_4,gt_30,gt_30,no_change,1,1,0,0,1_to_2,0
9925,1995,51_to_65,0,married,honda,sport,gt_69k,gt_7y,1,collision,4.0,3,0,2_to_4,gt_30,gt_30,no_change,0,0,0,0,none,0
9927,1995,31_to_35,0,married,pontiac,sport,20k_to_29k,7y,1,liability,4.0,3,0,2_to_4,gt_30,gt_30,no_change,1,0,0,0,1_to_2,0
9933,1995,31_to_35,0,married,honda,sport,20k_to_29k,5y,1,liability,4.0,1,0,gt_4,gt_30,gt_30,no_change,1,0,0,0,none,0
9937,1995,36_to_40,0,single,pontiac,sport,20k_to_29k,gt_7y,1,liability,4.0,3,0,2_to_4,gt_30,gt_30,no_change,1,0,0,0,none,0
9938,1995,31_to_35,0,married,toyota,sedan,20k_to_29k,6y,1,collision,4.0,1,0,1,gt_30,gt_30,no_change,0,0,0,0,gt_5,0
9939,1995,41_to_50,0,single,toyota,sedan,30k_to_39k,gt_7y,1,collision,4.0,2,0,2_to_4,gt_30,gt_30,no_change,1,0,0,0,1_to_2,0
9945,1995,31_to_35,0,single,toyota,sedan,20k_to_29k,6y,1,all_perils,4.0,1,0,2_to_4,gt_30,gt_30,no_change,0,0,0,0,gt_5,0
9946,1995,31_to_35,0,married,ford,sedan,40k_to_59k,7y,1,all_perils,5.0,4,0,2_to_4,gt_30,gt_30,2_to_3y,0,0,0,0,1_to_2,1
9950,1995,36_to_40,0,married,mazda,sport,20k_to_29k,7y,1,liability,4.0,1,0,1,gt_30,gt_30,no_change,1,0,0,0,none,0
9951,1995,36_to_40,0,single,other,sedan,gt_69k,7y,1,all_perils,4.0,3,0,2_to_4,gt_30,gt_30,no_change,1,1,0,0,gt_5,0
9952,1995,31_to_35,0,single,honda,sedan,20k_to_29k,7y,1,collision,7.0,3,0,gt_4,gt_30,gt_30,no_change,1,0,0,1,gt_5,0
9956,1995,41_to_50,0,married,pontiac,sport,30k_to_39k,gt_7y,1,liability,4.0,1,0,gt_4,gt_30,gt_30,no_change,1,0,0,0,3_to_5,0
9964,1995,31_to_35,0,single,mazda,sport,20k_to_29k,6y,3_to_4,liability,4.0,4,0,none,gt_30,gt_30,no_change,0,0,0,0,none,0
9969,1995,31_to_35,1,married,toyota,sedan,20k_to_29k,6y,1,collision,4.0,1,0,none,gt_30,gt_30,no_change,1,0,0,0,none,0
9977,1995,26_to_30,1,single,toyota,sport,20k_to_29k,5y,1,liability,4.0,2,0,none,gt_30,gt_30,no_change,1,0,0,0,gt_5,0
9981,1995,36_to_40,0,single,chevrolet,sport,20k_to_29k,7y,1,liability,4.0,1,0,2_to_4,gt_30,gt_30,no_change,1,0,0,0,gt_5,0
9982,1995,31_to_35,0,married,honda,sedan,lt_20k,7y,1,all_perils,4.0,2,0,2_to_4,gt_30,gt_30,no_change,0,0,0,0,1_to_2,0
9986,1995,41_to_50,0,married,ford,utility,gt_69k,7y,1,all_perils,4.0,2,0,gt_4,gt_30,gt_30,no_change,1,0,0,0,none,1
9987,1995,41_to_50,0,married,pontiac,sedan,lt_20k,gt_7y,1,all_perils,4.0,2,0,2_to_4,gt_30,gt_30,no_change,1,0,0,1,gt_5,0
9988,1995,31_to_35,0,single,ford,sport,30k_to_39k,7y,1,liability,4.0,3,0,2_to_4,gt_30,gt_30,no_change,1,0,0,0,none,0
9991,1995,31_to_35,0,single,honda,sport,20k_to_29k,6y,1,liability,4.0,2,0,none,gt_30,gt_30,no_change,1,0,0,0,none,0
9994,1995,41_to_50,0,married,ford,utility,gt_69k,6y,1,all_perils,4.0,4,0,2_to_4,gt_30,gt_30,no_change,1,0,0,0,gt_5,0
9995,1995,41_to_50,0,married,ford,sedan,30k_to_39k,7y,1,all_perils,4.0,4,0,2_to_4,gt_30,gt_30,no_change,1,0,0,0,gt_5,0
10005,1995,51_to_65,0,married,toyota,sedan,lt_20k,gt_7y,3_to_4,collision,4.0,4,0,1,gt_30,gt_30,no_change,1,0,0,0,1_to_2,0
10008,1995,36_to_40,0,married,pontiac,sedan,30k_to_39k,gt_7y,1,collision,4.0,4,0,1,gt_30,gt_30,no_change,1,0,0,0,none,0
10011,1995,51_to_65,0,married,mazda,sedan,30k_to_39k,gt_7y,1,collision,4.0,2,0,none,gt_30,gt_30,1y,1,0,0,0,gt_5,0
10012,1995,31_to_35,1,single,pontiac,sedan,20k_to_29k,6y,1,collision,4.0,2,0,1,gt_30,gt_30,no_change,1,0,0,0,1_to_2,0
10013,1995,41_to_50,0,single,other,sport,30k_to_39k,gt_7y,1,liability,4.0,2,0,2_to_4,gt_30,gt_30,no_change,0,0,0,0,none,0
10018,1995,21_to_25,0,single,pontiac,sport,20k_to_29k,2y,2,liability,4.0,4,0,gt_4,gt_30,gt_30,4_to_8y,1,0,0,0,gt_5,0
10020,1995,41_to_50,0,married,toyota,sedan,20k_to_29k,gt_7y,1,collision,4.0,3,0,2_to_4,gt_30,gt_30,no_change,0,0,0,0,none,0
10024,1995,41_to_50,0,married,toyota,sport,30k_to_39k,gt_7y,1,liability,4.0,4,0,1,gt_30,gt_30,no_change,1,0,0,0,gt_5,0
10025,1995,41_to_50,0,married,chevrolet,sedan,30k_to_39k,gt_7y,1,all_perils,4.0,4,0,2_to_4,gt_30,gt_30,no_change,1,0,0,0,gt_5,0
10034,1995,41_to_50,0,married,toyota,sedan,lt_20k,gt_7y,1,all_perils,4.0,2,0,1,gt_30,gt_30,no_change,0,0,0,0,none,0
10062,1995,41_to_50,0,married,mazda,sedan,20k_to_29k,7y,1,collision,4.0,1,0,2_to_4,gt_30,gt_30,no_change,1,0,0,0,none,0
10065,1995,over_65,0,married,pontiac,sport,20k_to_29k,gt_7y,1,liability,4.0,4,0,2_to_4,gt_30,gt_30,no_change,1,0,0,0,gt_5,0
10069,1995,31_to_35,0,single,pontiac,sedan,20k_to_29k,7y,1,collision,4.0,2,0,none,gt_30,gt_30,no_change,0,0,0,0,none,0
10072,1995,36_to_40,1,single,pontiac,sport,20k_to_29k,gt_7y,1,liability,4.0,3,1,2_to_4,gt_30,gt_30,no_change,0,0,0,0,gt_5,0
10076,1995,36_to_40,0,married,mazda,sedan,20k_to_29k,7y,1,collision,7.0,1,0,2_to_4,gt_30,gt_30,no_change,0,0,0,0,gt_5,0
10077,1995,31_to_35,0,married,other,sport,gt_69k,7y,1,liability,4.0,2,1,none,gt_30,gt_30,no_change,1,0,0,0,gt_5,0
10083,1995,31_to_35,0,married,toyota,sport,20k_to_29k,7y,1,liability,4.0,4,0,none,gt_30,gt_30,no_change,0,0,0,0,1_to_2,0
10086,1995,36_to_40,0,married,mazda,sport,30k_to_39k,7y,1,liability,4.0,1,0,none,gt_30,gt_30,no_change,1,0,0,0,3_to_5,0
10088,1995,31_to_35,0,single,honda,sedan,20k_to_29k,5y,1,collision,4.0,4,0,2_to_4,gt_30,gt_30,no_change,1,0,0,0,1_to_2,1
10092,1995,31_to_35,1,divorced,honda,sedan,20k_to_29k,5y,1,collision,4.0,2,0,gt_4,gt_30,gt_30,no_change,1,0,0,1,none,0
10093,1995,51_to_65,1,married,pontiac,sport,20k_to_29k,7y,1,liability,4.0,2,0,none,gt_30,gt_30,no_change,1,0,0,0,gt_5,0
10095,1995,41_to_50,0,married,chevrolet,sport,30k_to_39k,7y,1,liability,4.0,2,0,gt_4,gt_30,gt_30,no_change,1,0,0,0,gt_5,0
10103,1995,36_to_40,0,married,toyota,sport,20k_to_29k,7y,1,liability,4.0,3,0,gt_4,gt_30,gt_30,no_change,1,0,0,0,gt_5,0
10112,1995,31_to_35,0,married,toyota,sedan,20k_to_29k,7y,1,all_perils,4.0,4,0,2_to_4,gt_30,gt_30,no_change,0,0,0,0,gt_5,0
10114,1995,51_to_65,0,married,other,sedan,40k_to_59k,gt_7y,1,collision,4.0,1,0,none,8_to_15,15_to_30,no_change,1,0,0,0,none,0
10118,1995,31_to_35,0,single,pontiac,sport,30k_to_39k,6y,1,liability,4.0,1,0,1,gt_30,gt_30,no_change,0,0,0,0,gt_5,0
10121,1995,36_to_40,0,single,pontiac,sport,30k_to_39k,gt_7y,1,liability,4.0,2,0,gt_4,gt_30,gt_30,no_change,1,0,0,0,none,0
10123,1995,36_to_40,1,married,toyota,sedan,lt_20k,4y,2,all_perils,4.0,4,0,none,gt_30,gt_30,4_to_8y,0,0,0,0,none,0
10125,1995,36_to_40,0,single,pontiac,utility,40k_to_59k,7y,1,all_perils,4.0,2,0,gt_4,gt_30,gt_30,no_change,1,0,0,0,none,1
10126,1995,31_to_35,0,married,toyota,sedan,20k_to_29k,7y,1,collision,4.0,2,0,2_to_4,gt_30,gt_30,no_change,0,0,0,0,1_to_2,0
10128,1995,41_to_50,0,married,pontiac,sedan,20k_to_29k,gt_7y,3_to_4,collision,4.0,1,0,2_to_4,gt_30,gt_30,no_change,1,0,0,0,none,0
10133,1995,51_to_65,0,married,other,sedan,30k_to_39k,gt_7y,1,collision,4.0,1,0,1,gt_30,gt_30,no_change,1,0,0,0,1_to_2,0
10138,1995,31_to_35,0,married,pontiac,sedan,20k_to_29k,7y,1,collision,7.0,3,0,1,gt_30,gt_30,no_change,0,0,0,0,none,0
10140,1995,51_to_65,0,married,toyota,sedan,20k_to_29k,gt_7y,1,all_perils,4.0,2,0,1,gt_30,gt_30,no_change,0,0,0,0,gt_5,0
10144,1995,41_to_50,0,married,pontiac,sedan,20k_to_29k,gt_7y,2,all_perils,4.0,3,0,gt_4,gt_30,gt_30,4_to_8y,1,0,0,0,3_to_5,0
10146,1995,36_to_40,1,married,pontiac,sedan,20k_to_29k,7y,1,all_perils,4.0,3,0,2_to_4,gt_30,gt_30,no_change,1,0,0,0,1_to_2,0
10148,1995,36_to_40,0,married,acura,sedan,30k_to_39k,gt_7y,1,all_perils,4.0,4,0,2_to_4,gt_30,gt_30,no_change,0,0,0,0,none,0
10151,1995,26_to_30,0,single,pontiac,sport,20k_to_29k,5y,1,liability,4.0,2,0,gt_4,gt_30,gt_30,no_change,1,1,0,0,1_to_2,0
10153,1995,over_65,0,married,ford,sedan,40k_to_59k,gt_7y,1,all_perils,4.0,2,0,none,gt_30,gt_30,no_change,1,0,0,0,1_to_2,0
10155,1995,51_to_65,0,married,chevrolet,sedan,20k_to_29k,gt_7y,1,collision,4.0,2,0,2_to_4,gt_30,gt_30,no_change,0,0,0,0,gt_5,0
10156,1995,36_to_40,0,single,pontiac,sedan,gt_69k,7y,1,all_perils,4.0,3,0,none,gt_30,gt_30,no_change,1,0,0,0,3_to_5,1
10160,1995,31_to_35,0,single,mazda,sport,20k_to_29k,5y,1,liability,4.0,4,0,1,gt_30,gt_30,no_change,1,0,0,0,none,0
10164,1995,36_to_40,0,married,toyota,sedan,20k_to_29k,7y,1,all_perils,4.0,3,0,2_to_4,gt_30,gt_30,no_change,0,0,0,0,none,0
10166,1995,26_to_30,0,single,pontiac,sedan,30k_to_39k,5y,1,collision,4.0,1,0,1,gt_30,gt_30,no_change,1,0,0,0,3_to_5,0
10171,1995,31_to_35,1,married,toyota,sedan,20k_to_29k,7y,1,all_perils,4.0,4,0,none,gt_30,gt_30,no_change,1,0,0,0,3_to_5,0
10172,1995,31_to_35,0,married,pontiac,sedan,20k_to_29k,7y,1,collision,4.0,2,0,none,gt_30,gt_30,no_change,1,0,0,0,1_to_2,0
10173,1995,31_to_35,0,single,toyota,sedan,20k_to_29k,6y,1,collision,4.0,1,0,gt_4,gt_30,gt_30,no_change,0,0,0,0,none,0
10175,1995,41_to_50,0,married,pontiac,sedan,30k_to_39k,6y,1,all_perils,4.0,2,0,none,gt_30,gt_30,no_change,0,0,0,0,1_to_2,0
10178,1995,31_to_35,0,married,toyota,sedan,20k_to_29k,6y,1,collision,4.0,1,1,1,gt_30,gt_30,no_change,0,0,0,0,1_to_2,0
10181,1995,51_to_65,0,married,pontiac,sedan,lt_20k,7y,1,all_perils,4.0,1,0,none,gt_30,gt_30,no_change,1,1,0,0,1_to_2,0
10182,1995,16_to_17,0,single,honda,utility,gt_69k,new,1,all_perils,4.0,3,0,1,gt_30,gt_30,no_change,1,0,0,0,none,0
10191,1995,36_to_40,0,married,pontiac,sedan,20k_to_29k,7y,1,all_perils,4.0,1,0,none,gt_30,gt_30,no_change,1,0,0,0,3_to_5,0
10193,1995,51_to_65,0,married,chevrolet,sport,30k_to_39k,gt_7y,1,liability,4.0,2,0,2_to_4,gt_30,gt_30,1y,1,0,0,0,gt_5,0
10197,1995,41_to_50,0,married,mazda,sedan,30k_to_39k,gt_7y,1,all_perils,4.0,3,0,1,gt_30,gt_30,no_change,0,0,0,0,none,0
10201,1995,41_to_50,1,married,toyota,sport,20k_to_29k,6y,1,liability,5.0,4,0,gt_4,gt_30,gt_30,2_to_3y,1,0,0,0,gt_5,0
10204,1995,over_65,0,married,toyota,sedan,lt_20k,gt_7y,1,all_perils,4.0,3,0,1,gt_30,gt_30,no_change,1,1,0,0,gt_5,0
10206,1995,31_to_35,0,married,honda,sport,gt_69k,7y,1,collision,4.0,4,0,none,gt_30,gt_30,no_change,1,0,0,0,none,0
10209,1995,31_to_35,1,single,mazda,sedan,20k_to_29k,5y,1,collision,4.0,4,0,gt_4,gt_30,gt_30,no_change,0,0,0,0,gt_5,0
10212,1995,31_to_35,0,married,chevrolet,sport,20k_to_29k,6y,1,liability,4.0,4,0,none,gt_30,gt_30,no_change,1,1,0,0,none,0
10213,1995,36_to_40,0,married,mazda,sport,30k_to_39k,7y,1,liability,4.0,1,0,gt_4,gt_30,gt_30,no_change,1,0,0,0,gt_5,0
10217,1995,over_65,0,married,ford,sedan,60k_to_69k,gt_7y,1,collision,4.0,4,0,2_to_4,gt_30,gt_30,no_change,1,1,0,0,gt_5,0
10220,1995,41_to_50,0,married,honda,sport,30k_to_39k,7y,1,liability,4.0,2,0,gt_4,gt_30,gt_30,no_change,1,0,0,0,3_to_5,0
10222,1995,31_to_35,1,married,pontiac,sedan,20k_to_29k,6y,1,collision,4.0,4,0,2_to_4,gt_30,gt_30,no_change,1,0,0,0,1_to_2,0
10226,1995,over_65,0,married,mazda,sedan,30k_to_39k,gt_7y,1,all_perils,4.0,1,0,none,gt_30,gt_30,no_change,0,1,0,0,1_to_2,0
10228,1995,41_to_50,0,married,toyota,sedan,20k_to_29k,gt_7y,2,all_perils,4.0,3,0,1,gt_30,gt_30,4_to_8y,1,0,0,0,3_to_5,0
10232,1995,41_to_50,0,married,mazda,sedan,lt_20k,7y,1,collision,4.0,3,0,1,gt_30,gt_30,no_change,0,0,0,0,none,0
10234,1995,36_to_40,0,single,toyota,sport,30k_to_39k,7y,1,liability,4.0,2,0,1,gt_30,gt_30,no_change,1,0,0,0,none,0
10237,1995,41_to_50,0,married,toyota,sedan,20k_to_29k,gt_7y,1,all_perils,4.0,2,0,2_to_4,gt_30,gt_30,no_change,0,0,0,0,none,0
10242,1995,over_65,0,married,toyota,sedan,30k_to_39k,gt_7y,1,collision,4.0,2,0,gt_4,gt_30,gt_30,no_change,1,0,0,0,gt_5,0
10243,1995,36_to_40,0,married,acura,sport,30k_to_39k,gt_7y,1,liability,4.0,3,0,1,gt_30,gt_30,no_change,1,0,0,0,gt_5,0
10245,1995,31_to_35,0,single,chevrolet,sedan,20k_to_29k,7y,1,all_perils,4.0,3,0,none,gt_30,gt_30,no_change,0,0,0,0,none,0
10247,1995,41_to_50,0,single,honda,sedan,30k_to_39k,gt_7y,1,collision,4.0,1,0,1,gt_30,gt_30,no_change,0,0,0,0,1_to_2,0
10250,1995,over_65,1,married,pontiac,sport,20k_to_29k,gt_7y,1,liability,4.0,1,0,2_to_4,gt_30,gt_30,no_change,1,0,0,1,none,0
10258,1995,31_to_35,0,single,mazda,sedan,30k_to_39k,7y,1,collision,4.0,1,0,2_to_4,gt_30,gt_30,no_change,1,0,0,0,3_to_5,0
10261,1995,36_to_40,0,married,pontiac,utility,gt_69k,7y,1,all_perils,4.0,2,0,1,gt_30,gt_30,no_change,1,0,0,0,none,1
10262,1995,31_to_35,0,married,toyota,sedan,30k_to_39k,7y,1,collision,7.0,1,0,1,gt_30,gt_30,no_change,0,0,0,0,none,0
10272,1995,51_to_65,0,married,acura,sedan,gt_69k,gt_7y,1,all_perils,4.0,1,0,2_to_4,gt_30,gt_30,no_change,1,0,0,0,1_to_2,0
10275,1995,41_to_50,0,married,pontiac,sedan,20k_to_29k,gt_7y,1,all_perils,4.0,2,0,1,gt_30,gt_30,no_change,0,0,0,0,gt_5,0
10278,1995,31_to_35,1,single,toyota,sedan,20k_to_29k,6y,1,collision,4.0,2,0,1,gt_30,gt_30,no_change,0,0,0,0,none,0
10280,1995,51_to_65,0,married,ford,sedan,60k_to_69k,gt_7y,1,all_perils,4.0,3,0,none,gt_30,gt_30,no_change,1,0,0,0,none,0
10283,1995,41_to_50,0,married,pontiac,sedan,lt_20k,gt_7y,1,all_perils,4.0,4,0,none,gt_30,gt_30,no_change,1,0,0,0,none,0
10285,1995,26_to_30,0,single,honda,sport,20k_to_29k,5y,1,liability,4.0,3,0,2_to_4,gt_30,gt_30,no_change,0,0,0,0,none,0
10287,1995,36_to_40,0,single,chevrolet,sport,30k_to_39k,7y,1,liability,4.0,4,0,2_to_4,gt_30,gt_30,no_change,1,0,0,0,gt_5,0
10290,1995,51_to_65,0,married,mazda,sedan,20k_to_29k,gt_7y,1,collision,4.0,2,0,none,gt_30,gt_30,no_change,1,0,0,0,3_to_5,0
10292,1995,over_65,0,single,mazda,sedan,20k_to_29k,gt_7y,3_to_4,all_perils,4.0,1,0,gt_4,gt_30,gt_30,no_change,1,0,0,0,gt_5,1
10293,1995,41_to_50,0,married,pontiac,sedan,lt_20k,gt_7y,1,collision,7.0,3,0,none,gt_30,gt_30,no_change,0,1,0,0,none,0
10294,1995,31_to_35,0,single,honda,sport,gt_69k,6y,1,liability,4.0,2,0,2_to_4,gt_30,gt_30,no_change,1,0,0,0,3_to_5,0
10300,1995,36_to_40,0,married,honda,sedan,30k_to_39k,7y,1,collision,4.0,2,0,1,gt_30,gt_30,no_change,0,0,0,0,none,0
10301,1995,41_to_50,0,married,pontiac,sedan,20k_to_29k,gt_7y,1,all_perils,4.0,2,0,2_to_4,gt_30,gt_30,no_change,1,0,0,0,1_to_2,0
10327,1995,26_to_30,1,single,chevrolet,sedan,20k_to_29k,5y,1,collision,4.0,2,0,2_to_4,gt_30,gt_30,no_change,0,0,0,0,gt_5,0
10333,1995,31_to_35,0,single,honda,sport,20k_to_29k,7y,3_to_4,liability,4.0,4,0,2_to_4,gt_30,gt_30,4_to_8y,1,0,0,0,none,0
10335,1995,31_to_35,0,single,honda,sedan,20k_to_29k,6y,1,collision,4.0,4,0,2_to_4,gt_30,gt_30,no_change,1,0,0,0,none,0
10336,1995,36_to_40,0,married,honda,sedan,20k_to_29k,7y,1,all_perils,4.0,1,0,1,gt_30,gt_30,no_change,1,0,0,0,1_to_2,1
10337,1995,41_to_50,0,single,toyota,sedan,20k_to_29k,gt_7y,1,all_perils,4.0,3,0,2_to_4,gt_30,gt_30,no_change,0,0,0,0,none,0
10338,1995,36_to_40,1,single,chevrolet,sedan,20k_to_29k,7y,1,collision,4.0,1,0,2_to_4,gt_30,gt_30,no_change,0,0,0,0,gt_5,0
10344,1995,26_to_30,1,single,toyota,sedan,20k_to_29k,5y,1,collision,4.0,1,0,none,gt_30,gt_30,no_change,1,0,0,0,none,1
10352,1995,41_to_50,1,married,other,sport,40k_to_59k,7y,1,liability,4.0,3,0,2_to_4,gt_30,gt_30,no_change,1,0,0,0,gt_5,0
10356,1995,36_to_40,0,married,toyota,sedan,30k_to_39k,gt_7y,1,all_perils,4.0,2,0,2_to_4,gt_30,gt_30,no_change,1,0,0,0,gt_5,0
10358,1995,26_to_30,0,single,other,sport,20k_to_29k,5y,1,liability,4.0,2,0,1,gt_30,gt_30,no_change,1,1,0,0,none,1
10359,1995,41_to_50,1,married,pontiac,sport,30k_to_39k,7y,1,liability,4.0,4,0,2_to_4,gt_30,gt_30,no_change,1,1,0,0,none,0
10362,1995,51_to_65,0,married,pontiac,sedan,20k_to_29k,gt_7y,1,collision,4.0,4,0,none,gt_30,gt_30,no_change,0,0,0,0,none,0
10364,1995,36_to_40,0,married,chevrolet,sport,40k_to_59k,7y,1,liability,4.0,1,0,1,gt_30,gt_30,no_change,1,0,0,0,gt_5,0
10365,1995,36_to_40,0,married,pontiac,sport,20k_to_29k,7y,1,liability,4.0,3,0,2_to_4,gt_30,gt_30,no_change,1,0,0,0,none,0
10367,1995,31_to_35,0,married,pontiac,sport,gt_69k,6y,1,liability,4.0,3,0,gt_4,gt_30,gt_30,no_change,1,0,0,0,none,0
10368,1995,41_to_50,1,married,pontiac,sedan,20k_to_29k,7y,1,all_perils,4.0,2,0,1,gt_30,gt_30,no_change,1,0,0,0,none,0
10369,1995,16_to_17,0,single,honda,sport,gt_69k,new,1,liability,4.0,2,0,2_to_4,gt_30,gt_30,no_change,1,0,0,1,none,0
10372,1995,31_to_35,0,married,pontiac,sedan,lt_20k,7y,1,all_perils,4.0,3,0,2_to_4,gt_30,gt_30,no_change,1,0,0,0,none,0
10383,1995,36_to_40,0,single,pontiac,sport,20k_to_29k,7y,1,liability,4.0,2,0,2_to_4,gt_30,gt_30,no_change,1,0,0,0,none,0
10386,1995,31_to_35,0,single,honda,sport,gt_69k,5y,1,collision,4.0,1,0,none,gt_30,gt_30,no_change,1,0,0,0,gt_5,0
10392,1995,41_to_50,0,married,honda,sedan,20k_to_29k,gt_7y,1,collision,4.0,1,0,2_to_4,gt_30,gt_30,no_change,1,0,0,0,gt_5,0
10396,1995,36_to_40,0,married,mazda,sedan,30k_to_39k,7y,2,collision,4.0,1,0,2_to_4,gt_30,gt_30,4_to_8y,1,0,0,0,3_to_5,0
10397,1995,31_to_35,0,married,honda,sport,20k_to_29k,7y,1,liability,4.0,1,0,1,gt_30,gt_30,no_change,0,0,0,0,none,0
10399,1995,51_to_65,1,married,chevrolet,sedan,20k_to_29k,gt_7y,1,collision,4.0,3,0,none,gt_30,gt_30,no_change,1,0,0,0,1_to_2,0
10400,1995,31_to_35,1,single,other,sedan,30k_to_39k,6y,1,collision,4.0,2,0,none,gt_30,gt_30,no_change,0,0,0,0,none,0
10404,1995,31_to_35,0,married,pontiac,sport,20k_to_29k,5y,1,liability,4.0,3,0,gt_4,gt_30,gt_30,no_change,0,0,0,0,none,0
10408,1995,over_65,0,married,other,sedan,30k_to_39k,gt_7y,1,all_perils,4.0,4,0,none,gt_30,gt_30,no_change,1,0,0,0,gt_5,0
10411,1995,41_to_50,0,married,toyota,sedan,lt_20k,gt_7y,1,all_perils,4.0,1,0,1,gt_30,gt_30,no_change,1,1,0,0,1_to_2,0
10416,1995,31_to_35,0,married,pontiac,sedan,20k_to_29k,7y,1,collision,4.0,1,0,1,gt_30,gt_30,no_change,1,0,0,0,none,0
10419,1995,26_to_30,0,single,acura,sedan,30k_to_39k,5y,1,all_perils,4.0,4,0,2_to_4,gt_30,gt_30,no_change,1,0,0,0,none,0
10422,1995,31_to_35,0,single,honda,sedan,20k_to_29k,5y,1,collision,4.0,1,0,1,gt_30,gt_30,no_change,1,0,0,0,gt_5,0
10423,1995,36_to_40,0,single,chevrolet,sport,20k_to_29k,6y,1,liability,4.0,1,0,gt_4,gt_30,gt_30,no_change,1,0,0,0,1_to_2,0
10427,1995,31_to_35,0,single,pontiac,sport,30k_to_39k,6y,1,liability,4.0,1,0,gt_4,gt_30,gt_30,no_change,1,0,0,0,3_to_5,0
10437,1995,31_to_35,0,married,pontiac,sedan,20k_to_29k,7y,1,collision,4.0,1,0,none,gt_30,gt_30,no_change,1,0,0,0,gt_5,0
10439,1995,51_to_65,0,married,mazda,sedan,lt_20k,7y,1,all_perils,4.0,1,0,1,gt_30,gt_30,no_change,1,1,0,0,3_to_5,0
10440,1995,41_to_50,1,married,pontiac,sedan,20k_to_29k,6y,1,collision,4.0,2,0,none,gt_30,gt_30,no_change,1,1,0,0,none,1
10445,1995,31_to_35,0,single,toyota,sedan,20k_to_29k,7y,1,collision,4.0,2,0,1,gt_30,gt_30,no_change,1,1,0,0,none,0
10454,1995,36_to_40,0,married,other,sedan,20k_to_29k,6y,1,all_perils,4.0,2,0,none,gt_30,gt_30,no_change,1,0,0,0,none,0
10457,1995,31_to_35,0,single,toyota,sedan,20k_to_29k,5y,1,all_perils,4.0,3,0,2_to_4,gt_30,gt_30,no_change,1,0,0,0,none,0
10458,1995,36_to_40,0,married,toyota,sport,20k_to_29k,gt_7y,1,liability,4.0,4,0,2_to_4,gt_30,gt_30,no_change,1,0,0,0,3_to_5,0
10461,1995,31_to_35,0,married,honda,sport,30k_to_39k,6y,1,liability,4.0,4,0,2_to_4,gt_30,gt_30,no_change,1,0,0,0,none,0
10462,1995,31_to_35,0,married,toyota,sport,30k_to_39k,6y,1,liability,4.0,4,0,none,gt_30,gt_30,no_change,1,0,0,0,1_to_2,0
10463,1995,31_to_35,0,single,mazda,sport,20k_to_29k,7y,1,liability,4.0,2,0,gt_4,gt_30,gt_30,no_change,1,0,0,0,none,0
10464,1995,41_to_50,0,married,chevrolet,sedan,30k_to_39k,gt_7y,1,collision,4.0,4,0,2_to_4,gt_30,gt_30,no_change,0,0,0,0,none,0
10470,1995,31_to_35,0,single,honda,sport,20k_to_29k,5y,1,liability,4.0,3,0,none,gt_30,gt_30,no_change,1,0,0,0,none,0
10472,1995,41_to_50,1,married,toyota,sedan,20k_to_29k,7y,1,collision,4.0,1,0,none,gt_30,gt_30,no_change,1,0,0,0,gt_5,0
10474,1995,31_to_35,0,married,mazda,sedan,20k_to_29k,6y,1,all_perils,4.0,1,0,1,gt_30,gt_30,no_change,0,0,0,0,none,0
10481,1995,41_to_50,0,married,mazda,sport,20k_to_29k,gt_7y,1,liability,4.0,4,0,gt_4,gt_30,gt_30,no_change,1,0,0,0,3_to_5,0
10483,1995,31_to_35,0,single,honda,sedan,20k_to_29k,6y,1,collision,4.0,3,0,1,gt_30,gt_30,no_change,1,0,0,0,none,0
10486,1995,16_to_17,0,single,honda,sedan,gt_69k,new,1,collision,4.0,3,0,2_to_4,gt_30,gt_30,no_change,1,0,0,0,none,0
10490,1995,36_to_40,0,married,pontiac,sport,20k_to_29k,7y,1,liability,4.0,2,0,2_to_4,gt_30,gt_30,no_change,1,0,0,0,gt_5,0
10494,1995,31_to_35,0,married,chevrolet,sedan,20k_to_29k,7y,1,collision,4.0,2,0,2_to_4,gt_30,gt_30,no_change,0,0,0,0,gt_5,0
10495,1995,51_to_65,0,married,mazda,sedan,20k_to_29k,7y,1,all_perils,4.0,2,0,1,gt_30,gt_30,no_change,0,0,0,0,gt_5,0
10496,1995,41_to_50,0,married,pontiac,sport,20k_to_29k,7y,1,liability,4.0,3,0,1,gt_30,gt_30,no_change,0,0,0,0,1_to_2,0
10497,1995,31_to_35,0,married,toyota,sedan,20k_to_29k,7y,3_to_4,all_perils,4.0,2,0,2_to_4,gt_30,gt_30,no_change,1,0,0,0,none,0
10500,1995,31_to_35,0,married,honda,sport,20k_to_29k,6y,1,liability,4.0,4,0,2_to_4,gt_30,gt_30,no_change,1,0,0,0,none,0
10501,1995,51_to_65,0,married,honda,sedan,20k_to_29k,gt_7y,2,all_perils,4.0,4,0,2_to_4,gt_30,gt_30,4_to_8y,0,0,0,0,none,0
10503,1995,31_to_35,1,married,other,sedan,gt_69k,7y,1,collision,4.0,1,0,none,gt_30,gt_30,no_change,0,0,0,0,gt_5,0
10504,1995,36_to_40,0,married,chevrolet,sedan,gt_69k,7y,1,all_perils,4.0,3,0,none,gt_30,gt_30,no_change,0,0,0,0,1_to_2,0
10505,1995,36_to_40,1,single,other,sedan,gt_69k,7y,1,all_perils,4.0,3,0,none,gt_30,gt_30,no_change,1,0,0,0,gt_5,0
10510,1995,31_to_35,1,single,honda,sport,gt_69k,6y,1,collision,4.0,3,0,1,gt_30,gt_30,no_change,1,0,0,0,none,1
10511,1995,36_to_40,1,married,pontiac,sedan,lt_20k,7y,1,collision,4.0,1,0,1,gt_30,gt_30,no_change,1,0,0,0,none,0
10519,1995,31_to_35,0,single,mazda,sport,gt_69k,5y,1,collision,4.0,2,0,none,gt_30,gt_30,no_change,0,0,0,0,1_to_2,0
10520,1995,36_to_40,0,married,honda,sedan,20k_to_29k,gt_7y,1,collision,4.0,3,0,2_to_4,gt_30,gt_30,no_change,1,0,0,0,none,0
10523,1995,31_to_35,0,married,toyota,sedan,20k_to_29k,6y,1,all_perils,4.0,2,0,1,gt_30,gt_30,no_change,0,0,0,0,1_to_2,0
10524,1995,41_to_50,0,married,ford,sport,40k_to_59k,7y,1,liability,4.0,1,0,gt_4,gt_30,gt_30,no_change,1,0,0,0,3_to_5,0
10525,1995,41_to_50,0,married,chevrolet,sport,20k_to_29k,7y,1,liability,4.0,2,0,2_to_4,gt_30,gt_30,no_change,1,0,0,0,none,0
10531,1995,41_to_50,0,married,pontiac,sedan,20k_to_29k,gt_7y,1,collision,4.0,2,0,none,gt_30,gt_30,no_change,1,0,0,0,none,0
10536,1995,31_to_35,1,married,mazda,sedan,20k_to_29k,6y,1,collision,4.0,4,0,2_to_4,gt_30,gt_30,no_change,1,0,0,0,gt_5,0
10538,1995,31_to_35,0,married,mazda,sport,20k_to_29k,6y,3_to_4,liability,4.0,3,0,2_to_4,gt_30,gt_30,no_change,1,0,0,0,gt_5,0
10540,1995,16_to_17,0,single,honda,sport,gt_69k,new,1,liability,4.0,1,0,2_to_4,gt_30,gt_30,no_change,1,0,0,0,none,0
10544,1995,36_to_40,0,married,pontiac,sport,20k_to_29k,7y,1,liability,4.0,3,0,2_to_4,gt_30,gt_30,no_change,0,0,0,0,none,0
10546,1995,36_to_40,0,married,acura,sedan,gt_69k,gt_7y,1,all_perils,4.0,2,0,2_to_4,gt_30,gt_30,no_change,1,0,0,0,none,0
10564,1995,31_to_35,0,single,pontiac,sedan,20k_to_29k,7y,2,all_perils,4.0,4,0,1,gt_30,gt_30,4_to_8y,0,0,0,0,gt_5,0
10566,1995,41_to_50,0,married,honda,sedan,20k_to_29k,gt_7y,1,all_perils,4.0,2,0,none,gt_30,gt_30,no_change,0,0,0,0,none,0
10571,1995,31_to_35,0,single,honda,sport,20k_to_29k,7y,1,liability,4.0,3,1,1,gt_30,gt_30,no_change,1,0,0,0,gt_5,0
10574,1995,over_65,0,married,honda,sport,gt_69k,gt_7y,1,collision,4.0,1,0,none,gt_30,gt_30,no_change,1,0,0,0,none,0
10579,1995,31_to_35,0,married,honda,sport,gt_69k,6y,3_to_4,collision,4.0,3,0,none,gt_30,gt_30,no_change,0,0,0,0,none,0
10581,1995,36_to_40,0,married,pontiac,sedan,30k_to_39k,6y,1,collision,4.0,4,1,none,gt_30,gt_30,no_change,0,0,0,0,3_to_5,0
10585,1995,31_to_35,0,married,honda,sedan,lt_20k,6y,2,all_perils,4.0,1,0,none,gt_30,gt_30,4_to_8y,0,0,0,0,none,0
10588,1995,31_to_35,0,married,toyota,sedan,30k_to_39k,6y,1,collision,4.0,1,0,1,gt_30,gt_30,no_change,1,0,0,0,gt_5,0
10594,1995,31_to_35,0,married,honda,sedan,20k_to_29k,7y,1,collision,4.0,3,0,2_to_4,gt_30,gt_30,no_change,1,0,0,0,gt_5,0
10597,1995,31_to_35,0,single,honda,sedan,30k_to_39k,5y,1,collision,4.0,3,0,1,gt_30,gt_30,no_change,1,0,0,0,none,0
10598,1995,51_to_65,0,married,mazda,sedan,gt_69k,gt_7y,1,all_perils,4.0,2,0,2_to_4,gt_30,gt_30,no_change,1,0,0,0,gt_5,0
10609,1995,31_to_35,0,single,pontiac,sedan,20k_to_29k,6y,1,collision,5.0,4,0,2_to_4,gt_30,gt_30,2_to_3y,1,0,0,0,none,0
10612,1995,51_to_65,0,married,pontiac,sedan,30k_to_39k,7y,1,all_perils,4.0,3,0,1,gt_30,gt_30,no_change,0,0,0,0,3_to_5,0
10613,1995,36_to_40,1,single,honda,sport,20k_to_29k,6y,1,liability,4.0,3,1,2_to_4,gt_30,gt_30,no_change,1,0,0,0,none,0
10614,1995,41_to_50,1,married,pontiac,sport,20k_to_29k,6y,1,liability,4.0,4,0,gt_4,gt_30,gt_30,no_change,1,0,0,0,none,0
10616,1995,16_to_17,0,single,honda,sedan,gt_69k,new,1,collision,4.0,1,0,none,gt_30,gt_30,no_change,1,1,0,0,none,0
10617,1995,over_65,0,married,honda,sedan,20k_to_29k,gt_7y,1,collision,4.0,3,0,1,gt_30,gt_30,no_change,0,0,0,0,gt_5,0
10618,1995,31_to_35,0,married,ford,sedan,gt_69k,6y,1,all_perils,4.0,3,0,1,8_to_15,gt_30,no_change,0,0,0,0,none,0
10620,1995,over_65,0,single,other,sedan,gt_69k,gt_7y,3_to_4,collision,4.0,2,0,2_to_4,gt_30,gt_30,no_change,1,0,0,0,1_to_2,0
10621,1995,51_to_65,0,married,other,sedan,gt_69k,7y,1,all_perils,4.0,2,0,none,gt_30,gt_30,no_change,0,0,0,0,none,0
10624,1995,41_to_50,0,married,chevrolet,sedan,20k_to_29k,gt_7y,1,collision,4.0,4,0,2_to_4,gt_30,gt_30,no_change,0,0,0,0,3_to_5,0
10626,1995,31_to_35,0,single,toyota,sedan,20k_to_29k,6y,1,collision,4.0,2,0,1,gt_30,gt_30,no_change,0,0,0,0,none,0
10629,1995,31_to_35,0,single,chevrolet,sport,30k_to_39k,6y,1,liability,4.0,3,0,gt_4,gt_30,gt_30,no_change,1,0,0,0,1_to_2,0
10630,1995,36_to_40,0,married,toyota,sedan,20k_to_29k,7y,1,collision,4.0,3,0,2_to_4,gt_30,gt_30,no_change,1,0,0,0,3_to_5,1
10643,1995,41_to_50,0,married,honda,sedan,30k_to_39k,gt_7y,1,collision,4.0,1,0,none,gt_30,gt_30,no_change,1,0,0,0,none,1
10646,1995,31_to_35,0,married,honda,sport,20k_to_29k,6y,1,liability,4.0,2,0,2_to_4,gt_30,gt_30,no_change,1,0,0,0,none,0
10653,1995,36_to_40,0,married,pontiac,sedan,lt_20k,gt_7y,1,all_perils,4.0,4,0,none,gt_30,gt_30,no_change,0,0,0,0,none,0
10655,1995,41_to_50,0,married,chevrolet,sedan,20k_to_29k,gt_7y,1,all_perils,4.0,3,0,1,gt_30,gt_30,no_change,0,0,0,0,1_to_2,0
10657,1995,36_to_40,0,married,mazda,sedan,20k_to_29k,7y,1,collision,4.0,4,0,2_to_4,gt_30,gt_30,no_change,1,0,0,1,none,0
10659,1995,31_to_35,0,married,pontiac,sport,30k_to_39k,7y,1,liability,4.0,2,0,gt_4,gt_30,gt_30,no_change,1,0,0,0,gt_5,0
10660,1995,31_to_35,0,single,mazda,sport,30k_to_39k,6y,1,liability,5.0,4,0,2_to_4,gt_30,gt_30,2_to_3y,1,0,0,0,3_to_5,0
10667,1995,51_to_65,1,married,toyota,sedan,20k_to_29k,gt_7y,1,collision,4.0,3,1,none,gt_30,gt_30,no_change,1,0,0,0,3_to_5,0
10668,1995,31_to_35,0,married,honda,sport,gt_69k,6y,1,collision,4.0,4,0,none,gt_30,gt_30,no_change,1,0,0,0,none,1
10677,1995,41_to_50,0,married,pontiac,sedan,30k_to_39k,gt_7y,1,all_perils,4.0,2,0,none,gt_30,gt_30,no_change,0,0,0,0,gt_5,0
10679,1995,41_to_50,0,married,pontiac,sedan,20k_to_29k,gt_7y,1,collision,4.0,3,0,1,gt_30,gt_30,no_change,0,1,0,0,1_to_2,0
10683,1995,31_to_35,1,married,honda,sport,20k_to_29k,7y,1,liability,4.0,2,0,2_to_4,gt_30,gt_30,no_change,1,0,0,0,gt_5,0
10685,1995,41_to_50,0,married,chevrolet,sedan,20k_to_29k,gt_7y,1,collision,4.0,4,0,2_to_4,gt_30,gt_30,no_change,1,0,0,0,1_to_2,0
10687,1995,36_to_40,0,single,mazda,sport,20k_to_29k,7y,1,liability,4.0,3,0,none,gt_30,gt_30,no_change,1,0,0,0,3_to_5,0
10689,1995,36_to_40,1,single,toyota,sedan,20k_to_29k,6y,1,all_perils,4.0,3,0,1,gt_30,gt_30,no_change,1,0,0,0,3_to_5,0
10690,1995,36_to_40,0,married,pontiac,sedan,20k_to_29k,7y,2,collision,4.0,1,0,none,gt_30,gt_30,4_to_8y,1,1,0,0,none,0
10691,1995,31_to_35,0,married,pontiac,sedan,20k_to_29k,6y,1,collision,4.0,2,0,1,gt_30,gt_30,no_change,1,0,0,0,none,0
10694,1995,36_to_40,0,married,mazda,sport,gt_69k,7y,1,collision,4.0,3,0,none,gt_30,gt_30,no_change,0,0,0,0,gt_5,0
10700,1995,31_to_35,1,married,honda,sport,20k_to_29k,6y,1,liability,4.0,3,0,2_to_4,gt_30,gt_30,no_change,1,0,0,0,none,0
10701,1995,31_to_35,0,married,honda,sport,20k_to_29k,6y,1,liability,4.0,3,0,gt_4,gt_30,gt_30,no_change,1,0,0,0,3_to_5,0
10705,1995,36_to_40,0,married,mazda,sedan,20k_to_29k,7y,1,collision,4.0,2,0,2_to_4,gt_30,gt_30,no_change,1,0,0,0,3_to_5,0
10712,1995,36_to_40,0,married,pontiac,sedan,40k_to_59k,gt_7y,1,all_perils,4.0,2,0,gt_4,gt_30,gt_30,no_change,1,0,0,0,3_to_5,0
10713,1995,36_to_40,0,married,pontiac,sedan,20k_to_29k,6y,1,collision,4.0,1,0,1,gt_30,gt_30,no_change,1,0,0,0,none,0
10715,1995,31_to_35,0,married,pontiac,sedan,20k_to_29k,6y,1,collision,4.0,4,0,gt_4,gt_30,gt_30,no_change,1,0,0,1,none,0
10723,1995,36_to_40,0,married,toyota,sedan,20k_to_29k,7y,1,collision,4.0,2,0,none,15_to_30,gt_30,no_change,0,0,0,0,none,0
10725,1995,41_to_50,0,married,acura,sedan,gt_69k,gt_7y,1,collision,4.0,3,0,2_to_4,gt_30,gt_30,no_change,1,0,0,0,gt_5,1
10727,1995,31_to_35,0,married,toyota,sedan,20k_to_29k,4y,1,collision,4.0,1,0,2_to_4,gt_30,gt_30,no_change,1,0,0,0,none,0
10728,1995,51_to_65,0,married,honda,sedan,20k_to_29k,7y,1,all_perils,4.0,3,0,none,gt_30,gt_30,no_change,0,0,0,0,none,0
10729,1995,31_to_35,0,married,pontiac,sedan,30k_to_39k,7y,1,collision,4.0,1,0,1,gt_30,gt_30,no_change,0,1,0,0,gt_5,0
10737,1995,over_65,0,married,toyota,sedan,30k_to_39k,gt_7y,1,collision,4.0,2,0,gt_4,gt_30,gt_30,no_change,1,0,0,0,gt_5,0
10744,1995,36_to_40,0,married,toyota,sedan,20k_to_29k,7y,1,collision,4.0,4,0,none,gt_30,gt_30,no_change,1,1,0,0,1_to_2,0
10750,1995,36_to_40,1,married,toyota,sedan,lt_20k,7y,1,all_perils,4.0,2,0,none,gt_30,gt_30,no_change,1,1,0,0,gt_5,0
10751,1995,36_to_40,0,married,mazda,sport,20k_to_29k,gt_7y,1,liability,4.0,4,0,2_to_4,gt_30,gt_30,no_change,1,0,0,0,1_to_2,0
10760,1995,31_to_35,0,single,toyota,sport,20k_to_29k,6y,1,liability,4.0,4,0,none,gt_30,gt_30,no_change,1,1,0,0,1_to_2,0
10761,1995,31_to_35,0,single,pontiac,sedan,gt_69k,7y,1,all_perils,4.0,2,0,1,gt_30,gt_30,no_change,0,0,0,0,gt_5,0
10762,1995,51_to_65,0,married,chevrolet,sedan,20k_to_29k,7y,1,collision,5.0,3,0,none,gt_30,gt_30,2_to_3y,1,0,0,0,none,0
10764,1995,26_to_30,0,married,pontiac,sedan,20k_to_29k,5y,1,all_perils,4.0,2,0,gt_4,gt_30,gt_30,no_change,0,0,0,0,1_to_2,0
10771,1995,31_to_35,1,married,toyota,sport,20k_to_29k,4y,1,liability,4.0,4,0,2_to_4,gt_30,gt_30,no_change,1,0,0,0,none,0
10776,1995,31_to_35,0,married,honda,sedan,20k_to_29k,7y,1,collision,4.0,2,0,1,gt_30,gt_30,no_change,1,0,0,0,none,0
10778,1995,36_to_40,0,married,pontiac,sedan,lt_20k,7y,1,collision,4.0,2,0,none,gt_30,gt_30,no_change,1,0,0,0,1_to_2,0
10779,1995,41_to_50,0,married,pontiac,sport,30k_to_39k,gt_7y,1,liability,4.0,3,0,1,gt_30,gt_30,no_change,0,0,0,0,gt_5,0
10780,1995,51_to_65,0,married,toyota,sedan,20k_to_29k,gt_7y,1,collision,4.0,4,0,none,gt_30,gt_30,no_change,1,0,0,0,gt_5,0
10781,1995,31_to_35,0,married,chevrolet,sedan,gt_69k,7y,1,all_perils,4.0,1,0,1,gt_30,gt_30,no_change,1,1,0,0,3_to_5,0
10782,1995,51_to_65,0,married,pontiac,sedan,20k_to_29k,7y,1,all_perils,4.0,3,0,1,gt_30,gt_30,no_change,1,0,0,0,3_to_5,0
10785,1995,16_to_17,0,single,honda,sedan,gt_69k,new,1,all_perils,4.0,2,0,1,gt_30,gt_30,no_change,0,0,1,0,none,0
10787,1995,16_to_17,0,single,honda,sedan,gt_69k,new,1,all_perils,4.0,1,0,none,gt_30,gt_30,no_change,1,0,0,0,none,0
10792,1995,31_to_35,0,married,mazda,sedan,30k_to_39k,6y,1,collision,4.0,3,0,none,gt_30,gt_30,no_change,1,0,0,0,none,0
10793,1995,31_to_35,0,single,toyota,sedan,20k_to_29k,5y,1,collision,4.0,4,0,1,gt_30,gt_30,no_change,1,0,0,0,3_to_5,0
10794,1995,31_to_35,0,married,pontiac,sport,20k_to_29k,6y,1,liability,4.0,1,0,2_to_4,gt_30,gt_30,no_change,0,0,0,0,gt_5,0
10796,1995,31_to_35,0,single,mazda,sport,30k_to_39k,6y,1,liability,4.0,1,0,1,gt_30,gt_30,no_change,0,0,0,0,none,0
10797,1995,41_to_50,0,married,honda,sedan,30k_to_39k,gt_7y,1,all_perils,4.0,4,0,2_to_4,gt_30,gt_30,no_change,0,0,0,0,3_to_5,0
10799,1995,31_to_35,0,single,toyota,sport,30k_to_39k,5y,1,liability,4.0,2,0,2_to_4,gt_30,gt_30,no_change,1,0,0,0,none,0
10801,1995,31_to_35,0,single,other,sport,gt_69k,6y,1,liability,4.0,2,0,1,gt_30,gt_30,no_change,1,0,0,0,gt_5,0
10809,1995,36_to_40,1,married,pontiac,sport,lt_20k,7y,1,liability,4.0,3,0,2_to_4,gt_30,gt_30,no_change,1,0,0,0,1_to_2,0
10813,1995,41_to_50,0,married,chevrolet,sedan,30k_to_39k,gt_7y,1,all_perils,5.0,3,0,1,gt_30,gt_30,2_to_3y,1,0,0,0,3_to_5,0
10814,1995,41_to_50,0,single,honda,sedan,20k_to_29k,gt_7y,1,collision,4.0,4,0,2_to_4,gt_30,gt_30,no_change,0,0,0,0,gt_5,0
10817,1995,36_to_40,1,married,honda,sport,20k_to_29k,gt_7y,1,liability,4.0,3,0,gt_4,gt_30,gt_30,no_change,1,0,0,0,none,0
10818,1995,31_to_35,0,married,pontiac,sedan,20k_to_29k,7y,1,collision,4.0,1,0,none,gt_30,gt_30,no_change,1,0,0,0,none,0
10819,1995,31_to_35,0,married,toyota,sedan,20k_to_29k,5y,1,collision,4.0,3,0,2_to_4,gt_30,gt_30,no_change,1,1,0,0,1_to_2,0
10824,1995,31_to_35,0,married,toyota,sport,20k_to_29k,7y,1,liability,4.0,3,0,none,gt_30,gt_30,no_change,1,0,0,0,none,0
10825,1995,36_to_40,0,single,honda,sport,30k_to_39k,gt_7y,3_to_4,liability,4.0,2,0,2_to_4,gt_30,gt_30,no_change,1,0,0,0,3_to_5,0
10826,1995,36_to_40,1,married,pontiac,sedan,20k_to_29k,7y,1,all_perils,4.0,2,0,2_to_4,gt_30,gt_30,no_change,1,0,0,0,3_to_5,0
10827,1995,31_to_35,1,married,mazda,sedan,20k_to_29k,6y,1,all_perils,4.0,4,0,1,gt_30,gt_30,no_change,1,0,0,0,1_to_2,0
10828,1995,36_to_40,0,married,pontiac,sedan,20k_to_29k,gt_7y,1,collision,4.0,2,0,1,gt_30,gt_30,no_change,1,0,0,0,none,0
10838,1995,41_to_50,0,single,honda,sedan,20k_to_29k,gt_7y,1,all_perils,4.0,1,0,1,gt_30,gt_30,no_change,1,0,0,0,gt_5,1
10839,1995,41_to_50,0,married,acura,sedan,30k_to_39k,7y,1,all_perils,4.0,2,0,none,gt_30,gt_30,no_change,1,0,0,0,none,0
10840,1995,31_to_35,1,single,pontiac,sedan,20k_to_29k,5y,1,collision,4.0,3,0,1,gt_30,gt_30,no_change,1,1,0,0,none,0
10844,1995,36_to_40,0,married,toyota,sport,30k_to_39k,7y,1,liability,4.0,2,0,2_to_4,gt_30,gt_30,no_change,1,1,0,0,none,0
10846,1995,36_to_40,0,married,honda,sedan,20k_to_29k,gt_7y,1,collision,4.0,3,0,2_to_4,gt_30,gt_30,no_change,1,0,0,0,none,1
10847,1995,41_to_50,0,married,pontiac,sedan,20k_to_29k,6y,1,all_perils,4.0,4,0,none,gt_30,gt_30,no_change,1,0,0,0,gt_5,0
10848,1995,31_to_35,0,married,chevrolet,sport,20k_to_29k,7y,1,liability,4.0,1,0,gt_4,gt_30,gt_30,no_change,1,0,0,0,gt_5,0
10851,1995,31_to_35,0,married,chevrolet,sedan,20k_to_29k,7y,1,collision,7.0,1,0,2_to_4,gt_30,gt_30,no_change,1,1,0,0,none,1
10854,1995,31_to_35,0,married,mazda,sport,gt_69k,6y,1,collision,4.0,3,0,none,gt_30,gt_30,no_change,1,0,0,0,none,0
10855,1995,16_to_17,0,single,honda,sport,gt_69k,new,1,liability,4.0,3,0,none,gt_30,gt_30,no_change,1,1,0,0,none,0
10860,1995,31_to_35,0,married,honda,sedan,30k_to_39k,6y,1,collision,4.0,2,0,gt_4,gt_30,gt_30,no_change,0,0,0,0,gt_5,0
10862,1995,31_to_35,0,single,chevrolet,sedan,20k_to_29k,7y,1,all_perils,4.0,3,0,1,gt_30,gt_30,no_change,0,0,0,0,none,0
10864,1995,26_to_30,0,single,pontiac,sport,20k_to_29k,5y,1,liability,4.0,4,0,2_to_4,gt_30,gt_30,2_to_3y,1,0,0,0,none,0
10867,1995,26_to_30,0,single,mazda,sedan,20k_to_29k,5y,1,collision,4.0,2,0,2_to_4,gt_30,gt_30,no_change,0,0,0,0,1_to_2,0
10868,1995,41_to_50,1,single,honda,sport,20k_to_29k,gt_7y,1,liability,4.0,3,0,2_to_4,gt_30,gt_30,no_change,1,0,0,0,none,0
10873,1995,36_to_40,0,married,ford,sedan,30k_to_39k,7y,1,all_perils,4.0,4,0,1,gt_30,gt_30,no_change,1,0,0,0,gt_5,0
10881,1995,36_to_40,0,married,acura,sport,40k_to_59k,7y,1,liability,4.0,1,0,2_to_4,gt_30,gt_30,no_change,1,0,0,0,1_to_2,0
10890,1995,41_to_50,0,single,mazda,sedan,gt_69k,6y,1,all_perils,4.0,1,0,1,gt_30,gt_30,no_change,1,0,0,0,3_to_5,1
10891,1995,41_to_50,0,married,toyota,sedan,20k_to_29k,gt_7y,1,all_perils,4.0,2,0,none,gt_30,gt_30,no_change,0,0,0,0,none,0
10893,1995,36_to_40,1,single,pontiac,sport,20k_to_29k,7y,1,liability,4.0,3,0,2_to_4,gt_30,gt_30,no_change,1,1,0,0,gt_5,0
10894,1995,31_to_35,0,married,other,sedan,30k_to_39k,7y,1,collision,4.0,4,0,1,gt_30,gt_30,no_change,0,1,0,0,3_to_5,0
10898,1995,31_to_35,0,single,toyota,sedan,20k_to_29k,6y,1,all_perils,4.0,1,0,none,gt_30,gt_30,no_change,0,0,0,0,none,0
10901,1995,31_to_35,1,single,other,sport,30k_to_39k,7y,1,liability,4.0,1,0,1,gt_30,gt_30,no_change,1,0,0,0,1_to_2,0
10904,1995,36_to_40,0,married,mazda,sedan,30k_to_39k,gt_7y,1,collision,4.0,3,0,1,gt_30,gt_30,no_change,1,0,0,0,none,1
10907,1995,41_to_50,0,single,honda,sport,20k_to_29k,7y,3_to_4,liability,4.0,2,0,2_to_4,gt_30,gt_30,no_change,1,0,0,0,none,0
10909,1995,36_to_40,0,married,mazda,sedan,20k_to_29k,7y,1,collision,4.0,2,0,1,gt_30,gt_30,no_change,1,0,0,0,gt_5,0
10910,1995,31_to_35,0,single,pontiac,sedan,30k_to_39k,6y,1,collision,4.0,3,0,1,gt_30,gt_30,no_change,1,0,0,0,none,0
10916,1995,31_to_35,0,married,other,sport,gt_69k,6y,1,liability,4.0,4,0,gt_4,gt_30,gt_30,no_change,1,0,0,0,none,0
10917,1995,41_to_50,0,married,honda,sedan,30k_to_39k,3y,1,all_perils,4.0,1,0,none,gt_30,gt_30,no_change,1,1,0,0,none,1
10918,1995,over_65,0,married,toyota,sedan,lt_20k,gt_7y,1,all_perils,4.0,1,0,1,gt_30,gt_30,no_change,1,0,0,0,1_to_2,0
10923,1995,36_to_40,0,married,pontiac,sedan,30k_to_39k,gt_7y,1,collision,4.0,2,0,1,gt_30,gt_30,no_change,1,0,0,0,1_to_2,0
10928,1995,31_to_35,0,married,mazda,sedan,20k_to_29k,5y,1,collision,4.0,3,0,2_to_4,gt_30,gt_30,no_change,1,0,0,0,gt_5,1
10930,1995,36_to_40,0,married,toyota,sedan,20k_to_29k,7y,1,collision,4.0,4,0,2_to_4,gt_30,gt_30,no_change,1,1,0,0,none,0
10931,1995,51_to_65,0,married,toyota,sedan,30k_to_39k,6y,1,collision,4.0,4,0,1,gt_30,gt_30,no_change,1,0,0,0,gt_5,1
10932,1995,41_to_50,0,married,pontiac,sport,30k_to_39k,7y,1,liability,4.0,3,0,1,gt_30,gt_30,no_change,1,0,0,0,none,0
10934,1995,31_to_35,0,married,honda,sedan,20k_to_29k,6y,1,collision,4.0,2,0,1,gt_30,gt_30,no_change,1,0,0,0,none,0
10939,1995,31_to_35,0,single,pontiac,sport,20k_to_29k,6y,1,liability,4.0,4,0,gt_4,gt_30,gt_30,no_change,1,0,0,0,none,0
10942,1995,41_to_50,0,married,mazda,sedan,30k_to_39k,7y,2,collision,4.0,3,0,gt_4,gt_30,gt_30,4_to_8y,1,0,0,0,3_to_5,0
10943,1995,41_to_50,1,married,mazda,sedan,30k_to_39k,gt_7y,1,all_perils,4.0,2,0,1,gt_30,gt_30,no_change,0,0,0,0,none,0
10944,1995,51_to_65,0,single,honda,sedan,gt_69k,gt_7y,1,all_perils,7.0,1,0,none,gt_30,gt_30,no_change,0,0,0,0,gt_5,0
10951,1995,31_to_35,0,single,toyota,sedan,20k_to_29k,7y,1,all_perils,4.0,4,0,1,gt_30,gt_30,no_change,0,1,0,0,none,0
10952,1995,41_to_50,0,single,toyota,sedan,lt_20k,gt_7y,1,all_perils,4.0,1,0,none,gt_30,gt_30,no_change,1,0,0,0,1_to_2,0
10954,1995,31_to_35,0,married,pontiac,sedan,20k_to_29k,6y,1,all_perils,4.0,3,0,2_to_4,gt_30,gt_30,no_change,1,1,0,0,none,0
10956,1995,31_to_35,0,married,pontiac,sedan,20k_to_29k,5y,1,all_perils,4.0,4,0,none,gt_30,gt_30,no_change,1,0,0,0,none,0
10958,1995,31_to_35,0,single,pontiac,sport,20k_to_29k,6y,1,liability,4.0,3,0,2_to_4,gt_30,gt_30,no_change,0,0,0,0,none,0
10961,1995,41_to_50,0,married,ford,sport,40k_to_59k,gt_7y,1,liability,4.0,3,0,2_to_4,gt_30,gt_30,no_change,1,0,0,0,1_to_2,0
10968,1995,36_to_40,1,single,mazda,sport,20k_to_29k,7y,1,liability,4.0,4,0,2_to_4,gt_30,gt_30,no_change,1,0,0,0,1_to_2,0
10970,1995,31_to_35,1,married,mazda,sport,30k_to_39k,6y,1,liability,4.0,4,0,2_to_4,gt_30,gt_30,no_change,1,0,0,1,none,0
10975,1995,36_to_40,0,married,chevrolet,sport,20k_to_29k,gt_7y,1,liability,7.0,4,0,2_to_4,gt_30,gt_30,no_change,1,0,0,0,gt_5,0
10982,1995,51_to_65,0,married,honda,sedan,30k_to_39k,gt_7y,1,collision,4.0,1,0,gt_4,gt_30,gt_30,no_change,0,0,0,0,gt_5,0
10984,1995,21_to_25,0,single,ford,sedan,lt_20k,3y,2,all_perils,4.0,4,0,2_to_4,gt_30,gt_30,4_to_8y,1,0,0,0,none,0
10985,1995,36_to_40,0,married,honda,sedan,20k_to_29k,7y,1,all_perils,4.0,4,0,2_to_4,gt_30,gt_30,no_change,0,0,0,0,none,0
10987,1995,41_to_50,1,single,toyota,sedan,20k_to_29k,7y,1,all_perils,4.0,4,0,1,gt_30,gt_30,no_change,0,0,0,0,gt_5,0
10992,1995,31_to_35,0,single,honda,sedan,20k_to_29k,6y,1,collision,4.0,1,0,2_to_4,gt_30,gt_30,no_change,0,0,0,0,1_to_2,0
10994,1995,36_to_40,0,married,pontiac,sedan,20k_to_29k,7y,1,all_perils,4.0,4,0,none,gt_30,gt_30,no_change,0,0,0,0,3_to_5,0
10996,1995,26_to_30,1,single,mazda,sport,20k_to_29k,5y,1,liability,4.0,3,0,none,gt_30,gt_30,no_change,1,0,0,0,gt_5,0
10998,1995,36_to_40,1,married,toyota,sedan,20k_to_29k,gt_7y,1,collision,4.0,1,0,2_to_4,gt_30,gt_30,no_change,1,0,0,0,1_to_2,0
11001,1995,26_to_30,0,single,honda,sport,gt_69k,5y,1,collision,4.0,3,0,1,gt_30,gt_30,no_change,1,0,0,0,none,1
11004,1995,51_to_65,0,married,toyota,sedan,30k_to_39k,gt_7y,1,collision,4.0,3,0,1,gt_30,gt_30,no_change,1,0,0,0,1_to_2,0
11005,1995,26_to_30,0,single,pontiac,sport,20k_to_29k,5y,2,liability,4.0,1,0,2_to_4,gt_30,gt_30,4_to_8y,1,0,0,0,none,0
11008,1995,31_to_35,0,married,acura,sedan,30k_to_39k,7y,1,all_perils,4.0,1,0,1,gt_30,gt_30,no_change,1,0,0,0,gt_5,0
11012,1995,31_to_35,0,single,mazda,sedan,20k_to_29k,6y,1,collision,4.0,4,0,1,gt_30,gt_30,1y,1,0,0,0,none,0
11017,1995,36_to_40,0,married,toyota,sedan,lt_20k,gt_7y,1,all_perils,5.0,3,0,1,gt_30,gt_30,2_to_3y,1,0,0,0,none,0
11023,1995,31_to_35,0,married,chevrolet,sedan,20k_to_29k,6y,1,all_perils,4.0,4,0,1,gt_30,gt_30,no_change,1,0,0,0,none,1
11024,1995,31_to_35,0,single,mazda,sport,20k_to_29k,7y,1,liability,4.0,1,0,2_to_4,gt_30,gt_30,no_change,1,0,0,0,none,0
11029,1995,36_to_40,0,married,mazda,sedan,20k_to_29k,gt_7y,1,collision,4.0,2,0,none,gt_30,gt_30,no_change,1,0,0,0,gt_5,0
11031,1995,36_to_40,0,married,chevrolet,sedan,30k_to_39k,7y,1,all_perils,4.0,3,0,none,gt_30,gt_30,no_change,0,0,0,0,gt_5,0
11033,1995,31_to_35,0,single,chevrolet,sedan,20k_to_29k,6y,1,all_perils,4.0,4,0,1,gt_30,gt_30,no_change,0,0,0,0,none,0
11036,1995,36_to_40,0,married,pontiac,sport,30k_to_39k,7y,1,liability,4.0,2,0,gt_4,gt_30,gt_30,no_change,1,0,0,0,none,0
11037,1995,51_to_65,0,married,pontiac,sport,20k_to_29k,7y,1,liability,7.0,1,0,gt_4,gt_30,gt_30,no_change,1,0,0,0,none,0
11038,1995,36_to_40,0,single,toyota,sedan,gt_69k,gt_7y,1,collision,4.0,1,0,none,gt_30,gt_30,no_change,0,0,0,0,gt_5,0
11044,1995,41_to_50,0,married,mazda,sedan,30k_to_39k,gt_7y,1,all_perils,4.0,1,0,2_to_4,gt_30,gt_30,no_change,1,0,0,0,gt_5,0
11045,1995,31_to_35,0,single,toyota,sedan,20k_to_29k,6y,1,all_perils,4.0,2,0,1,gt_30,gt_30,no_change,0,0,0,0,3_to_5,0
11046,1995,16_to_17,0,single,honda,sedan,gt_69k,new,1,collision,4.0,3,0,1,gt_30,gt_30,no_change,1,0,0,0,none,0
11050,1995,36_to_40,0,married,chevrolet,sport,40k_to_59k,7y,1,liability,4.0,4,0,1,gt_30,gt_30,no_change,1,0,0,0,gt_5,0
11053,1995,51_to_65,0,married,mazda,sedan,20k_to_29k,gt_7y,1,collision,4.0,2,0,2_to_4,gt_30,gt_30,no_change,1,0,0,0,gt_5,0
11057,1995,31_to_35,0,single,mazda,sedan,20k_to_29k,6y,1,collision,4.0,2,0,none,gt_30,gt_30,no_change,1,1,0,0,none,0
11060,1995,31_to_35,1,single,toyota,sport,lt_20k,5y,1,liability,4.0,4,0,gt_4,gt_30,gt_30,no_change,1,0,0,0,none,0
11066,1995,36_to_40,0,single,pontiac,sport,20k_to_29k,7y,1,liability,4.0,2,0,gt_4,gt_30,gt_30,no_change,1,0,0,0,none,0
11067,1995,31_to_35,0,single,pontiac,sedan,20k_to_29k,6y,1,collision,4.0,1,0,1,gt_30,gt_30,no_change,0,0,0,0,1_to_2,0
11068,1995,41_to_50,0,married,pontiac,sedan,20k_to_29k,7y,2,collision,7.0,2,0,2_to_4,gt_30,gt_30,4_to_8y,1,1,0,1,3_to_5,0
11071,1995,31_to_35,0,married,mazda,sedan,gt_69k,7y,3_to_4,all_perils,4.0,4,0,none,gt_30,gt_30,no_change,0,0,0,0,none,0
11074,1995,51_to_65,0,married,honda,sport,20k_to_29k,gt_7y,1,liability,4.0,4,0,1,gt_30,gt_30,no_change,1,0,0,0,gt_5,0
11075,1995,51_to_65,0,married,pontiac,sport,gt_69k,gt_7y,1,liability,4.0,4,0,gt_4,gt_30,gt_30,no_change,1,0,0,0,1_to_2,0
11078,1995,41_to_50,0,married,chevrolet,sport,gt_69k,7y,1,liability,4.0,1,0,2_to_4,gt_30,gt_30,no_change,1,0,0,0,gt_5,0
11079,1995,31_to_35,0,married,mazda,sedan,20k_to_29k,6y,1,all_perils,4.0,4,0,2_to_4,gt_30,gt_30,no_change,1,0,0,0,1_to_2,1
11081,1995,31_to_35,0,married,pontiac,sedan,20k_to_29k,6y,1,collision,4.0,3,0,none,gt_30,gt_30,no_change,1,0,0,0,1_to_2,0
11085,1995,26_to_30,1,single,toyota,sedan,30k_to_39k,5y,1,collision,4.0,1,0,none,gt_30,gt_30,no_change,0,0,0,0,gt_5,0
11086,1995,31_to_35,0,married,other,sedan,30k_to_39k,6y,1,collision,4.0,3,0,1,gt_30,gt_30,no_change,1,0,0,0,none,0
11087,1995,41_to_50,0,married,acura,sedan,30k_to_39k,gt_7y,1,collision,4.0,1,0,gt_4,gt_30,gt_30,no_change,1,0,0,0,none,1
11091,1995,41_to_50,0,married,honda,sedan,30k_to_39k,gt_7y,1,all_perils,4.0,2,0,1,gt_30,gt_30,no_change,0,0,0,0,none,0
11097,1995,31_to_35,1,single,honda,sedan,20k_to_29k,6y,1,collision,4.0,3,0,1,gt_30,gt_30,no_change,0,0,0,0,none,0
11103,1995,21_to_25,0,single,toyota,sedan,20k_to_29k,2y,1,collision,4.0,1,0,1,gt_30,gt_30,1y,1,0,0,0,none,0
11108,1995,36_to_40,0,single,mazda,sedan,20k_to_29k,7y,1,collision,4.0,2,0,1,gt_30,gt_30,no_change,0,0,0,0,none,0
11109,1995,26_to_30,0,single,other,sedan,gt_69k,5y,1,all_perils,4.0,3,0,gt_4,gt_30,gt_30,no_change,0,0,0,0,gt_5,0
11112,1995,36_to_40,0,married,other,sedan,30k_to_39k,7y,3_to_4,all_perils,4.0,1,0,1,gt_30,gt_30,no_change,1,0,0,0,none,0
11116,1995,36_to_40,0,married,toyota,sport,20k_to_29k,7y,1,liability,4.0,2,0,1,gt_30,gt_30,no_change,1,0,0,0,none,0
11119,1995,31_to_35,1,single,chevrolet,sedan,gt_69k,7y,1,all_perils,5.0,3,0,none,gt_30,gt_30,2_to_3y,0,1,0,0,1_to_2,1
11120,1995,31_to_35,1,married,toyota,sedan,20k_to_29k,3y,1,all_perils,4.0,3,0,none,gt_30,gt_30,no_change,1,0,0,0,1_to_2,0
11123,1995,41_to_50,0,married,mazda,sedan,20k_to_29k,7y,1,all_perils,4.0,4,0,none,gt_30,gt_30,no_change,1,0,0,0,3_to_5,0
11128,1995,36_to_40,0,married,pontiac,sport,20k_to_29k,4y,1,liability,4.0,1,0,2_to_4,gt_30,gt_30,no_change,1,0,0,0,gt_5,0
11130,1995,41_to_50,0,married,pontiac,sedan,20k_to_29k,gt_7y,1,all_perils,7.0,1,0,1,gt_30,gt_30,no_change,1,0,1,1,1_to_2,0
11131,1995,36_to_40,0,married,honda,sport,gt_69k,7y,2,liability,4.0,4,0,1,gt_30,gt_30,4_to_8y,1,0,0,0,gt_5,0
11133,1995,26_to_30,0,single,pontiac,sedan,20k_to_29k,4y,1,collision,4.0,3,0,1,gt_30,gt_30,no_change,0,0,0,0,gt_5,0
11134,1995,31_to_35,0,single,toyota,sport,20k_to_29k,6y,1,liability,4.0,2,0,2_to_4,gt_30,gt_30,no_change,1,0,0,0,none,0
11141,1995,41_to_50,0,married,toyota,sport,20k_to_29k,7y,1,liability,4.0,4,0,2_to_4,gt_30,gt_30,no_change,1,0,0,0,none,0
11142,1995,26_to_30,0,single,honda,sport,30k_to_39k,6y,1,liability,4.0,1,0,gt_4,gt_30,gt_30,no_change,1,0,0,0,none,0
11143,1995,41_to_50,0,married,toyota,sedan,20k_to_29k,7y,1,collision,4.0,3,0,1,gt_30,gt_30,no_change,1,0,0,0,1_to_2,0
11149,1995,41_to_50,0,married,toyota,sedan,lt_20k,gt_7y,1,all_perils,4.0,1,0,none,gt_30,gt_30,no_change,0,1,0,0,1_to_2,0
11155,1995,31_to_35,0,single,other,sedan,40k_to_59k,7y,1,collision,4.0,3,0,1,gt_30,gt_30,no_change,1,0,0,0,none,0
11159,1995,41_to_50,0,married,mazda,sedan,30k_to_39k,gt_7y,1,all_perils,4.0,1,0,none,gt_30,gt_30,no_change,0,1,0,0,gt_5,0
11160,1995,31_to_35,0,single,honda,sport,30k_to_39k,6y,1,liability,4.0,1,0,2_to_4,gt_30,gt_30,no_change,0,0,0,0,none,0
11163,1995,31_to_35,1,single,other,sedan,30k_to_39k,5y,1,all_perils,4.0,4,0,2_to_4,gt_30,gt_30,no_change,0,1,0,0,1_to_2,0
11164,1995,31_to_35,1,single,pontiac,sport,20k_to_29k,6y,1,liability,4.0,4,0,2_to_4,gt_30,gt_30,no_change,1,0,0,0,none,0
11165,1995,31_to_35,0,single,toyota,sedan,lt_20k,6y,1,all_perils,4.0,3,0,1,gt_30,gt_30,no_change,1,0,0,0,none,0
11172,1995,36_to_40,0,married,toyota,sedan,30k_to_39k,gt_7y,1,collision,4.0,4,1,2_to_4,gt_30,gt_30,no_change,1,0,0,0,gt_5,0
11174,1995,51_to_65,0,single,honda,sedan,20k_to_29k,gt_7y,1,all_perils,4.0,2,0,none,gt_30,gt_30,no_change,1,0,0,0,1_to_2,0
11175,1995,41_to_50,0,married,honda,sedan,20k_to_29k,gt_7y,1,all_perils,4.0,1,0,2_to_4,gt_30,gt_30,no_change,0,0,0,0,gt_5,0
11176,1995,36_to_40,0,married,mazda,sedan,20k_to_29k,7y,1,collision,4.0,3,0,gt_4,gt_30,gt_30,no_change,1,0,0,0,gt_5,0
11178,1995,31_to_35,0,married,mazda,sedan,lt_20k,6y,1,all_perils,4.0,1,0,2_to_4,gt_30,gt_30,no_change,0,1,0,0,none,0
11179,1995,51_to_65,0,married,ford,sport,60k_to_69k,gt_7y,1,liability,4.0,3,0,1,gt_30,gt_30,no_change,1,0,0,0,1_to_2,0
11189,1995,41_to_50,0,married,toyota,sedan,lt_20k,gt_7y,1,all_perils,4.0,2,0,none,gt_30,gt_30,no_change,1,0,0,0,1_to_2,1
11191,1995,51_to_65,0,married,toyota,sedan,lt_20k,gt_7y,1,collision,4.0,3,0,1,gt_30,gt_30,no_change,1,0,0,0,3_to_5,0
11193,1995,31_to_35,0,married,chevrolet,sedan,gt_69k,7y,1,all_perils,4.0,4,0,none,gt_30,gt_30,no_change,1,0,0,0,none,0
11197,1995,36_to_40,0,married,mazda,sedan,20k_to_29k,7y,1,collision,4.0,3,0,2_to_4,gt_30,gt_30,no_change,0,0,0,0,none,0
11205,1995,41_to_50,0,single,honda,sedan,20k_to_29k,6y,1,collision,4.0,2,0,2_to_4,gt_30,gt_30,no_change,1,0,0,0,none,0
11211,1995,31_to_35,0,single,honda,sedan,20k_to_29k,7y,1,collision,4.0,1,0,none,gt_30,gt_30,no_change,1,1,0,0,none,1
11212,1995,41_to_50,1,married,chevrolet,sedan,20k_to_29k,7y,1,all_perils,4.0,3,0,gt_4,gt_30,gt_30,no_change,1,0,0,0,none,0
11217,1995,31_to_35,1,single,pontiac,sedan,20k_to_29k,6y,1,all_perils,4.0,4,0,1,gt_30,gt_30,no_change,0,0,0,0,1_to_2,0
11219,1995,31_to_35,0,married,mazda,sport,20k_to_29k,6y,1,liability,4.0,3,0,1,gt_30,gt_30,no_change,1,0,0,0,none,0
11220,1995,31_to_35,0,married,pontiac,sedan,20k_to_29k,6y,1,collision,4.0,4,0,none,gt_30,gt_30,no_change,1,0,0,0,none,0
11221,1995,31_to_35,0,single,toyota,sedan,20k_to_29k,6y,1,all_perils,5.0,1,0,none,gt_30,gt_30,2_to_3y,1,0,0,0,none,0
11222,1995,31_to_35,0,married,other,sedan,30k_to_39k,7y,1,collision,4.0,1,0,none,gt_30,gt_30,no_change,1,1,0,0,gt_5,0
11225,1995,31_to_35,0,single,pontiac,sport,30k_to_39k,7y,1,liability,4.0,2,0,2_to_4,gt_30,gt_30,no_change,1,0,0,0,gt_5,0
11231,1995,31_to_35,0,married,chevrolet,sedan,30k_to_39k,6y,1,collision,4.0,3,0,2_to_4,gt_30,gt_30,no_change,1,0,0,0,none,0
11240,1995,26_to_30,0,married,chevrolet,sport,20k_to_29k,5y,1,liability,4.0,1,0,2_to_4,gt_30,gt_30,no_change,1,0,0,0,none,0
11243,1995,41_to_50,0,married,toyota,sport,30k_to_39k,gt_7y,1,liability,4.0,1,0,1,gt_30,gt_30,no_change,1,0,0,0,none,0
11248,1995,over_65,0,married,toyota,sedan,20k_to_29k,gt_7y,1,all_perils,4.0,2,0,1,gt_30,gt_30,no_change,0,0,0,0,none,0
11251,1995,51_to_65,0,married,pontiac,sedan,20k_to_29k,gt_7y,1,all_perils,4.0,2,0,2_to_4,gt_30,gt_30,no_change,1,1,0,0,gt_5,0
11255,1995,31_to_35,1,married,mazda,sedan,20k_to_29k,6y,1,collision,4.0,4,0,none,gt_30,gt_30,no_change,1,0,0,0,none,0
11257,1995,36_to_40,1,single,honda,sedan,20k_to_29k,7y,2,collision,4.0,4,0,none,gt_30,gt_30,4_to_8y,0,0,0,0,none,0
11258,1995,36_to_40,0,married,mazda,sedan,20k_to_29k,gt_7y,1,all_perils,4.0,1,0,none,gt_30,gt_30,no_change,0,1,0,0,3_to_5,0
11265,1995,31_to_35,0,married,pontiac,sedan,lt_20k,6y,1,all_perils,4.0,4,0,none,gt_30,gt_30,no_change,1,0,0,0,none,0
11270,1995,31_to_35,0,single,honda,sport,20k_to_29k,6y,1,liability,4.0,2,0,1,gt_30,gt_30,no_change,1,0,0,0,none,0
11276,1995,31_to_35,0,single,mazda,sedan,20k_to_29k,7y,3_to_4,all_perils,4.0,1,0,1,gt_30,gt_30,no_change,0,0,0,0,3_to_5,0
11277,1995,26_to_30,0,single,other,sedan,20k_to_29k,4y,1,all_perils,4.0,4,0,gt_4,gt_30,gt_30,no_change,1,0,0,0,gt_5,0
11280,1995,51_to_65,0,married,toyota,sedan,lt_20k,gt_7y,1,all_perils,4.0,2,0,1,gt_30,gt_30,no_change,1,0,0,0,gt_5,0
11283,1995,51_to_65,0,married,chevrolet,utility,gt_69k,gt_7y,1,all_perils,4.0,4,0,2_to_4,gt_30,gt_30,no_change,1,0,0,0,none,0
11284,1995,51_to_65,0,married,ford,sedan,40k_to_59k,gt_7y,1,all_perils,4.0,4,0,1,gt_30,gt_30,no_change,0,1,0,0,gt_5,0
11293,1995,36_to_40,0,single,toyota,sedan,20k_to_29k,7y,1,collision,4.0,4,0,gt_4,gt_30,gt_30,no_change,0,0,0,0,gt_5,0
11296,1995,36_to_40,0,married,chevrolet,sport,20k_to_29k,5y,1,liability,4.0,1,0,2_to_4,gt_30,gt_30,no_change,1,1,0,0,none,0
11297,1995,41_to_50,0,married,chevrolet,sedan,gt_69k,gt_7y,1,collision,4.0,2,0,1,gt_30,gt_30,no_change,1,1,0,0,1_to_2,1
11299,1995,41_to_50,0,married,pontiac,sedan,20k_to_29k,gt_7y,2,collision,4.0,3,0,2_to_4,gt_30,gt_30,4_to_8y,0,0,0,0,none,0
11303,1995,31_to_35,0,single,pontiac,sport,20k_to_29k,6y,1,liability,4.0,4,0,none,gt_30,gt_30,no_change,1,0,0,0,1_to_2,0
11305,1995,51_to_65,0,married,chevrolet,sport,40k_to_59k,gt_7y,1,liability,4.0,1,0,2_to_4,gt_30,gt_30,no_change,1,0,0,0,none,0
11307,1995,41_to_50,0,married,pontiac,sport,30k_to_39k,gt_7y,1,liability,4.0,2,1,2_to_4,gt_30,gt_30,no_change,1,0,0,0,1_to_2,0
11310,1995,31_to_35,0,married,mazda,sedan,20k_to_29k,7y,1,collision,4.0,1,0,none,gt_30,gt_30,no_change,1,0,0,0,none,0
11314,1995,36_to_40,0,single,toyota,sedan,lt_20k,7y,1,all_perils,4.0,1,0,1,gt_30,gt_30,no_change,0,0,0,0,none,0
11315,1995,41_to_50,0,married,pontiac,sedan,20k_to_29k,gt_7y,1,all_perils,4.0,3,0,none,gt_30,gt_30,no_change,1,0,0,0,gt_5,0
11316,1995,41_to_50,1,married,pontiac,sport,20k_to_29k,6y,1,liability,4.0,3,0,2_to_4,gt_30,gt_30,no_change,1,0,0,0,none,0
11317,1995,26_to_30,0,married,honda,sport,gt_69k,5y,3_to_4,collision,4.0,2,0,none,gt_30,gt_30,no_change,1,0,0,0,none,0
11324,1995,36_to_40,1,married,toyota,sport,30k_to_39k,7y,1,liability,4.0,2,0,gt_4,gt_30,gt_30,no_change,1,0,0,0,gt_5,0
11325,1995,over_65,0,married,toyota,sedan,lt_20k,gt_7y,1,all_perils,4.0,2,0,none,gt_30,gt_30,no_change,1,0,0,0,none,0
11329,1995,36_to_40,0,married,chevrolet,sport,20k_to_29k,7y,1,liability,4.0,1,0,gt_4,gt_30,gt_30,no_change,1,0,0,0,gt_5,0
11331,1995,18_to_20,0,single,honda,sport,gt_69k,4y,1,collision,4.0,2,0,2_to_4,gt_30,gt_30,no_change,1,0,0,0,none,1
11332,1995,51_to_65,0,married,chevrolet,sedan,30k_to_39k,gt_7y,1,all_perils,4.0,4,0,none,gt_30,gt_30,no_change,0,1,0,0,gt_5,0
11334,1995,26_to_30,0,single,honda,sedan,20k_to_29k,5y,1,all_perils,4.0,2,0,none,gt_30,gt_30,no_change,0,0,0,0,gt_5,0
11335,1995,51_to_65,0,married,toyota,sedan,20k_to_29k,7y,1,collision,4.0,2,0,2_to_4,gt_30,gt_30,no_change,1,0,0,0,gt_5,0
11339,1996,51_to_65,0,married,pontiac,utility,40k_to_59k,gt_7y,1,all_perils,4.0,1,0,gt_4,gt_30,gt_30,no_change,1,0,0,0,gt_5,0
11340,1996,36_to_40,0,married,honda,sedan,20k_to_29k,7y,1,all_perils,4.0,4,0,1,gt_30,gt_30,no_change,0,0,0,0,none,0
11342,1996,36_to_40,1,married,toyota,sport,gt_69k,6y,1,liability,4.0,2,0,gt_4,gt_30,gt_30,no_change,1,0,0,0,none,0
11343,1996,31_to_35,0,single,toyota,sedan,20k_to_29k,6y,1,collision,4.0,2,0,2_to_4,gt_30,gt_30,no_change,0,0,0,0,3_to_5,0
11344,1996,51_to_65,0,married,chevrolet,utility,gt_69k,gt_7y,1,collision,4.0,3,0,none,gt_30,gt_30,no_change,1,1,0,0,gt_5,0
11347,1996,31_to_35,0,married,mazda,sport,30k_to_39k,6y,1,liability,4.0,1,0,2_to_4,gt_30,gt_30,no_change,1,1,0,0,gt_5,0
11348,1996,31_to_35,1,single,mazda,sedan,20k_to_29k,7y,1,collision,4.0,2,0,1,gt_30,gt_30,no_change,1,0,0,0,none,0
11350,1996,51_to_65,0,married,pontiac,sedan,20k_to_29k,gt_7y,1,collision,4.0,3,0,2_to_4,gt_30,gt_30,no_change,0,0,0,0,gt_5,0
11353,1996,26_to_30,0,single,honda,sport,20k_to_29k,6y,1,liability,4.0,4,0,1,gt_30,gt_30,no_change,1,0,0,0,1_to_2,0
11358,1996,31_to_35,1,single,chevrolet,sedan,20k_to_29k,6y,3_to_4,collision,4.0,4,0,none,gt_30,gt_30,no_change,1,0,0,0,1_to_2,0
11361,1996,31_to_35,0,single,honda,sport,30k_to_39k,7y,1,liability,4.0,1,0,2_to_4,gt_30,gt_30,no_change,0,0,0,1,none,0
11362,1996,51_to_65,0,married,chevrolet,sport,gt_69k,gt_7y,2,liability,4.0,1,0,2_to_4,gt_30,gt_30,4_to_8y,1,0,0,0,none,0
11363,1996,51_to_65,0,married,chevrolet,sport,20k_to_29k,gt_7y,1,liability,4.0,2,0,gt_4,gt_30,gt_30,no_change,1,0,0,0,1_to_2,1
11364,1996,36_to_40,0,married,mazda,sedan,30k_to_39k,gt_7y,1,collision,4.0,3,0,none,gt_30,gt_30,no_change,0,0,0,0,none,0
11369,1996,31_to_35,1,single,honda,sedan,gt_69k,new,1,all_perils,4.0,4,0,1,gt_30,gt_30,no_change,0,0,0,0,none,0
11370,1996,36_to_40,0,married,acura,sedan,30k_to_39k,gt_7y,1,all_perils,4.0,1,0,2_to_4,gt_30,gt_30,no_change,1,1,0,0,1_to_2,0
11371,1996,41_to_50,0,married,mazda,sedan,20k_to_29k,7y,1,collision,4.0,2,0,1,gt_30,gt_30,no_change,0,0,0,0,none,0
11372,1996,36_to_40,0,married,pontiac,sedan,20k_to_29k,7y,1,all_perils,4.0,1,0,1,gt_30,gt_30,no_change,1,0,0,0,none,0
11374,1996,36_to_40,0,married,honda,sport,gt_69k,7y,1,collision,5.0,1,0,2_to_4,gt_30,gt_30,2_to_3y,0,0,0,0,none,1
11375,1996,36_to_40,1,single,pontiac,sedan,20k_to_29k,5y,1,all_perils,4.0,1,0,none,gt_30,gt_30,no_change,1,0,0,0,3_to_5,0
11377,1996,41_to_50,0,married,mazda,sedan,20k_to_29k,gt_7y,1,collision,4.0,1,0,1,gt_30,gt_30,no_change,0,0,0,0,none,0
11380,1996,31_to_35,0,single,other,sport,30k_to_39k,6y,1,liability,4.0,3,0,1,gt_30,gt_30,no_change,1,0,0,0,3_to_5,0
11381,1996,36_to_40,0,married,toyota,sedan,20k_to_29k,7y,1,all_perils,4.0,2,0,1,gt_30,gt_30,no_change,0,0,0,0,none,0
11384,1996,36_to_40,0,married,honda,sedan,20k_to_29k,gt_7y,1,collision,4.0,3,0,2_to_4,gt_30,gt_30,no_change,1,0,0,0,gt_5,0
11385,1996,31_to_35,0,single,toyota,sedan,20k_to_29k,6y,1,collision,4.0,1,0,none,gt_30,gt_30,no_change,1,1,0,0,gt_5,0
11387,1996,31_to_35,1,married,mazda,sedan,20k_to_29k,7y,1,all_perils,4.0,4,0,none,gt_30,gt_30,no_change,0,0,0,0,gt_5,0
11389,1996,36_to_40,0,married,other,sport,gt_69k,gt_7y,1,liability,4.0,3,0,2_to_4,gt_30,gt_30,no_change,1,0,0,0,none,0
11392,1996,41_to_50,0,married,toyota,sedan,20k_to_29k,7y,1,collision,4.0,1,0,1,gt_30,gt_30,no_change,1,0,0,1,3_to_5,0
11395,1996,21_to_25,0,single,chevrolet,sedan,gt_69k,3y,1,all_perils,4.0,1,0,none,gt_30,gt_30,no_change,1,0,0,0,3_to_5,0
11403,1996,41_to_50,1,married,honda,sport,30k_to_39k,gt_7y,1,liability,4.0,2,0,2_to_4,gt_30,gt_30,no_change,1,0,0,0,1_to_2,0
11407,1996,41_to_50,0,married,toyota,sedan,30k_to_39k,gt_7y,1,collision,4.0,3,0,none,gt_30,gt_30,no_change,0,0,0,0,none,0
11408,1996,36_to_40,0,married,mazda,sedan,30k_to_39k,7y,1,collision,4.0,4,0,2_to_4,gt_30,gt_30,no_change,1,1,0,0,none,0
11414,1996,over_65,0,married,ford,sedan,lt_20k,gt_7y,1,all_perils,4.0,3,0,1,gt_30,gt_30,no_change,1,0,0,0,gt_5,0
11418,1996,31_to_35,0,married,honda,sedan,gt_69k,6y,1,collision,4.0,1,0,2_to_4,gt_30,gt_30,no_change,1,0,0,0,gt_5,0
11421,1996,31_to_35,0,married,toyota,sport,20k_to_29k,6y,1,liability,4.0,1,0,2_to_4,gt_30,gt_30,no_change,1,0,0,0,gt_5,0
11427,1996,36_to_40,0,married,honda,sedan,30k_to_39k,gt_7y,1,collision,4.0,1,0,none,gt_30,gt_30,no_change,1,0,0,0,3_to_5,0
11428,1996,51_to_65,0,married,chevrolet,sedan,20k_to_29k,gt_7y,1,all_perils,4.0,2,0,1,gt_30,gt_30,no_change,1,0,0,0,3_to_5,0
11429,1996,36_to_40,0,married,pontiac,sport,20k_to_29k,7y,1,all_perils,4.0,4,0,gt_4,gt_30,gt_30,no_change,1,0,0,0,gt_5,0
11432,1996,41_to_50,0,married,acura,sedan,30k_to_39k,7y,1,collision,4.0,3,0,2_to_4,gt_30,gt_30,no_change,1,0,0,0,1_to_2,0
11435,1996,51_to_65,0,married,mazda,sport,20k_to_29k,6y,1,liability,4.0,2,0,none,gt_30,gt_30,no_change,0,1,0,0,none,0
11449,1996,31_to_35,0,married,pontiac,sport,30k_to_39k,6y,1,liability,4.0,2,0,gt_4,gt_30,gt_30,no_change,0,0,0,0,1_to_2,0
11451,1996,31_to_35,0,married,honda,sedan,30k_to_39k,6y,1,all_perils,4.0,2,0,none,gt_30,gt_30,no_change,1,0,0,0,1_to_2,1
11455,1996,31_to_35,0,single,mazda,sport,30k_to_39k,5y,1,liability,4.0,3,0,1,gt_30,gt_30,no_change,1,0,0,0,3_to_5,0
11456,1996,41_to_50,0,married,acura,sedan,30k_to_39k,gt_7y,1,all_perils,4.0,4,0,gt_4,gt_30,gt_30,no_change,1,0,0,0,none,0
11458,1996,31_to_35,0,married,pontiac,sedan,40k_to_59k,7y,1,collision,4.0,3,0,none,gt_30,gt_30,no_change,1,0,0,0,none,0
11459,1996,36_to_40,0,single,pontiac,sedan,30k_to_39k,7y,1,collision,4.0,3,0,none,gt_30,gt_30,no_change,0,0,0,0,gt_5,0
11465,1996,31_to_35,0,single,pontiac,sport,20k_to_29k,5y,1,liability,4.0,1,0,2_to_4,gt_30,gt_30,no_change,1,0,0,0,gt_5,0
11466,1996,41_to_50,0,married,mazda,sport,30k_to_39k,gt_7y,1,liability,4.0,4,0,2_to_4,gt_30,gt_30,no_change,1,0,0,0,none,0
11472,1996,31_to_35,0,married,other,sedan,30k_to_39k,7y,1,collision,4.0,2,0,1,gt_30,gt_30,no_change,1,0,0,0,gt_5,0
11479,1996,31_to_35,0,married,pontiac,sedan,20k_to_29k,6y,1,all_perils,4.0,1,0,none,gt_30,gt_30,no_change,1,1,0,0,none,0
11487,1996,36_to_40,1,married,toyota,sedan,lt_20k,gt_7y,1,collision,4.0,1,0,2_to_4,gt_30,gt_30,no_change,1,0,0,0,none,0
11488,1996,41_to_50,0,married,other,sport,gt_69k,gt_7y,2,liability,4.0,2,0,none,gt_30,gt_30,4_to_8y,1,0,0,0,gt_5,0
11493,1996,31_to_35,1,single,ford,sedan,40k_to_59k,6y,1,all_perils,4.0,1,0,none,gt_30,gt_30,no_change,0,0,0,0,none,0
11494,1996,36_to_40,0,married,pontiac,sedan,20k_to_29k,6y,1,all_perils,4.0,3,0,1,gt_30,gt_30,no_change,0,0,0,0,3_to_5,0
11495,1996,31_to_35,0,married,toyota,sedan,20k_to_29k,7y,1,all_perils,4.0,1,0,none,gt_30,gt_30,no_change,0,0,0,0,3_to_5,0
11497,1996,31_to_35,1,married,pontiac,sport,20k_to_29k,6y,1,liability,4.0,3,0,2_to_4,gt_30,gt_30,no_change,1,0,0,0,none,0
11500,1996,41_to_50,0,married,honda,sedan,20k_to_29k,6y,1,all_perils,4.0,4,0,none,gt_30,gt_30,no_change,0,0,0,0,none,0
11501,1996,36_to_40,0,married,toyota,sedan,30k_to_39k,7y,1,collision,4.0,3,0,none,gt_30,gt_30,no_change,1,0,0,0,gt_5,0
11502,1996,36_to_40,0,married,chevrolet,sport,20k_to_29k,gt_7y,1,liability,7.0,1,0,2_to_4,gt_30,gt_30,no_change,0,1,0,0,gt_5,0
11520,1996,36_to_40,0,married,pontiac,sedan,20k_to_29k,7y,1,collision,4.0,3,0,none,gt_30,gt_30,no_change,1,1,0,0,gt_5,0
11522,1996,41_to_50,0,married,pontiac,sport,30k_to_39k,gt_7y,3_to_4,liability,4.0,3,0,gt_4,gt_30,gt_30,no_change,1,0,0,0,gt_5,0
11524,1996,51_to_65,0,married,toyota,sedan,20k_to_29k,gt_7y,1,collision,4.0,3,0,2_to_4,gt_30,gt_30,no_change,1,0,0,0,none,0
11526,1996,31_to_35,0,single,toyota,sedan,20k_to_29k,6y,1,collision,4.0,4,0,gt_4,gt_30,gt_30,no_change,0,0,0,0,3_to_5,0
11529,1996,41_to_50,0,married,honda,sport,30k_to_39k,7y,1,liability,4.0,2,0,gt_4,gt_30,gt_30,no_change,1,0,0,0,none,0
11530,1996,31_to_35,0,married,pontiac,sedan,20k_to_29k,6y,2,collision,4.0,3,0,2_to_4,gt_30,gt_30,4_to_8y,1,0,0,0,none,0
11532,1996,31_to_35,1,married,honda,sport,gt_69k,2y,1,collision,4.0,2,0,none,8_to_15,8_to_15,no_change,1,0,0,0,none,0
11536,1996,31_to_35,0,single,honda,sedan,30k_to_39k,6y,1,collision,4.0,1,0,none,gt_30,gt_30,no_change,0,0,0,0,none,0
11537,1996,36_to_40,0,divorced,mazda,sedan,20k_to_29k,7y,1,collision,4.0,2,0,2_to_4,gt_30,gt_30,no_change,1,0,0,0,gt_5,0
11538,1996,36_to_40,0,married,toyota,sedan,20k_to_29k,gt_7y,1,collision,4.0,1,0,2_to_4,gt_30,gt_30,no_change,1,0,0,0,gt_5,0
11539,1996,31_to_35,0,married,chevrolet,utility,gt_69k,7y,1,all_perils,4.0,2,0,2_to_4,gt_30,gt_30,no_change,1,0,0,0,3_to_5,0
11541,1996,31_to_35,1,married,toyota,sedan,lt_20k,3y,1,all_perils,4.0,3,0,2_to_4,gt_30,gt_30,no_change,1,0,0,0,none,0
11542,1996,36_to_40,0,married,toyota,sedan,20k_to_29k,7y,1,all_perils,4.0,1,0,1,gt_30,gt_30,no_change,1,0,0,0,3_to_5,0
11544,1996,21_to_25,0,single,mazda,sport,20k_to_29k,2y,1,liability,4.0,2,0,gt_4,gt_30,gt_30,no_change,1,0,0,1,1_to_2,0
11546,1996,31_to_35,0,single,honda,sedan,20k_to_29k,5y,1,collision,4.0,2,0,2_to_4,gt_30,gt_30,no_change,1,0,0,0,none,0
11547,1996,36_to_40,0,married,mazda,sport,40k_to_59k,gt_7y,1,liability,4.0,4,0,2_to_4,gt_30,gt_30,no_change,0,1,0,0,gt_5,0
11548,1996,36_to_40,0,married,mazda,sedan,20k_to_29k,7y,1,collision,4.0,4,0,2_to_4,gt_30,gt_30,no_change,1,0,0,0,1_to_2,0
11550,1996,36_to_40,0,married,other,sedan,gt_69k,7y,1,all_perils,4.0,1,0,none,gt_30,gt_30,no_change,1,0,0,0,1_to_2,0
11552,1996,36_to_40,0,single,toyota,sedan,20k_to_29k,7y,1,all_perils,4.0,3,0,2_to_4,gt_30,gt_30,no_change,1,0,0,0,none,0
11554,1996,31_to_35,0,married,toyota,sedan,20k_to_29k,7y,1,collision,4.0,1,0,1,gt_30,gt_30,no_change,0,0,0,0,1_to_2,0
11562,1996,51_to_65,0,married,ford,sport,30k_to_39k,gt_7y,1,liability,4.0,4,0,none,gt_30,gt_30,no_change,1,0,0,0,none,0
11566,1996,over_65,0,married,chevrolet,sport,30k_to_39k,6y,1,liability,4.0,2,0,none,gt_30,gt_30,no_change,0,0,0,0,gt_5,0
11567,1996,36_to_40,0,married,honda,sport,gt_69k,7y,1,liability,4.0,2,0,gt_4,gt_30,gt_30,no_change,1,0,0,0,gt_5,0
11570,1996,36_to_40,1,single,honda,sedan,lt_20k,6y,1,all_perils,4.0,3,0,1,gt_30,gt_30,no_change,1,0,0,0,gt_5,0
11574,1996,36_to_40,0,married,pontiac,sport,20k_to_29k,7y,1,liability,4.0,1,0,2_to_4,gt_30,gt_30,no_change,1,0,0,0,none,0
11576,1996,31_to_35,0,single,mazda,sedan,20k_to_29k,6y,1,collision,4.0,4,0,2_to_4,gt_30,gt_30,no_change,1,1,0,0,1_to_2,0
11577,1996,31_to_35,0,married,toyota,sedan,20k_to_29k,7y,1,collision,4.0,2,0,2_to_4,gt_30,gt_30,no_change,1,0,0,0,3_to_5,0
11583,1996,36_to_40,0,married,chevrolet,sport,30k_to_39k,gt_7y,1,liability,4.0,3,0,2_to_4,gt_30,gt_30,no_change,0,0,0,0,gt_5,0
11584,1996,31_to_35,0,married,toyota,sedan,lt_20k,6y,1,collision,4.0,4,0,none,gt_30,gt_30,no_change,1,0,0,0,none,1
11590,1996,31_to_35,0,married,toyota,sport,30k_to_39k,7y,1,liability,4.0,1,0,gt_4,gt_30,gt_30,no_change,1,0,0,0,none,0
11597,1996,over_65,0,married,acura,sedan,30k_to_39k,gt_7y,1,all_perils,4.0,4,0,1,gt_30,gt_30,no_change,0,0,0,0,3_to_5,0
11601,1996,36_to_40,0,married,honda,sport,gt_69k,7y,1,liability,4.0,2,0,none,gt_30,gt_30,no_change,1,0,0,0,gt_5,1
11604,1996,41_to_50,1,married,other,sedan,20k_to_29k,gt_7y,3_to_4,all_perils,4.0,3,0,2_to_4,gt_30,gt_30,no_change,0,0,0,0,1_to_2,0
11605,1996,31_to_35,0,single,honda,sport,20k_to_29k,5y,1,liability,4.0,3,0,2_to_4,gt_30,gt_30,no_change,1,0,0,0,none,0
11609,1996,31_to_35,0,single,mazda,sedan,20k_to_29k,6y,1,collision,4.0,2,0,2_to_4,gt_30,gt_30,no_change,1,0,0,0,none,0
11612,1996,36_to_40,0,married,toyota,sedan,20k_to_29k,7y,1,collision,4.0,1,0,gt_4,gt_30,gt_30,no_change,1,0,0,0,3_to_5,0
11613,1996,41_to_50,0,married,ford,sport,30k_to_39k,gt_7y,1,liability,4.0,2,0,1,gt_30,gt_30,no_change,1,0,0,0,3_to_5,0
11619,1996,31_to_35,1,single,chevrolet,sport,20k_to_29k,6y,1,liability,4.0,2,0,2_to_4,gt_30,gt_30,no_change,1,0,0,0,none,0
11622,1996,36_to_40,1,married,honda,sedan,20k_to_29k,7y,1,all_perils,4.0,3,0,none,gt_30,gt_30,no_change,0,0,0,0,none,0
11623,1996,36_to_40,0,married,mazda,sport,gt_69k,7y,1,collision,4.0,3,0,none,gt_30,gt_30,no_change,0,0,0,0,none,0
11626,1996,41_to_50,0,single,pontiac,sedan,30k_to_39k,gt_7y,1,all_perils,7.0,4,0,none,gt_30,gt_30,no_change,1,0,0,0,3_to_5,0
11631,1996,31_to_35,0,married,toyota,sedan,30k_to_39k,7y,1,collision,4.0,3,0,1,gt_30,gt_30,no_change,1,1,0,0,gt_5,0
11633,1996,36_to_40,0,married,honda,sedan,20k_to_29k,gt_7y,1,collision,4.0,4,0,none,gt_30,gt_30,no_change,1,0,0,0,3_to_5,0
11634,1996,31_to_35,0,single,toyota,sedan,20k_to_29k,7y,1,all_perils,4.0,1,0,2_to_4,gt_30,gt_30,no_change,1,0,0,0,none,0
11638,1996,31_to_35,0,married,toyota,sedan,20k_to_29k,6y,1,all_perils,4.0,1,0,none,gt_30,gt_30,no_change,0,0,0,0,none,0
11641,1996,36_to_40,1,married,toyota,sport,20k_to_29k,7y,1,liability,4.0,3,0,gt_4,gt_30,gt_30,no_change,1,0,0,0,gt_5,0
11642,1996,51_to_65,0,married,honda,sport,30k_to_39k,gt_7y,1,liability,4.0,1,0,2_to_4,gt_30,gt_30,no_change,1,0,0,0,gt_5,0
11643,1996,31_to_35,0,single,toyota,sedan,lt_20k,6y,1,collision,4.0,1,0,1,gt_30,gt_30,no_change,0,0,0,0,gt_5,0
11644,1996,31_to_35,1,single,toyota,sport,20k_to_29k,6y,1,liability,4.0,3,0,2_to_4,gt_30,gt_30,no_change,1,0,0,0,none,0
11648,1996,31_to_35,0,married,honda,sedan,20k_to_29k,7y,1,collision,4.0,3,0,none,gt_30,gt_30,no_change,1,0,0,0,gt_5,0
11654,1996,31_to_35,1,married,pontiac,sedan,20k_to_29k,6y,1,all_perils,4.0,1,0,2_to_4,gt_30,gt_30,no_change,1,1,0,0,none,0
11655,1996,31_to_35,0,single,mazda,sedan,20k_to_29k,7y,1,collision,4.0,1,0,1,gt_30,gt_30,no_change,1,0,0,0,3_to_5,0
11658,1996,31_to_35,0,single,mazda,sedan,lt_20k,5y,1,all_perils,4.0,1,0,2_to_4,gt_30,gt_30,no_change,1,0,0,0,none,0
11659,1996,41_to_50,0,married,honda,sport,20k_to_29k,gt_7y,1,liability,4.0,3,0,2_to_4,gt_30,gt_30,no_change,1,0,0,0,none,0
11661,1996,36_to_40,0,single,pontiac,sport,30k_to_39k,gt_7y,1,liability,4.0,2,0,2_to_4,gt_30,gt_30,no_change,1,0,0,0,none,0
11666,1996,31_to_35,0,single,mazda,sedan,20k_to_29k,6y,1,all_perils,4.0,3,0,1,gt_30,gt_30,no_change,1,0,0,0,none,0
11668,1996,36_to_40,0,married,honda,sedan,30k_to_39k,gt_7y,1,collision,4.0,3,0,2_to_4,gt_30,gt_30,no_change,1,0,0,0,none,1
11673,1996,51_to_65,0,married,pontiac,sedan,20k_to_29k,gt_7y,1,collision,4.0,2,0,1,gt_30,gt_30,no_change,1,0,0,0,none,0
11679,1996,41_to_50,0,married,other,sport,30k_to_39k,gt_7y,1,liability,4.0,3,0,1,gt_30,gt_30,no_change,1,0,0,0,gt_5,0
11687,1996,36_to_40,0,married,pontiac,sedan,30k_to_39k,7y,1,collision,4.0,2,0,1,gt_30,gt_30,no_change,0,0,0,1,none,0
11688,1996,36_to_40,0,married,toyota,sport,20k_to_29k,gt_7y,1,liability,7.0,2,0,2_to_4,gt_30,gt_30,no_change,0,0,0,0,1_to_2,0
11689,1996,36_to_40,0,married,mazda,sport,30k_to_39k,7y,1,liability,4.0,1,0,2_to_4,gt_30,gt_30,no_change,1,0,0,0,1_to_2,0
11690,1996,41_to_50,0,married,honda,sport,gt_69k,7y,1,collision,4.0,4,0,none,gt_30,gt_30,no_change,1,0,0,0,none,0
11693,1996,36_to_40,0,married,pontiac,sedan,30k_to_39k,7y,1,all_perils,4.0,1,0,2_to_4,gt_30,gt_30,no_change,1,0,0,0,none,0
11696,1996,26_to_30,0,single,honda,sedan,lt_20k,5y,1,collision,4.0,4,0,none,gt_30,gt_30,no_change,0,0,0,0,none,0
11697,1996,41_to_50,0,married,toyota,sedan,lt_20k,6y,1,all_perils,4.0,1,0,none,gt_30,gt_30,no_change,1,0,0,0,none,0
11698,1996,31_to_35,0,married,acura,sedan,30k_to_39k,7y,2,all_perils,4.0,2,0,2_to_4,gt_30,gt_30,4_to_8y,1,0,0,0,gt_5,0
11701,1996,36_to_40,0,married,pontiac,sedan,20k_to_29k,gt_7y,1,all_perils,4.0,4,0,1,gt_30,gt_30,no_change,0,0,0,0,none,0
11707,1996,31_to_35,1,married,pontiac,sedan,20k_to_29k,6y,1,collision,4.0,4,0,1,gt_30,gt_30,no_change,1,0,0,0,gt_5,0
11710,1996,36_to_40,0,single,honda,sport,30k_to_39k,7y,1,liability,4.0,1,0,gt_4,gt_30,gt_30,no_change,1,0,0,0,none,0
11713,1996,36_to_40,0,married,ford,sport,30k_to_39k,gt_7y,1,liability,4.0,3,0,2_to_4,gt_30,gt_30,no_change,1,0,0,0,gt_5,0
11714,1996,31_to_35,0,married,chevrolet,sport,30k_to_39k,5y,1,liability,4.0,4,0,2_to_4,gt_30,gt_30,no_change,0,0,0,0,3_to_5,0
11716,1996,36_to_40,1,married,mazda,sedan,gt_69k,7y,1,collision,4.0,4,0,2_to_4,gt_30,gt_30,no_change,1,0,0,0,none,0
11721,1996,36_to_40,0,married,pontiac,sedan,20k_to_29k,7y,1,collision,4.0,2,0,2_to_4,gt_30,gt_30,no_change,1,1,0,0,none,0
11723,1996,41_to_50,0,married,ford,sedan,30k_to_39k,gt_7y,1,all_perils,4.0,2,0,none,gt_30,gt_30,no_change,1,0,0,0,none,0
11727,1996,41_to_50,0,married,pontiac,sedan,gt_69k,gt_7y,3_to_4,collision,4.0,4,0,none,gt_30,gt_30,no_change,1,0,0,0,none,0
11745,1996,36_to_40,0,single,pontiac,sedan,lt_20k,7y,1,all_perils,4.0,2,0,1,gt_30,gt_30,no_change,1,0,0,0,none,0
11747,1996,36_to_40,0,married,honda,sedan,20k_to_29k,7y,1,collision,4.0,4,0,2_to_4,gt_30,gt_30,no_change,1,0,0,0,3_to_5,0
11749,1996,51_to_65,0,married,pontiac,sedan,20k_to_29k,gt_7y,1,collision,4.0,1,0,none,gt_30,gt_30,no_change,0,0,0,0,3_to_5,0
11750,1996,41_to_50,0,married,toyota,sport,20k_to_29k,gt_7y,1,liability,7.0,3,0,2_to_4,gt_30,gt_30,no_change,0,0,0,0,gt_5,0
11752,1996,26_to_30,1,single,toyota,sedan,20k_to_29k,5y,1,all_perils,4.0,1,0,none,gt_30,gt_30,no_change,1,0,0,0,gt_5,0
11754,1996,41_to_50,0,married,chevrolet,sedan,40k_to_59k,7y,1,collision,4.0,4,0,none,8_to_15,gt_30,no_change,1,0,0,0,none,0
11757,1996,31_to_35,1,single,mazda,sport,20k_to_29k,4y,1,liability,4.0,3,0,2_to_4,gt_30,gt_30,no_change,1,0,0,0,none,0
11758,1996,31_to_35,0,single,pontiac,sport,30k_to_39k,7y,1,liability,4.0,1,0,2_to_4,gt_30,gt_30,no_change,1,0,0,0,gt_5,0
11760,1996,31_to_35,0,married,pontiac,sedan,lt_20k,6y,1,all_perils,4.0,3,0,1,gt_30,gt_30,no_change,1,0,0,0,1_to_2,0
11765,1996,41_to_50,1,single,pontiac,sport,30k_to_39k,7y,1,liability,4.0,2,0,2_to_4,gt_30,gt_30,no_change,1,0,0,0,gt_5,0
11766,1996,31_to_35,0,married,acura,sedan,30k_to_39k,6y,1,all_perils,4.0,3,0,1,gt_30,gt_30,no_change,1,0,0,0,none,0
11770,1996,36_to_40,0,single,toyota,sedan,20k_to_29k,6y,1,collision,4.0,4,0,1,gt_30,gt_30,no_change,0,0,0,0,1_to_2,0
11771,1996,36_to_40,0,married,mazda,sedan,20k_to_29k,7y,1,collision,4.0,4,0,1,gt_30,gt_30,no_change,0,1,0,0,gt_5,0
11772,1996,31_to_35,0,single,toyota,sport,20k_to_29k,6y,1,liability,4.0,4,0,2_to_4,gt_30,gt_30,no_change,1,0,0,0,1_to_2,0
11790,1996,41_to_50,0,married,mazda,sedan,20k_to_29k,gt_7y,1,all_perils,4.0,4,0,2_to_4,gt_30,gt_30,no_change,0,0,0,0,none,0
11792,1996,31_to_35,0,single,honda,sport,20k_to_29k,5y,1,liability,4.0,2,0,none,gt_30,gt_30,no_change,0,0,0,0,none,0
11795,1996,41_to_50,0,married,mazda,sport,20k_to_29k,7y,1,liability,4.0,2,0,1,gt_30,gt_30,no_change,1,0,0,0,gt_5,0
11802,1996,36_to_40,0,married,toyota,sport,30k_to_39k,7y,1,liability,4.0,3,0,2_to_4,gt_30,gt_30,no_change,1,1,0,0,none,0
11803,1996,41_to_50,0,married,mazda,sport,20k_to_29k,7y,2,liability,4.0,2,0,2_to_4,gt_30,gt_30,4_to_8y,1,0,0,0,none,0
11806,1996,41_to_50,0,married,pontiac,sedan,20k_to_29k,7y,1,all_perils,4.0,2,0,2_to_4,gt_30,gt_30,no_change,0,0,0,0,none,0
11808,1996,36_to_40,0,married,honda,sport,gt_69k,7y,1,collision,4.0,4,0,none,gt_30,gt_30,no_change,1,0,0,0,gt_5,1
11809,1996,36_to_40,0,married,honda,sedan,20k_to_29k,7y,3_to_4,collision,4.0,3,0,1,gt_30,gt_30,no_change,0,1,0,0,gt_5,0
11810,1996,36_to_40,0,married,honda,sedan,20k_to_29k,6y,1,collision,4.0,2,0,none,gt_30,gt_30,no_change,1,0,0,0,1_to_2,0
11813,1996,31_to_35,0,married,toyota,sedan,30k_to_39k,6y,1,all_perils,4.0,4,0,none,gt_30,gt_30,no_change,1,0,0,0,1_to_2,0
11815,1996,31_to_35,0,married,honda,sedan,gt_69k,6y,1,all_perils,4.0,3,0,2_to_4,gt_30,gt_30,no_change,1,0,0,0,gt_5,0
11816,1996,41_to_50,0,married,toyota,sport,20k_to_29k,7y,1,liability,4.0,2,0,2_to_4,gt_30,gt_30,no_change,1,0,0,0,none,0
11817,1996,36_to_40,0,married,toyota,sport,30k_to_39k,7y,1,liability,4.0,3,0,gt_4,gt_30,gt_30,no_change,1,0,0,0,3_to_5,0
11818,1996,26_to_30,0,single,mazda,sport,gt_69k,3y,1,collision,4.0,2,0,2_to_4,gt_30,gt_30,no_change,0,0,0,0,gt_5,0
11821,1996,36_to_40,0,married,chevrolet,sedan,gt_69k,gt_7y,1,all_perils,4.0,2,0,none,gt_30,gt_30,no_change,0,0,0,0,gt_5,0
11827,1996,51_to_65,0,married,chevrolet,sport,30k_to_39k,7y,1,liability,4.0,2,0,2_to_4,gt_30,gt_30,no_change,1,0,0,0,none,0
11829,1996,31_to_35,0,single,toyota,sport,20k_to_29k,6y,1,liability,4.0,1,0,2_to_4,gt_30,gt_30,no_change,1,1,0,0,none,0
11830,1996,31_to_35,0,single,pontiac,sedan,20k_to_29k,6y,1,collision,4.0,1,0,2_to_4,gt_30,gt_30,no_change,1,0,0,0,3_to_5,0
11831,1996,over_65,1,single,pontiac,sport,lt_20k,7y,1,liability,4.0,2,0,1,gt_30,gt_30,1y,1,0,0,0,gt_5,0
11832,1996,36_to_40,1,single,pontiac,sedan,20k_to_29k,7y,1,all_perils,4.0,2,0,1,gt_30,gt_30,no_change,0,0,0,0,gt_5,0
11839,1996,31_to_35,1,married,toyota,sedan,30k_to_39k,7y,1,all_perils,4.0,4,0,none,gt_30,gt_30,no_change,0,0,0,0,gt_5,0
11852,1996,41_to_50,0,married,pontiac,sedan,30k_to_39k,gt_7y,1,all_perils,4.0,3,0,none,gt_30,gt_30,no_change,0,0,0,0,gt_5,0
11855,1996,31_to_35,0,married,pontiac,sport,30k_to_39k,6y,1,liability,4.0,4,0,none,gt_30,gt_30,no_change,1,1,0,0,none,0
11856,1996,31_to_35,1,single,toyota,sedan,20k_to_29k,5y,1,all_perils,4.0,4,0,1,gt_30,gt_30,no_change,1,0,0,0,none,0
11857,1996,36_to_40,1,married,toyota,sedan,20k_to_29k,7y,1,all_perils,4.0,3,0,2_to_4,gt_30,gt_30,no_change,1,0,0,0,3_to_5,0
11860,1996,31_to_35,0,married,honda,sport,30k_to_39k,7y,1,liability,4.0,4,0,2_to_4,gt_30,gt_30,no_change,1,0,0,0,none,0
11861,1996,41_to_50,0,married,chevrolet,sedan,gt_69k,gt_7y,1,all_perils,4.0,4,0,gt_4,gt_30,gt_30,no_change,0,0,0,0,gt_5,0
11863,1996,31_to_35,0,married,pontiac,sedan,lt_20k,6y,1,collision,4.0,3,0,none,gt_30,gt_30,no_change,0,0,0,0,none,0
11864,1996,31_to_35,0,married,mazda,sport,gt_69k,7y,1,liability,4.0,2,0,none,gt_30,gt_30,no_change,1,0,0,0,gt_5,0
11866,1996,31_to_35,0,married,toyota,sedan,20k_to_29k,5y,2,collision,4.0,4,0,2_to_4,gt_30,gt_30,4_to_8y,1,0,0,0,3_to_5,0
11870,1996,36_to_40,0,married,toyota,sport,30k_to_39k,7y,1,liability,4.0,1,0,gt_4,gt_30,gt_30,no_change,1,0,0,0,none,0
11872,1996,41_to_50,0,single,toyota,sedan,20k_to_29k,6y,1,collision,4.0,2,0,gt_4,gt_30,gt_30,no_change,1,0,0,0,3_to_5,1
11874,1996,36_to_40,0,married,chevrolet,sport,30k_to_39k,7y,1,liability,7.0,2,0,gt_4,gt_30,gt_30,no_change,1,0,0,0,1_to_2,0
11877,1996,41_to_50,0,married,toyota,sedan,lt_20k,gt_7y,1,all_perils,4.0,1,0,none,gt_30,gt_30,no_change,1,0,0,0,none,0
11879,1996,16_to_17,0,single,honda,sport,gt_69k,new,1,liability,4.0,4,0,gt_4,gt_30,gt_30,no_change,1,0,0,0,none,0
11883,1996,36_to_40,0,married,mazda,sedan,30k_to_39k,7y,1,collision,4.0,1,0,2_to_4,gt_30,gt_30,no_change,1,0,0,0,none,0
11884,1996,51_to_65,0,married,pontiac,sport,20k_to_29k,7y,1,liability,5.0,1,0,2_to_4,gt_30,gt_30,2_to_3y,1,0,0,0,none,0
11887,1996,31_to_35,0,married,mazda,sport,gt_69k,6y,2,collision,4.0,1,0,1,gt_30,gt_30,4_to_8y,0,0,0,0,none,0
11890,1996,36_to_40,0,married,pontiac,sedan,30k_to_39k,gt_7y,1,collision,4.0,1,0,2_to_4,gt_30,gt_30,no_change,1,0,0,0,gt_5,0
11893,1996,51_to_65,0,married,honda,sport,20k_to_29k,7y,1,liability,4.0,4,0,gt_4,gt_30,gt_30,no_change,1,0,0,0,none,0
11899,1996,31_to_35,0,single,pontiac,sedan,lt_20k,6y,1,all_perils,4.0,3,0,none,gt_30,gt_30,no_change,1,0,0,0,1_to_2,1
11900,1996,36_to_40,1,single,honda,sedan,20k_to_29k,7y,1,collision,4.0,2,0,2_to_4,gt_30,gt_30,no_change,0,0,0,0,none,0
11901,1996,36_to_40,1,married,other,sedan,20k_to_29k,5y,1,all_perils,4.0,2,0,2_to_4,gt_30,gt_30,no_change,1,0,0,0,3_to_5,1
11902,1996,31_to_35,0,married,honda,sedan,20k_to_29k,6y,1,collision,4.0,2,0,2_to_4,gt_30,gt_30,no_change,1,0,0,0,1_to_2,1
11906,1996,36_to_40,0,married,other,sport,30k_to_39k,7y,1,liability,4.0,4,0,2_to_4,gt_30,gt_30,no_change,1,0,0,0,none,0
11907,1996,16_to_17,0,single,honda,sport,gt_69k,new,1,liability,4.0,1,0,2_to_4,gt_30,gt_30,no_change,1,0,0,0,none,0
11909,1996,41_to_50,0,married,honda,sport,30k_to_39k,gt_7y,1,liability,4.0,4,0,2_to_4,gt_30,gt_30,no_change,1,0,0,0,gt_5,0
11915,1996,36_to_40,0,married,honda,sedan,20k_to_29k,7y,1,collision,4.0,4,0,1,gt_30,gt_30,no_change,1,0,0,0,gt_5,1
11917,1996,31_to_35,1,single,toyota,sport,20k_to_29k,6y,1,liability,4.0,3,0,1,gt_30,gt_30,no_change,1,0,0,0,1_to_2,0
11918,1996,36_to_40,0,married,toyota,sedan,20k_to_29k,7y,1,collision,4.0,1,0,2_to_4,gt_30,gt_30,no_change,1,0,0,0,gt_5,0
11921,1996,16_to_17,0,single,honda,sport,gt_69k,new,1,liability,4.0,3,0,2_to_4,gt_30,gt_30,no_change,1,1,0,0,none,0
11922,1996,41_to_50,0,married,acura,utility,gt_69k,5y,1,all_perils,4.0,1,0,1,none,gt_30,1y,0,1,0,0,none,0
11924,1996,51_to_65,0,married,toyota,sedan,20k_to_29k,6y,1,all_perils,4.0,3,0,none,gt_30,gt_30,no_change,0,0,0,0,gt_5,0
11925,1996,31_to_35,0,married,pontiac,sport,20k_to_29k,6y,1,liability,4.0,4,0,gt_4,gt_30,gt_30,no_change,1,0,0,0,none,0
11940,1996,31_to_35,0,single,pontiac,sedan,lt_20k,5y,1,collision,4.0,3,0,none,gt_30,gt_30,no_change,1,0,0,0,none,1
11943,1996,36_to_40,0,single,mazda,sport,30k_to_39k,7y,1,liability,4.0,2,0,2_to_4,gt_30,gt_30,no_change,1,0,0,0,gt_5,0
11944,1996,26_to_30,1,single,pontiac,sedan,20k_to_29k,5y,1,collision,4.0,1,0,2_to_4,gt_30,gt_30,no_change,1,0,0,0,none,0
11948,1996,41_to_50,0,married,honda,sport,20k_to_29k,gt_7y,1,liability,4.0,3,0,none,gt_30,gt_30,no_change,0,0,0,0,gt_5,0
11949,1996,31_to_35,0,married,chevrolet,sedan,30k_to_39k,7y,1,all_perils,4.0,1,0,2_to_4,gt_30,gt_30,no_change,1,0,0,1,gt_5,0
11959,1996,16_to_17,0,single,honda,sport,gt_69k,new,1,liability,4.0,2,0,1,gt_30,gt_30,no_change,1,1,0,0,none,0
11961,1996,36_to_40,0,married,toyota,sedan,20k_to_29k,6y,1,collision,4.0,3,0,1,gt_30,gt_30,no_change,1,0,0,0,none,0
11963,1996,41_to_50,0,married,toyota,sedan,20k_to_29k,gt_7y,1,all_perils,4.0,4,0,1,gt_30,gt_30,no_change,1,0,0,0,none,0
11971,1996,31_to_35,0,married,pontiac,sedan,20k_to_29k,6y,2,all_perils,4.0,4,0,1,gt_30,gt_30,4_to_8y,0,0,0,0,none,0
11980,1996,16_to_17,0,single,honda,sedan,gt_69k,new,1,collision,4.0,1,0,2_to_4,gt_30,gt_30,no_change,1,0,0,0,none,0
11981,1996,36_to_40,0,married,chevrolet,sedan,30k_to_39k,7y,1,collision,4.0,1,0,1,gt_30,gt_30,no_change,1,0,0,0,none,0
11985,1996,31_to_35,1,married,mazda,sport,20k_to_29k,5y,1,liability,4.0,1,0,2_to_4,gt_30,gt_30,no_change,1,0,0,0,gt_5,0
11987,1996,36_to_40,0,married,toyota,sedan,20k_to_29k,7y,1,all_perils,4.0,4,0,none,gt_30,gt_30,no_change,0,0,0,0,none,0
11988,1996,36_to_40,0,married,toyota,sport,30k_to_39k,gt_7y,1,liability,4.0,2,0,gt_4,gt_30,gt_30,no_change,1,1,0,0,gt_5,0
11994,1996,41_to_50,0,married,honda,sedan,20k_to_29k,gt_7y,1,collision,4.0,2,0,2_to_4,gt_30,gt_30,no_change,1,0,0,0,none,0
11996,1996,31_to_35,0,married,toyota,sport,30k_to_39k,7y,1,liability,4.0,1,0,2_to_4,gt_30,gt_30,no_change,1,0,0,0,none,0
11999,1996,31_to_35,0,married,mazda,sedan,20k_to_29k,6y,1,collision,4.0,1,0,none,gt_30,gt_30,no_change,1,0,0,0,none,0
12002,1996,31_to_35,0,married,mazda,sedan,20k_to_29k,6y,1,collision,4.0,4,0,1,gt_30,gt_30,no_change,0,0,0,0,none,0
12007,1996,31_to_35,0,single,toyota,sedan,20k_to_29k,7y,1,collision,4.0,3,0,2_to_4,gt_30,gt_30,no_change,0,0,0,0,none,0
12015,1996,31_to_35,0,married,chevrolet,sedan,20k_to_29k,6y,1,collision,4.0,1,0,2_to_4,gt_30,gt_30,no_change,0,0,0,0,none,0
12018,1996,31_to_35,0,single,toyota,sport,20k_to_29k,6y,1,liability,4.0,4,0,2_to_4,gt_30,gt_30,no_change,1,0,0,0,1_to_2,0
12019,1996,51_to_65,0,married,honda,sport,20k_to_29k,7y,1,liability,4.0,2,0,1,gt_30,gt_30,no_change,0,0,0,0,none,0
12020,1996,36_to_40,0,single,pontiac,sport,20k_to_29k,6y,1,liability,4.0,1,0,2_to_4,gt_30,gt_30,no_change,1,0,0,0,1_to_2,0
12022,1996,36_to_40,0,married,mazda,sedan,30k_to_39k,7y,1,collision,4.0,4,0,2_to_4,gt_30,gt_30,no_change,1,0,0,0,1_to_2,0
12024,1996,31_to_35,1,married,mazda,sport,20k_to_29k,6y,1,liability,4.0,3,0,2_to_4,gt_30,gt_30,no_change,1,0,0,0,1_to_2,0
12031,1996,16_to_17,0,single,honda,sport,gt_69k,new,1,liability,4.0,2,0,gt_4,gt_30,gt_30,no_change,1,0,0,0,none,0
12034,1996,41_to_50,0,married,toyota,sport,20k_to_29k,7y,2,liability,4.0,4,0,2_to_4,gt_30,gt_30,4_to_8y,1,0,0,0,1_to_2,0
12036,1996,41_to_50,0,married,toyota,sedan,30k_to_39k,gt_7y,1,all_perils,4.0,3,0,gt_4,gt_30,gt_30,no_change,1,0,0,0,none,0
12043,1996,41_to_50,0,married,chevrolet,sedan,30k_to_39k,gt_7y,1,collision,4.0,3,0,none,gt_30,gt_30,no_change,0,0,0,0,none,0
12047,1996,31_to_35,0,single,chevrolet,sport,gt_69k,6y,1,liability,4.0,3,0,2_to_4,gt_30,gt_30,no_change,1,0,0,0,none,0
12049,1996,41_to_50,0,married,pontiac,sedan,20k_to_29k,gt_7y,1,collision,4.0,3,0,2_to_4,gt_30,gt_30,no_change,1,0,0,0,none,0
12063,1996,31_to_35,0,married,pontiac,sport,30k_to_39k,7y,1,liability,4.0,2,0,gt_4,gt_30,gt_30,no_change,1,0,0,0,none,0
12065,1996,31_to_35,0,single,toyota,sport,20k_to_29k,5y,1,liability,4.0,3,0,2_to_4,gt_30,gt_30,no_change,1,0,0,0,none,0
12067,1996,31_to_35,1,single,mazda,sedan,20k_to_29k,6y,1,collision,4.0,1,0,none,gt_30,gt_30,no_change,1,0,0,0,gt_5,0
12071,1996,31_to_35,0,single,toyota,sedan,30k_to_39k,6y,1,collision,4.0,1,0,1,gt_30,gt_30,no_change,1,0,0,0,gt_5,0
12086,1996,over_65,0,married,pontiac,sport,lt_20k,7y,1,liability,4.0,4,0,2_to_4,gt_30,gt_30,no_change,1,0,0,0,1_to_2,0
12088,1996,41_to_50,0,married,pontiac,sedan,lt_20k,gt_7y,1,all_perils,5.0,4,0,gt_4,gt_30,gt_30,2_to_3y,1,0,0,0,none,0
12093,1996,31_to_35,0,single,pontiac,sedan,20k_to_29k,6y,1,collision,4.0,3,0,none,gt_30,gt_30,no_change,0,0,0,0,gt_5,0
12099,1996,36_to_40,0,married,pontiac,sport,20k_to_29k,7y,1,liability,4.0,4,0,none,gt_30,gt_30,no_change,1,1,0,0,gt_5,0
12101,1996,51_to_65,0,married,chevrolet,sedan,30k_to_39k,gt_7y,1,all_perils,4.0,2,0,2_to_4,gt_30,gt_30,no_change,1,0,0,0,gt_5,0
12102,1996,51_to_65,0,married,pontiac,utility,gt_69k,gt_7y,1,all_perils,4.0,2,0,2_to_4,gt_30,gt_30,no_change,1,0,0,0,gt_5,0
12104,1996,31_to_35,0,single,toyota,sedan,30k_to_39k,6y,1,collision,4.0,1,1,1,gt_30,gt_30,1y,0,0,0,0,none,0
12109,1996,31_to_35,1,single,honda,sport,20k_to_29k,3y,1,liability,4.0,4,0,2_to_4,gt_30,gt_30,no_change,1,1,0,0,none,0
12118,1996,36_to_40,0,married,chevrolet,sedan,40k_to_59k,6y,2,collision,4.0,3,0,2_to_4,gt_30,gt_30,4_to_8y,1,0,0,0,1_to_2,0
12126,1996,31_to_35,1,single,mazda,sedan,20k_to_29k,7y,1,collision,4.0,3,0,1,gt_30,gt_30,no_change,0,0,0,0,3_to_5,0
12128,1996,36_to_40,0,married,honda,sedan,20k_to_29k,gt_7y,1,all_perils,4.0,2,0,1,gt_30,gt_30,no_change,0,0,0,0,1_to_2,0
12133,1996,51_to_65,0,married,honda,sedan,20k_to_29k,7y,1,all_perils,4.0,2,0,none,gt_30,gt_30,no_change,1,0,0,0,none,0
12142,1996,41_to_50,1,married,toyota,sedan,gt_69k,6y,1,all_perils,4.0,1,0,1,gt_30,gt_30,no_change,1,1,0,0,none,0
12144,1996,36_to_40,0,married,pontiac,sport,20k_to_29k,7y,1,liability,4.0,2,0,none,gt_30,gt_30,no_change,1,0,0,0,1_to_2,0
12145,1996,36_to_40,0,single,pontiac,utility,gt_69k,7y,1,all_perils,4.0,1,0,gt_4,gt_30,gt_30,no_change,1,0,0,0,3_to_5,0
12148,1996,31_to_35,0,married,honda,sedan,20k_to_29k,6y,1,all_perils,4.0,4,0,1,gt_30,gt_30,no_change,0,0,0,0,gt_5,0
12152,1996,41_to_50,0,married,honda,sport,gt_69k,5y,1,collision,4.0,4,0,2_to_4,gt_30,gt_30,no_change,0,0,0,0,gt_5,0
12154,1996,31_to_35,0,married,chevrolet,sedan,30k_to_39k,7y,1,all_perils,4.0,1,0,none,gt_30,gt_30,no_change,0,0,0,0,gt_5,0
12160,1996,31_to_35,0,single,chevrolet,sedan,20k_to_29k,7y,2,collision,4.0,3,0,none,gt_30,gt_30,4_to_8y,1,0,0,0,1_to_2,0
12161,1996,36_to_40,0,married,pontiac,utility,gt_69k,gt_7y,1,all_perils,4.0,3,0,2_to_4,gt_30,gt_30,no_change,1,0,0,0,1_to_2,1
12164,1996,41_to_50,1,married,toyota,sedan,20k_to_29k,gt_7y,1,collision,4.0,3,0,2_to_4,gt_30,gt_30,no_change,1,0,0,0,none,0
12168,1996,41_to_50,0,single,pontiac,sport,30k_to_39k,7y,1,liability,4.0,3,0,2_to_4,gt_30,gt_30,no_change,1,0,0,0,3_to_5,0
12169,1996,36_to_40,1,married,chevrolet,sedan,30k_to_39k,7y,1,collision,4.0,2,0,none,gt_30,gt_30,no_change,1,0,0,0,3_to_5,0
12171,1996,26_to_30,0,single,toyota,sedan,30k_to_39k,6y,1,collision,4.0,2,0,2_to_4,gt_30,gt_30,no_change,0,0,0,0,1_to_2,0
12174,1996,31_to_35,0,married,honda,sedan,30k_to_39k,6y,1,all_perils,4.0,1,0,1,gt_30,gt_30,no_change,0,0,0,0,3_to_5,0
12176,1996,41_to_50,1,single,pontiac,sport,30k_to_39k,7y,1,liability,4.0,1,0,none,gt_30,gt_30,no_change,1,0,0,0,3_to_5,0
12179,1996,16_to_17,0,single,honda,sedan,gt_69k,new,1,all_perils,4.0,2,0,1,gt_30,gt_30,no_change,1,1,0,0,none,0
12185,1996,31_to_35,0,single,toyota,sedan,20k_to_29k,6y,1,collision,4.0,4,0,none,gt_30,gt_30,no_change,1,0,0,0,none,0
12188,1996,41_to_50,0,married,acura,sedan,30k_to_39k,gt_7y,1,all_perils,4.0,1,0,none,15_to_30,15_to_30,no_change,0,0,0,0,none,0
12193,1996,31_to_35,1,single,mazda,sedan,20k_to_29k,7y,1,collision,4.0,3,0,1,gt_30,gt_30,no_change,1,0,0,0,gt_5,0
12195,1996,over_65,0,married,chevrolet,sedan,gt_69k,gt_7y,1,all_perils,4.0,3,0,2_to_4,gt_30,gt_30,1y,1,0,0,0,3_to_5,0
12201,1996,41_to_50,0,married,chevrolet,sport,30k_to_39k,gt_7y,1,liability,4.0,3,0,none,gt_30,gt_30,no_change,0,0,0,0,none,0
12202,1996,51_to_65,0,married,toyota,sedan,lt_20k,6y,2,all_perils,4.0,2,0,gt_4,gt_30,gt_30,4_to_8y,1,0,0,0,none,0
12208,1996,over_65,0,married,mazda,sedan,lt_20k,gt_7y,1,all_perils,4.0,4,0,1,gt_30,gt_30,no_change,0,0,0,0,none,0
12209,1996,51_to_65,0,married,pontiac,sport,20k_to_29k,gt_7y,1,liability,4.0,2,0,gt_4,gt_30,gt_30,no_change,1,0,0,0,none,0
12211,1996,41_to_50,0,single,pontiac,sport,20k_to_29k,7y,1,liability,4.0,4,0,gt_4,gt_30,gt_30,no_change,1,0,0,0,none,0
12212,1996,36_to_40,0,married,pontiac,sedan,20k_to_29k,7y,1,collision,4.0,4,0,1,none,8_to_15,no_change,0,0,0,0,none,0
12213,1996,31_to_35,0,single,chevrolet,sedan,30k_to_39k,7y,1,collision,4.0,3,0,none,gt_30,gt_30,no_change,1,0,0,0,none,0
12214,1996,51_to_65,0,married,honda,sedan,20k_to_29k,gt_7y,1,collision,4.0,2,0,gt_4,gt_30,gt_30,no_change,1,1,0,0,gt_5,1
12216,1996,31_to_35,0,married,mazda,sport,gt_69k,5y,1,collision,4.0,3,0,2_to_4,gt_30,gt_30,no_change,1,0,0,0,none,0
12223,1996,over_65,0,single,honda,sedan,20k_to_29k,gt_7y,2,all_perils,4.0,1,0,none,gt_30,gt_30,4_to_8y,1,0,0,0,3_to_5,0
12226,1996,41_to_50,0,married,ford,sedan,30k_to_39k,7y,1,all_perils,4.0,1,0,gt_4,gt_30,gt_30,no_change,1,0,0,0,gt_5,0
12228,1996,36_to_40,0,married,mazda,sport,20k_to_29k,6y,1,liability,4.0,4,0,1,gt_30,gt_30,no_change,1,0,0,0,none,0
12231,1996,31_to_35,0,married,pontiac,sedan,20k_to_29k,7y,1,collision,4.0,3,0,gt_4,gt_30,gt_30,no_change,0,0,0,0,1_to_2,0
12233,1996,31_to_35,0,single,ford,sedan,30k_to_39k,6y,1,collision,4.0,4,0,gt_4,gt_30,gt_30,no_change,1,0,0,1,gt_5,0
12240,1996,31_to_35,0,married,chevrolet,sedan,20k_to_29k,6y,1,collision,4.0,2,0,2_to_4,gt_30,gt_30,no_change,1,0,0,0,1_to_2,0
12241,1996,31_to_35,0,single,chevrolet,sport,40k_to_59k,7y,1,liability,5.0,2,0,gt_4,gt_30,gt_30,2_to_3y,1,0,0,0,gt_5,0
12243,1996,36_to_40,0,single,honda,sedan,gt_69k,7y,1,all_perils,4.0,1,0,none,gt_30,gt_30,no_change,1,0,0,0,3_to_5,0
12245,1996,36_to_40,0,married,pontiac,sedan,lt_20k,7y,1,all_perils,4.0,1,0,1,gt_30,gt_30,no_change,1,0,0,0,3_to_5,1
12248,1996,51_to_65,0,married,mazda,sedan,gt_69k,gt_7y,1,collision,4.0,1,0,gt_4,gt_30,gt_30,no_change,1,0,0,0,gt_5,0
12252,1996,16_to_17,0,single,honda,sedan,gt_69k,new,1,all_perils,4.0,1,0,none,gt_30,gt_30,no_change,1,0,0,0,none,0
12253,1996,51_to_65,0,married,honda,sport,20k_to_29k,7y,1,liability,4.0,1,0,1,gt_30,gt_30,no_change,1,0,0,0,gt_5,0
12255,1996,31_to_35,1,single,toyota,sedan,20k_to_29k,6y,1,all_perils,4.0,1,0,1,gt_30,gt_30,no_change,1,0,0,0,none,0
12257,1996,51_to_65,0,married,mazda,sedan,30k_to_39k,7y,1,collision,4.0,2,0,2_to_4,gt_30,gt_30,no_change,0,0,0,0,none,0
12260,1996,31_to_35,0,married,toyota,sedan,20k_to_29k,6y,3_to_4,all_perils,4.0,4,0,none,gt_30,gt_30,no_change,0,0,0,0,none,0
12261,1996,31_to_35,0,single,pontiac,sedan,lt_20k,5y,1,collision,4.0,3,0,2_to_4,gt_30,gt_30,no_change,1,0,0,0,1_to_2,0
12262,1996,26_to_30,0,single,pontiac,sedan,20k_to_29k,5y,1,collision,4.0,1,0,2_to_4,gt_30,gt_30,no_change,1,0,0,0,1_to_2,0
12267,1996,31_to_35,1,single,pontiac,sedan,lt_20k,6y,1,all_perils,4.0,2,0,none,gt_30,gt_30,no_change,1,0,0,0,1_to_2,0
12271,1996,31_to_35,0,married,pontiac,sedan,20k_to_29k,7y,1,all_perils,4.0,4,0,none,gt_30,gt_30,no_change,0,0,0,0,none,0
12273,1996,41_to_50,0,married,pontiac,sedan,20k_to_29k,gt_7y,1,collision,4.0,3,0,none,gt_30,gt_30,no_change,0,0,0,0,none,0
12274,1996,31_to_35,0,single,honda,sport,30k_to_39k,6y,1,liability,4.0,4,0,2_to_4,gt_30,gt_30,no_change,1,0,0,0,3_to_5,0
12275,1996,41_to_50,1,married,other,sport,40k_to_59k,gt_7y,1,liability,4.0,1,0,none,gt_30,gt_30,no_change,1,0,0,0,gt_5,0
12276,1996,31_to_35,1,married,honda,sedan,20k_to_29k,5y,1,collision,4.0,3,0,1,gt_30,gt_30,no_change,0,1,0,0,none,0
12279,1996,31_to_35,0,married,toyota,sedan,20k_to_29k,7y,1,collision,4.0,3,0,none,gt_30,gt_30,no_change,1,0,0,0,1_to_2,1
12283,1996,31_to_35,0,married,chevrolet,utility,gt_69k,5y,1,all_perils,4.0,3,0,gt_4,gt_30,gt_30,no_change,1,0,0,0,gt_5,0
12285,1996,41_to_50,1,married,honda,sedan,lt_20k,gt_7y,1,all_perils,4.0,1,0,none,gt_30,gt_30,no_change,1,0,0,0,none,0
12286,1996,51_to_65,0,married,other,sedan,20k_to_29k,gt_7y,2,collision,4.0,1,0,2_to_4,gt_30,gt_30,1y,1,0,0,0,1_to_2,0
12287,1996,36_to_40,0,married,mazda,sport,20k_to_29k,7y,1,liability,4.0,2,0,2_to_4,gt_30,gt_30,no_change,1,0,0,0,none,0
12288,1996,41_to_50,0,married,mazda,sedan,20k_to_29k,gt_7y,1,collision,4.0,4,0,none,gt_30,gt_30,no_change,0,0,0,0,gt_5,0
12295,1996,51_to_65,0,married,pontiac,sport,30k_to_39k,gt_7y,1,liability,4.0,3,0,gt_4,gt_30,gt_30,no_change,1,0,0,0,none,0
12296,1996,51_to_65,0,married,mazda,sedan,20k_to_29k,7y,1,collision,4.0,1,0,2_to_4,gt_30,gt_30,no_change,0,0,0,0,gt_5,0
12303,1996,41_to_50,0,married,honda,sedan,20k_to_29k,7y,1,collision,4.0,2,0,2_to_4,gt_30,gt_30,no_change,1,0,0,0,gt_5,0
12307,1996,31_to_35,0,married,honda,sedan,20k_to_29k,7y,2,collision,4.0,4,0,none,15_to_30,15_to_30,4_to_8y,1,1,0,0,none,0
12308,1996,31_to_35,0,married,chevrolet,sedan,gt_69k,4y,1,collision,4.0,1,0,gt_4,gt_30,gt_30,no_change,1,0,0,0,gt_5,0
12310,1996,41_to_50,0,married,pontiac,sedan,lt_20k,gt_7y,1,all_perils,4.0,2,0,1,gt_30,gt_30,no_change,0,0,0,0,gt_5,0
12316,1996,41_to_50,0,married,mazda,sedan,20k_to_29k,gt_7y,1,all_perils,4.0,4,0,2_to_4,gt_30,gt_30,no_change,0,0,0,0,3_to_5,0
12317,1996,41_to_50,0,married,toyota,sedan,20k_to_29k,gt_7y,1,all_perils,4.0,2,0,none,gt_30,gt_30,no_change,1,0,0,0,3_to_5,0
12319,1996,36_to_40,0,married,toyota,sport,20k_to_29k,7y,1,liability,4.0,3,0,2_to_4,gt_30,gt_30,no_change,0,1,0,1,none,0
12327,1996,31_to_35,1,married,mazda,sport,30k_to_39k,7y,1,liability,4.0,4,0,1,gt_30,gt_30,no_change,1,0,0,0,none,0
12330,1996,41_to_50,0,single,pontiac,utility,gt_69k,7y,1,all_perils,4.0,1,0,gt_4,gt_30,gt_30,no_change,1,0,0,0,3_to_5,0
12334,1996,41_to_50,0,married,chevrolet,sport,40k_to_59k,gt_7y,1,liability,4.0,1,0,gt_4,gt_30,gt_30,no_change,1,0,0,0,none,0
12337,1996,36_to_40,0,single,mazda,sport,20k_to_29k,3y,1,liability,4.0,3,0,1,gt_30,gt_30,no_change,1,0,0,0,none,0
12342,1996,31_to_35,0,single,honda,sedan,20k_to_29k,7y,3_to_4,collision,4.0,1,0,none,gt_30,gt_30,no_change,0,0,0,0,none,0
12349,1996,36_to_40,0,married,acura,sedan,20k_to_29k,7y,2,all_perils,4.0,1,0,none,gt_30,gt_30,4_to_8y,1,0,0,0,3_to_5,0
12351,1996,41_to_50,0,married,ford,sedan,40k_to_59k,gt_7y,1,collision,4.0,1,0,1,gt_30,gt_30,no_change,0,1,0,0,gt_5,0
12353,1996,31_to_35,0,single,mazda,sedan,30k_to_39k,6y,1,all_perils,4.0,2,0,2_to_4,gt_30,gt_30,no_change,1,0,0,0,none,0
12354,1996,31_to_35,1,single,mazda,sedan,20k_to_29k,7y,1,collision,4.0,3,0,2_to_4,gt_30,gt_30,no_change,1,0,0,0,none,0
12360,1996,41_to_50,0,single,toyota,sport,lt_20k,gt_7y,1,all_perils,4.0,2,0,1,gt_30,gt_30,no_change,1,0,0,0,3_to_5,0
12363,1996,41_to_50,0,single,acura,sedan,20k_to_29k,7y,1,all_perils,4.0,4,0,gt_4,gt_30,gt_30,no_change,1,0,0,0,3_to_5,0
12371,1996,41_to_50,1,divorced,mazda,sedan,20k_to_29k,7y,1,collision,4.0,3,0,none,gt_30,gt_30,no_change,1,0,0,0,none,0
12377,1996,31_to_35,0,single,honda,sport,gt_69k,6y,1,liability,4.0,2,0,2_to_4,gt_30,gt_30,1y,0,0,0,0,1_to_2,0
12378,1996,41_to_50,0,married,chevrolet,sedan,20k_to_29k,7y,1,all_perils,4.0,2,0,1,gt_30,gt_30,no_change,1,1,0,0,3_to_5,0
12382,1996,36_to_40,0,married,pontiac,sport,20k_to_29k,7y,1,liability,4.0,4,0,gt_4,gt_30,gt_30,no_change,0,0,0,0,gt_5,0
12383,1996,41_to_50,0,married,honda,sport,30k_to_39k,gt_7y,3_to_4,liability,4.0,4,0,gt_4,gt_30,gt_30,no_change,1,0,0,0,1_to_2,0
12389,1996,31_to_35,0,married,pontiac,sedan,20k_to_29k,7y,1,all_perils,4.0,1,0,2_to_4,gt_30,gt_30,no_change,0,0,0,0,none,0
12393,1996,26_to_30,0,single,chevrolet,sedan,20k_to_29k,5y,1,all_perils,4.0,3,0,none,gt_30,gt_30,no_change,0,0,0,0,3_to_5,0
12395,1996,31_to_35,0,single,chevrolet,sport,20k_to_29k,6y,1,liability,4.0,4,0,gt_4,gt_30,gt_30,no_change,1,0,0,0,3_to_5,0
12399,1996,41_to_50,0,married,pontiac,sport,20k_to_29k,gt_7y,1,liability,4.0,1,0,gt_4,gt_30,gt_30,no_change,1,0,0,0,gt_5,0
12402,1996,51_to_65,0,married,mazda,sport,20k_to_29k,gt_7y,1,liability,4.0,1,0,gt_4,gt_30,gt_30,no_change,1,0,0,0,3_to_5,0
12404,1996,31_to_35,0,single,mazda,sedan,20k_to_29k,6y,1,all_perils,4.0,3,0,none,gt_30,gt_30,no_change,0,0,0,0,1_to_2,0
12405,1996,31_to_35,0,single,mazda,sport,20k_to_29k,6y,1,liability,4.0,2,0,2_to_4,gt_30,gt_30,no_change,1,0,0,0,none,0
12408,1996,36_to_40,0,married,acura,sport,30k_to_39k,7y,1,liability,4.0,4,0,none,gt_30,gt_30,no_change,1,0,0,0,3_to_5,0
12410,1996,51_to_65,0,married,honda,sedan,20k_to_29k,gt_7y,1,collision,4.0,1,0,2_to_4,gt_30,gt_30,no_change,0,0,0,0,gt_5,0
12414,1996,36_to_40,1,married,ford,sport,40k_to_59k,gt_7y,1,liability,4.0,2,1,2_to_4,gt_30,gt_30,no_change,1,0,0,0,gt_5,0
12420,1996,36_to_40,0,married,toyota,sedan,20k_to_29k,7y,1,all_perils,4.0,3,0,none,gt_30,gt_30,no_change,0,0,0,0,3_to_5,0
12421,1996,36_to_40,0,married,acura,sedan,30k_to_39k,gt_7y,1,collision,4.0,2,0,none,gt_30,gt_30,no_change,1,0,0,0,gt_5,0
12422,1996,51_to_65,0,single,mazda,utility,gt_69k,gt_7y,1,all_perils,4.0,4,0,gt_4,gt_30,gt_30,no_change,1,0,0,0,gt_5,0
12423,1996,36_to_40,0,married,toyota,sedan,20k_to_29k,7y,1,collision,4.0,1,0,none,gt_30,gt_30,no_change,1,1,0,0,gt_5,0
12425,1996,31_to_35,0,married,toyota,sedan,20k_to_29k,7y,1,all_perils,4.0,1,0,1,gt_30,gt_30,no_change,0,0,0,0,none,0
12428,1996,51_to_65,0,married,acura,utility,gt_69k,5y,1,all_perils,4.0,4,0,1,gt_30,gt_30,no_change,0,1,0,0,1_to_2,0
12430,1996,41_to_50,0,married,pontiac,sport,20k_to_29k,gt_7y,1,liability,4.0,3,0,gt_4,gt_30,gt_30,no_change,1,0,0,0,1_to_2,0
12434,1996,26_to_30,1,single,toyota,sport,20k_to_29k,5y,1,liability,4.0,4,0,2_to_4,gt_30,gt_30,no_change,1,0,0,0,gt_5,0
12439,1996,16_to_17,0,single,honda,sedan,gt_69k,new,1,all_perils,4.0,4,0,1,gt_30,gt_30,no_change,1,0,0,1,none,0
12442,1996,31_to_35,0,single,ford,sedan,lt_20k,7y,1,collision,4.0,2,0,1,gt_30,gt_30,no_change,0,0,0,0,1_to_2,0
12443,1996,36_to_40,0,married,toyota,sedan,20k_to_29k,7y,1,collision,4.0,2,0,2_to_4,gt_30,gt_30,no_change,1,1,0,0,none,0
12445,1996,41_to_50,0,married,honda,sport,20k_to_29k,7y,1,liability,5.0,1,0,2_to_4,gt_30,gt_30,2_to_3y,1,1,0,0,gt_5,0
12455,1996,31_to_35,1,single,honda,sedan,20k_to_29k,5y,1,collision,4.0,3,0,2_to_4,gt_30,gt_30,no_change,0,0,0,0,gt_5,0
12456,1996,41_to_50,0,married,honda,sedan,30k_to_39k,7y,1,collision,4.0,1,0,2_to_4,gt_30,gt_30,no_change,1,0,0,0,none,1
12458,1996,41_to_50,0,married,pontiac,sedan,20k_to_29k,7y,1,collision,4.0,4,0,2_to_4,gt_30,gt_30,no_change,1,0,0,0,3_to_5,0
12462,1996,31_to_35,0,married,honda,sport,gt_69k,7y,1,liability,4.0,4,0,2_to_4,gt_30,gt_30,no_change,1,1,0,1,gt_5,0
12463,1996,51_to_65,0,married,toyota,sedan,lt_20k,gt_7y,1,all_perils,7.0,3,0,2_to_4,gt_30,gt_30,no_change,1,0,0,0,none,0
12467,1996,36_to_40,0,married,pontiac,sedan,lt_20k,7y,1,collision,4.0,1,0,1,gt_30,gt_30,no_change,1,0,0,0,none,0
12468,1996,31_to_35,0,single,pontiac,sedan,20k_to_29k,7y,1,collision,4.0,3,0,1,gt_30,gt_30,1y,1,0,0,0,gt_5,0
12469,1996,36_to_40,0,married,pontiac,sport,20k_to_29k,7y,1,liability,4.0,4,0,2_to_4,gt_30,gt_30,no_change,1,0,0,0,3_to_5,0
12471,1996,41_to_50,0,single,honda,sedan,20k_to_29k,gt_7y,1,collision,4.0,2,0,2_to_4,gt_30,gt_30,no_change,1,0,0,0,1_to_2,0
12475,1996,41_to_50,0,married,chevrolet,sedan,30k_to_39k,7y,2,collision,4.0,1,0,none,gt_30,gt_30,4_to_8y,1,0,0,0,gt_5,0
12477,1996,31_to_35,0,married,other,sedan,30k_to_39k,7y,1,collision,4.0,2,0,none,gt_30,gt_30,no_change,1,0,0,0,1_to_2,0
12478,1996,41_to_50,0,married,chevrolet,sedan,30k_to_39k,gt_7y,1,collision,4.0,3,0,2_to_4,gt_30,gt_30,no_change,1,0,0,0,none,0
12481,1996,31_to_35,0,single,mazda,sedan,20k_to_29k,7y,1,collision,4.0,1,0,1,gt_30,gt_30,no_change,1,0,0,0,3_to_5,0
12486,1996,41_to_50,0,married,toyota,sport,30k_to_39k,gt_7y,1,liability,4.0,2,0,1,gt_30,gt_30,no_change,1,0,0,0,3_to_5,0
12487,1996,41_to_50,0,married,honda,sedan,20k_to_29k,7y,1,collision,4.0,3,0,gt_4,gt_30,gt_30,no_change,1,0,0,0,3_to_5,0
12488,1996,36_to_40,0,married,toyota,sport,20k_to_29k,7y,1,liability,4.0,4,0,gt_4,gt_30,gt_30,no_change,1,0,0,0,none,0
12491,1996,36_to_40,1,married,toyota,sedan,gt_69k,6y,1,all_perils,4.0,4,0,1,gt_30,gt_30,no_change,0,0,0,0,none,0
12493,1996,41_to_50,0,married,acura,sedan,30k_to_39k,gt_7y,1,all_perils,4.0,2,0,none,gt_30,gt_30,no_change,0,0,0,0,none,0
12503,1996,41_to_50,0,married,chevrolet,sedan,20k_to_29k,7y,1,collision,4.0,1,0,2_to_4,gt_30,gt_30,no_change,1,0,0,0,none,0
12507,1996,31_to_35,0,married,pontiac,sedan,20k_to_29k,6y,1,collision,4.0,4,0,gt_4,gt_30,gt_30,no_change,1,0,0,0,gt_5,0
12509,1996,31_to_35,1,married,pontiac,sport,30k_to_39k,6y,1,liability,4.0,2,0,2_to_4,gt_30,gt_30,no_change,1,0,0,0,3_to_5,0
12511,1996,36_to_40,0,married,mazda,sedan,30k_to_39k,7y,1,collision,4.0,2,0,none,gt_30,gt_30,no_change,1,0,0,0,gt_5,0
12513,1996,31_to_35,0,single,toyota,sedan,20k_to_29k,6y,1,collision,4.0,4,0,2_to_4,gt_30,gt_30,no_change,1,0,0,0,none,0
12515,1996,41_to_50,0,married,chevrolet,sedan,30k_to_39k,gt_7y,1,collision,4.0,1,0,none,gt_30,gt_30,no_change,1,0,0,0,gt_5,0
12516,1996,51_to_65,0,single,other,utility,40k_to_59k,gt_7y,1,collision,4.0,1,0,2_to_4,gt_30,gt_30,no_change,1,0,0,0,3_to_5,0
12520,1996,36_to_40,0,married,chevrolet,sedan,gt_69k,7y,1,all_perils,4.0,2,0,none,gt_30,gt_30,no_change,1,0,0,0,none,0
12526,1996,36_to_40,0,married,pontiac,sedan,20k_to_29k,7y,1,all_perils,4.0,3,0,2_to_4,gt_30,gt_30,no_change,1,0,0,0,1_to_2,0
12529,1996,26_to_30,0,single,pontiac,sedan,20k_to_29k,5y,1,collision,4.0,3,0,none,gt_30,gt_30,no_change,1,0,0,0,none,0
12531,1996,31_to_35,0,single,chevrolet,utility,gt_69k,5y,1,all_perils,4.0,2,0,gt_4,gt_30,gt_30,no_change,1,0,0,0,none,0
12536,1996,31_to_35,0,single,toyota,sport,20k_to_29k,3y,1,liability,4.0,4,0,none,gt_30,gt_30,no_change,1,0,0,0,none,0
12546,1996,41_to_50,0,married,toyota,sedan,20k_to_29k,5y,1,collision,4.0,4,0,1,gt_30,gt_30,no_change,1,1,0,0,1_to_2,0
12548,1996,36_to_40,0,married,mazda,sport,20k_to_29k,7y,1,liability,4.0,4,0,2_to_4,gt_30,gt_30,no_change,1,0,0,0,gt_5,0
12552,1996,31_to_35,0,married,pontiac,sedan,20k_to_29k,7y,1,collision,4.0,1,0,none,gt_30,gt_30,no_change,1,0,0,1,1_to_2,0
12555,1996,41_to_50,0,married,mazda,sedan,20k_to_29k,gt_7y,1,collision,4.0,4,0,1,gt_30,gt_30,no_change,0,0,0,1,none,0
12556,1996,31_to_35,0,single,honda,sport,30k_to_39k,7y,1,liability,7.0,3,0,none,8_to_15,gt_30,no_change,1,0,0,0,none,0
12557,1996,41_to_50,0,married,pontiac,sedan,lt_20k,gt_7y,1,all_perils,4.0,4,0,1,gt_30,gt_30,no_change,1,0,0,0,none,0
12562,1996,36_to_40,0,married,honda,sedan,20k_to_29k,7y,1,collision,4.0,3,0,2_to_4,gt_30,gt_30,no_change,1,0,0,0,gt_5,0
12564,1996,41_to_50,0,married,pontiac,sedan,30k_to_39k,gt_7y,1,collision,4.0,2,0,2_to_4,gt_30,gt_30,no_change,1,1,0,0,gt_5,0
12569,1996,36_to_40,0,married,honda,sedan,20k_to_29k,gt_7y,1,collision,4.0,4,0,1,gt_30,gt_30,no_change,1,0,0,0,none,1
12577,1996,31_to_35,1,single,toyota,sport,20k_to_29k,7y,1,liability,4.0,4,0,2_to_4,gt_30,gt_30,no_change,1,0,0,0,none,0
12580,1996,31_to_35,0,married,ford,sedan,20k_to_29k,6y,2,all_perils,4.0,3,0,1,gt_30,gt_30,4_to_8y,1,0,0,0,3_to_5,0
12586,1996,36_to_40,1,married,acura,sedan,gt_69k,5y,1,all_perils,4.0,3,0,2_to_4,gt_30,gt_30,no_change,1,0,0,0,1_to_2,0
12587,1996,31_to_35,1,single,pontiac,sedan,20k_to_29k,7y,1,collision,7.0,2,0,gt_4,gt_30,gt_30,no_change,0,0,0,0,3_to_5,0
12591,1996,41_to_50,0,married,toyota,sedan,20k_to_29k,gt_7y,1,collision,4.0,4,0,1,gt_30,gt_30,no_change,1,0,0,0,3_to_5,0
12595,1996,36_to_40,0,married,toyota,sport,20k_to_29k,7y,1,liability,4.0,2,0,2_to_4,gt_30,gt_30,no_change,1,0,0,0,gt_5,0
12597,1996,31_to_35,1,single,chevrolet,sport,20k_to_29k,5y,1,liability,4.0,2,0,2_to_4,gt_30,gt_30,no_change,1,0,0,0,none,0
12606,1996,51_to_65,0,married,pontiac,sport,gt_69k,7y,1,liability,4.0,4,0,gt_4,gt_30,gt_30,no_change,1,0,0,0,none,0
12607,1996,41_to_50,0,married,honda,sedan,20k_to_29k,gt_7y,1,collision,4.0,1,0,2_to_4,gt_30,gt_30,no_change,0,0,0,0,gt_5,0
12608,1996,31_to_35,0,married,honda,sedan,20k_to_29k,6y,1,all_perils,4.0,1,0,1,gt_30,gt_30,no_change,0,0,0,0,none,0
12613,1996,31_to_35,0,married,chevrolet,sport,20k_to_29k,6y,1,liability,4.0,4,0,2_to_4,gt_30,gt_30,no_change,1,0,0,0,none,0
12614,1996,41_to_50,0,married,ford,sedan,40k_to_59k,gt_7y,1,all_perils,4.0,3,0,none,gt_30,gt_30,no_change,1,0,0,0,3_to_5,0
12616,1996,36_to_40,0,married,chevrolet,sport,20k_to_29k,7y,1,liability,4.0,4,0,2_to_4,gt_30,gt_30,no_change,0,0,0,0,gt_5,0
12619,1996,31_to_35,1,married,honda,sedan,lt_20k,6y,1,collision,4.0,1,0,1,gt_30,gt_30,no_change,0,0,0,0,none,0
12621,1996,over_65,0,married,pontiac,sedan,30k_to_39k,gt_7y,1,collision,4.0,4,0,2_to_4,gt_30,gt_30,no_change,1,0,0,0,3_to_5,0
12624,1996,31_to_35,0,single,toyota,sedan,lt_20k,7y,1,collision,4.0,1,0,none,gt_30,gt_30,no_change,1,0,0,0,3_to_5,0
12629,1996,36_to_40,0,single,other,sedan,40k_to_59k,7y,3_to_4,all_perils,4.0,2,0,2_to_4,gt_30,gt_30,no_change,0,0,0,0,gt_5,0
12630,1996,31_to_35,0,single,mazda,sport,20k_to_29k,6y,1,liability,4.0,1,0,1,gt_30,gt_30,no_change,1,0,0,0,none,0
12634,1996,51_to_65,0,married,other,sport,30k_to_39k,gt_7y,1,liability,4.0,4,0,gt_4,gt_30,gt_30,no_change,1,0,0,0,none,0
12643,1996,31_to_35,0,single,toyota,sedan,lt_20k,7y,2,all_perils,4.0,4,0,none,gt_30,gt_30,4_to_8y,1,1,0,0,gt_5,0
12646,1996,36_to_40,0,married,honda,sedan,lt_20k,6y,1,all_perils,4.0,2,0,1,gt_30,gt_30,no_change,1,1,0,0,none,0
12652,1996,51_to_65,0,married,chevrolet,sedan,30k_to_39k,gt_7y,1,collision,4.0,2,0,none,gt_30,gt_30,no_change,0,0,0,0,gt_5,0
12653,1996,36_to_40,0,married,pontiac,sport,40k_to_59k,7y,1,liability,4.0,2,0,1,gt_30,gt_30,no_change,1,0,0,0,none,0
12654,1996,41_to_50,0,married,honda,sedan,20k_to_29k,7y,1,collision,4.0,1,0,1,gt_30,gt_30,no_change,1,0,0,0,1_to_2,1
12657,1996,36_to_40,0,married,other,sedan,gt_69k,7y,1,all_perils,4.0,3,0,none,gt_30,gt_30,no_change,1,1,0,0,none,0
12658,1996,36_to_40,0,married,honda,sport,gt_69k,7y,1,liability,4.0,4,0,1,gt_30,gt_30,no_change,1,0,0,0,none,0
12661,1996,31_to_35,0,married,toyota,sport,20k_to_29k,7y,1,liability,4.0,3,0,1,gt_30,gt_30,no_change,1,0,0,0,1_to_2,0
12666,1996,51_to_65,0,married,honda,sedan,20k_to_29k,7y,1,collision,4.0,4,0,none,gt_30,gt_30,no_change,1,0,0,0,none,0
12669,1996,41_to_50,0,married,toyota,sedan,20k_to_29k,gt_7y,1,collision,4.0,2,0,1,gt_30,gt_30,no_change,1,0,0,1,1_to_2,0
12670,1996,51_to_65,0,married,mazda,sedan,20k_to_29k,gt_7y,3_to_4,collision,4.0,3,0,none,gt_30,gt_30,no_change,1,0,0,0,none,0
12671,1996,31_to_35,0,married,other,sedan,30k_to_39k,6y,1,collision,4.0,4,0,gt_4,gt_30,gt_30,no_change,1,0,0,0,gt_5,0
12675,1996,36_to_40,1,married,toyota,sport,20k_to_29k,7y,1,liability,4.0,1,0,2_to_4,gt_30,gt_30,no_change,1,0,0,0,gt_5,0
12677,1996,31_to_35,0,married,mazda,sport,gt_69k,7y,1,liability,4.0,1,0,2_to_4,gt_30,gt_30,no_change,1,0,0,0,none,0
12678,1996,26_to_30,0,single,mazda,sport,20k_to_29k,5y,1,liability,4.0,1,0,1,gt_30,gt_30,no_change,1,0,0,0,none,0
12681,1996,31_to_35,1,married,pontiac,sedan,20k_to_29k,5y,1,collision,4.0,2,0,none,gt_30,gt_30,no_change,1,1,0,0,none,0
12683,1996,31_to_35,0,single,pontiac,sport,20k_to_29k,6y,1,liability,4.0,3,0,gt_4,gt_30,gt_30,no_change,1,1,0,0,gt_5,0
12684,1996,41_to_50,0,married,honda,sedan,20k_to_29k,gt_7y,1,all_perils,4.0,2,0,none,gt_30,gt_30,no_change,1,1,0,0,gt_5,0
12687,1996,36_to_40,0,married,pontiac,sedan,30k_to_39k,gt_7y,1,all_perils,4.0,3,0,1,gt_30,gt_30,no_change,1,0,0,0,3_to_5,0
12698,1996,36_to_40,0,married,pontiac,sedan,20k_to_29k,7y,1,all_perils,4.0,1,0,none,gt_30,gt_30,no_change,1,0,0,0,none,0
12699,1996,41_to_50,0,married,honda,sport,gt_69k,gt_7y,1,collision,4.0,3,0,none,gt_30,gt_30,no_change,1,0,0,0,none,0
12701,1996,31_to_35,0,single,pontiac,sedan,30k_to_39k,7y,1,collision,4.0,1,0,1,gt_30,gt_30,no_change,1,1,0,0,3_to_5,0
12702,1996,51_to_65,0,single,mazda,sport,20k_to_29k,gt_7y,1,liability,4.0,4,0,1,gt_30,gt_30,no_change,0,0,0,0,3_to_5,0
12703,1996,31_to_35,0,single,toyota,sport,20k_to_29k,7y,1,liability,4.0,2,0,2_to_4,gt_30,gt_30,no_change,1,0,0,0,1_to_2,0
12708,1996,51_to_65,0,married,honda,sedan,20k_to_29k,gt_7y,1,collision,4.0,2,0,gt_4,gt_30,gt_30,no_change,1,0,0,0,gt_5,0
12709,1996,36_to_40,0,married,mazda,sport,gt_69k,7y,1,liability,4.0,4,0,1,gt_30,gt_30,no_change,1,0,0,0,1_to_2,0
12712,1996,51_to_65,0,married,toyota,sedan,30k_to_39k,7y,1,collision,4.0,2,0,none,gt_30,gt_30,no_change,0,0,0,0,1_to_2,0
12715,1996,31_to_35,1,single,honda,sedan,20k_to_29k,5y,1,collision,4.0,3,0,2_to_4,gt_30,gt_30,no_change,1,0,0,0,gt_5,0
12716,1996,41_to_50,0,married,honda,sport,30k_to_39k,gt_7y,1,liability,4.0,3,0,gt_4,gt_30,gt_30,no_change,1,0,0,0,gt_5,0
12718,1996,31_to_35,0,married,chevrolet,sport,20k_to_29k,7y,1,liability,4.0,2,0,2_to_4,gt_30,gt_30,no_change,1,0,0,0,3_to_5,0
12721,1996,31_to_35,0,married,other,sedan,60k_to_69k,7y,1,collision,4.0,2,0,2_to_4,gt_30,gt_30,no_change,0,1,0,0,gt_5,0
12723,1996,31_to_35,0,married,toyota,sedan,gt_69k,7y,1,collision,4.0,1,0,2_to_4,gt_30,gt_30,no_change,0,1,0,0,none,0
12726,1996,31_to_35,0,married,toyota,sedan,30k_to_39k,5y,1,all_perils,4.0,2,0,2_to_4,gt_30,gt_30,no_change,1,0,0,0,1_to_2,0
12729,1996,31_to_35,0,married,acura,sedan,30k_to_39k,6y,1,all_perils,4.0,3,0,none,gt_30,gt_30,no_change,1,0,0,0,none,0
12730,1996,36_to_40,0,married,toyota,sedan,20k_to_29k,gt_7y,1,collision,4.0,1,0,2_to_4,gt_30,gt_30,no_change,0,0,0,0,1_to_2,0
12734,1996,41_to_50,0,married,pontiac,sedan,20k_to_29k,7y,1,all_perils,4.0,3,0,none,gt_30,gt_30,no_change,0,0,0,0,none,0
12740,1996,36_to_40,0,married,toyota,sedan,20k_to_29k,7y,1,collision,4.0,3,0,2_to_4,gt_30,gt_30,no_change,1,0,0,0,gt_5,1
12743,1996,31_to_35,0,single,toyota,sport,20k_to_29k,6y,1,liability,4.0,3,0,2_to_4,gt_30,gt_30,no_change,1,0,0,0,none,0
12744,1996,31_to_35,0,single,toyota,sport,30k_to_39k,7y,1,liability,4.0,2,0,none,gt_30,gt_30,no_change,1,0,0,0,gt_5,0
12747,1996,41_to_50,1,married,pontiac,sedan,20k_to_29k,7y,1,all_perils,4.0,3,0,1,gt_30,gt_30,no_change,1,0,0,0,none,1
12748,1996,41_to_50,0,married,pontiac,sedan,30k_to_39k,gt_7y,1,collision,4.0,2,1,1,gt_30,gt_30,no_change,1,0,0,0,3_to_5,1
12753,1996,51_to_65,0,single,pontiac,sport,20k_to_29k,gt_7y,1,liability,4.0,2,0,2_to_4,gt_30,gt_30,no_change,1,0,0,0,3_to_5,0
12756,1996,36_to_40,0,married,chevrolet,sedan,gt_69k,6y,1,all_perils,4.0,3,0,2_to_4,gt_30,gt_30,no_change,0,0,0,1,3_to_5,0
12761,1996,36_to_40,0,married,pontiac,sport,20k_to_29k,6y,1,liability,4.0,4,0,gt_4,gt_30,gt_30,no_change,1,0,0,0,none,0
12762,1996,26_to_30,0,single,pontiac,sedan,gt_69k,5y,1,collision,4.0,1,0,1,gt_30,gt_30,no_change,1,0,0,0,3_to_5,0
12763,1996,36_to_40,0,married,honda,sport,20k_to_29k,7y,1,liability,4.0,2,0,2_to_4,gt_30,gt_30,no_change,1,0,0,0,3_to_5,0
12768,1996,36_to_40,0,married,pontiac,sedan,30k_to_39k,7y,1,collision,4.0,4,0,2_to_4,gt_30,gt_30,no_change,0,0,0,0,1_to_2,0
12778,1996,51_to_65,0,widow,ford,sedan,30k_to_39k,7y,1,all_perils,4.0,1,0,gt_4,gt_30,gt_30,no_change,1,0,0,0,gt_5,0
12779,1996,31_to_35,0,married,toyota,sedan,30k_to_39k,6y,1,collision,4.0,3,0,1,gt_30,gt_30,no_change,0,0,0,0,none,0
12782,1996,26_to_30,1,single,chevrolet,sport,20k_to_29k,5y,1,liability,4.0,2,0,1,gt_30,gt_30,no_change,0,0,0,0,1_to_2,0
12785,1996,36_to_40,0,single,toyota,sport,30k_to_39k,7y,1,liability,4.0,2,0,1,gt_30,gt_30,no_change,1,0,0,0,gt_5,0
12789,1996,31_to_35,0,single,toyota,sport,30k_to_39k,6y,1,liability,4.0,4,0,2_to_4,gt_30,gt_30,no_change,1,0,0,0,gt_5,0
12791,1996,41_to_50,0,married,chevrolet,sedan,20k_to_29k,gt_7y,1,all_perils,4.0,1,0,2_to_4,gt_30,gt_30,no_change,0,0,0,1,gt_5,0
12800,1996,36_to_40,0,married,mazda,sedan,20k_to_29k,6y,1,collision,4.0,3,0,2_to_4,gt_30,gt_30,no_change,1,0,0,0,gt_5,0
12801,1996,36_to_40,0,married,other,sedan,gt_69k,7y,1,all_perils,4.0,2,0,2_to_4,gt_30,gt_30,no_change,1,0,0,0,none,0
12803,1996,36_to_40,0,married,pontiac,sedan,30k_to_39k,7y,1,collision,4.0,2,0,1,gt_30,gt_30,no_change,1,1,0,0,gt_5,0
12812,1996,41_to_50,0,married,chevrolet,sedan,20k_to_29k,gt_7y,1,all_perils,4.0,2,0,none,gt_30,gt_30,no_change,1,0,0,0,1_to_2,0
12813,1996,31_to_35,0,married,acura,sedan,30k_to_39k,7y,1,all_perils,4.0,1,0,2_to_4,gt_30,gt_30,no_change,0,0,0,0,none,0
12814,1996,31_to_35,0,single,toyota,sport,20k_to_29k,7y,1,liability,4.0,1,0,1,gt_30,gt_30,no_change,1,0,0,0,1_to_2,0
12815,1996,36_to_40,1,married,toyota,sedan,lt_20k,5y,1,all_perils,4.0,4,0,1,gt_30,gt_30,no_change,1,0,0,0,none,0
12818,1996,31_to_35,0,married,ford,sedan,40k_to_59k,7y,1,collision,4.0,1,0,1,gt_30,gt_30,no_change,1,1,0,0,gt_5,0
12825,1996,36_to_40,0,married,pontiac,sedan,lt_20k,7y,1,all_perils,4.0,3,0,1,gt_30,gt_30,no_change,1,0,0,0,none,0
12826,1996,36_to_40,0,single,chevrolet,sedan,gt_69k,7y,1,all_perils,4.0,2,0,1,gt_30,gt_30,no_change,1,0,0,0,1_to_2,1
12828,1996,over_65,1,married,mazda,sedan,20k_to_29k,gt_7y,1,collision,4.0,2,0,2_to_4,gt_30,gt_30,no_change,0,1,0,0,none,0
12829,1996,over_65,0,married,pontiac,sedan,20k_to_29k,gt_7y,1,collision,4.0,2,0,1,gt_30,gt_30,no_change,1,0,0,0,gt_5,0
12832,1996,31_to_35,0,married,mazda,sedan,20k_to_29k,6y,2,all_perils,4.0,4,0,gt_4,gt_30,gt_30,1y,0,0,0,0,1_to_2,0
12835,1996,31_to_35,0,married,mazda,sedan,30k_to_39k,7y,1,collision,7.0,4,0,2_to_4,gt_30,gt_30,no_change,1,0,0,0,gt_5,1
12836,1996,31_to_35,0,single,honda,sedan,20k_to_29k,7y,1,collision,4.0,4,0,gt_4,gt_30,gt_30,no_change,0,0,0,0,gt_5,0
12838,1996,41_to_50,0,married,chevrolet,sedan,30k_to_39k,gt_7y,1,all_perils,4.0,4,0,none,gt_30,gt_30,no_change,0,0,0,0,none,0
12839,1996,26_to_30,0,single,mazda,sport,20k_to_29k,4y,1,liability,4.0,2,0,2_to_4,gt_30,gt_30,no_change,1,0,0,0,gt_5,0
12841,1996,51_to_65,0,married,pontiac,sport,20k_to_29k,gt_7y,1,liability,4.0,2,0,gt_4,gt_30,gt_30,no_change,1,0,0,0,3_to_5,0
12846,1996,36_to_40,0,married,mazda,sport,30k_to_39k,6y,1,liability,4.0,3,0,1,gt_30,gt_30,no_change,1,0,0,0,1_to_2,0
12847,1996,31_to_35,0,married,chevrolet,sedan,20k_to_29k,7y,1,collision,4.0,4,0,1,gt_30,gt_30,no_change,0,0,0,0,3_to_5,0
12851,1996,51_to_65,0,married,pontiac,sedan,30k_to_39k,gt_7y,1,collision,4.0,1,0,2_to_4,8_to_15,8_to_15,no_change,0,0,0,0,none,0
12853,1996,41_to_50,1,single,pontiac,sedan,lt_20k,gt_7y,2,all_perils,5.0,1,0,1,gt_30,gt_30,2_to_3y,0,0,0,0,gt_5,0
12855,1996,41_to_50,0,married,pontiac,sedan,20k_to_29k,gt_7y,1,collision,4.0,4,0,1,gt_30,gt_30,no_change,0,1,0,0,none,0
12858,1996,41_to_50,0,married,other,sedan,30k_to_39k,gt_7y,1,all_perils,4.0,3,0,2_to_4,gt_30,gt_30,no_change,0,0,0,0,none,0
12860,1996,31_to_35,0,married,toyota,sedan,20k_to_29k,4y,1,all_perils,4.0,4,0,1,gt_30,gt_30,no_change,1,0,0,0,none,0
12861,1996,36_to_40,0,married,chevrolet,sport,30k_to_39k,4y,1,liability,4.0,4,0,1,gt_30,gt_30,no_change,1,0,0,0,none,0
12862,1996,31_to_35,1,married,honda,sedan,20k_to_29k,5y,1,collision,4.0,4,0,2_to_4,gt_30,gt_30,no_change,0,0,0,0,1_to_2,0
12873,1996,16_to_17,0,single,honda,sedan,gt_69k,new,1,all_perils,4.0,1,0,gt_4,gt_30,gt_30,no_change,0,1,0,0,none,0
12875,1996,36_to_40,0,married,other,sedan,40k_to_59k,gt_7y,3_to_4,collision,4.0,4,0,1,gt_30,gt_30,no_change,0,0,0,0,none,0
12879,1996,41_to_50,0,married,chevrolet,sedan,30k_to_39k,gt_7y,1,all_perils,4.0,2,0,none,gt_30,gt_30,no_change,0,0,0,0,gt_5,0
12886,1996,31_to_35,0,single,mazda,sedan,30k_to_39k,6y,1,collision,4.0,1,0,gt_4,gt_30,gt_30,no_change,0,0,0,0,gt_5,0
12888,1996,31_to_35,0,married,mazda,sedan,20k_to_29k,6y,1,collision,4.0,2,0,2_to_4,gt_30,gt_30,no_change,1,0,0,0,none,0
12892,1996,21_to_25,0,single,pontiac,sedan,lt_20k,2y,1,all_perils,4.0,1,0,2_to_4,gt_30,gt_30,no_change,0,0,0,0,gt_5,0
12895,1996,31_to_35,0,married,toyota,sedan,40k_to_59k,7y,2,collision,4.0,4,0,1,gt_30,gt_30,4_to_8y,0,0,0,0,gt_5,0
12897,1996,41_to_50,0,married,chevrolet,sedan,gt_69k,gt_7y,1,all_perils,7.0,4,0,1,gt_30,gt_30,no_change,1,0,0,0,none,0
12902,1996,31_to_35,0,married,pontiac,sedan,20k_to_29k,7y,1,collision,4.0,2,0,none,gt_30,gt_30,no_change,1,1,0,0,gt_5,0
12907,1996,36_to_40,0,married,mazda,sport,gt_69k,7y,1,liability,4.0,2,0,gt_4,gt_30,gt_30,no_change,1,0,0,0,gt_5,0
12908,1996,21_to_25,0,married,toyota,sedan,20k_to_29k,3y,1,collision,4.0,1,0,none,gt_30,gt_30,no_change,1,0,0,0,gt_5,0
12912,1996,51_to_65,0,married,toyota,sedan,gt_69k,gt_7y,1,all_perils,4.0,2,0,gt_4,gt_30,gt_30,no_change,1,0,0,0,none,0
12916,1996,31_to_35,1,single,honda,sport,20k_to_29k,7y,3_to_4,liability,4.0,4,0,1,gt_30,gt_30,4_to_8y,1,0,0,0,1_to_2,0
12918,1996,36_to_40,0,married,toyota,sport,20k_to_29k,7y,1,liability,4.0,4,0,none,gt_30,gt_30,no_change,1,0,0,0,none,0
12919,1996,41_to_50,0,married,honda,sedan,20k_to_29k,gt_7y,1,collision,4.0,4,0,2_to_4,gt_30,gt_30,no_change,1,0,0,1,3_to_5,0
12920,1996,31_to_35,0,married,honda,sedan,30k_to_39k,6y,1,collision,4.0,2,0,2_to_4,gt_30,gt_30,no_change,1,0,0,0,none,0
12921,1996,36_to_40,1,married,mazda,sport,20k_to_29k,6y,1,liability,4.0,3,0,2_to_4,gt_30,gt_30,no_change,1,0,0,0,none,0
12926,1996,31_to_35,0,married,toyota,sedan,30k_to_39k,7y,1,collision,4.0,4,0,1,gt_30,gt_30,no_change,1,0,0,0,1_to_2,0
12928,1996,31_to_35,0,single,honda,sedan,20k_to_29k,6y,1,all_perils,4.0,3,0,gt_4,gt_30,gt_30,no_change,1,0,0,0,3_to_5,0
12931,1996,41_to_50,0,married,other,sedan,gt_69k,gt_7y,1,all_perils,4.0,2,0,2_to_4,gt_30,gt_30,no_change,0,0,0,0,gt_5,0
12932,1996,36_to_40,0,married,chevrolet,sport,30k_to_39k,7y,1,liability,4.0,2,0,1,gt_30,gt_30,no_change,1,0,0,0,gt_5,0
12949,1996,36_to_40,0,married,pontiac,sedan,lt_20k,7y,1,all_perils,4.0,2,0,none,gt_30,gt_30,no_change,0,0,0,0,none,0
12950,1996,over_65,0,married,mazda,sport,gt_69k,gt_7y,1,collision,4.0,1,0,none,gt_30,gt_30,no_change,0,0,0,0,gt_5,0
12953,1996,36_to_40,0,married,toyota,sedan,lt_20k,gt_7y,1,all_perils,4.0,1,0,none,gt_30,gt_30,no_change,1,0,0,0,none,0
12962,1996,41_to_50,1,single,toyota,sedan,20k_to_29k,7y,1,collision,4.0,3,0,2_to_4,gt_30,gt_30,no_change,0,0,0,0,3_to_5,0
12963,1996,26_to_30,0,single,mazda,sport,gt_69k,6y,1,collision,4.0,2,0,none,gt_30,gt_30,no_change,0,0,0,0,gt_5,0
12968,1996,31_to_35,0,single,pontiac,sport,30k_to_39k,6y,1,liability,4.0,1,0,2_to_4,gt_30,gt_30,no_change,1,0,0,0,gt_5,0
12969,1996,26_to_30,0,single,toyota,sedan,20k_to_29k,3y,1,collision,4.0,2,0,1,gt_30,gt_30,no_change,1,0,0,0,1_to_2,0
12971,1996,41_to_50,0,married,other,utility,gt_69k,gt_7y,1,all_perils,4.0,4,0,1,gt_30,gt_30,no_change,1,0,0,0,none,0
12973,1996,41_to_50,0,single,toyota,sport,20k_to_29k,7y,1,liability,4.0,3,0,2_to_4,gt_30,gt_30,no_change,1,0,0,0,gt_5,0
12974,1996,31_to_35,0,single,mazda,sedan,20k_to_29k,6y,1,collision,4.0,1,0,1,none,gt_30,no_change,1,0,0,0,none,0
12977,1996,31_to_35,0,married,pontiac,sport,lt_20k,7y,1,liability,4.0,1,0,2_to_4,gt_30,gt_30,no_change,1,0,0,0,none,0
12979,1996,31_to_35,0,married,chevrolet,sedan,20k_to_29k,7y,2,collision,4.0,3,0,2_to_4,gt_30,gt_30,4_to_8y,0,0,0,1,none,0
12980,1996,41_to_50,0,married,toyota,sedan,lt_20k,gt_7y,1,all_perils,4.0,2,0,none,gt_30,gt_30,no_change,1,1,0,0,none,0
12985,1996,31_to_35,0,married,pontiac,sedan,20k_to_29k,6y,1,collision,4.0,3,0,gt_4,gt_30,gt_30,no_change,1,0,0,0,none,0
12994,1996,26_to_30,0,single,pontiac,sedan,30k_to_39k,5y,1,collision,4.0,2,0,2_to_4,gt_30,gt_30,no_change,1,1,0,0,gt_5,0
12998,1996,36_to_40,1,married,mazda,sedan,lt_20k,gt_7y,3_to_4,collision,4.0,3,0,gt_4,gt_30,gt_30,no_change,1,0,0,0,3_to_5,0
12999,1996,41_to_50,0,married,mazda,sport,20k_to_29k,gt_7y,1,liability,4.0,1,0,gt_4,gt_30,gt_30,no_change,1,0,0,0,3_to_5,0
13000,1996,36_to_40,0,married,honda,sedan,20k_to_29k,7y,2,collision,4.0,4,0,none,gt_30,gt_30,4_to_8y,1,0,0,0,gt_5,1
13002,1996,31_to_35,0,married,pontiac,sport,30k_to_39k,6y,1,liability,4.0,1,0,2_to_4,gt_30,gt_30,no_change,1,0,0,0,none,0
13003,1996,31_to_35,1,married,toyota,sedan,lt_20k,7y,1,all_perils,4.0,4,0,none,gt_30,gt_30,no_change,1,0,0,0,none,0
13004,1996,41_to_50,1,married,pontiac,sedan,20k_to_29k,7y,1,collision,4.0,1,0,none,gt_30,gt_30,no_change,0,0,0,0,3_to_5,0
13005,1996,31_to_35,0,single,mazda,sedan,20k_to_29k,6y,1,collision,4.0,4,0,none,gt_30,gt_30,no_change,1,0,0,0,1_to_2,0
13007,1996,31_to_35,0,married,pontiac,sedan,20k_to_29k,7y,1,all_perils,4.0,2,0,none,gt_30,gt_30,no_change,0,0,0,0,gt_5,0
13012,1996,31_to_35,0,single,pontiac,sedan,20k_to_29k,6y,1,all_perils,4.0,4,0,none,gt_30,gt_30,no_change,0,0,0,0,1_to_2,0
13015,1996,31_to_35,0,single,mazda,sport,30k_to_39k,6y,1,liability,4.0,1,0,1,gt_30,gt_30,no_change,1,0,0,0,none,0
13016,1996,31_to_35,0,single,honda,sedan,20k_to_29k,6y,1,collision,4.0,2,0,1,gt_30,gt_30,no_change,0,1,0,0,none,0
13020,1996,31_to_35,0,single,mazda,sport,20k_to_29k,7y,1,liability,4.0,2,0,none,gt_30,gt_30,no_change,1,0,0,0,1_to_2,0
13023,1996,36_to_40,1,married,toyota,sedan,20k_to_29k,7y,1,all_perils,4.0,1,0,2_to_4,gt_30,gt_30,no_change,0,0,0,0,gt_5,0
13024,1996,36_to_40,1,married,toyota,sport,20k_to_29k,6y,1,liability,4.0,4,0,1,gt_30,gt_30,no_change,1,0,0,0,1_to_2,0
13027,1996,31_to_35,0,married,mazda,sedan,20k_to_29k,6y,1,all_perils,4.0,1,0,1,gt_30,gt_30,no_change,1,0,0,0,none,1
13031,1996,31_to_35,0,single,pontiac,sedan,20k_to_29k,7y,1,collision,4.0,1,0,none,gt_30,gt_30,no_change,1,0,0,0,none,0
13032,1996,41_to_50,0,married,mazda,sport,30k_to_39k,7y,1,liability,4.0,4,0,2_to_4,gt_30,gt_30,no_change,1,0,0,0,1_to_2,0
13033,1996,31_to_35,0,married,honda,sport,20k_to_29k,6y,1,liability,4.0,3,0,2_to_4,gt_30,gt_30,no_change,1,0,0,0,none,0
13037,1996,36_to_40,0,married,mazda,sedan,40k_to_59k,5y,1,collision,4.0,2,1,none,gt_30,gt_30,no_change,0,0,0,0,none,0
13038,1996,41_to_50,0,married,acura,sedan,gt_69k,gt_7y,1,all_perils,4.0,3,0,1,gt_30,gt_30,no_change,1,0,0,0,none,0
13040,1996,41_to_50,1,single,other,sedan,30k_to_39k,gt_7y,1,all_perils,4.0,4,0,1,gt_30,gt_30,no_change,1,0,0,1,gt_5,0
13044,1996,31_to_35,0,married,chevrolet,sedan,20k_to_29k,7y,1,collision,4.0,4,0,2_to_4,gt_30,gt_30,no_change,1,0,0,0,gt_5,0
13046,1996,36_to_40,0,married,honda,sedan,30k_to_39k,7y,1,collision,4.0,1,0,2_to_4,gt_30,gt_30,no_change,1,0,0,0,3_to_5,0
13052,1996,41_to_50,0,married,other,sedan,20k_to_29k,7y,1,all_perils,7.0,4,0,none,gt_30,gt_30,no_change,0,0,0,0,none,0
13059,1996,31_to_35,0,single,pontiac,sport,20k_to_29k,6y,1,liability,4.0,4,0,2_to_4,gt_30,gt_30,no_change,1,0,0,0,none,0
13060,1996,36_to_40,0,married,pontiac,sedan,30k_to_39k,gt_7y,1,collision,4.0,3,0,none,gt_30,gt_30,no_change,1,0,0,0,gt_5,0
13064,1996,31_to_35,0,married,honda,sedan,20k_to_29k,6y,1,collision,4.0,4,0,1,gt_30,gt_30,no_change,1,0,0,0,none,0
13068,1996,36_to_40,0,married,honda,sedan,20k_to_29k,7y,1,collision,4.0,2,0,2_to_4,gt_30,gt_30,no_change,1,0,0,0,1_to_2,1
13069,1996,31_to_35,0,single,other,sport,40k_to_59k,5y,1,liability,4.0,4,0,1,gt_30,gt_30,no_change,1,0,0,0,none,0
13072,1996,41_to_50,0,married,pontiac,sport,20k_to_29k,gt_7y,1,liability,4.0,3,0,gt_4,gt_30,gt_30,no_change,1,0,0,0,none,0
13081,1996,31_to_35,0,married,pontiac,sport,gt_69k,7y,1,liability,4.0,2,0,1,gt_30,gt_30,no_change,1,0,0,0,none,0
13083,1996,31_to_35,0,married,mazda,sedan,20k_to_29k,6y,1,collision,4.0,4,0,2_to_4,gt_30,gt_30,no_change,1,0,0,0,1_to_2,0
13089,1996,31_to_35,0,single,ford,sport,40k_to_59k,7y,1,liability,4.0,4,1,2_to_4,gt_30,gt_30,no_change,1,0,0,1,none,0
13091,1996,26_to_30,0,single,other,sedan,20k_to_29k,5y,1,collision,4.0,4,0,none,gt_30,gt_30,no_change,1,0,0,0,none,0
13093,1996,51_to_65,0,married,mazda,sport,20k_to_29k,gt_7y,1,liability,4.0,3,0,2_to_4,gt_30,gt_30,no_change,1,0,0,0,3_to_5,0
13095,1996,41_to_50,0,married,toyota,sport,30k_to_39k,gt_7y,1,liability,4.0,1,0,none,gt_30,gt_30,no_change,1,0,0,0,none,0
13098,1996,31_to_35,0,married,honda,sedan,30k_to_39k,7y,1,collision,4.0,3,0,none,gt_30,gt_30,no_change,1,0,0,0,1_to_2,0
13102,1996,36_to_40,0,married,ford,sport,30k_to_39k,gt_7y,1,liability,4.0,1,0,2_to_4,gt_30,gt_30,no_change,0,0,0,1,gt_5,0
13106,1996,51_to_65,0,married,mazda,sedan,30k_to_39k,gt_7y,1,all_perils,4.0,1,0,2_to_4,gt_30,gt_30,no_change,1,0,0,0,none,0
13111,1996,36_to_40,0,married,honda,sedan,30k_to_39k,gt_7y,1,all_perils,4.0,1,0,none,gt_30,gt_30,no_change,1,0,0,0,none,0
13115,1996,31_to_35,0,single,mazda,sedan,20k_to_29k,6y,1,collision,4.0,4,0,none,gt_30,gt_30,no_change,0,0,0,0,3_to_5,0
13118,1996,41_to_50,0,married,chevrolet,sedan,20k_to_29k,7y,1,collision,4.0,2,0,2_to_4,gt_30,gt_30,no_change,0,1,0,0,none,0
13124,1996,over_65,0,married,mazda,sport,20k_to_29k,7y,1,liability,4.0,3,0,2_to_4,gt_30,gt_30,no_change,1,0,0,0,none,0
13125,1996,over_65,0,married,honda,sport,lt_20k,gt_7y,1,liability,4.0,3,0,2_to_4,gt_30,gt_30,no_change,1,0,0,0,gt_5,0
13129,1996,41_to_50,0,married,chevrolet,sport,30k_to_39k,gt_7y,1,liability,4.0,2,0,1,gt_30,gt_30,no_change,1,0,0,0,none,0
13130,1996,36_to_40,0,married,chevrolet,utility,gt_69k,gt_7y,1,all_perils,4.0,3,0,1,gt_30,gt_30,no_change,1,1,0,0,1_to_2,1
13131,1996,31_to_35,0,single,honda,sport,20k_to_29k,6y,1,liability,4.0,2,0,2_to_4,gt_30,gt_30,no_change,1,1,0,0,1_to_2,0
13133,1996,26_to_30,0,single,pontiac,sedan,20k_to_29k,6y,1,all_perils,4.0,3,0,2_to_4,gt_30,gt_30,no_change,1,0,0,0,gt_5,0
13134,1996,31_to_35,0,married,chevrolet,sedan,30k_to_39k,6y,1,collision,4.0,2,0,1,gt_30,gt_30,no_change,1,0,0,0,3_to_5,0
13135,1996,31_to_35,0,single,mazda,sedan,30k_to_39k,6y,1,all_perils,4.0,2,0,none,gt_30,gt_30,no_change,1,0,0,0,none,1
13137,1996,31_to_35,0,single,mazda,sedan,20k_to_29k,5y,1,collision,4.0,3,0,1,gt_30,gt_30,no_change,0,0,0,0,none,0
13142,1996,41_to_50,0,married,pontiac,sedan,20k_to_29k,gt_7y,1,collision,4.0,3,0,2_to_4,gt_30,gt_30,no_change,0,0,0,0,1_to_2,0
13143,1996,41_to_50,0,married,pontiac,sedan,lt_20k,6y,1,all_perils,4.0,1,0,1,gt_30,gt_30,no_change,1,1,0,0,none,1
13147,1996,51_to_65,0,married,toyota,sport,20k_to_29k,gt_7y,2,liability,4.0,3,0,none,gt_30,gt_30,4_to_8y,0,1,0,0,1_to_2,0
13151,1996,31_to_35,0,single,honda,sedan,20k_to_29k,5y,1,collision,4.0,1,0,2_to_4,gt_30,gt_30,no_change,0,0,0,0,none,0
13154,1996,31_to_35,0,married,toyota,sedan,gt_69k,6y,1,all_perils,4.0,1,0,none,gt_30,gt_30,no_change,1,0,0,0,3_to_5,0
13161,1996,26_to_30,0,single,pontiac,sedan,20k_to_29k,5y,1,collision,4.0,3,0,none,gt_30,gt_30,no_change,1,0,0,0,none,0
13163,1996,51_to_65,0,married,other,sedan,40k_to_59k,gt_7y,1,collision,4.0,3,0,1,gt_30,gt_30,no_change,1,0,0,0,none,0
13164,1996,31_to_35,0,married,toyota,sport,30k_to_39k,7y,1,liability,4.0,3,0,1,gt_30,gt_30,no_change,1,0,0,0,gt_5,0
13170,1996,31_to_35,1,single,toyota,sport,30k_to_39k,6y,1,liability,4.0,3,0,2_to_4,gt_30,gt_30,no_change,0,0,0,0,none,0
13173,1996,31_to_35,0,married,honda,sport,gt_69k,7y,1,collision,4.0,1,0,1,gt_30,gt_30,no_change,1,0,0,0,gt_5,0
13175,1996,51_to_65,0,married,honda,sedan,20k_to_29k,gt_7y,1,collision,4.0,4,0,1,gt_30,gt_30,no_change,1,0,0,0,gt_5,0
13176,1996,41_to_50,0,married,mazda,sedan,20k_to_29k,7y,1,collision,7.0,1,0,2_to_4,gt_30,gt_30,no_change,1,0,0,0,gt_5,0
13177,1996,31_to_35,0,single,toyota,sedan,lt_20k,7y,1,all_perils,4.0,1,0,1,gt_30,gt_30,no_change,1,0,0,0,none,0
13178,1996,31_to_35,0,single,pontiac,sedan,20k_to_29k,6y,1,all_perils,4.0,4,0,2_to_4,gt_30,gt_30,no_change,1,0,0,0,gt_5,0
13179,1996,41_to_50,0,married,pontiac,utility,40k_to_59k,gt_7y,1,all_perils,4.0,2,0,1,gt_30,gt_30,no_change,1,0,0,0,none,0
13180,1996,41_to_50,0,married,pontiac,sedan,20k_to_29k,6y,1,collision,4.0,2,0,none,gt_30,gt_30,no_change,0,0,0,0,none,0
13184,1996,16_to_17,0,single,honda,sedan,gt_69k,new,1,all_perils,4.0,4,0,2_to_4,gt_30,gt_30,no_change,0,0,0,0,none,0
13187,1996,36_to_40,0,single,pontiac,sport,30k_to_39k,7y,1,liability,4.0,2,0,gt_4,gt_30,gt_30,no_change,1,0,0,0,none,0
13188,1996,31_to_35,1,married,mazda,sedan,20k_to_29k,5y,1,all_perils,4.0,4,0,none,gt_30,gt_30,no_change,1,0,0,0,none,0
13191,1996,26_to_30,0,single,honda,sedan,20k_to_29k,5y,1,collision,4.0,4,0,none,gt_30,gt_30,no_change,1,0,0,0,none,0
13203,1996,36_to_40,0,single,chevrolet,sedan,20k_to_29k,7y,3_to_4,collision,4.0,2,1,2_to_4,gt_30,gt_30,no_change,1,0,0,0,gt_5,0
13204,1996,36_to_40,0,married,chevrolet,sedan,20k_to_29k,7y,1,collision,4.0,2,0,2_to_4,gt_30,gt_30,no_change,0,0,0,0,gt_5,0
13212,1996,31_to_35,1,single,honda,sport,30k_to_39k,7y,1,liability,4.0,1,0,none,gt_30,gt_30,no_change,1,1,0,0,none,0
13215,1996,26_to_30,0,single,pontiac,sedan,20k_to_29k,5y,1,collision,4.0,3,0,none,gt_30,gt_30,no_change,1,0,0,0,gt_5,0
13216,1996,36_to_40,0,single,pontiac,sedan,20k_to_29k,7y,1,collision,4.0,2,0,gt_4,gt_30,gt_30,no_change,1,0,0,0,none,0
13219,1996,31_to_35,0,married,chevrolet,sedan,20k_to_29k,7y,1,all_perils,4.0,4,0,none,gt_30,gt_30,no_change,0,0,0,0,1_to_2,0
13220,1996,51_to_65,0,widow,ford,sedan,40k_to_59k,gt_7y,1,collision,4.0,2,0,1,gt_30,gt_30,no_change,1,0,0,0,1_to_2,0
13222,1996,36_to_40,0,married,mazda,sport,20k_to_29k,7y,1,liability,4.0,3,0,none,gt_30,gt_30,no_change,1,0,0,0,1_to_2,0
13224,1996,31_to_35,0,single,other,sport,30k_to_39k,6y,1,liability,4.0,2,0,gt_4,gt_30,gt_30,no_change,1,0,0,0,3_to_5,0
13225,1996,41_to_50,0,married,pontiac,sport,20k_to_29k,6y,1,liability,4.0,3,0,gt_4,gt_30,gt_30,no_change,1,0,0,0,1_to_2,0
13229,1996,36_to_40,0,married,pontiac,sport,20k_to_29k,7y,1,liability,4.0,3,0,2_to_4,gt_30,gt_30,no_change,1,0,0,0,3_to_5,0
13236,1996,41_to_50,0,married,chevrolet,sedan,20k_to_29k,6y,1,collision,4.0,2,0,none,gt_30,gt_30,no_change,1,0,0,1,none,0
13240,1996,31_to_35,1,single,pontiac,sedan,20k_to_29k,5y,1,collision,4.0,3,0,1,gt_30,gt_30,no_change,1,0,0,0,none,0
13247,1996,51_to_65,0,married,honda,sedan,30k_to_39k,gt_7y,1,collision,4.0,3,0,2_to_4,gt_30,gt_30,no_change,1,0,0,0,gt_5,1
13248,1996,31_to_35,0,single,mazda,sedan,20k_to_29k,6y,1,collision,4.0,2,0,2_to_4,gt_30,gt_30,no_change,0,0,0,0,3_to_5,0
13250,1996,over_65,0,married,mazda,sport,30k_to_39k,7y,1,liability,4.0,4,0,1,gt_30,gt_30,no_change,1,0,0,0,1_to_2,0
13254,1996,41_to_50,1,married,other,sedan,gt_69k,7y,1,collision,4.0,3,0,1,gt_30,gt_30,no_change,1,0,0,0,1_to_2,0
13259,1996,36_to_40,0,married,pontiac,sport,gt_69k,7y,1,liability,4.0,1,0,2_to_4,gt_30,gt_30,no_change,1,0,0,0,3_to_5,0
13272,1996,41_to_50,0,married,other,sport,40k_to_59k,7y,1,liability,4.0,1,0,2_to_4,gt_30,gt_30,no_change,1,0,0,0,none,0
13280,1996,26_to_30,1,single,mazda,sedan,20k_to_29k,4y,1,all_perils,4.0,4,0,1,gt_30,gt_30,no_change,0,0,0,0,3_to_5,0
13286,1996,41_to_50,0,married,other,utility,20k_to_29k,gt_7y,1,collision,4.0,4,0,gt_4,gt_30,gt_30,no_change,1,0,0,0,none,0
13287,1996,31_to_35,0,married,mazda,sedan,20k_to_29k,7y,1,collision,4.0,3,0,none,gt_30,gt_30,1y,0,0,0,0,none,0
13290,1996,36_to_40,0,married,pontiac,sport,20k_to_29k,7y,1,liability,4.0,1,0,none,gt_30,gt_30,no_change,0,0,0,0,none,0
13293,1996,31_to_35,0,single,mazda,sedan,gt_69k,6y,1,collision,4.0,2,0,2_to_4,gt_30,gt_30,no_change,0,0,0,0,gt_5,0
13295,1996,over_65,0,married,pontiac,sport,gt_69k,gt_7y,1,liability,4.0,4,0,none,gt_30,gt_30,no_change,1,0,0,0,none,0
13298,1996,36_to_40,0,married,toyota,sedan,20k_to_29k,7y,1,all_perils,4.0,3,0,1,gt_30,gt_30,no_change,1,0,0,0,none,0
13299,1996,41_to_50,0,married,toyota,sport,20k_to_29k,7y,1,liability,4.0,3,0,2_to_4,gt_30,gt_30,no_change,1,0,0,0,1_to_2,1
13300,1996,36_to_40,1,married,honda,sport,gt_69k,3y,1,liability,4.0,2,0,none,gt_30,gt_30,no_change,1,0,0,0,none,0
13303,1996,41_to_50,0,married,pontiac,sedan,30k_to_39k,7y,1,collision,4.0,4,0,2_to_4,gt_30,gt_30,no_change,1,0,0,0,none,0
13304,1996,31_to_35,0,married,mazda,sport,gt_69k,6y,1,liability,4.0,4,1,none,gt_30,gt_30,no_change,1,0,0,0,none,0
13305,1996,41_to_50,0,married,honda,sedan,20k_to_29k,gt_7y,1,all_perils,4.0,2,0,none,gt_30,gt_30,no_change,1,0,0,0,3_to_5,0
13306,1996,41_to_50,0,married,pontiac,sedan,30k_to_39k,gt_7y,1,collision,4.0,1,0,none,gt_30,gt_30,no_change,1,0,0,0,none,0
13307,1996,51_to_65,0,married,mazda,sedan,20k_to_29k,gt_7y,1,all_perils,4.0,2,0,2_to_4,gt_30,gt_30,no_change,1,0,0,0,none,0
13309,1996,41_to_50,1,married,toyota,sedan,20k_to_29k,7y,1,collision,4.0,2,0,none,gt_30,gt_30,no_change,1,0,0,0,none,0
13310,1996,41_to_50,0,married,chevrolet,sedan,30k_to_39k,7y,1,collision,4.0,1,1,none,gt_30,gt_30,no_change,0,0,0,1,none,0
13311,1996,21_to_25,0,single,toyota,sedan,20k_to_29k,4y,1,collision,4.0,1,0,gt_4,gt_30,gt_30,no_change,1,0,0,0,gt_5,0
13312,1996,31_to_35,1,single,toyota,sedan,20k_to_29k,6y,1,all_perils,5.0,2,0,gt_4,gt_30,gt_30,2_to_3y,1,0,0,0,none,0
13314,1996,36_to_40,1,married,pontiac,sedan,20k_to_29k,7y,1,collision,4.0,2,0,none,gt_30,gt_30,no_change,0,0,0,0,none,0
13319,1996,over_65,0,married,honda,sport,gt_69k,6y,1,collision,4.0,2,0,2_to_4,gt_30,gt_30,no_change,0,0,0,0,none,0
13330,1996,51_to_65,0,single,chevrolet,sedan,30k_to_39k,gt_7y,1,collision,4.0,2,0,1,gt_30,gt_30,no_change,0,1,0,0,gt_5,0
13336,1996,51_to_65,0,married,pontiac,sedan,20k_to_29k,gt_7y,2,collision,4.0,1,0,none,gt_30,gt_30,4_to_8y,1,0,0,0,none,0
13337,1996,26_to_30,1,married,honda,sedan,20k_to_29k,5y,1,collision,4.0,2,0,2_to_4,gt_30,gt_30,no_change,0,0,0,0,none,0
13340,1996,31_to_35,0,married,pontiac,sedan,20k_to_29k,6y,1,collision,4.0,2,0,1,gt_30,gt_30,no_change,1,0,0,0,none,0
13348,1996,36_to_40,1,married,honda,sport,gt_69k,7y,1,collision,4.0,2,0,none,none,gt_30,no_change,1,0,0,0,none,0
13350,1996,31_to_35,1,single,honda,sport,20k_to_29k,5y,1,liability,4.0,4,0,gt_4,gt_30,gt_30,no_change,1,0,0,1,none,0
13353,1996,41_to_50,0,married,chevrolet,sport,20k_to_29k,7y,1,liability,4.0,3,0,1,gt_30,gt_30,no_change,1,0,0,0,none,0
13357,1996,51_to_65,0,married,honda,sedan,20k_to_29k,gt_7y,2,all_perils,4.0,2,0,1,gt_30,gt_30,4_to_8y,0,1,0,0,1_to_2,0
13361,1996,41_to_50,0,single,honda,sport,gt_69k,gt_7y,1,collision,4.0,3,0,1,gt_30,gt_30,no_change,1,0,0,0,none,1
13362,1996,36_to_40,0,married,mazda,sedan,30k_to_39k,7y,1,all_perils,7.0,2,0,none,gt_30,gt_30,no_change,0,0,0,1,none,0
13364,1996,36_to_40,0,married,pontiac,sedan,lt_20k,7y,1,collision,4.0,4,0,none,gt_30,gt_30,no_change,1,0,0,0,1_to_2,0
13368,1996,31_to_35,0,married,honda,sport,20k_to_29k,7y,1,liability,4.0,4,0,2_to_4,gt_30,gt_30,no_change,0,0,0,0,3_to_5,0
13369,1996,31_to_35,0,married,pontiac,sedan,30k_to_39k,6y,1,collision,4.0,1,0,2_to_4,gt_30,gt_30,no_change,0,0,0,0,none,0
13375,1996,31_to_35,0,married,mazda,sedan,20k_to_29k,7y,1,collision,4.0,2,0,2_to_4,gt_30,gt_30,no_change,0,0,0,0,3_to_5,0
13386,1996,36_to_40,1,married,toyota,sedan,20k_to_29k,6y,1,collision,4.0,3,0,none,gt_30,gt_30,no_change,0,1,0,0,gt_5,0
13393,1996,41_to_50,0,married,pontiac,sedan,20k_to_29k,gt_7y,1,all_perils,7.0,3,0,none,gt_30,gt_30,no_change,1,0,0,0,none,0
13397,1996,over_65,0,married,other,sedan,lt_20k,gt_7y,1,all_perils,4.0,3,0,1,gt_30,gt_30,no_change,0,0,0,0,3_to_5,0
13399,1996,36_to_40,1,single,pontiac,sport,30k_to_39k,7y,2,liability,4.0,3,0,1,gt_30,gt_30,4_to_8y,1,0,0,0,none,0
13403,1996,51_to_65,0,married,pontiac,sedan,20k_to_29k,gt_7y,1,collision,4.0,4,0,none,gt_30,gt_30,no_change,1,0,0,0,3_to_5,0
13405,1996,31_to_35,0,single,mazda,sport,20k_to_29k,6y,1,liability,4.0,2,0,gt_4,gt_30,gt_30,no_change,1,0,0,0,none,0
13408,1996,31_to_35,0,married,mazda,sedan,20k_to_29k,6y,3_to_4,collision,4.0,4,0,1,gt_30,gt_30,no_change,1,0,0,0,gt_5,0
13416,1996,36_to_40,0,single,pontiac,sport,20k_to_29k,7y,1,liability,4.0,4,0,2_to_4,gt_30,gt_30,no_change,1,0,0,0,none,0
13417,1996,36_to_40,0,married,pontiac,sedan,30k_to_39k,7y,1,collision,4.0,2,0,2_to_4,gt_30,gt_30,no_change,1,0,0,0,gt_5,0
13422,1996,31_to_35,0,married,honda,sport,20k_to_29k,6y,1,liability,4.0,2,0,2_to_4,gt_30,gt_30,no_change,1,0,0,0,3_to_5,0
13427,1996,41_to_50,0,married,pontiac,sedan,30k_to_39k,gt_7y,1,all_perils,4.0,3,0,none,gt_30,gt_30,no_change,1,0,0,0,none,0
13428,1996,31_to_35,1,married,pontiac,sedan,20k_to_29k,6y,1,collision,4.0,3,0,1,gt_30,gt_30,no_change,1,0,0,0,gt_5,0
13430,1996,36_to_40,0,married,pontiac,sedan,20k_to_29k,6y,1,collision,4.0,1,0,2_to_4,gt_30,gt_30,no_change,1,0,0,0,none,0
13433,1996,31_to_35,0,single,honda,sport,gt_69k,7y,1,liability,4.0,1,0,2_to_4,gt_30,gt_30,no_change,0,0,0,0,3_to_5,0
13442,1996,51_to_65,0,married,toyota,sedan,20k_to_29k,gt_7y,1,all_perils,4.0,4,0,1,gt_30,gt_30,no_change,0,0,0,0,1_to_2,0
13444,1996,31_to_35,0,married,honda,sport,30k_to_39k,7y,1,liability,4.0,2,0,2_to_4,gt_30,gt_30,no_change,1,0,0,0,1_to_2,0
13450,1996,41_to_50,0,married,chevrolet,sport,30k_to_39k,gt_7y,1,liability,4.0,2,0,1,gt_30,gt_30,no_change,1,0,0,0,3_to_5,0
13454,1996,31_to_35,0,single,ford,sedan,40k_to_59k,6y,1,collision,4.0,1,1,1,gt_30,gt_30,no_change,0,0,0,0,none,0
13466,1996,36_to_40,0,married,pontiac,sedan,20k_to_29k,7y,1,all_perils,4.0,4,0,1,gt_30,gt_30,no_change,0,1,0,0,none,0
13470,1996,36_to_40,0,married,mazda,sedan,30k_to_39k,7y,1,collision,4.0,3,1,2_to_4,gt_30,gt_30,no_change,1,0,0,0,3_to_5,0
13472,1996,51_to_65,0,married,mazda,sport,gt_69k,gt_7y,1,collision,4.0,3,0,none,gt_30,gt_30,no_change,0,0,0,0,none,0
13477,1996,31_to_35,0,single,honda,sedan,30k_to_39k,7y,1,collision,4.0,4,0,none,gt_30,gt_30,no_change,0,0,0,0,none,0
13479,1996,31_to_35,1,single,chevrolet,sedan,20k_to_29k,6y,1,collision,4.0,1,0,2_to_4,gt_30,gt_30,no_change,1,0,0,0,none,0
13487,1996,31_to_35,1,married,other,sedan,20k_to_29k,6y,1,collision,4.0,1,0,none,gt_30,gt_30,no_change,1,0,0,0,none,0
13488,1996,26_to_30,0,single,pontiac,sport,20k_to_29k,5y,1,liability,4.0,4,0,1,gt_30,gt_30,no_change,1,0,0,0,1_to_2,0
13492,1996,41_to_50,0,married,pontiac,sedan,20k_to_29k,gt_7y,1,all_perils,4.0,1,0,1,gt_30,gt_30,no_change,1,0,0,0,gt_5,0
13499,1996,51_to_65,0,married,chevrolet,sport,20k_to_29k,gt_7y,1,liability,4.0,2,0,2_to_4,gt_30,gt_30,no_change,1,0,0,0,gt_5,0
13500,1996,31_to_35,0,single,honda,sedan,20k_to_29k,7y,1,collision,4.0,1,0,1,gt_30,gt_30,no_change,0,0,0,0,gt_5,0
13502,1996,36_to_40,1,single,other,sport,gt_69k,6y,1,liability,4.0,3,0,2_to_4,gt_30,gt_30,no_change,1,0,0,0,1_to_2,0
13506,1996,31_to_35,0,married,mazda,sport,30k_to_39k,7y,1,liability,4.0,1,0,2_to_4,gt_30,gt_30,no_change,0,0,0,0,1_to_2,0
13507,1996,31_to_35,1,married,chevrolet,sedan,20k_to_29k,6y,1,collision,4.0,1,0,1,gt_30,gt_30,no_change,1,0,0,0,1_to_2,0
13511,1996,31_to_35,0,single,mazda,sport,20k_to_29k,6y,1,liability,4.0,1,0,2_to_4,gt_30,gt_30,no_change,0,0,0,1,none,0
13513,1996,31_to_35,0,married,mazda,sedan,30k_to_39k,5y,1,all_perils,4.0,1,0,1,gt_30,gt_30,no_change,0,0,0,0,none,0
13517,1996,31_to_35,0,married,toyota,sport,30k_to_39k,6y,1,liability,4.0,1,0,2_to_4,gt_30,gt_30,no_change,0,0,0,0,none,0
13521,1996,31_to_35,0,married,toyota,sport,20k_to_29k,6y,1,liability,4.0,3,0,2_to_4,gt_30,gt_30,no_change,1,0,0,0,none,0
13523,1996,31_to_35,0,married,ford,sedan,40k_to_59k,7y,1,collision,4.0,1,0,2_to_4,gt_30,gt_30,no_change,1,0,0,0,gt_5,1
13527,1996,41_to_50,1,divorced,other,sport,gt_69k,6y,1,liability,4.0,2,0,2_to_4,gt_30,gt_30,no_change,1,0,0,0,none,0
13529,1996,31_to_35,0,single,toyota,sedan,lt_20k,7y,1,collision,4.0,4,0,2_to_4,gt_30,gt_30,no_change,1,0,0,0,3_to_5,0
13531,1996,31_to_35,0,single,mazda,sedan,20k_to_29k,5y,3_to_4,collision,4.0,2,0,2_to_4,gt_30,gt_30,no_change,1,0,0,0,gt_5,0
13533,1996,36_to_40,0,married,other,sedan,20k_to_29k,6y,1,collision,4.0,2,0,none,gt_30,gt_30,no_change,1,0,0,0,none,0
13535,1996,51_to_65,0,married,chevrolet,sedan,20k_to_29k,7y,1,collision,4.0,3,0,2_to_4,gt_30,gt_30,no_change,1,0,0,0,3_to_5,1
13537,1996,41_to_50,0,married,honda,sedan,20k_to_29k,gt_7y,1,all_perils,4.0,4,0,none,gt_30,gt_30,no_change,1,0,0,0,3_to_5,0
13538,1996,41_to_50,1,married,chevrolet,sedan,20k_to_29k,gt_7y,1,all_perils,4.0,4,0,none,gt_30,gt_30,no_change,1,0,0,0,1_to_2,0
13539,1996,51_to_65,0,married,toyota,sedan,20k_to_29k,gt_7y,1,all_perils,4.0,3,0,none,gt_30,gt_30,no_change,1,0,0,0,none,0
13545,1996,31_to_35,0,married,mazda,sport,30k_to_39k,7y,1,liability,4.0,3,0,2_to_4,gt_30,gt_30,no_change,1,1,0,0,gt_5,0
13546,1996,41_to_50,0,single,pontiac,sedan,20k_to_29k,gt_7y,2,all_perils,4.0,4,0,2_to_4,gt_30,gt_30,4_to_8y,1,0,0,0,gt_5,0
13550,1996,36_to_40,0,married,mazda,sedan,20k_to_29k,gt_7y,1,all_perils,4.0,1,0,none,gt_30,gt_30,no_change,0,0,0,0,gt_5,0
13553,1996,36_to_40,0,married,pontiac,sedan,30k_to_39k,7y,1,collision,4.0,1,0,none,gt_30,gt_30,no_change,1,0,0,0,1_to_2,0
13554,1996,16_to_17,0,single,honda,sedan,gt_69k,new,1,all_perils,4.0,4,0,none,gt_30,gt_30,no_change,1,0,0,0,none,0
13560,1996,41_to_50,0,single,acura,sedan,20k_to_29k,gt_7y,1,collision,4.0,2,0,none,gt_30,gt_30,1y,0,0,0,0,none,0
13562,1996,31_to_35,0,married,mazda,sedan,30k_to_39k,7y,5_to_8,collision,4.0,3,0,none,gt_30,gt_30,no_change,1,0,0,0,none,0
13563,1996,41_to_50,0,married,pontiac,sedan,30k_to_39k,gt_7y,1,all_perils,4.0,2,0,2_to_4,gt_30,gt_30,no_change,1,0,1,1,none,0
13564,1996,over_65,0,married,pontiac,sedan,20k_to_29k,7y,1,all_perils,4.0,2,0,1,gt_30,gt_30,no_change,1,0,0,0,none,0
13567,1996,41_to_50,1,married,honda,sport,20k_to_29k,gt_7y,2,liability,5.0,2,0,2_to_4,gt_30,gt_30,2_to_3y,1,0,0,0,none,0
13568,1996,36_to_40,0,married,pontiac,sport,20k_to_29k,7y,1,liability,4.0,2,1,none,gt_30,gt_30,no_change,1,0,0,0,none,0
13569,1996,31_to_35,0,married,pontiac,sport,30k_to_39k,7y,1,liability,4.0,2,0,2_to_4,gt_30,gt_30,no_change,1,0,0,0,none,0
13570,1996,41_to_50,0,married,other,sport,20k_to_29k,gt_7y,1,liability,4.0,2,0,2_to_4,gt_30,gt_30,no_change,1,0,0,0,3_to_5,0
13571,1996,41_to_50,0,married,toyota,sedan,20k_to_29k,gt_7y,1,collision,4.0,3,0,2_to_4,gt_30,gt_30,no_change,1,0,0,0,none,0
13573,1996,36_to_40,0,married,acura,sport,30k_to_39k,7y,1,liability,4.0,2,0,gt_4,gt_30,gt_30,no_change,1,1,0,0,gt_5,0
13574,1996,51_to_65,0,married,toyota,sedan,20k_to_29k,gt_7y,1,all_perils,4.0,4,0,none,gt_30,gt_30,no_change,0,0,0,0,gt_5,0
13576,1996,41_to_50,0,married,acura,utility,gt_69k,7y,1,all_perils,4.0,3,0,none,gt_30,gt_30,no_change,1,0,0,0,gt_5,0
13587,1996,36_to_40,0,married,honda,sport,30k_to_39k,7y,1,liability,4.0,4,0,1,gt_30,gt_30,no_change,1,0,0,0,gt_5,0
13589,1996,51_to_65,0,married,honda,sedan,gt_69k,new,1,collision,4.0,2,0,none,gt_30,gt_30,no_change,0,0,0,0,none,0
13590,1996,31_to_35,0,married,honda,sedan,gt_69k,7y,1,all_perils,4.0,1,0,1,gt_30,gt_30,no_change,0,0,0,0,3_to_5,0
13591,1996,36_to_40,0,single,mazda,sedan,20k_to_29k,7y,1,collision,4.0,1,0,none,gt_30,gt_30,no_change,0,0,0,0,none,0
13592,1996,31_to_35,0,single,pontiac,sport,20k_to_29k,7y,1,liability,4.0,3,0,2_to_4,gt_30,gt_30,no_change,0,0,0,0,none,0
13593,1996,36_to_40,0,married,chevrolet,sedan,30k_to_39k,7y,1,collision,4.0,2,0,none,gt_30,gt_30,no_change,1,0,0,0,none,0
13595,1996,41_to_50,0,married,pontiac,utility,gt_69k,gt_7y,1,all_perils,4.0,4,0,1,gt_30,gt_30,no_change,1,0,0,0,none,0
13596,1996,36_to_40,0,married,chevrolet,sport,30k_to_39k,7y,1,liability,4.0,3,1,2_to_4,gt_30,gt_30,no_change,0,0,0,0,none,0
13597,1996,31_to_35,0,married,toyota,sport,20k_to_29k,6y,1,liability,4.0,4,0,1,gt_30,gt_30,no_change,1,0,0,0,none,0
13598,1996,31_to_35,0,single,pontiac,sedan,30k_to_39k,7y,1,collision,4.0,1,0,2_to_4,gt_30,gt_30,no_change,1,0,0,0,gt_5,0
13601,1996,41_to_50,0,single,chevrolet,sport,30k_to_39k,7y,1,liability,4.0,1,0,2_to_4,gt_30,gt_30,no_change,1,0,0,0,none,0
13604,1996,31_to_35,0,married,pontiac,sedan,20k_to_29k,6y,1,collision,4.0,3,0,none,gt_30,gt_30,no_change,1,0,0,0,none,0
13608,1996,36_to_40,0,single,pontiac,sedan,lt_20k,7y,1,all_perils,4.0,4,0,2_to_4,gt_30,gt_30,no_change,1,0,0,0,1_to_2,0
13609,1996,31_to_35,0,married,honda,sedan,20k_to_29k,6y,2,collision,4.0,2,0,none,gt_30,gt_30,4_to_8y,1,0,0,0,none,0
13610,1996,over_65,0,married,mazda,sedan,20k_to_29k,gt_7y,1,all_perils,7.0,4,0,1,gt_30,gt_30,no_change,1,0,0,0,none,0
13615,1996,31_to_35,0,married,mazda,sedan,30k_to_39k,6y,1,collision,4.0,1,0,2_to_4,gt_30,gt_30,no_change,1,0,0,0,gt_5,0
13623,1996,36_to_40,0,married,pontiac,sport,20k_to_29k,gt_7y,1,liability,4.0,3,0,none,gt_30,gt_30,no_change,0,0,0,0,gt_5,0
13624,1996,31_to_35,1,single,other,sedan,20k_to_29k,6y,1,collision,4.0,4,0,none,gt_30,gt_30,no_change,1,0,0,0,none,0
13625,1996,51_to_65,0,married,pontiac,sport,30k_to_39k,gt_7y,1,liability,4.0,3,0,2_to_4,gt_30,gt_30,no_change,1,0,0,0,none,0
13626,1996,31_to_35,0,single,honda,sport,gt_69k,5y,1,collision,4.0,3,0,none,gt_30,gt_30,no_change,1,0,0,0,none,1
13629,1996,41_to_50,0,married,toyota,sedan,gt_69k,gt_7y,1,all_perils,4.0,1,0,none,gt_30,gt_30,no_change,1,0,0,0,1_to_2,0
13630,1996,31_to_35,1,single,pontiac,sedan,20k_to_29k,6y,2,collision,4.0,1,0,1,gt_30,gt_30,4_to_8y,1,0,0,0,gt_5,0
13639,1996,51_to_65,0,married,toyota,sedan,lt_20k,7y,1,all_perils,4.0,3,0,none,gt_30,gt_30,no_change,1,0,0,0,none,0
13641,1996,41_to_50,1,married,other,sedan,gt_69k,7y,1,all_perils,7.0,4,0,none,gt_30,gt_30,no_change,1,0,0,0,1_to_2,0
13643,1996,31_to_35,0,single,toyota,sedan,20k_to_29k,5y,1,collision,4.0,1,0,1,gt_30,gt_30,no_change,0,0,0,0,none,0
13645,1996,31_to_35,0,single,mazda,sedan,20k_to_29k,6y,1,collision,4.0,1,0,none,gt_30,gt_30,no_change,1,0,0,0,none,0
13650,1996,36_to_40,1,married,other,sport,40k_to_59k,7y,1,liability,4.0,1,0,gt_4,gt_30,gt_30,no_change,0,0,0,0,gt_5,0
13651,1996,36_to_40,0,married,toyota,sedan,20k_to_29k,7y,2,all_perils,4.0,4,0,2_to_4,gt_30,gt_30,1y,1,0,0,0,1_to_2,1
13653,1996,41_to_50,0,married,mazda,sport,30k_to_39k,gt_7y,1,liability,4.0,2,0,gt_4,gt_30,gt_30,no_change,1,0,0,0,none,0
13655,1996,31_to_35,0,married,toyota,sedan,lt_20k,6y,1,all_perils,4.0,3,0,1,gt_30,gt_30,no_change,1,0,0,0,none,1
13661,1996,31_to_35,0,single,mazda,sedan,20k_to_29k,6y,1,collision,4.0,3,0,gt_4,gt_30,gt_30,no_change,1,0,0,0,1_to_2,0
13664,1996,41_to_50,0,married,mazda,sedan,20k_to_29k,6y,1,all_perils,4.0,4,0,2_to_4,gt_30,gt_30,no_change,0,0,0,0,none,0
13665,1996,31_to_35,0,married,honda,sport,20k_to_29k,6y,1,liability,4.0,3,0,2_to_4,gt_30,gt_30,no_change,0,0,0,0,1_to_2,0
13668,1996,36_to_40,0,married,mazda,sport,20k_to_29k,gt_7y,1,liability,4.0,3,0,2_to_4,gt_30,gt_30,no_change,1,0,0,0,none,0
13678,1996,31_to_35,0,married,other,sport,30k_to_39k,6y,1,liability,4.0,4,0,gt_4,gt_30,gt_30,no_change,1,0,0,0,gt_5,0
13681,1996,31_to_35,0,married,pontiac,sport,20k_to_29k,6y,1,liability,4.0,3,0,2_to_4,gt_30,gt_30,no_change,1,0,0,0,none,0
13683,1996,31_to_35,0,single,honda,sedan,lt_20k,6y,1,collision,4.0,2,0,gt_4,gt_30,gt_30,no_change,0,0,0,0,none,0
13685,1996,16_to_17,0,single,honda,utility,gt_69k,new,1,all_perils,4.0,1,0,2_to_4,gt_30,gt_30,no_change,0,1,0,0,none,0
13686,1996,51_to_65,0,married,acura,sedan,gt_69k,gt_7y,1,all_perils,4.0,1,0,1,gt_30,gt_30,no_change,1,0,0,0,3_to_5,0
13689,1996,36_to_40,0,married,honda,sedan,30k_to_39k,7y,1,collision,4.0,2,0,2_to_4,gt_30,gt_30,no_change,1,0,0,0,none,1
13691,1996,36_to_40,0,married,toyota,sedan,20k_to_29k,7y,1,collision,4.0,4,0,none,gt_30,gt_30,no_change,1,1,0,0,none,0
13693,1996,31_to_35,0,single,mazda,sport,30k_to_39k,6y,2,liability,4.0,3,0,gt_4,gt_30,gt_30,4_to_8y,1,0,0,0,none,0
13700,1996,41_to_50,0,married,mazda,sedan,20k_to_29k,gt_7y,1,collision,4.0,4,0,1,gt_30,gt_30,no_change,0,0,0,0,1_to_2,0
13701,1996,51_to_65,1,married,mazda,sedan,lt_20k,7y,1,all_perils,4.0,4,0,1,gt_30,gt_30,no_change,0,0,0,0,none,0
13702,1996,31_to_35,0,single,toyota,sedan,20k_to_29k,6y,1,all_perils,4.0,4,0,2_to_4,gt_30,gt_30,no_change,1,0,0,0,none,0
13706,1996,31_to_35,1,married,acura,sedan,30k_to_39k,4y,1,all_perils,4.0,2,0,none,gt_30,gt_30,no_change,1,0,0,0,gt_5,0
13707,1996,51_to_65,0,married,acura,utility,gt_69k,gt_7y,1,all_perils,4.0,2,0,2_to_4,gt_30,gt_30,no_change,1,0,0,0,none,0
13708,1996,31_to_35,0,married,mazda,sport,30k_to_39k,6y,1,liability,4.0,3,0,1,gt_30,gt_30,no_change,1,0,0,0,none,0
13709,1996,31_to_35,1,single,mazda,sedan,20k_to_29k,6y,1,all_perils,4.0,3,0,none,gt_30,gt_30,no_change,0,0,0,0,none,0
13712,1996,36_to_40,1,married,toyota,sedan,20k_to_29k,7y,1,collision,4.0,2,0,1,gt_30,gt_30,no_change,1,0,0,0,3_to_5,0
13718,1996,31_to_35,0,single,honda,sport,20k_to_29k,5y,1,liability,4.0,4,0,1,gt_30,gt_30,no_change,1,0,0,0,1_to_2,0
13720,1996,36_to_40,0,married,honda,sport,20k_to_29k,7y,1,liability,5.0,3,0,gt_4,gt_30,gt_30,2_to_3y,0,0,0,0,none,0
13722,1996,41_to_50,1,married,honda,sport,30k_to_39k,gt_7y,1,liability,4.0,4,1,1,gt_30,gt_30,no_change,1,0,0,0,gt_5,0
13723,1996,36_to_40,1,married,pontiac,sedan,20k_to_29k,7y,1,all_perils,4.0,3,0,1,gt_30,gt_30,no_change,1,0,0,0,3_to_5,0
13725,1996,31_to_35,0,married,toyota,sedan,gt_69k,6y,1,all_perils,4.0,3,0,2_to_4,gt_30,gt_30,no_change,0,0,0,0,none,0
13728,1996,36_to_40,0,married,pontiac,utility,gt_69k,7y,1,all_perils,4.0,4,0,2_to_4,gt_30,gt_30,no_change,1,0,0,0,none,0
13731,1996,36_to_40,0,married,mazda,sport,30k_to_39k,7y,1,liability,4.0,4,0,2_to_4,gt_30,gt_30,no_change,1,1,0,0,gt_5,0
13733,1996,51_to_65,0,married,pontiac,sport,20k_to_29k,gt_7y,1,liability,4.0,4,0,2_to_4,gt_30,gt_30,no_change,1,0,0,0,1_to_2,0
13735,1996,36_to_40,0,married,toyota,sport,30k_to_39k,7y,2,liability,4.0,1,0,1,gt_30,gt_30,4_to_8y,1,0,0,0,gt_5,0
13736,1996,41_to_50,0,married,toyota,sport,30k_to_39k,7y,3_to_4,liability,4.0,4,0,gt_4,gt_30,gt_30,no_change,0,0,0,0,1_to_2,0
13737,1996,41_to_50,0,married,toyota,sport,20k_to_29k,6y,1,liability,4.0,4,0,2_to_4,gt_30,gt_30,no_change,1,0,0,0,none,0
13742,1996,31_to_35,1,single,chevrolet,sport,20k_to_29k,6y,1,liability,4.0,2,0,none,gt_30,gt_30,1y,1,1,0,0,gt_5,0
13752,1996,31_to_35,0,married,chevrolet,sedan,gt_69k,6y,1,all_perils,4.0,4,0,none,gt_30,gt_30,no_change,1,0,0,0,gt_5,0
13754,1996,31_to_35,0,married,ford,sport,40k_to_59k,7y,1,liability,4.0,1,0,2_to_4,gt_30,gt_30,no_change,1,0,0,0,none,0
13765,1996,over_65,0,married,pontiac,sedan,20k_to_29k,gt_7y,1,all_perils,7.0,2,0,2_to_4,gt_30,gt_30,no_change,1,0,0,0,none,0
13766,1996,41_to_50,1,married,toyota,sedan,20k_to_29k,7y,1,all_perils,4.0,1,0,2_to_4,gt_30,gt_30,no_change,1,0,0,0,1_to_2,1
13767,1996,36_to_40,1,married,chevrolet,sedan,20k_to_29k,7y,1,collision,4.0,4,0,1,gt_30,gt_30,no_change,1,0,0,0,none,0
13769,1996,31_to_35,0,single,pontiac,sedan,20k_to_29k,7y,1,all_perils,4.0,2,0,none,gt_30,gt_30,no_change,1,0,0,0,3_to_5,0
13771,1996,41_to_50,0,married,toyota,sport,20k_to_29k,7y,1,liability,5.0,1,0,2_to_4,gt_30,gt_30,2_to_3y,1,0,0,0,gt_5,0
13775,1996,41_to_50,1,married,chevrolet,sedan,20k_to_29k,6y,1,collision,4.0,2,0,2_to_4,gt_30,gt_30,no_change,1,0,0,0,1_to_2,0
13776,1996,36_to_40,0,single,honda,sedan,20k_to_29k,gt_7y,1,all_perils,4.0,1,0,1,gt_30,gt_30,no_change,0,0,0,0,gt_5,0
13777,1996,31_to_35,0,single,chevrolet,sport,20k_to_29k,6y,3_to_4,liability,4.0,2,0,2_to_4,gt_30,gt_30,4_to_8y,1,1,0,0,none,0
13793,1996,36_to_40,0,married,pontiac,sedan,gt_69k,6y,1,collision,4.0,4,0,2_to_4,gt_30,gt_30,no_change,0,0,0,0,1_to_2,0
13795,1996,31_to_35,0,single,honda,sedan,gt_69k,6y,1,collision,4.0,2,0,2_to_4,gt_30,gt_30,no_change,1,0,0,0,gt_5,0
13797,1996,31_to_35,0,married,toyota,sedan,20k_to_29k,5y,1,all_perils,4.0,1,0,2_to_4,gt_30,gt_30,no_change,1,1,0,0,1_to_2,1
13801,1996,over_65,0,married,mazda,sedan,30k_to_39k,gt_7y,1,collision,4.0,4,0,2_to_4,gt_30,gt_30,no_change,1,0,0,1,none,0
13807,1996,36_to_40,0,married,chevrolet,sedan,20k_to_29k,7y,1,collision,4.0,2,0,none,gt_30,gt_30,no_change,1,0,0,0,1_to_2,0
13812,1996,31_to_35,0,married,toyota,sedan,20k_to_29k,6y,1,collision,4.0,4,0,none,gt_30,gt_30,no_change,1,0,0,0,none,0
13813,1996,31_to_35,1,single,mazda,sedan,20k_to_29k,6y,1,collision,4.0,1,0,none,gt_30,gt_30,no_change,0,0,0,0,none,0
13819,1996,31_to_35,0,single,toyota,sedan,30k_to_39k,6y,2,collision,4.0,1,0,none,gt_30,gt_30,4_to_8y,1,0,0,0,1_to_2,1
13820,1996,31_to_35,0,single,honda,sport,20k_to_29k,6y,1,liability,4.0,1,0,2_to_4,gt_30,gt_30,no_change,1,0,0,0,none,0
13824,1996,36_to_40,0,married,pontiac,sedan,gt_69k,gt_7y,1,collision,4.0,1,0,1,gt_30,gt_30,no_change,0,0,0,0,none,0
13825,1996,51_to_65,0,married,toyota,sport,30k_to_39k,gt_7y,1,liability,4.0,2,0,gt_4,gt_30,gt_30,no_change,1,0,0,0,3_to_5,0
13826,1996,31_to_35,1,married,pontiac,sedan,lt_20k,6y,1,collision,4.0,3,0,gt_4,gt_30,gt_30,no_change,1,0,0,0,gt_5,0
13833,1996,31_to_35,0,married,toyota,sedan,30k_to_39k,7y,1,collision,4.0,3,0,1,gt_30,gt_30,1y,0,0,0,0,gt_5,0
13834,1996,31_to_35,0,married,pontiac,sedan,20k_to_29k,5y,1,all_perils,4.0,4,0,1,15_to_30,gt_30,no_change,1,0,0,0,none,0
13835,1996,41_to_50,0,married,pontiac,sedan,lt_20k,7y,1,all_perils,4.0,1,0,1,gt_30,gt_30,no_change,1,0,0,0,none,0
13836,1996,31_to_35,0,married,toyota,sedan,20k_to_29k,7y,1,all_perils,4.0,4,0,1,gt_30,gt_30,no_change,0,0,0,0,gt_5,0
13839,1996,36_to_40,0,married,pontiac,sedan,20k_to_29k,gt_7y,1,collision,4.0,4,0,1,gt_30,gt_30,no_change,0,0,0,0,1_to_2,0
13844,1996,36_to_40,0,single,ford,sedan,30k_to_39k,6y,1,all_perils,4.0,3,0,1,gt_30,gt_30,no_change,1,0,0,0,3_to_5,0
13845,1996,31_to_35,0,single,pontiac,sport,30k_to_39k,7y,1,liability,4.0,3,0,2_to_4,gt_30,gt_30,no_change,0,0,0,1,1_to_2,0
13850,1996,36_to_40,0,married,mazda,sedan,20k_to_29k,gt_7y,1,collision,4.0,4,0,1,gt_30,gt_30,no_change,1,0,0,0,3_to_5,0
13852,1996,36_to_40,1,single,other,sedan,30k_to_39k,7y,1,all_perils,4.0,1,0,none,gt_30,gt_30,no_change,1,0,0,0,none,0
13853,1996,41_to_50,0,married,chevrolet,sport,30k_to_39k,gt_7y,1,liability,4.0,4,0,2_to_4,gt_30,gt_30,no_change,0,0,0,0,1_to_2,0
13854,1996,31_to_35,1,married,honda,sedan,20k_to_29k,7y,1,all_perils,4.0,1,0,2_to_4,gt_30,gt_30,no_change,1,0,0,0,gt_5,0
13863,1996,41_to_50,0,married,toyota,sport,30k_to_39k,7y,1,liability,4.0,3,0,2_to_4,gt_30,gt_30,no_change,1,0,0,0,none,0
13868,1996,36_to_40,0,married,ford,sedan,30k_to_39k,7y,1,collision,4.0,3,0,1,gt_30,gt_30,no_change,0,1,0,0,none,0
13869,1996,41_to_50,0,married,pontiac,sport,20k_to_29k,7y,1,liability,4.0,2,0,2_to_4,gt_30,gt_30,no_change,1,0,0,0,3_to_5,0
13871,1996,41_to_50,0,married,pontiac,sedan,lt_20k,7y,1,all_perils,4.0,1,0,none,gt_30,gt_30,no_change,1,0,0,0,1_to_2,0
13873,1996,31_to_35,1,single,toyota,sport,20k_to_29k,6y,1,liability,5.0,3,0,1,gt_30,gt_30,2_to_3y,1,0,0,0,none,0
13879,1996,31_to_35,0,married,toyota,sedan,30k_to_39k,6y,1,all_perils,4.0,1,0,1,gt_30,gt_30,no_change,0,0,0,0,none,0
13881,1996,36_to_40,0,married,chevrolet,sedan,20k_to_29k,6y,1,all_perils,4.0,3,0,1,gt_30,gt_30,no_change,0,0,0,0,gt_5,0
13883,1996,31_to_35,1,single,honda,sport,20k_to_29k,6y,1,liability,4.0,1,0,gt_4,gt_30,gt_30,no_change,1,0,0,0,gt_5,0
13887,1996,31_to_35,0,married,mazda,sedan,20k_to_29k,6y,1,all_perils,4.0,3,0,none,gt_30,gt_30,no_change,1,0,0,0,1_to_2,0
13890,1996,over_65,0,married,toyota,sedan,20k_to_29k,gt_7y,1,all_perils,4.0,3,0,none,gt_30,gt_30,no_change,1,1,0,0,3_to_5,0
13899,1996,51_to_65,1,single,pontiac,sedan,20k_to_29k,gt_7y,1,all_perils,4.0,3,0,none,gt_30,gt_30,no_change,1,1,0,0,none,0
13903,1996,41_to_50,0,married,pontiac,sport,20k_to_29k,5y,2,liability,4.0,1,0,2_to_4,gt_30,gt_30,4_to_8y,0,0,0,0,none,0
13906,1996,16_to_17,0,single,honda,sport,gt_69k,new,1,liability,4.0,2,0,none,gt_30,gt_30,no_change,1,1,0,0,none,0
13910,1996,41_to_50,0,married,ford,sedan,40k_to_59k,gt_7y,1,all_perils,4.0,1,0,none,gt_30,gt_30,no_change,1,0,0,0,3_to_5,1
13912,1996,36_to_40,0,married,mazda,sport,30k_to_39k,7y,1,liability,4.0,4,0,gt_4,gt_30,gt_30,no_change,1,0,0,0,gt_5,0
13915,1996,36_to_40,1,married,honda,sedan,30k_to_39k,7y,1,collision,4.0,1,0,1,gt_30,gt_30,no_change,1,0,0,0,none,0
13919,1996,36_to_40,1,married,other,sedan,gt_69k,gt_7y,1,collision,4.0,4,0,1,gt_30,gt_30,no_change,1,0,0,0,none,0
13923,1996,36_to_40,0,single,pontiac,sedan,20k_to_29k,7y,1,collision,4.0,3,0,2_to_4,gt_30,gt_30,no_change,1,0,0,0,3_to_5,0
13925,1996,31_to_35,0,married,pontiac,sedan,30k_to_39k,6y,1,all_perils,4.0,1,0,2_to_4,gt_30,gt_30,no_change,0,0,0,0,3_to_5,0
13926,1996,41_to_50,1,married,honda,sedan,lt_20k,gt_7y,1,collision,4.0,1,0,none,gt_30,gt_30,no_change,0,0,0,0,none,0
13933,1996,41_to_50,0,single,honda,sedan,20k_to_29k,gt_7y,1,all_perils,4.0,2,0,1,gt_30,gt_30,no_change,1,0,0,0,gt_5,0
13936,1996,41_to_50,0,married,pontiac,sedan,20k_to_29k,gt_7y,1,collision,4.0,4,0,2_to_4,gt_30,gt_30,no_change,1,1,0,0,gt_5,0
13937,1996,41_to_50,0,married,acura,sedan,30k_to_39k,gt_7y,1,all_perils,4.0,3,0,none,gt_30,gt_30,no_change,1,0,0,0,none,0
13938,1996,31_to_35,1,married,mazda,sedan,20k_to_29k,7y,1,collision,4.0,1,0,1,gt_30,gt_30,no_change,1,0,0,0,none,0
13939,1996,over_65,0,married,pontiac,utility,40k_to_59k,gt_7y,1,all_perils,4.0,1,0,1,gt_30,gt_30,no_change,1,0,0,0,gt_5,0
13940,1996,31_to_35,0,single,pontiac,sedan,20k_to_29k,6y,1,all_perils,4.0,1,0,2_to_4,gt_30,gt_30,no_change,0,1,0,0,gt_5,0
13945,1996,41_to_50,0,married,mazda,sport,30k_to_39k,7y,2,liability,4.0,4,0,gt_4,gt_30,gt_30,4_to_8y,1,0,0,0,none,0
13946,1996,26_to_30,0,single,pontiac,sedan,20k_to_29k,5y,1,collision,4.0,1,0,2_to_4,gt_30,gt_30,no_change,1,0,0,0,1_to_2,0
13949,1996,36_to_40,1,married,pontiac,sedan,lt_20k,6y,1,collision,4.0,1,0,2_to_4,gt_30,gt_30,no_change,1,0,0,0,gt_5,0
13956,1996,31_to_35,0,single,chevrolet,sedan,20k_to_29k,7y,1,collision,4.0,2,0,1,gt_30,gt_30,no_change,1,0,0,0,1_to_2,0
13970,1996,31_to_35,0,married,pontiac,sedan,20k_to_29k,7y,1,all_perils,4.0,2,0,gt_4,gt_30,gt_30,no_change,1,0,0,0,3_to_5,0
13971,1996,36_to_40,0,married,honda,sport,20k_to_29k,7y,1,liability,4.0,3,0,2_to_4,gt_30,gt_30,no_change,1,1,0,0,gt_5,0
13972,1996,41_to_50,1,single,ford,sport,30k_to_39k,gt_7y,1,liability,4.0,1,0,1,gt_30,gt_30,no_change,1,0,0,0,3_to_5,0
13973,1996,41_to_50,0,married,honda,sport,40k_to_59k,7y,1,liability,4.0,4,0,2_to_4,gt_30,gt_30,no_change,1,0,0,0,gt_5,0
13990,1996,31_to_35,0,married,pontiac,sport,lt_20k,7y,1,liability,4.0,2,0,gt_4,gt_30,gt_30,no_change,1,0,0,0,3_to_5,0
13993,1996,31_to_35,0,single,toyota,sport,20k_to_29k,6y,1,liability,4.0,2,0,2_to_4,gt_30,gt_30,no_change,1,0,0,0,3_to_5,0
14000,1996,36_to_40,0,married,pontiac,sedan,20k_to_29k,7y,1,collision,4.0,1,0,2_to_4,gt_30,gt_30,no_change,0,0,0,0,1_to_2,0
14003,1996,16_to_17,0,single,honda,sport,gt_69k,new,1,liability,4.0,1,0,gt_4,gt_30,gt_30,no_change,1,0,0,0,none,0
14005,1996,36_to_40,0,married,toyota,sedan,lt_20k,7y,1,collision,4.0,2,0,1,gt_30,gt_30,no_change,1,0,0,0,none,0
14010,1996,36_to_40,0,married,pontiac,sedan,30k_to_39k,gt_7y,1,collision,4.0,1,0,2_to_4,gt_30,gt_30,no_change,1,0,0,0,1_to_2,0
14011,1996,31_to_35,0,married,acura,utility,gt_69k,6y,1,all_perils,4.0,1,0,none,gt_30,gt_30,no_change,1,0,0,0,none,1
14015,1996,31_to_35,0,single,pontiac,sedan,20k_to_29k,3y,1,all_perils,4.0,3,0,2_to_4,gt_30,gt_30,1y,1,0,0,0,none,0
14016,1996,36_to_40,1,married,pontiac,sedan,lt_20k,6y,1,all_perils,4.0,3,0,none,gt_30,gt_30,no_change,1,1,0,0,none,1
14018,1996,51_to_65,0,married,toyota,sedan,20k_to_29k,gt_7y,1,all_perils,4.0,3,0,none,gt_30,gt_30,no_change,1,0,0,0,none,0
14029,1996,41_to_50,0,married,toyota,sport,20k_to_29k,gt_7y,2,liability,4.0,1,0,none,gt_30,gt_30,4_to_8y,1,0,0,0,none,0
14032,1996,26_to_30,0,single,honda,sport,gt_69k,new,1,collision,4.0,4,0,none,gt_30,gt_30,no_change,0,0,0,0,none,0
14036,1996,31_to_35,0,married,chevrolet,sedan,30k_to_39k,6y,1,all_perils,4.0,1,0,none,gt_30,gt_30,no_change,0,0,0,0,none,0
14037,1996,41_to_50,0,married,mazda,sport,30k_to_39k,gt_7y,1,liability,4.0,1,0,gt_4,gt_30,gt_30,no_change,0,0,0,0,none,0
14043,1996,36_to_40,0,married,pontiac,sedan,20k_to_29k,6y,1,collision,4.0,3,0,2_to_4,gt_30,gt_30,no_change,0,1,0,0,gt_5,0
14044,1996,31_to_35,0,single,pontiac,sport,30k_to_39k,7y,1,liability,7.0,1,0,gt_4,gt_30,gt_30,no_change,1,0,0,0,3_to_5,0
14045,1996,31_to_35,0,single,chevrolet,sedan,30k_to_39k,5y,1,collision,4.0,2,1,1,gt_30,gt_30,no_change,1,0,0,0,3_to_5,0
14048,1996,41_to_50,0,married,mazda,sport,30k_to_39k,gt_7y,1,liability,4.0,1,0,gt_4,gt_30,gt_30,no_change,1,0,0,0,none,0
14049,1996,51_to_65,0,married,chevrolet,sedan,20k_to_29k,gt_7y,1,all_perils,4.0,2,0,none,gt_30,gt_30,no_change,0,0,0,0,3_to_5,0
14053,1996,36_to_40,0,married,chevrolet,sedan,30k_to_39k,gt_7y,1,collision,4.0,1,1,1,gt_30,gt_30,no_change,0,0,0,0,gt_5,0
14056,1996,36_to_40,0,married,honda,sedan,20k_to_29k,7y,1,collision,4.0,2,0,gt_4,gt_30,gt_30,no_change,1,0,0,0,gt_5,0
14057,1996,36_to_40,0,married,toyota,sedan,20k_to_29k,5y,1,all_perils,4.0,4,0,1,gt_30,gt_30,no_change,1,0,0,0,1_to_2,1
14061,1996,31_to_35,0,married,mazda,sedan,40k_to_59k,7y,1,collision,4.0,1,1,none,gt_30,gt_30,no_change,0,0,0,0,none,0
14062,1996,41_to_50,0,married,chevrolet,sport,40k_to_59k,7y,1,liability,4.0,4,0,2_to_4,gt_30,gt_30,no_change,1,0,0,0,1_to_2,0
14065,1996,51_to_65,0,married,pontiac,sedan,20k_to_29k,7y,1,collision,4.0,1,0,none,gt_30,gt_30,no_change,1,0,0,0,none,0
14066,1996,41_to_50,0,married,other,sedan,40k_to_59k,gt_7y,1,collision,4.0,4,0,none,gt_30,gt_30,no_change,1,0,0,0,none,0
14070,1996,36_to_40,0,married,pontiac,sedan,20k_to_29k,7y,1,collision,4.0,3,0,none,gt_30,gt_30,no_change,0,0,0,0,gt_5,0
14071,1996,36_to_40,0,married,toyota,sport,30k_to_39k,7y,2,liability,4.0,2,0,gt_4,gt_30,gt_30,4_to_8y,1,0,0,0,3_to_5,0
14074,1996,31_to_35,1,single,chevrolet,sport,20k_to_29k,5y,1,liability,4.0,1,0,2_to_4,gt_30,gt_30,no_change,1,1,0,0,3_to_5,0
14081,1996,over_65,0,married,pontiac,sedan,20k_to_29k,gt_7y,1,all_perils,4.0,1,0,1,gt_30,gt_30,no_change,0,0,0,0,1_to_2,0
14083,1996,31_to_35,0,married,pontiac,sport,20k_to_29k,7y,1,liability,4.0,2,0,gt_4,gt_30,gt_30,no_change,1,0,0,0,3_to_5,0
14085,1996,31_to_35,0,married,pontiac,sport,30k_to_39k,7y,1,liability,4.0,1,0,gt_4,gt_30,gt_30,no_change,0,0,0,0,3_to_5,0
14089,1996,31_to_35,0,single,mazda,sport,20k_to_29k,5y,1,liability,4.0,4,0,2_to_4,gt_30,gt_30,no_change,1,0,0,0,gt_5,0
14092,1996,41_to_50,0,married,toyota,sedan,lt_20k,gt_7y,2,collision,4.0,2,0,1,gt_30,gt_30,4_to_8y,1,1,0,0,none,0
14093,1996,31_to_35,0,married,mazda,sedan,gt_69k,7y,1,collision,4.0,1,0,2_to_4,gt_30,gt_30,no_change,1,0,0,0,gt_5,1
14095,1996,31_to_35,0,married,toyota,sport,30k_to_39k,6y,1,liability,4.0,3,0,2_to_4,gt_30,gt_30,no_change,1,0,0,0,1_to_2,0
14096,1996,41_to_50,0,married,honda,sport,gt_69k,gt_7y,1,collision,4.0,1,0,none,gt_30,gt_30,no_change,1,0,0,0,1_to_2,1
14101,1996,51_to_65,0,married,pontiac,sedan,20k_to_29k,gt_7y,1,collision,4.0,3,0,1,1_to_7,gt_30,no_change,0,0,1,1,none,0
14102,1996,51_to_65,1,married,honda,sport,20k_to_29k,7y,1,liability,4.0,1,0,none,gt_30,gt_30,no_change,1,0,0,0,none,0
14103,1996,31_to_35,1,single,mazda,sport,30k_to_39k,6y,1,liability,4.0,4,0,2_to_4,gt_30,gt_30,no_change,1,0,0,0,gt_5,0
14107,1996,41_to_50,0,married,pontiac,sedan,30k_to_39k,7y,1,collision,4.0,1,0,2_to_4,gt_30,gt_30,no_change,1,0,0,0,1_to_2,0
14110,1996,41_to_50,0,single,honda,sedan,20k_to_29k,7y,1,collision,4.0,3,0,1,gt_30,gt_30,no_change,1,0,0,0,3_to_5,1
14111,1996,36_to_40,0,single,toyota,sport,20k_to_29k,7y,1,liability,4.0,3,0,gt_4,gt_30,gt_30,no_change,1,1,0,0,none,0
14116,1996,51_to_65,0,married,toyota,sedan,lt_20k,7y,1,all_perils,4.0,4,0,1,gt_30,gt_30,no_change,1,0,0,0,gt_5,1
14117,1996,31_to_35,0,married,mazda,sport,30k_to_39k,4y,1,liability,4.0,2,0,1,gt_30,gt_30,no_change,0,0,0,0,gt_5,0
14123,1996,26_to_30,0,single,toyota,sedan,lt_20k,3y,1,collision,4.0,1,0,gt_4,gt_30,gt_30,no_change,1,0,0,0,gt_5,0
14124,1996,41_to_50,0,married,honda,sedan,30k_to_39k,gt_7y,1,collision,4.0,2,0,2_to_4,gt_30,gt_30,no_change,1,0,0,0,1_to_2,0
14128,1996,31_to_35,0,married,honda,sedan,20k_to_29k,6y,1,collision,5.0,4,0,gt_4,gt_30,gt_30,2_to_3y,0,0,0,0,none,1
14130,1996,36_to_40,0,married,honda,sport,20k_to_29k,7y,5_to_8,liability,4.0,3,0,gt_4,gt_30,gt_30,no_change,1,0,0,0,gt_5,0
14133,1996,36_to_40,0,married,ford,sedan,40k_to_59k,5y,1,collision,4.0,1,0,1,gt_30,gt_30,no_change,0,0,0,0,gt_5,0
14135,1996,41_to_50,0,married,pontiac,sedan,20k_to_29k,gt_7y,1,collision,4.0,1,0,1,gt_30,gt_30,no_change,1,0,0,0,none,0
14138,1996,31_to_35,0,married,other,sedan,30k_to_39k,7y,1,all_perils,4.0,1,0,2_to_4,gt_30,gt_30,no_change,1,0,0,0,none,0
14140,1996,51_to_65,1,married,toyota,sport,20k_to_29k,gt_7y,1,liability,4.0,1,0,1,gt_30,gt_30,no_change,1,0,0,0,none,0
14141,1996,51_to_65,0,married,honda,sedan,20k_to_29k,gt_7y,1,all_perils,4.0,1,0,none,gt_30,gt_30,no_change,0,0,0,0,none,0
14142,1996,51_to_65,0,married,pontiac,sedan,30k_to_39k,gt_7y,1,all_perils,4.0,4,0,gt_4,gt_30,gt_30,no_change,1,0,0,0,3_to_5,1
14143,1996,36_to_40,0,married,chevrolet,sport,30k_to_39k,7y,1,liability,4.0,2,0,2_to_4,gt_30,gt_30,no_change,1,1,0,0,gt_5,0
14156,1996,41_to_50,0,widow,toyota,sport,gt_69k,gt_7y,1,liability,4.0,3,0,2_to_4,gt_30,gt_30,no_change,1,1,0,0,gt_5,0
14160,1996,31_to_35,0,single,chevrolet,sport,30k_to_39k,6y,1,liability,4.0,3,0,gt_4,15_to_30,gt_30,no_change,1,0,0,0,none,0
14165,1996,36_to_40,0,married,pontiac,sport,20k_to_29k,7y,1,liability,4.0,3,0,1,gt_30,gt_30,no_change,0,1,0,0,none,0
14166,1996,31_to_35,0,married,mazda,sedan,20k_to_29k,7y,1,collision,4.0,1,0,2_to_4,gt_30,gt_30,no_change,1,0,0,0,none,0
14169,1996,36_to_40,0,married,mazda,sport,30k_to_39k,7y,1,liability,4.0,3,0,2_to_4,gt_30,gt_30,no_change,1,0,0,0,none,0
14170,1996,51_to_65,0,married,ford,sedan,lt_20k,7y,1,all_perils,4.0,4,0,none,gt_30,gt_30,no_change,0,0,0,0,none,0
14177,1996,36_to_40,0,married,pontiac,sport,20k_to_29k,7y,1,liability,4.0,3,0,2_to_4,gt_30,gt_30,no_change,0,0,0,0,3_to_5,0
14189,1996,31_to_35,0,single,other,sport,30k_to_39k,7y,1,liability,4.0,1,0,gt_4,gt_30,gt_30,no_change,1,0,0,0,none,0
14190,1996,36_to_40,0,married,chevrolet,sport,gt_69k,7y,1,liability,4.0,4,0,gt_4,gt_30,gt_30,no_change,1,0,0,0,gt_5,0
14191,1996,31_to_35,0,married,chevrolet,sedan,20k_to_29k,7y,1,collision,4.0,4,0,1,gt_30,gt_30,no_change,0,1,0,0,gt_5,0
14192,1996,36_to_40,0,married,honda,sport,30k_to_39k,6y,1,liability,4.0,4,0,gt_4,gt_30,gt_30,no_change,1,0,0,0,none,0
14193,1996,31_to_35,0,single,toyota,sedan,20k_to_29k,6y,1,all_perils,4.0,3,0,none,gt_30,gt_30,no_change,0,0,0,0,gt_5,0
14197,1996,31_to_35,0,single,honda,sport,gt_69k,7y,2,collision,4.0,2,0,1,gt_30,gt_30,1y,1,0,0,0,1_to_2,0
14199,1996,31_to_35,0,single,toyota,sedan,gt_69k,6y,1,all_perils,4.0,2,0,none,gt_30,gt_30,no_change,1,0,0,0,gt_5,0
14201,1996,51_to_65,0,married,other,sedan,20k_to_29k,gt_7y,5_to_8,collision,4.0,4,0,none,gt_30,gt_30,no_change,1,0,0,0,none,0
14204,1996,31_to_35,0,single,mazda,sport,gt_69k,6y,1,collision,4.0,1,0,2_to_4,gt_30,gt_30,no_change,0,0,0,0,3_to_5,0
14205,1996,31_to_35,1,married,toyota,sport,30k_to_39k,5y,1,liability,4.0,2,0,1,gt_30,gt_30,no_change,1,0,0,1,none,0
14206,1996,51_to_65,0,married,pontiac,utility,gt_69k,6y,1,all_perils,4.0,3,0,2_to_4,gt_30,gt_30,no_change,1,0,0,0,1_to_2,0
14207,1996,31_to_35,0,married,honda,sedan,20k_to_29k,6y,1,all_perils,4.0,3,0,2_to_4,gt_30,gt_30,no_change,0,0,0,0,none,0
14209,1996,over_65,0,married,pontiac,sedan,20k_to_29k,gt_7y,1,all_perils,4.0,4,0,1,gt_30,gt_30,no_change,0,0,0,0,none,0
14215,1996,31_to_35,0,single,other,sedan,30k_to_39k,7y,1,all_perils,4.0,3,0,1,gt_30,gt_30,no_change,0,0,0,0,none,0
14222,1996,41_to_50,1,married,toyota,sport,gt_69k,gt_7y,1,liability,4.0,1,0,gt_4,gt_30,gt_30,no_change,1,1,0,0,3_to_5,0
14225,1996,51_to_65,0,married,chevrolet,sedan,20k_to_29k,gt_7y,1,all_perils,4.0,3,0,1,gt_30,gt_30,no_change,1,1,0,0,3_to_5,0
14226,1996,31_to_35,1,single,toyota,sedan,lt_20k,6y,1,all_perils,4.0,4,0,2_to_4,gt_30,gt_30,no_change,0,0,0,0,gt_5,0
14227,1996,51_to_65,0,married,toyota,sedan,20k_to_29k,gt_7y,1,all_perils,4.0,3,0,none,gt_30,gt_30,no_change,0,0,0,0,3_to_5,0
14228,1996,36_to_40,0,married,other,sedan,40k_to_59k,7y,3_to_4,collision,4.0,4,0,2_to_4,gt_30,gt_30,no_change,1,0,0,0,none,0
14231,1996,36_to_40,1,married,chevrolet,sport,gt_69k,7y,1,liability,4.0,4,0,2_to_4,gt_30,gt_30,no_change,0,0,0,0,gt_5,0
14232,1996,41_to_50,0,married,honda,sport,20k_to_29k,gt_7y,1,liability,4.0,4,0,1,gt_30,gt_30,no_change,0,0,0,0,1_to_2,0
14235,1996,41_to_50,0,married,pontiac,sport,20k_to_29k,gt_7y,1,liability,4.0,3,0,none,gt_30,gt_30,no_change,1,0,0,0,none,0
14236,1996,36_to_40,0,widow,toyota,sport,30k_to_39k,7y,1,liability,4.0,1,0,gt_4,gt_30,gt_30,no_change,1,0,0,0,gt_5,0
14237,1996,31_to_35,0,married,pontiac,sport,30k_to_39k,7y,1,liability,4.0,3,0,gt_4,gt_30,gt_30,no_change,1,0,0,0,gt_5,0
14239,1996,36_to_40,0,married,toyota,sport,30k_to_39k,gt_7y,2,liability,4.0,4,0,1,gt_30,gt_30,4_to_8y,1,0,0,0,gt_5,0
14243,1996,36_to_40,0,single,chevrolet,sedan,20k_to_29k,gt_7y,1,collision,4.0,2,0,none,gt_30,gt_30,no_change,1,0,0,0,gt_5,0
14244,1996,31_to_35,1,single,pontiac,sedan,30k_to_39k,7y,1,collision,4.0,2,0,1,gt_30,gt_30,no_change,1,0,0,0,1_to_2,0
14245,1996,31_to_35,1,married,pontiac,sedan,lt_20k,4y,1,all_perils,4.0,1,0,none,gt_30,gt_30,no_change,1,0,0,0,none,0
14248,1996,31_to_35,0,single,honda,sport,20k_to_29k,6y,1,liability,4.0,4,0,none,8_to_15,15_to_30,no_change,1,0,0,0,none,0
14252,1996,36_to_40,0,married,toyota,sedan,lt_20k,7y,1,all_perils,4.0,4,0,none,gt_30,gt_30,no_change,1,0,0,0,1_to_2,0
14257,1996,36_to_40,0,married,chevrolet,sport,20k_to_29k,7y,1,liability,4.0,4,0,2_to_4,gt_30,gt_30,no_change,1,0,0,0,gt_5,0
14264,1996,36_to_40,0,married,pontiac,sedan,20k_to_29k,7y,1,collision,4.0,3,0,none,gt_30,gt_30,no_change,1,0,0,0,none,0
14265,1996,31_to_35,1,single,toyota,sport,20k_to_29k,6y,1,liability,4.0,3,0,none,gt_30,gt_30,no_change,1,0,0,0,none,0
14266,1996,41_to_50,0,married,pontiac,sedan,30k_to_39k,gt_7y,1,collision,4.0,3,1,gt_4,gt_30,gt_30,no_change,1,0,0,0,3_to_5,0
14271,1996,31_to_35,0,single,toyota,sedan,20k_to_29k,6y,1,collision,4.0,1,0,gt_4,gt_30,gt_30,no_change,0,0,0,0,none,0
14274,1996,31_to_35,0,single,other,sedan,20k_to_29k,6y,1,collision,4.0,2,0,2_to_4,gt_30,gt_30,no_change,0,0,0,0,gt_5,0
14277,1996,31_to_35,1,single,toyota,sedan,20k_to_29k,6y,1,collision,4.0,1,0,none,gt_30,gt_30,no_change,0,0,0,0,none,0
14278,1996,36_to_40,0,single,honda,sport,gt_69k,7y,1,collision,4.0,4,0,none,gt_30,gt_30,no_change,1,0,0,0,none,0
14280,1996,41_to_50,0,married,honda,sedan,20k_to_29k,4y,1,collision,4.0,2,0,2_to_4,gt_30,gt_30,no_change,1,0,0,0,none,0
14281,1996,41_to_50,0,married,honda,sport,20k_to_29k,gt_7y,2,liability,5.0,4,0,none,gt_30,gt_30,2_to_3y,1,0,0,0,none,0
14284,1996,over_65,0,married,other,sedan,20k_to_29k,gt_7y,1,all_perils,4.0,1,0,none,gt_30,gt_30,no_change,1,0,0,0,none,0
14285,1996,31_to_35,0,single,pontiac,sport,30k_to_39k,7y,1,liability,4.0,2,0,gt_4,gt_30,gt_30,no_change,1,0,0,0,gt_5,0
14287,1996,36_to_40,1,single,pontiac,sport,20k_to_29k,7y,1,liability,4.0,3,0,none,gt_30,gt_30,no_change,1,0,0,0,none,0
14288,1996,31_to_35,0,married,toyota,sedan,lt_20k,7y,1,all_perils,4.0,1,0,2_to_4,gt_30,gt_30,1y,0,0,0,0,1_to_2,0
14291,1996,31_to_35,0,single,toyota,sport,20k_to_29k,7y,1,liability,4.0,4,0,2_to_4,gt_30,gt_30,no_change,1,0,0,0,gt_5,0
14292,1996,51_to_65,0,married,toyota,sedan,20k_to_29k,gt_7y,1,collision,7.0,1,0,2_to_4,gt_30,gt_30,no_change,1,1,0,0,1_to_2,0
14300,1996,36_to_40,1,married,ford,sedan,30k_to_39k,7y,1,all_perils,4.0,1,0,1,gt_30,gt_30,no_change,0,1,0,0,1_to_2,0
14301,1996,36_to_40,0,married,chevrolet,sedan,gt_69k,7y,1,collision,4.0,4,0,1,gt_30,gt_30,no_change,0,0,0,0,none,0
14302,1996,41_to_50,1,married,toyota,sedan,20k_to_29k,7y,2,collision,4.0,3,0,gt_4,gt_30,gt_30,4_to_8y,1,0,0,0,none,0
14309,1996,41_to_50,0,married,other,sedan,30k_to_39k,gt_7y,1,collision,4.0,4,0,none,gt_30,gt_30,no_change,0,0,0,0,none,0
14312,1996,41_to_50,0,married,acura,sedan,20k_to_29k,7y,1,all_perils,4.0,1,0,none,gt_30,gt_30,no_change,1,0,0,0,none,0
14319,1996,21_to_25,0,single,honda,sedan,lt_20k,2y,1,all_perils,4.0,2,0,1,gt_30,gt_30,no_change,0,0,0,0,1_to_2,0
14320,1996,51_to_65,0,married,pontiac,sedan,lt_20k,7y,1,all_perils,4.0,1,0,1,gt_30,gt_30,no_change,1,0,0,0,none,0
14326,1996,31_to_35,0,single,honda,sedan,20k_to_29k,5y,1,collision,4.0,2,0,1,gt_30,gt_30,no_change,1,1,0,0,none,0
14328,1996,31_to_35,0,single,chevrolet,sedan,20k_to_29k,7y,1,collision,4.0,4,0,none,gt_30,gt_30,no_change,0,0,0,0,1_to_2,0
14334,1996,31_to_35,0,single,honda,sedan,gt_69k,new,1,all_perils,4.0,2,0,2_to_4,gt_30,gt_30,no_change,0,1,0,0,none,0
14335,1996,over_65,0,married,mazda,sedan,20k_to_29k,gt_7y,1,all_perils,4.0,2,0,none,gt_30,gt_30,no_change,1,0,0,0,gt_5,0
14340,1996,41_to_50,0,married,mazda,sport,20k_to_29k,gt_7y,1,liability,4.0,1,0,2_to_4,gt_30,gt_30,no_change,1,0,0,0,1_to_2,0
14341,1996,36_to_40,1,married,chevrolet,sedan,20k_to_29k,7y,1,all_perils,4.0,2,0,1,gt_30,gt_30,no_change,1,1,0,0,1_to_2,0
14344,1996,31_to_35,0,married,other,sedan,40k_to_59k,7y,2,collision,4.0,4,0,1,gt_30,gt_30,4_to_8y,1,0,0,0,gt_5,0
14350,1996,over_65,1,married,mazda,sport,lt_20k,7y,1,liability,4.0,3,0,2_to_4,gt_30,gt_30,no_change,1,0,0,0,1_to_2,0
14351,1996,31_to_35,0,single,pontiac,sedan,20k_to_29k,6y,3_to_4,all_perils,4.0,2,0,1,gt_30,gt_30,no_change,1,0,0,0,none,0
14354,1996,31_to_35,0,married,honda,sport,30k_to_39k,7y,1,liability,7.0,2,0,none,gt_30,gt_30,no_change,1,0,0,0,gt_5,0
14361,1996,36_to_40,0,married,honda,sport,20k_to_29k,7y,1,liability,4.0,4,0,gt_4,gt_30,gt_30,no_change,1,0,0,0,none,0
14362,1996,31_to_35,0,married,pontiac,sport,30k_to_39k,6y,1,liability,4.0,1,0,gt_4,gt_30,gt_30,no_change,1,1,0,0,none,0
14363,1996,36_to_40,0,married,pontiac,sport,20k_to_29k,5y,1,liability,4.0,3,0,gt_4,gt_30,gt_30,no_change,1,0,0,0,gt_5,0
14365,1996,41_to_50,0,married,ford,utility,gt_69k,gt_7y,2,all_perils,4.0,1,0,none,gt_30,gt_30,4_to_8y,1,0,0,0,none,0
14366,1996,31_to_35,0,single,toyota,sedan,lt_20k,7y,1,all_perils,4.0,2,0,2_to_4,gt_30,gt_30,no_change,1,0,0,0,none,0
14368,1996,36_to_40,0,married,other,sedan,gt_69k,7y,1,collision,4.0,2,0,2_to_4,gt_30,gt_30,no_change,1,0,0,0,none,0
14369,1996,31_to_35,0,single,pontiac,sedan,20k_to_29k,6y,1,collision,4.0,4,0,none,gt_30,gt_30,no_change,0,0,0,0,gt_5,0
14376,1996,36_to_40,0,married,honda,sedan,gt_69k,6y,1,collision,4.0,4,0,none,gt_30,gt_30,no_change,1,0,0,1,none,0
14384,1996,31_to_35,0,married,toyota,sport,20k_to_29k,6y,1,liability,4.0,1,0,1,gt_30,gt_30,no_change,1,0,0,0,none,0
14386,1996,31_to_35,0,married,acura,sedan,30k_to_39k,7y,2,collision,4.0,2,0,1,gt_30,gt_30,4_to_8y,1,0,0,0,none,0
14387,1996,36_to_40,1,married,pontiac,sport,20k_to_29k,5y,1,liability,4.0,1,0,none,gt_30,gt_30,no_change,0,0,0,0,none,0
14390,1996,41_to_50,0,married,honda,sedan,20k_to_29k,gt_7y,1,collision,4.0,3,0,2_to_4,none,gt_30,no_change,1,0,0,0,none,0
14391,1996,26_to_30,0,single,mazda,sedan,lt_20k,5y,1,all_perils,4.0,3,0,1,gt_30,gt_30,no_change,1,0,0,0,gt_5,1
14394,1996,41_to_50,0,married,toyota,sport,40k_to_59k,gt_7y,1,liability,4.0,4,0,gt_4,gt_30,gt_30,no_change,1,0,0,0,none,0
14395,1996,36_to_40,0,single,honda,sedan,20k_to_29k,7y,1,all_perils,4.0,3,0,none,gt_30,gt_30,no_change,0,0,0,0,1_to_2,0
14396,1996,36_to_40,0,married,mazda,sedan,gt_69k,7y,1,collision,4.0,4,0,2_to_4,gt_30,gt_30,no_change,1,0,0,0,gt_5,0
14400,1996,16_to_17,0,single,honda,sedan,gt_69k,new,1,all_perils,4.0,2,0,none,gt_30,gt_30,no_change,1,0,0,0,none,0
14401,1996,31_to_35,1,single,honda,sedan,20k_to_29k,5y,1,all_perils,4.0,4,0,none,gt_30,gt_30,no_change,0,0,0,0,none,0
14403,1996,36_to_40,0,married,pontiac,sedan,lt_20k,gt_7y,1,all_perils,4.0,4,0,none,gt_30,gt_30,no_change,1,0,0,0,none,0
14412,1996,31_to_35,0,single,honda,sport,gt_69k,3y,1,collision,4.0,2,0,none,gt_30,gt_30,no_change,0,0,0,0,gt_5,0
14414,1996,31_to_35,0,single,toyota,sedan,20k_to_29k,6y,1,collision,4.0,2,0,none,gt_30,gt_30,no_change,1,0,0,0,3_to_5,0
14416,1996,31_to_35,0,single,toyota,sedan,20k_to_29k,6y,1,all_perils,4.0,2,0,1,gt_30,gt_30,no_change,1,0,0,0,gt_5,1
14417,1996,36_to_40,0,married,pontiac,sport,20k_to_29k,7y,1,liability,4.0,3,0,none,gt_30,gt_30,no_change,1,1,0,0,none,0
14419,1996,51_to_65,0,married,pontiac,sedan,30k_to_39k,gt_7y,1,all_perils,4.0,1,0,2_to_4,gt_30,gt_30,no_change,1,0,0,0,gt_5,0
14423,1996,41_to_50,1,married,mazda,sedan,lt_20k,7y,1,collision,4.0,2,0,none,gt_30,gt_30,no_change,1,1,0,0,none,0
14424,1996,41_to_50,0,married,toyota,sport,20k_to_29k,gt_7y,1,liability,4.0,2,1,none,gt_30,gt_30,no_change,1,0,0,0,1_to_2,0
14427,1996,36_to_40,1,married,honda,sport,20k_to_29k,7y,1,liability,4.0,1,0,gt_4,gt_30,gt_30,no_change,1,0,0,0,gt_5,0
14428,1996,51_to_65,0,married,pontiac,utility,40k_to_59k,gt_7y,2,all_perils,4.0,1,0,1,gt_30,gt_30,4_to_8y,1,0,0,0,gt_5,0
14439,1996,31_to_35,0,married,pontiac,sport,20k_to_29k,7y,1,liability,4.0,1,0,2_to_4,gt_30,gt_30,no_change,1,0,0,0,gt_5,0
14440,1996,31_to_35,0,single,ford,sedan,lt_20k,6y,1,all_perils,4.0,2,0,none,gt_30,gt_30,no_change,0,0,0,0,none,0
14443,1996,41_to_50,0,married,honda,sedan,20k_to_29k,gt_7y,1,collision,4.0,1,0,none,gt_30,gt_30,no_change,0,0,0,0,none,0
14451,1996,31_to_35,0,married,pontiac,sedan,20k_to_29k,7y,1,collision,4.0,2,0,none,gt_30,gt_30,no_change,1,0,0,0,none,0
14453,1996,36_to_40,1,widow,toyota,sport,lt_20k,7y,1,liability,4.0,2,0,gt_4,gt_30,gt_30,no_change,1,0,0,0,gt_5,0
14463,1996,36_to_40,0,married,pontiac,sedan,30k_to_39k,7y,1,collision,4.0,1,0,2_to_4,gt_30,gt_30,no_change,1,0,0,0,gt_5,0
14465,1996,26_to_30,0,single,honda,sport,30k_to_39k,5y,1,liability,4.0,2,0,gt_4,gt_30,gt_30,no_change,1,1,0,0,1_to_2,0
14466,1996,31_to_35,0,married,pontiac,sedan,20k_to_29k,6y,1,collision,4.0,2,0,gt_4,gt_30,gt_30,no_change,1,0,0,0,none,0
14469,1996,31_to_35,0,married,pontiac,sedan,lt_20k,6y,1,all_perils,4.0,2,0,2_to_4,gt_30,gt_30,no_change,1,0,0,0,none,0
14473,1996,31_to_35,0,single,chevrolet,sport,20k_to_29k,6y,1,liability,4.0,2,0,2_to_4,gt_30,gt_30,no_change,1,0,0,0,3_to_5,0
14474,1996,31_to_35,1,married,toyota,sport,30k_to_39k,5y,3_to_4,liability,4.0,4,0,2_to_4,gt_30,gt_30,no_change,0,0,0,0,none,0
14476,1996,41_to_50,1,divorced,other,sport,gt_69k,7y,1,liability,4.0,4,0,2_to_4,gt_30,gt_30,no_change,1,0,0,0,1_to_2,0
14478,1996,36_to_40,0,married,honda,sport,20k_to_29k,7y,1,liability,7.0,1,0,2_to_4,gt_30,gt_30,no_change,1,0,0,0,none,0
14479,1996,16_to_17,0,single,honda,sport,gt_69k,new,1,liability,4.0,2,0,gt_4,gt_30,gt_30,no_change,1,0,0,0,none,0
14483,1996,31_to_35,0,married,honda,sport,20k_to_29k,6y,1,liability,4.0,3,0,gt_4,gt_30,gt_30,no_change,1,1,0,0,3_to_5,0
14484,1996,41_to_50,0,married,toyota,sedan,lt_20k,gt_7y,1,collision,4.0,3,0,1,gt_30,gt_30,no_change,0,0,0,0,none,0
14485,1996,26_to_30,1,single,honda,sport,gt_69k,5y,1,collision,4.0,2,0,none,8_to_15,15_to_30,2_to_3y,1,0,0,0,none,1
14489,1996,41_to_50,0,married,honda,sedan,gt_69k,7y,1,collision,4.0,4,1,2_to_4,gt_30,gt_30,no_change,1,0,0,0,none,0
14490,1996,31_to_35,0,single,toyota,sedan,20k_to_29k,5y,1,collision,4.0,2,0,2_to_4,gt_30,gt_30,no_change,1,0,0,0,1_to_2,0
14491,1996,31_to_35,1,single,honda,sedan,20k_to_29k,5y,2,collision,4.0,1,0,none,gt_30,gt_30,4_to_8y,1,0,0,0,none,0
14495,1996,51_to_65,0,married,honda,sport,20k_to_29k,7y,1,liability,4.0,2,0,gt_4,gt_30,gt_30,no_change,0,0,0,0,3_to_5,0
14501,1996,31_to_35,0,married,mazda,sedan,20k_to_29k,6y,1,collision,4.0,4,0,gt_4,gt_30,gt_30,no_change,1,0,0,0,gt_5,0
14502,1996,51_to_65,0,married,chevrolet,sedan,30k_to_39k,gt_7y,1,all_perils,4.0,2,0,none,gt_30,gt_30,no_change,1,1,0,0,none,0
14505,1996,41_to_50,0,married,pontiac,sedan,lt_20k,gt_7y,1,all_perils,4.0,3,0,none,gt_30,gt_30,no_change,1,0,0,0,none,0
14508,1996,36_to_40,0,married,other,sport,40k_to_59k,5y,1,liability,4.0,4,0,2_to_4,gt_30,gt_30,no_change,1,0,0,0,none,0
14510,1996,21_to_25,1,single,toyota,sedan,lt_20k,2y,1,collision,4.0,4,0,1,gt_30,gt_30,no_change,1,0,0,0,none,0
14517,1996,36_to_40,0,married,toyota,sedan,20k_to_29k,gt_7y,1,all_perils,4.0,3,0,2_to_4,gt_30,gt_30,no_change,1,0,0,0,none,0
14521,1996,31_to_35,1,single,other,sport,20k_to_29k,6y,1,liability,4.0,2,0,gt_4,gt_30,gt_30,no_change,0,1,0,0,gt_5,0
14522,1996,31_to_35,0,married,pontiac,sedan,20k_to_29k,6y,1,collision,4.0,2,0,1,gt_30,gt_30,no_change,1,0,0,1,none,0
14526,1996,31_to_35,0,married,mazda,sedan,40k_to_59k,7y,1,collision,4.0,2,0,gt_4,gt_30,gt_30,no_change,1,0,0,0,none,0
14527,1996,31_to_35,1,married,mazda,sport,20k_to_29k,7y,1,liability,4.0,4,0,2_to_4,gt_30,gt_30,no_change,1,0,0,0,none,0
14529,1996,31_to_35,0,married,honda,sedan,20k_to_29k,5y,1,collision,4.0,2,0,2_to_4,gt_30,gt_30,no_change,1,0,0,0,3_to_5,0
14531,1996,41_to_50,0,married,pontiac,sport,30k_to_39k,5y,1,liability,4.0,3,0,2_to_4,gt_30,gt_30,no_change,1,0,0,0,none,0
14533,1996,31_to_35,0,married,honda,sport,gt_69k,5y,2,collision,4.0,3,0,none,gt_30,gt_30,4_to_8y,1,0,0,0,none,0
14534,1996,31_to_35,0,single,pontiac,sport,20k_to_29k,6y,1,liability,4.0,3,0,gt_4,gt_30,gt_30,no_change,1,0,0,0,none,0
14542,1996,36_to_40,0,married,honda,sport,30k_to_39k,7y,1,liability,4.0,4,0,2_to_4,gt_30,gt_30,no_change,1,0,0,0,3_to_5,0
14543,1996,31_to_35,0,married,mazda,sedan,20k_to_29k,5y,1,collision,4.0,3,0,gt_4,gt_30,gt_30,no_change,1,0,0,0,none,0
14549,1996,16_to_17,0,single,honda,sport,gt_69k,new,1,liability,4.0,3,0,2_to_4,gt_30,gt_30,no_change,1,0,0,0,none,0
14555,1996,36_to_40,1,single,mazda,sport,20k_to_29k,7y,1,liability,4.0,1,0,gt_4,gt_30,gt_30,no_change,0,0,0,0,gt_5,0
14556,1996,31_to_35,0,single,pontiac,sedan,30k_to_39k,7y,3_to_4,collision,4.0,3,0,1,gt_30,gt_30,no_change,1,0,0,0,1_to_2,1
14557,1996,51_to_65,0,married,mazda,sport,gt_69k,gt_7y,1,collision,4.0,1,0,1,gt_30,gt_30,no_change,0,0,0,0,none,0
14558,1996,36_to_40,0,married,honda,sedan,20k_to_29k,6y,1,all_perils,4.0,2,0,1,gt_30,gt_30,no_change,1,0,0,0,none,0
14562,1996,36_to_40,0,single,pontiac,sedan,30k_to_39k,7y,1,all_perils,4.0,3,0,2_to_4,gt_30,gt_30,no_change,1,0,0,0,3_to_5,0
14563,1996,36_to_40,0,married,toyota,sedan,20k_to_29k,7y,1,all_perils,4.0,3,0,none,gt_30,gt_30,no_change,0,0,0,0,none,0
14564,1996,41_to_50,0,married,acura,sedan,30k_to_39k,6y,1,collision,4.0,2,0,none,gt_30,gt_30,no_change,1,0,0,1,gt_5,0
14569,1996,51_to_65,0,married,other,sport,60k_to_69k,gt_7y,1,liability,4.0,1,0,gt_4,gt_30,gt_30,no_change,1,0,0,0,3_to_5,0
14575,1996,51_to_65,0,married,toyota,sedan,lt_20k,gt_7y,2,all_perils,4.0,2,0,none,gt_30,gt_30,4_to_8y,1,0,0,0,gt_5,0
14580,1996,31_to_35,0,single,pontiac,sedan,20k_to_29k,7y,1,collision,4.0,2,0,gt_4,gt_30,gt_30,no_change,1,0,0,0,gt_5,1
14585,1996,16_to_17,0,single,honda,utility,gt_69k,new,1,all_perils,4.0,4,0,none,gt_30,gt_30,no_change,1,0,0,0,none,0
14590,1996,31_to_35,1,single,honda,sport,20k_to_29k,6y,1,liability,4.0,4,0,2_to_4,gt_30,gt_30,no_change,1,0,0,0,none,0
14597,1996,31_to_35,0,single,mazda,sport,20k_to_29k,5y,3_to_4,liability,4.0,2,0,2_to_4,gt_30,gt_30,no_change,1,0,0,0,none,0
14598,1996,36_to_40,1,married,mazda,sedan,30k_to_39k,6y,1,collision,4.0,2,0,1,gt_30,gt_30,no_change,1,1,0,0,none,1
14600,1996,31_to_35,0,married,pontiac,sport,20k_to_29k,7y,1,liability,4.0,4,0,none,gt_30,gt_30,no_change,1,1,0,0,none,0
14602,1996,51_to_65,0,married,ford,utility,gt_69k,gt_7y,1,all_perils,7.0,4,0,none,gt_30,gt_30,no_change,1,0,0,0,none,0
14603,1996,41_to_50,0,married,honda,sedan,20k_to_29k,gt_7y,1,collision,4.0,2,0,none,gt_30,gt_30,no_change,1,0,0,0,gt_5,1
14607,1996,31_to_35,0,married,toyota,sport,30k_to_39k,7y,1,liability,4.0,2,0,2_to_4,gt_30,gt_30,no_change,1,0,0,0,3_to_5,0
14608,1996,31_to_35,0,married,toyota,sedan,20k_to_29k,6y,1,all_perils,4.0,1,0,2_to_4,gt_30,gt_30,no_change,1,0,0,0,none,0
14614,1996,31_to_35,0,married,toyota,sedan,20k_to_29k,5y,1,all_perils,4.0,4,0,none,gt_30,gt_30,no_change,0,0,0,0,none,0
14615,1996,31_to_35,0,single,toyota,sedan,30k_to_39k,7y,1,collision,4.0,3,0,1,gt_30,gt_30,no_change,0,0,0,0,3_to_5,0
14618,1996,51_to_65,0,married,honda,sedan,30k_to_39k,gt_7y,1,all_perils,4.0,2,0,2_to_4,gt_30,gt_30,no_change,1,0,0,0,1_to_2,0
14619,1996,36_to_40,0,married,mazda,sedan,30k_to_39k,gt_7y,1,collision,4.0,1,0,none,gt_30,gt_30,no_change,1,0,0,0,1_to_2,0
14620,1996,51_to_65,0,married,toyota,sport,20k_to_29k,gt_7y,1,liability,4.0,2,0,gt_4,gt_30,gt_30,no_change,1,0,0,0,gt_5,0
14625,1996,36_to_40,0,married,mazda,sedan,20k_to_29k,7y,1,all_perils,4.0,3,0,none,gt_30,gt_30,no_change,0,0,0,0,gt_5,0
14627,1996,26_to_30,1,married,mazda,sedan,gt_69k,4y,1,collision,4.0,3,0,2_to_4,gt_30,gt_30,no_change,1,1,0,0,1_to_2,0
14628,1996,36_to_40,0,married,pontiac,sedan,20k_to_29k,7y,1,collision,4.0,3,0,1,gt_30,gt_30,no_change,0,0,0,0,3_to_5,0
14637,1996,31_to_35,0,single,toyota,sedan,30k_to_39k,7y,1,all_perils,4.0,1,0,none,gt_30,gt_30,no_change,1,0,0,0,gt_5,0
14656,1996,31_to_35,0,married,other,sedan,20k_to_29k,6y,1,all_perils,4.0,1,0,none,gt_30,gt_30,no_change,1,0,0,0,none,0
14662,1996,36_to_40,0,single,pontiac,sport,20k_to_29k,7y,1,liability,4.0,3,0,2_to_4,gt_30,gt_30,no_change,1,0,0,0,3_to_5,0
14667,1996,31_to_35,0,married,toyota,sport,20k_to_29k,6y,1,liability,4.0,2,0,1,gt_30,gt_30,no_change,0,0,0,0,none,0
14671,1996,31_to_35,0,married,other,sport,gt_69k,7y,1,liability,4.0,1,0,2_to_4,gt_30,gt_30,no_change,1,0,0,0,3_to_5,0
14675,1996,31_to_35,0,married,mazda,sedan,30k_to_39k,6y,1,collision,4.0,4,0,2_to_4,gt_30,gt_30,no_change,1,0,0,0,none,0
14677,1996,51_to_65,1,married,chevrolet,sport,20k_to_29k,7y,1,liability,4.0,3,0,2_to_4,gt_30,gt_30,no_change,1,0,0,0,none,0
14678,1996,41_to_50,0,married,toyota,sedan,lt_20k,gt_7y,1,all_perils,4.0,1,0,1,gt_30,gt_30,no_change,1,0,0,0,none,0
14687,1996,41_to_50,1,single,toyota,sedan,lt_20k,7y,1,collision,4.0,1,0,gt_4,gt_30,gt_30,no_change,0,0,0,0,none,0
14689,1996,41_to_50,0,married,honda,sedan,20k_to_29k,gt_7y,1,all_perils,5.0,1,0,1,gt_30,gt_30,2_to_3y,0,0,0,0,1_to_2,0
14690,1996,41_to_50,0,married,honda,sedan,20k_to_29k,7y,1,collision,4.0,3,0,2_to_4,gt_30,gt_30,no_change,0,0,0,1,none,0
14691,1996,31_to_35,0,married,pontiac,sport,20k_to_29k,5y,1,liability,4.0,2,0,none,gt_30,gt_30,no_change,1,0,0,0,none,0
14692,1996,36_to_40,0,married,chevrolet,sedan,30k_to_39k,7y,1,collision,4.0,3,0,none,gt_30,gt_30,no_change,0,0,0,0,1_to_2,0
14693,1996,51_to_65,0,married,other,sedan,20k_to_29k,gt_7y,1,all_perils,4.0,3,0,none,gt_30,gt_30,no_change,1,0,0,0,none,0
14694,1996,51_to_65,0,married,chevrolet,sedan,30k_to_39k,gt_7y,1,all_perils,4.0,4,0,none,gt_30,gt_30,no_change,0,0,0,0,none,0
14699,1996,41_to_50,0,married,chevrolet,sedan,30k_to_39k,gt_7y,1,all_perils,4.0,1,0,1,gt_30,gt_30,no_change,1,0,0,0,1_to_2,0
14701,1996,41_to_50,1,married,pontiac,sedan,20k_to_29k,gt_7y,2,collision,4.0,1,0,2_to_4,gt_30,gt_30,4_to_8y,1,1,0,0,gt_5,0
14704,1996,over_65,1,married,pontiac,sport,30k_to_39k,gt_7y,1,liability,4.0,1,0,gt_4,gt_30,gt_30,no_change,1,0,0,0,3_to_5,0
14707,1996,26_to_30,0,single,toyota,sedan,20k_to_29k,4y,1,collision,4.0,1,0,none,gt_30,gt_30,no_change,1,0,0,0,none,0
14708,1996,36_to_40,0,married,acura,sedan,gt_69k,gt_7y,1,collision,4.0,1,1,1,gt_30,gt_30,no_change,1,0,0,0,none,0
14713,1996,31_to_35,0,single,mazda,sedan,20k_to_29k,6y,1,all_perils,4.0,3,0,none,gt_30,gt_30,no_change,0,0,0,0,3_to_5,0
14715,1996,over_65,0,married,mazda,sport,20k_to_29k,gt_7y,1,liability,4.0,3,0,2_to_4,gt_30,gt_30,no_change,1,0,0,0,none,0
14721,1996,36_to_40,0,married,other,sedan,30k_to_39k,gt_7y,1,collision,4.0,4,0,none,gt_30,gt_30,no_change,1,0,0,0,none,0
14722,1996,36_to_40,0,single,pontiac,sedan,30k_to_39k,5y,2,collision,4.0,2,0,1,gt_30,gt_30,4_to_8y,1,0,0,0,none,0
14724,1996,36_to_40,0,married,chevrolet,sedan,30k_to_39k,7y,1,collision,4.0,3,0,2_to_4,gt_30,gt_30,no_change,0,0,0,1,none,0
14725,1996,36_to_40,0,single,acura,sedan,30k_to_39k,7y,1,collision,4.0,3,0,none,gt_30,gt_30,no_change,0,0,0,0,1_to_2,0
14728,1996,41_to_50,0,married,toyota,sedan,20k_to_29k,7y,1,all_perils,4.0,3,0,none,gt_30,gt_30,no_change,1,0,0,0,3_to_5,0
14733,1996,31_to_35,0,single,pontiac,sedan,20k_to_29k,6y,1,collision,4.0,3,0,2_to_4,gt_30,gt_30,no_change,1,0,0,0,3_to_5,0
14734,1996,31_to_35,1,married,other,sport,30k_to_39k,5y,1,liability,4.0,3,0,1,gt_30,gt_30,no_change,0,0,0,0,none,0
14736,1996,over_65,0,married,toyota,sedan,lt_20k,gt_7y,1,all_perils,4.0,4,0,1,gt_30,gt_30,no_change,0,0,0,0,1_to_2,0
14745,1996,36_to_40,0,married,honda,sport,gt_69k,7y,1,liability,4.0,3,0,none,gt_30,gt_30,no_change,1,0,0,0,gt_5,0
14746,1996,36_to_40,0,married,honda,sport,20k_to_29k,7y,1,liability,4.0,1,0,2_to_4,gt_30,gt_30,no_change,1,0,0,0,1_to_2,0
14748,1996,41_to_50,0,married,mazda,sport,20k_to_29k,5y,1,liability,4.0,1,0,2_to_4,gt_30,gt_30,no_change,1,0,0,0,1_to_2,0
14752,1996,31_to_35,1,single,honda,sport,20k_to_29k,6y,1,liability,4.0,1,0,gt_4,gt_30,gt_30,no_change,1,0,0,0,none,0
14755,1996,31_to_35,0,married,honda,sedan,20k_to_29k,7y,1,collision,4.0,1,0,1,gt_30,gt_30,no_change,1,0,0,0,1_to_2,0
14759,1996,51_to_65,0,single,acura,utility,gt_69k,gt_7y,1,all_perils,4.0,2,0,none,gt_30,gt_30,no_change,1,0,0,0,1_to_2,0
14760,1996,36_to_40,0,married,chevrolet,sport,20k_to_29k,7y,1,liability,4.0,1,0,2_to_4,gt_30,gt_30,no_change,1,0,0,0,1_to_2,0
14774,1996,31_to_35,0,single,mazda,sport,gt_69k,5y,1,collision,4.0,2,0,2_to_4,gt_30,gt_30,no_change,1,0,0,1,1_to_2,0
14780,1996,41_to_50,1,married,toyota,sedan,20k_to_29k,6y,1,collision,4.0,1,0,2_to_4,gt_30,gt_30,no_change,1,0,0,0,gt_5,0
14783,1996,41_to_50,0,married,chevrolet,sedan,gt_69k,gt_7y,1,all_perils,4.0,4,0,1,gt_30,gt_30,no_change,1,0,0,1,3_to_5,0
14784,1996,36_to_40,0,married,mazda,sedan,20k_to_29k,7y,1,all_perils,4.0,1,0,1,gt_30,gt_30,no_change,1,0,0,0,none,0
14785,1996,41_to_50,0,married,mazda,sedan,20k_to_29k,gt_7y,2,all_perils,4.0,4,0,none,gt_30,gt_30,4_to_8y,0,0,0,0,3_to_5,0
14789,1996,36_to_40,0,single,other,sport,30k_to_39k,7y,1,liability,4.0,1,0,1,gt_30,gt_30,no_change,1,0,0,0,none,0
14790,1996,31_to_35,0,single,toyota,sport,30k_to_39k,6y,1,liability,4.0,3,0,gt_4,gt_30,gt_30,no_change,1,0,0,0,3_to_5,0
14793,1996,41_to_50,0,married,pontiac,sport,20k_to_29k,7y,1,liability,4.0,1,0,2_to_4,gt_30,gt_30,no_change,1,0,0,0,1_to_2,0
14794,1996,31_to_35,0,married,mazda,sedan,20k_to_29k,7y,1,collision,4.0,1,0,2_to_4,gt_30,gt_30,no_change,1,0,0,0,3_to_5,0
14800,1996,36_to_40,0,divorced,toyota,sedan,20k_to_29k,7y,1,all_perils,4.0,2,0,none,gt_30,gt_30,no_change,0,0,0,0,none,0
14803,1996,16_to_17,0,single,honda,sedan,gt_69k,new,1,collision,4.0,1,0,none,gt_30,gt_30,no_change,1,1,0,0,none,0
14808,1996,31_to_35,0,married,mazda,sedan,20k_to_29k,7y,1,collision,4.0,3,0,none,gt_30,gt_30,no_change,1,0,0,0,1_to_2,1
14809,1996,31_to_35,0,married,mazda,sedan,20k_to_29k,6y,1,collision,4.0,1,0,none,gt_30,gt_30,no_change,1,0,0,0,3_to_5,0
14813,1996,41_to_50,0,single,honda,sport,gt_69k,gt_7y,1,liability,4.0,3,0,1,gt_30,gt_30,no_change,1,0,0,0,1_to_2,0
14816,1996,31_to_35,0,married,pontiac,sedan,lt_20k,7y,1,all_perils,4.0,2,0,none,none,gt_30,no_change,1,0,0,0,none,0
14818,1996,41_to_50,0,married,mazda,sport,20k_to_29k,7y,1,liability,4.0,3,0,1,gt_30,gt_30,no_change,0,1,0,0,none,0
14820,1996,36_to_40,0,single,other,sedan,20k_to_29k,7y,1,all_perils,4.0,3,0,none,gt_30,gt_30,no_change,0,0,0,0,gt_5,0
14821,1996,51_to_65,0,married,honda,sedan,gt_69k,new,1,all_perils,4.0,1,0,2_to_4,gt_30,gt_30,no_change,0,1,0,0,none,0
14822,1996,31_to_35,0,single,chevrolet,sedan,20k_to_29k,6y,1,collision,4.0,3,0,none,gt_30,gt_30,no_change,1,0,0,0,none,1
14823,1996,31_to_35,0,single,toyota,sedan,20k_to_29k,6y,1,collision,4.0,1,0,none,gt_30,gt_30,no_change,1,1,0,0,none,0
14824,1996,31_to_35,1,single,toyota,sport,20k_to_29k,6y,1,liability,4.0,3,0,2_to_4,gt_30,gt_30,no_change,1,0,0,0,none,0
14826,1996,41_to_50,0,single,honda,sedan,20k_to_29k,7y,1,all_perils,4.0,3,0,2_to_4,gt_30,gt_30,no_change,1,0,0,0,none,0
14827,1996,31_to_35,0,married,honda,sedan,20k_to_29k,7y,2,collision,4.0,1,0,1,gt_30,gt_30,4_to_8y,0,1,0,0,1_to_2,0
14828,1996,41_to_50,0,married,pontiac,sedan,20k_to_29k,gt_7y,1,collision,4.0,1,0,2_to_4,gt_30,gt_30,no_change,1,0,0,0,gt_5,0
14832,1996,51_to_65,0,married,mazda,sedan,20k_to_29k,6y,1,collision,4.0,1,0,none,gt_30,gt_30,no_change,0,0,0,0,none,0
14835,1996,41_to_50,0,married,chevrolet,sedan,20k_to_29k,7y,1,collision,4.0,3,0,2_to_4,gt_30,gt_30,no_change,1,0,0,1,none,0
14836,1996,41_to_50,1,married,toyota,sedan,20k_to_29k,6y,1,collision,4.0,4,0,none,gt_30,gt_30,no_change,0,0,0,0,none,0
14839,1996,41_to_50,0,married,honda,sport,20k_to_29k,7y,1,liability,4.0,1,0,gt_4,gt_30,gt_30,no_change,0,0,0,0,none,0
14858,1996,36_to_40,0,married,pontiac,utility,40k_to_59k,7y,1,all_perils,4.0,4,0,none,gt_30,gt_30,no_change,1,0,0,0,none,0
14867,1996,31_to_35,0,married,pontiac,sedan,20k_to_29k,7y,1,all_perils,4.0,4,0,1,gt_30,gt_30,no_change,0,0,0,0,none,0
14868,1996,36_to_40,0,married,acura,sport,30k_to_39k,7y,1,liability,4.0,3,0,2_to_4,gt_30,gt_30,no_change,1,1,0,0,1_to_2,0
14870,1996,31_to_35,0,single,mazda,sedan,gt_69k,7y,1,collision,4.0,4,0,1,gt_30,gt_30,no_change,1,0,0,0,none,0
14872,1996,36_to_40,0,married,mazda,sport,lt_20k,7y,1,liability,4.0,2,0,2_to_4,gt_30,gt_30,no_change,1,0,0,0,none,0
14874,1996,31_to_35,0,married,mazda,sport,30k_to_39k,7y,1,liability,4.0,4,0,1,gt_30,gt_30,no_change,1,0,0,0,gt_5,0
14876,1996,31_to_35,0,married,honda,sedan,20k_to_29k,7y,1,collision,4.0,3,0,none,gt_30,gt_30,no_change,1,0,0,0,gt_5,1
14879,1996,36_to_40,0,married,pontiac,sedan,lt_20k,gt_7y,1,all_perils,4.0,3,0,none,gt_30,gt_30,no_change,1,0,0,0,1_to_2,0
14880,1996,31_to_35,0,married,pontiac,sedan,30k_to_39k,7y,1,all_perils,4.0,2,0,1,gt_30,gt_30,no_change,0,0,0,0,none,0
14883,1996,36_to_40,0,married,pontiac,sedan,30k_to_39k,7y,1,collision,4.0,3,0,1,gt_30,gt_30,no_change,0,0,0,0,none,0
14888,1996,51_to_65,0,married,toyota,sedan,20k_to_29k,gt_7y,1,all_perils,4.0,1,0,1,gt_30,gt_30,no_change,0,0,0,0,1_to_2,0
14889,1996,36_to_40,0,married,pontiac,sedan,20k_to_29k,6y,1,collision,4.0,3,0,1,gt_30,gt_30,no_change,0,0,0,0,1_to_2,0
14893,1996,31_to_35,0,single,mazda,sport,20k_to_29k,6y,1,liability,5.0,4,0,gt_4,gt_30,gt_30,2_to_3y,1,0,0,0,gt_5,0
14896,1996,31_to_35,0,married,honda,sedan,20k_to_29k,7y,1,collision,4.0,1,0,2_to_4,gt_30,gt_30,no_change,1,0,0,0,gt_5,0
14903,1996,36_to_40,0,single,mazda,sport,20k_to_29k,7y,1,liability,4.0,1,0,2_to_4,gt_30,gt_30,no_change,1,0,0,0,none,0
14905,1996,41_to_50,0,married,honda,sport,20k_to_29k,7y,1,liability,4.0,2,0,gt_4,gt_30,gt_30,no_change,1,0,0,0,1_to_2,0
14908,1996,41_to_50,0,married,mazda,sedan,40k_to_59k,gt_7y,1,collision,4.0,4,0,gt_4,gt_30,gt_30,no_change,0,0,0,1,gt_5,0
14909,1996,51_to_65,0,married,mazda,sedan,30k_to_39k,gt_7y,1,all_perils,4.0,1,0,none,gt_30,gt_30,no_change,0,0,0,0,none,0
14913,1996,31_to_35,1,single,pontiac,sedan,20k_to_29k,6y,1,collision,4.0,3,0,2_to_4,gt_30,gt_30,no_change,1,0,0,0,gt_5,0
14914,1996,31_to_35,0,single,chevrolet,sport,20k_to_29k,6y,1,liability,4.0,1,0,2_to_4,gt_30,gt_30,no_change,0,0,0,0,none,0
14915,1996,41_to_50,0,married,honda,sedan,20k_to_29k,gt_7y,1,all_perils,4.0,4,0,none,gt_30,gt_30,no_change,0,0,0,0,1_to_2,0
14916,1996,31_to_35,0,married,mazda,sedan,20k_to_29k,5y,1,collision,4.0,1,0,1,gt_30,gt_30,no_change,0,0,0,0,none,0
14922,1996,36_to_40,0,married,honda,sedan,20k_to_29k,7y,1,collision,4.0,4,0,1,gt_30,gt_30,no_change,0,0,0,0,none,0
14923,1996,31_to_35,1,married,other,sport,20k_to_29k,6y,1,liability,4.0,4,0,gt_4,gt_30,gt_30,no_change,0,0,0,0,none,0
14929,1996,31_to_35,0,single,chevrolet,sedan,20k_to_29k,7y,1,collision,4.0,3,0,none,gt_30,gt_30,no_change,1,0,0,0,1_to_2,0
14930,1996,41_to_50,0,married,pontiac,sedan,30k_to_39k,gt_7y,1,collision,4.0,1,0,2_to_4,gt_30,gt_30,no_change,1,0,0,0,1_to_2,0
14932,1996,41_to_50,0,married,honda,sedan,lt_20k,7y,2,all_perils,4.0,3,0,1,gt_30,gt_30,4_to_8y,1,0,0,0,none,0
14934,1996,41_to_50,1,married,chevrolet,sport,30k_to_39k,gt_7y,1,liability,4.0,3,0,2_to_4,gt_30,gt_30,no_change,1,0,0,0,3_to_5,0
14937,1996,36_to_40,0,married,ford,sedan,40k_to_59k,7y,1,all_perils,4.0,4,0,gt_4,gt_30,gt_30,no_change,1,0,0,0,none,0
14947,1996,31_to_35,1,married,chevrolet,sedan,20k_to_29k,7y,1,collision,4.0,1,0,1,gt_30,gt_30,no_change,1,0,0,0,3_to_5,0
14950,1996,51_to_65,0,married,mazda,sport,20k_to_29k,7y,1,liability,4.0,3,0,2_to_4,gt_30,gt_30,no_change,1,0,0,0,gt_5,0
14955,1996,26_to_30,0,single,pontiac,sedan,20k_to_29k,5y,1,collision,4.0,3,0,none,gt_30,gt_30,no_change,1,0,0,0,none,0
14958,1996,31_to_35,0,married,honda,sedan,20k_to_29k,7y,1,collision,4.0,1,0,1,gt_30,gt_30,no_change,1,1,0,0,1_to_2,0
14959,1996,36_to_40,0,married,acura,sedan,20k_to_29k,7y,1,collision,4.0,4,0,2_to_4,gt_30,gt_30,no_change,0,0,0,0,gt_5,0
14961,1996,31_to_35,0,single,pontiac,sedan,20k_to_29k,6y,1,collision,4.0,4,0,gt_4,gt_30,gt_30,no_change,0,0,0,0,none,0
14962,1996,41_to_50,0,single,chevrolet,sedan,gt_69k,gt_7y,1,all_perils,4.0,3,0,2_to_4,gt_30,gt_30,no_change,1,0,0,0,none,0
14967,1996,41_to_50,0,single,mazda,sport,20k_to_29k,gt_7y,1,liability,4.0,4,0,2_to_4,gt_30,gt_30,no_change,1,1,0,0,1_to_2,0
14970,1996,31_to_35,0,married,chevrolet,sedan,30k_to_39k,5y,1,collision,4.0,3,0,1,gt_30,gt_30,no_change,0,0,0,0,3_to_5,0
14973,1996,41_to_50,0,married,pontiac,sedan,20k_to_29k,7y,1,all_perils,4.0,1,0,none,gt_30,gt_30,no_change,0,0,0,0,none,0
14978,1996,over_65,0,married,pontiac,sedan,gt_69k,gt_7y,1,collision,4.0,4,0,2_to_4,gt_30,gt_30,no_change,1,0,0,0,1_to_2,0
14980,1996,31_to_35,0,married,mazda,sedan,20k_to_29k,6y,1,collision,4.0,3,0,2_to_4,gt_30,gt_30,no_change,1,0,0,0,1_to_2,0
14985,1996,over_65,0,married,honda,sedan,20k_to_29k,gt_7y,1,collision,4.0,1,0,2_to_4,gt_30,gt_30,no_change,1,0,0,0,gt_5,0
14986,1996,31_to_35,0,married,mazda,sedan,20k_to_29k,7y,1,collision,4.0,2,0,2_to_4,gt_30,gt_30,no_change,0,0,0,0,gt_5,0
14987,1996,31_to_35,1,married,chevrolet,sport,20k_to_29k,5y,1,liability,4.0,3,0,none,gt_30,gt_30,no_change,1,0,0,0,none,0
14989,1996,31_to_35,0,married,toyota,sedan,20k_to_29k,6y,1,collision,4.0,4,0,2_to_4,gt_30,gt_30,no_change,1,0,0,0,1_to_2,0
14990,1996,31_to_35,1,single,toyota,sport,lt_20k,6y,1,liability,4.0,1,0,2_to_4,gt_30,gt_30,no_change,1,0,0,0,none,0
14991,1996,36_to_40,0,married,mazda,sedan,lt_20k,7y,1,all_perils,4.0,1,0,2_to_4,gt_30,gt_30,no_change,0,0,0,0,gt_5,0
14992,1996,36_to_40,1,married,pontiac,sport,20k_to_29k,5y,1,liability,4.0,3,0,2_to_4,gt_30,gt_30,no_change,1,0,0,0,none,0
14994,1996,26_to_30,1,single,toyota,sport,20k_to_29k,5y,1,liability,4.0,4,0,2_to_4,gt_30,gt_30,no_change,1,0,0,0,1_to_2,0
15000,1996,31_to_35,0,married,acura,sedan,30k_to_39k,7y,1,collision,4.0,3,0,none,gt_30,gt_30,no_change,1,0,0,0,gt_5,0
15004,1996,26_to_30,1,single,ford,sport,30k_to_39k,4y,1,liability,4.0,4,0,1,gt_30,gt_30,no_change,0,0,0,0,3_to_5,0
15005,1996,36_to_40,0,married,pontiac,sport,lt_20k,7y,1,liability,7.0,3,0,2_to_4,gt_30,gt_30,no_change,1,0,0,0,none,0
15008,1996,36_to_40,0,married,other,sedan,20k_to_29k,7y,1,collision,4.0,1,0,none,gt_30,gt_30,no_change,1,0,0,0,none,0
15009,1996,51_to_65,0,married,toyota,sport,20k_to_29k,gt_7y,1,liability,4.0,2,0,2_to_4,gt_30,gt_30,no_change,1,0,0,1,gt_5,0
15010,1996,31_to_35,1,single,mazda,sedan,20k_to_29k,5y,1,all_perils,4.0,3,0,1,gt_30,gt_30,no_change,0,1,0,0,none,0
15011,1996,36_to_40,0,single,honda,sedan,20k_to_29k,7y,1,collision,4.0,3,0,2_to_4,gt_30,gt_30,no_change,0,0,0,0,gt_5,0
15015,1996,36_to_40,0,married,acura,sedan,gt_69k,gt_7y,1,collision,4.0,1,0,2_to_4,gt_30,gt_30,no_change,1,0,0,0,3_to_5,0
15016,1996,31_to_35,0,single,pontiac,sedan,20k_to_29k,6y,2,collision,4.0,1,0,none,gt_30,gt_30,1y,1,0,0,0,1_to_2,0
15018,1996,36_to_40,0,married,chevrolet,sedan,gt_69k,7y,1,collision,4.0,4,0,1,gt_30,gt_30,no_change,0,0,0,0,none,0
15022,1996,36_to_40,0,married,honda,sedan,30k_to_39k,7y,1,collision,4.0,4,0,2_to_4,gt_30,gt_30,no_change,1,0,0,0,gt_5,0
15024,1996,36_to_40,0,married,toyota,sedan,20k_to_29k,7y,1,collision,4.0,4,0,1,gt_30,gt_30,no_change,0,0,0,0,3_to_5,0
15025,1996,31_to_35,0,single,mazda,sedan,20k_to_29k,6y,1,collision,4.0,2,0,2_to_4,gt_30,gt_30,no_change,1,0,0,0,3_to_5,0
15028,1996,36_to_40,0,married,toyota,sport,20k_to_29k,7y,1,liability,4.0,4,0,2_to_4,gt_30,gt_30,no_change,1,0,0,0,3_to_5,0
15033,1996,31_to_35,0,married,honda,sport,20k_to_29k,5y,1,liability,4.0,2,0,2_to_4,gt_30,gt_30,no_change,1,0,0,0,1_to_2,0
15037,1996,31_to_35,0,married,honda,sport,30k_to_39k,7y,2,liability,4.0,3,0,2_to_4,gt_30,gt_30,4_to_8y,1,0,0,0,none,0
15040,1996,41_to_50,1,divorced,toyota,sedan,20k_to_29k,7y,1,all_perils,4.0,2,0,1,gt_30,gt_30,no_change,1,0,0,0,none,0
15042,1996,31_to_35,0,single,chevrolet,sedan,gt_69k,5y,1,collision,4.0,3,0,gt_4,gt_30,gt_30,no_change,0,0,0,0,1_to_2,0
15046,1996,36_to_40,0,married,mazda,sedan,20k_to_29k,6y,1,all_perils,5.0,2,0,none,gt_30,gt_30,2_to_3y,0,0,0,0,none,1
15051,1996,31_to_35,1,single,chevrolet,sedan,20k_to_29k,6y,1,all_perils,4.0,1,0,none,gt_30,gt_30,no_change,0,0,0,0,gt_5,0
15052,1996,31_to_35,0,single,toyota,sedan,20k_to_29k,5y,1,all_perils,4.0,1,0,2_to_4,gt_30,gt_30,no_change,1,1,0,0,1_to_2,0
15053,1996,31_to_35,0,single,pontiac,sedan,30k_to_39k,6y,1,all_perils,4.0,3,0,2_to_4,gt_30,gt_30,no_change,1,1,0,0,gt_5,0
15062,1996,51_to_65,0,single,acura,sedan,gt_69k,gt_7y,1,all_perils,4.0,1,0,2_to_4,gt_30,gt_30,no_change,1,0,0,0,1_to_2,1
15072,1996,31_to_35,0,single,pontiac,sedan,lt_20k,7y,1,collision,4.0,1,0,1,gt_30,gt_30,no_change,1,0,0,0,gt_5,0
15080,1996,31_to_35,0,single,honda,sedan,20k_to_29k,6y,1,collision,4.0,3,0,2_to_4,gt_30,gt_30,no_change,0,0,0,0,none,0
15083,1996,over_65,0,married,toyota,sport,40k_to_59k,gt_7y,1,liability,4.0,1,1,2_to_4,gt_30,gt_30,no_change,0,0,0,0,none,0
15084,1996,36_to_40,0,married,honda,sedan,20k_to_29k,7y,1,collision,4.0,3,0,1,gt_30,gt_30,no_change,1,0,0,0,none,0
15088,1996,36_to_40,0,married,honda,sedan,20k_to_29k,7y,1,collision,4.0,2,0,none,gt_30,gt_30,no_change,1,0,0,0,1_to_2,1
15094,1996,31_to_35,0,married,pontiac,sedan,20k_to_29k,5y,1,all_perils,4.0,2,0,none,gt_30,gt_30,no_change,1,0,0,0,3_to_5,0
15098,1996,36_to_40,0,married,chevrolet,sedan,20k_to_29k,7y,1,all_perils,7.0,4,0,2_to_4,gt_30,gt_30,no_change,0,0,0,0,1_to_2,0
15099,1996,41_to_50,1,married,pontiac,sedan,20k_to_29k,7y,1,all_perils,4.0,3,0,none,gt_30,gt_30,no_change,1,0,0,0,1_to_2,0
15100,1996,41_to_50,0,married,mazda,sedan,20k_to_29k,7y,2,all_perils,4.0,3,0,none,gt_30,gt_30,4_to_8y,1,1,0,0,1_to_2,0
15102,1996,41_to_50,0,married,toyota,sport,20k_to_29k,gt_7y,1,liability,4.0,4,0,2_to_4,gt_30,gt_30,no_change,1,0,0,0,1_to_2,0
15103,1996,36_to_40,0,married,pontiac,sedan,40k_to_59k,gt_7y,1,collision,4.0,3,0,gt_4,gt_30,gt_30,no_change,1,0,0,0,gt_5,0
15105,1996,36_to_40,0,married,ford,sport,30k_to_39k,7y,1,liability,4.0,3,0,gt_4,gt_30,gt_30,no_change,1,0,0,0,none,0
15108,1996,41_to_50,0,married,toyota,sport,30k_to_39k,7y,1,liability,4.0,1,0,2_to_4,gt_30,gt_30,no_change,1,0,0,0,none,0
15110,1996,36_to_40,1,married,toyota,sedan,lt_20k,gt_7y,1,collision,4.0,1,0,none,gt_30,gt_30,no_change,1,0,0,0,gt_5,0
15112,1996,over_65,0,married,honda,sedan,20k_to_29k,gt_7y,1,all_perils,4.0,3,0,none,gt_30,gt_30,no_change,1,0,0,0,gt_5,1
15117,1996,31_to_35,0,married,pontiac,sedan,lt_20k,7y,1,collision,4.0,1,0,none,gt_30,gt_30,no_change,1,0,0,0,3_to_5,0
15122,1996,36_to_40,0,married,mazda,sedan,20k_to_29k,7y,1,collision,4.0,3,0,2_to_4,gt_30,gt_30,no_change,1,0,0,0,none,0
15123,1996,31_to_35,0,married,honda,sport,20k_to_29k,7y,1,liability,4.0,1,0,gt_4,gt_30,gt_30,no_change,1,0,0,0,1_to_2,0
15125,1996,41_to_50,1,married,honda,sport,20k_to_29k,7y,1,liability,4.0,1,0,2_to_4,gt_30,gt_30,no_change,1,0,0,0,3_to_5,0
15126,1996,36_to_40,1,married,mazda,sedan,20k_to_29k,7y,1,collision,4.0,4,0,2_to_4,gt_30,gt_30,no_change,1,0,0,0,gt_5,0
15133,1996,31_to_35,0,single,toyota,sedan,20k_to_29k,6y,1,collision,4.0,1,0,gt_4,gt_30,gt_30,no_change,0,0,0,0,gt_5,0
15135,1996,31_to_35,0,married,pontiac,sedan,30k_to_39k,7y,1,collision,4.0,2,0,gt_4,gt_30,gt_30,no_change,0,1,0,0,none,0
15136,1996,36_to_40,0,married,mazda,sedan,30k_to_39k,7y,1,collision,4.0,1,0,2_to_4,gt_30,gt_30,no_change,1,0,0,0,1_to_2,0
15139,1996,36_to_40,0,married,pontiac,sedan,30k_to_39k,gt_7y,1,collision,4.0,4,0,2_to_4,gt_30,gt_30,no_change,1,0,0,0,3_to_5,0
15140,1996,over_65,0,married,ford,sport,60k_to_69k,gt_7y,1,liability,4.0,4,0,1,gt_30,gt_30,no_change,1,0,0,0,1_to_2,0
15141,1996,31_to_35,0,single,honda,sedan,20k_to_29k,6y,1,collision,4.0,2,0,none,gt_30,gt_30,no_change,0,0,0,0,1_to_2,0
15144,1996,31_to_35,1,widow,toyota,sedan,20k_to_29k,4y,1,collision,4.0,4,0,1,gt_30,gt_30,no_change,1,0,0,0,1_to_2,1
15148,1996,31_to_35,0,married,toyota,sport,20k_to_29k,7y,1,liability,5.0,3,0,2_to_4,gt_30,gt_30,2_to_3y,1,0,0,0,gt_5,0
15149,1996,41_to_50,0,married,pontiac,sedan,lt_20k,gt_7y,1,collision,4.0,4,0,none,gt_30,gt_30,no_change,1,0,0,0,1_to_2,0
15155,1996,31_to_35,0,married,honda,sedan,20k_to_29k,7y,1,all_perils,4.0,4,0,2_to_4,gt_30,gt_30,no_change,1,0,0,0,none,0
15160,1996,41_to_50,0,single,pontiac,utility,gt_69k,gt_7y,1,all_perils,7.0,1,0,gt_4,gt_30,gt_30,no_change,1,0,0,0,3_to_5,0
15162,1996,51_to_65,0,married,pontiac,sedan,20k_to_29k,gt_7y,1,all_perils,4.0,1,0,2_to_4,gt_30,gt_30,no_change,1,0,0,0,none,0
15167,1996,36_to_40,0,married,mazda,sedan,30k_to_39k,gt_7y,1,collision,4.0,1,0,2_to_4,gt_30,gt_30,no_change,1,0,0,0,gt_5,0
15169,1996,41_to_50,0,married,pontiac,sport,30k_to_39k,7y,1,liability,4.0,4,0,gt_4,gt_30,gt_30,no_change,1,1,0,0,none,0
15171,1996,41_to_50,1,single,pontiac,sport,20k_to_29k,7y,3_to_4,liability,4.0,4,0,2_to_4,gt_30,gt_30,no_change,1,0,0,0,none,0
15172,1996,31_to_35,0,single,honda,sedan,20k_to_29k,7y,1,collision,4.0,2,1,2_to_4,gt_30,gt_30,no_change,0,0,0,0,1_to_2,0
15176,1996,41_to_50,0,married,pontiac,sport,30k_to_39k,gt_7y,1,liability,4.0,1,0,2_to_4,gt_30,gt_30,no_change,1,0,0,0,gt_5,0
15180,1996,31_to_35,0,single,honda,sedan,20k_to_29k,6y,1,collision,4.0,3,0,1,gt_30,gt_30,no_change,1,0,0,0,none,0
15183,1996,31_to_35,0,single,pontiac,sport,20k_to_29k,6y,1,liability,4.0,2,0,2_to_4,gt_30,gt_30,no_change,1,0,0,0,gt_5,0
15187,1996,41_to_50,0,married,chevrolet,sedan,40k_to_59k,gt_7y,1,collision,4.0,3,0,2_to_4,gt_30,gt_30,no_change,1,0,0,0,3_to_5,0
15188,1996,31_to_35,0,single,pontiac,sport,20k_to_29k,6y,1,liability,4.0,4,0,2_to_4,gt_30,gt_30,no_change,1,0,0,0,none,0
15189,1996,36_to_40,0,married,toyota,sedan,30k_to_39k,7y,1,collision,4.0,4,0,2_to_4,gt_30,gt_30,no_change,1,0,0,0,gt_5,0
15190,1996,over_65,0,married,mazda,sedan,gt_69k,gt_7y,1,collision,4.0,2,0,2_to_4,gt_30,gt_30,no_change,1,0,0,0,gt_5,0
15192,1996,36_to_40,0,married,pontiac,sedan,30k_to_39k,6y,1,all_perils,4.0,2,0,none,gt_30,gt_30,no_change,0,0,0,0,gt_5,0
15194,1996,26_to_30,0,single,honda,sedan,20k_to_29k,5y,1,all_perils,4.0,3,0,1,gt_30,gt_30,no_change,1,0,0,0,1_to_2,0
15195,1996,36_to_40,0,married,mazda,sport,20k_to_29k,7y,1,liability,4.0,3,0,gt_4,gt_30,gt_30,no_change,1,0,0,0,none,0
15198,1996,31_to_35,0,single,mazda,sport,30k_to_39k,6y,1,liability,4.0,2,0,none,gt_30,gt_30,1y,1,1,0,0,none,0
15211,1996,36_to_40,0,married,toyota,sport,30k_to_39k,7y,1,liability,4.0,2,0,none,gt_30,gt_30,no_change,1,0,0,0,none,0
15215,1996,51_to_65,0,married,acura,utility,gt_69k,6y,1,all_perils,4.0,3,0,none,gt_30,gt_30,no_change,1,0,0,0,3_to_5,0
15218,1996,41_to_50,0,married,pontiac,sedan,20k_to_29k,7y,1,collision,4.0,1,0,none,gt_30,gt_30,no_change,0,1,0,0,none,0
15220,1996,31_to_35,0,single,toyota,sport,20k_to_29k,6y,1,liability,4.0,1,0,gt_4,gt_30,gt_30,no_change,1,0,0,0,none,0
15221,1996,41_to_50,1,married,toyota,sedan,20k_to_29k,6y,1,collision,4.0,2,0,1,gt_30,gt_30,no_change,0,0,0,0,none,0
15224,1996,51_to_65,0,married,honda,sedan,20k_to_29k,7y,1,all_perils,4.0,3,0,2_to_4,gt_30,gt_30,no_change,0,0,0,0,gt_5,0
15227,1996,41_to_50,0,single,acura,sedan,gt_69k,gt_7y,1,all_perils,4.0,1,0,1,gt_30,gt_30,no_change,1,0,0,0,gt_5,0
15229,1996,31_to_35,1,single,pontiac,sedan,20k_to_29k,4y,1,collision,4.0,1,0,gt_4,gt_30,gt_30,no_change,0,0,0,0,1_to_2,0
15231,1996,51_to_65,0,married,chevrolet,sedan,20k_to_29k,gt_7y,1,collision,4.0,3,0,none,gt_30,gt_30,no_change,0,0,0,0,none,0
15232,1996,31_to_35,0,married,chevrolet,sedan,30k_to_39k,6y,1,collision,4.0,3,0,none,gt_30,gt_30,no_change,0,0,0,0,none,0
15233,1996,41_to_50,1,single,mazda,sport,20k_to_29k,3y,1,liability,4.0,2,0,1,gt_30,gt_30,no_change,1,0,0,0,none,0
15235,1996,31_to_35,0,single,pontiac,sport,30k_to_39k,6y,1,liability,4.0,2,0,2_to_4,gt_30,gt_30,no_change,1,0,0,0,none,0
15242,1996,31_to_35,0,married,mazda,sedan,20k_to_29k,5y,1,collision,4.0,3,0,none,gt_30,gt_30,no_change,0,1,0,0,3_to_5,0
15244,1996,16_to_17,0,single,honda,sport,gt_69k,new,1,liability,4.0,3,0,none,gt_30,gt_30,no_change,1,0,0,0,none,0
15247,1996,36_to_40,0,married,chevrolet,sedan,30k_to_39k,5y,2,all_perils,4.0,1,0,2_to_4,gt_30,gt_30,4_to_8y,0,0,0,0,none,0
15249,1996,41_to_50,1,single,pontiac,sport,20k_to_29k,gt_7y,1,liability,4.0,1,0,none,gt_30,gt_30,no_change,1,0,0,0,3_to_5,0
15250,1996,51_to_65,0,married,toyota,sedan,lt_20k,gt_7y,1,all_perils,5.0,4,0,none,gt_30,gt_30,2_to_3y,0,0,0,0,none,0
15251,1996,41_to_50,0,married,toyota,sport,20k_to_29k,gt_7y,1,liability,4.0,1,0,1,gt_30,gt_30,no_change,1,0,0,0,none,0
15252,1996,36_to_40,0,divorced,pontiac,sedan,30k_to_39k,7y,1,all_perils,4.0,1,0,1,gt_30,gt_30,no_change,0,0,0,0,1_to_2,0
15255,1996,over_65,0,married,pontiac,sport,20k_to_29k,gt_7y,1,liability,4.0,2,0,none,gt_30,gt_30,no_change,1,0,0,0,none,0
15258,1996,31_to_35,0,single,pontiac,sedan,20k_to_29k,6y,1,collision,4.0,1,0,2_to_4,gt_30,gt_30,no_change,1,0,0,0,1_to_2,0
15263,1996,16_to_17,0,single,honda,sport,gt_69k,new,1,liability,4.0,3,0,gt_4,gt_30,gt_30,no_change,1,0,0,0,none,0
15267,1996,26_to_30,0,single,other,sedan,20k_to_29k,5y,1,all_perils,4.0,4,0,gt_4,gt_30,gt_30,no_change,0,0,0,0,3_to_5,0
15269,1996,31_to_35,0,married,other,sport,gt_69k,7y,1,liability,4.0,3,0,gt_4,gt_30,gt_30,no_change,1,0,0,0,3_to_5,0
15270,1996,36_to_40,0,married,mazda,sport,20k_to_29k,7y,1,liability,4.0,1,0,none,gt_30,gt_30,no_change,1,0,0,0,gt_5,0
15271,1996,36_to_40,0,married,honda,sedan,20k_to_29k,7y,1,all_perils,4.0,3,0,none,gt_30,gt_30,no_change,0,0,0,0,gt_5,0
15273,1996,41_to_50,0,married,toyota,sedan,20k_to_29k,gt_7y,1,collision,4.0,3,0,1,gt_30,gt_30,no_change,0,0,0,0,1_to_2,0
15279,1996,41_to_50,0,married,honda,sedan,20k_to_29k,gt_7y,1,all_perils,4.0,3,0,none,gt_30,gt_30,no_change,1,0,0,0,none,0
15281,1996,41_to_50,0,married,pontiac,sedan,20k_to_29k,gt_7y,1,collision,4.0,3,0,none,gt_30,gt_30,no_change,1,0,0,0,none,0
15283,1996,36_to_40,1,single,mazda,sport,20k_to_29k,7y,1,liability,4.0,1,0,1,gt_30,gt_30,no_change,1,0,0,0,none,0
15285,1996,41_to_50,0,married,honda,sedan,20k_to_29k,5y,1,all_perils,4.0,4,0,2_to_4,gt_30,gt_30,no_change,0,0,0,0,1_to_2,0
15286,1996,31_to_35,0,single,pontiac,sport,20k_to_29k,6y,1,liability,4.0,1,0,gt_4,gt_30,gt_30,no_change,1,0,0,0,none,0
15290,1996,over_65,0,single,chevrolet,utility,gt_69k,gt_7y,1,all_perils,4.0,2,0,gt_4,gt_30,gt_30,no_change,1,0,0,0,gt_5,0
15292,1996,26_to_30,0,single,ford,utility,gt_69k,4y,1,all_perils,4.0,3,0,none,gt_30,gt_30,no_change,1,1,0,0,gt_5,0
15300,1996,over_65,0,married,ford,sedan,40k_to_59k,6y,1,all_perils,4.0,4,0,gt_4,gt_30,gt_30,no_change,1,0,0,0,3_to_5,0
15302,1996,41_to_50,0,married,mazda,sport,20k_to_29k,7y,1,liability,4.0,2,0,2_to_4,gt_30,gt_30,no_change,1,0,0,0,gt_5,0
15305,1996,36_to_40,0,married,toyota,sedan,lt_20k,7y,1,all_perils,4.0,4,0,1,gt_30,gt_30,no_change,1,0,0,0,gt_5,0
15308,1996,36_to_40,0,married,pontiac,sport,30k_to_39k,gt_7y,1,liability,4.0,1,0,none,gt_30,gt_30,no_change,1,0,0,0,gt_5,0
15309,1996,31_to_35,0,single,other,sedan,30k_to_39k,6y,1,collision,4.0,3,0,2_to_4,gt_30,gt_30,no_change,1,0,0,0,1_to_2,1
15310,1996,36_to_40,0,married,chevrolet,sport,30k_to_39k,2y,2,liability,4.0,2,0,none,gt_30,gt_30,4_to_8y,1,0,0,0,none,0
15311,1996,36_to_40,1,married,toyota,sport,30k_to_39k,7y,1,liability,4.0,1,0,1,gt_30,gt_30,no_change,1,0,0,0,1_to_2,0
15313,1996,36_to_40,0,married,mazda,sedan,20k_to_29k,7y,1,all_perils,4.0,4,0,1,gt_30,gt_30,no_change,1,0,0,0,none,0
15317,1996,31_to_35,0,married,mazda,sedan,lt_20k,6y,1,all_perils,4.0,2,0,2_to_4,gt_30,gt_30,no_change,0,0,0,0,gt_5,0
15318,1996,26_to_30,0,single,mazda,sport,20k_to_29k,5y,1,liability,4.0,2,0,2_to_4,15_to_30,gt_30,no_change,1,0,0,0,3_to_5,0
15322,1996,31_to_35,0,married,pontiac,sedan,30k_to_39k,7y,1,collision,4.0,1,0,1,gt_30,gt_30,no_change,0,0,0,0,1_to_2,0
15329,1996,31_to_35,0,married,mazda,sedan,20k_to_29k,7y,1,all_perils,4.0,1,0,1,gt_30,gt_30,no_change,0,0,0,0,gt_5,0
15330,1996,51_to_65,0,married,acura,sport,20k_to_29k,gt_7y,1,liability,4.0,1,0,gt_4,gt_30,gt_30,no_change,1,0,0,0,none,0
15331,1996,36_to_40,0,married,toyota,sport,20k_to_29k,5y,2,liability,4.0,3,0,1,gt_30,gt_30,4_to_8y,1,0,0,0,none,0
15334,1996,over_65,0,married,toyota,sedan,20k_to_29k,gt_7y,1,all_perils,4.0,3,0,none,gt_30,gt_30,no_change,1,0,0,0,gt_5,0
15335,1996,over_65,0,married,toyota,sedan,20k_to_29k,gt_7y,3_to_4,collision,4.0,3,0,none,gt_30,gt_30,no_change,1,0,0,0,none,0
15338,1996,31_to_35,0,married,honda,sport,20k_to_29k,6y,1,liability,4.0,4,0,gt_4,gt_30,gt_30,no_change,0,0,0,0,gt_5,0
15342,1996,36_to_40,0,married,honda,sport,gt_69k,2y,1,collision,4.0,1,0,none,15_to_30,gt_30,no_change,0,0,0,0,none,0
15345,1996,41_to_50,0,married,chevrolet,utility,gt_69k,gt_7y,1,collision,4.0,1,0,2_to_4,gt_30,gt_30,no_change,1,1,0,0,gt_5,0
15347,1996,31_to_35,0,married,honda,sedan,30k_to_39k,6y,1,all_perils,4.0,2,0,gt_4,gt_30,gt_30,no_change,1,0,0,0,3_to_5,0
15349,1996,51_to_65,0,married,honda,sedan,30k_to_39k,gt_7y,1,all_perils,4.0,4,0,2_to_4,gt_30,gt_30,no_change,0,0,0,0,gt_5,0
15353,1996,26_to_30,1,single,chevrolet,sedan,30k_to_39k,5y,1,collision,4.0,4,0,2_to_4,gt_30,gt_30,no_change,0,0,0,0,gt_5,0
15354,1996,over_65,0,married,pontiac,sedan,20k_to_29k,gt_7y,1,all_perils,4.0,3,0,none,gt_30,gt_30,no_change,1,0,0,0,3_to_5,0
15360,1996,31_to_35,1,single,chevrolet,sedan,20k_to_29k,5y,1,collision,4.0,2,0,2_to_4,none,gt_30,no_change,1,0,0,0,gt_5,0
15361,1996,36_to_40,0,divorced,mazda,sedan,30k_to_39k,5y,1,all_perils,4.0,2,0,2_to_4,gt_30,gt_30,no_change,1,0,0,0,none,0
15362,1996,31_to_35,0,single,honda,sport,30k_to_39k,6y,1,liability,4.0,3,0,none,gt_30,gt_30,no_change,1,0,0,0,none,0
15368,1996,41_to_50,0,married,chevrolet,sport,30k_to_39k,gt_7y,1,liability,4.0,4,0,2_to_4,gt_30,gt_30,no_change,1,0,0,0,1_to_2,0
15370,1996,36_to_40,0,single,mazda,sedan,20k_to_29k,7y,1,collision,4.0,4,0,1,gt_30,gt_30,no_change,1,0,0,0,none,0
15375,1996,31_to_35,0,single,pontiac,sport,20k_to_29k,6y,1,liability,4.0,4,0,1,gt_30,gt_30,no_change,1,0,0,0,1_to_2,0
15376,1996,31_to_35,1,single,pontiac,sedan,20k_to_29k,5y,3_to_4,collision,4.0,4,0,none,gt_30,gt_30,no_change,1,0,0,0,none,1
15378,1996,31_to_35,0,married,chevrolet,utility,gt_69k,5y,1,liability,4.0,1,0,none,gt_30,gt_30,no_change,1,0,0,0,none,0
15379,1996,36_to_40,0,married,toyota,sedan,lt_20k,6y,1,collision,4.0,2,0,2_to_4,gt_30,gt_30,no_change,1,0,0,0,none,0
15383,1996,36_to_40,0,divorced,mazda,sedan,30k_to_39k,5y,1,all_perils,4.0,4,0,2_to_4,gt_30,gt_30,no_change,1,0,0,0,none,0
15386,1996,31_to_35,1,single,pontiac,sedan,20k_to_29k,5y,1,all_perils,4.0,3,0,1,gt_30,gt_30,no_change,1,0,0,0,1_to_2,0
15389,1996,41_to_50,0,married,toyota,sedan,20k_to_29k,7y,1,collision,4.0,1,0,gt_4,gt_30,gt_30,no_change,1,0,0,0,none,0
15395,1996,31_to_35,0,married,pontiac,sport,20k_to_29k,6y,1,liability,4.0,1,0,2_to_4,gt_30,gt_30,no_change,1,0,0,0,gt_5,0
15397,1996,36_to_40,0,single,toyota,sedan,20k_to_29k,5y,1,collision,4.0,2,0,none,gt_30,gt_30,no_change,1,0,0,0,3_to_5,0
15400,1996,36_to_40,0,married,ford,sedan,gt_69k,7y,1,all_perils,4.0,1,0,2_to_4,gt_30,gt_30,no_change,1,0,0,0,none,0
15403,1996,41_to_50,0,married,toyota,sport,20k_to_29k,7y,1,liability,5.0,1,0,2_to_4,gt_30,gt_30,2_to_3y,1,0,0,0,none,0
15404,1996,31_to_35,0,single,pontiac,sedan,20k_to_29k,6y,1,collision,4.0,2,0,1,gt_30,gt_30,no_change,0,0,0,0,1_to_2,0
15407,1996,31_to_35,0,single,ford,sedan,60k_to_69k,5y,1,collision,4.0,4,0,none,gt_30,gt_30,no_change,0,0,0,0,none,0
15409,1996,41_to_50,0,married,toyota,sedan,gt_69k,gt_7y,1,all_perils,4.0,1,0,none,gt_30,gt_30,no_change,1,0,0,0,none,1
15410,1996,51_to_65,1,married,mazda,sedan,20k_to_29k,7y,1,collision,4.0,3,0,gt_4,gt_30,gt_30,no_change,1,0,0,0,1_to_2,1
15411,1996,31_to_35,1,single,other,sedan,20k_to_29k,7y,1,collision,4.0,3,0,2_to_4,gt_30,gt_30,no_change,0,0,0,0,gt_5,0
15414,1996,36_to_40,0,married,mazda,sport,20k_to_29k,7y,1,liability,4.0,2,0,1,gt_30,gt_30,no_change,1,0,0,1,1_to_2,0
15415,1996,51_to_65,0,single,chevrolet,sedan,30k_to_39k,7y,2,collision,4.0,4,0,none,gt_30,gt_30,4_to_8y,0,0,0,0,1_to_2,0
15417,1996,31_to_35,0,married,pontiac,sport,30k_to_39k,6y,3_to_4,liability,4.0,3,0,gt_4,gt_30,gt_30,no_change,1,0,0,0,gt_5,0
